tag,concurrency,worker_id,req_seq,ts_ms,latency_ms,status,success,body_bytes,err_kind
prover_hockey,1,0,0,1776919312410,52.393,200,1,909,
prover_hockey,1,0,1,1776919312446,36.629,200,1,909,
prover_hockey,1,0,2,1776919312482,35.759,200,1,909,
prover_hockey,1,0,3,1776919312518,36.297,200,1,909,
prover_hockey,1,0,4,1776919312550,32.131,200,1,909,
prover_hockey,1,0,5,1776919312586,35.42,200,1,909,
prover_hockey,1,0,6,1776919312620,34.225,200,1,909,
prover_hockey,1,0,7,1776919312657,36.603,200,1,909,
prover_hockey,1,0,8,1776919312690,33.245,200,1,909,
prover_hockey,1,0,9,1776919312725,34.642,200,1,909,
prover_hockey,1,0,10,1776919312758,33.587,200,1,909,
prover_hockey,1,0,11,1776919312793,34.717,200,1,909,
prover_hockey,1,0,12,1776919312827,34.326,200,1,909,
prover_hockey,1,0,13,1776919312861,34.144,200,1,909,
prover_hockey,1,0,14,1776919312894,32.705,200,1,909,
prover_hockey,1,0,15,1776919312929,35.165,200,1,909,
prover_hockey,1,0,16,1776919312963,33.266,200,1,909,
prover_hockey,1,0,17,1776919312996,33.715,200,1,909,
prover_hockey,1,0,18,1776919313027,31.036,200,1,909,
prover_hockey,1,0,19,1776919313064,36.556,200,1,909,
prover_hockey,1,0,20,1776919313098,33.942,200,1,909,
prover_hockey,1,0,21,1776919313135,37.53,200,1,909,
prover_hockey,1,0,22,1776919313169,33.716,200,1,909,
prover_hockey,1,0,23,1776919313206,36.793,200,1,909,
prover_hockey,1,0,24,1776919313237,31.404,200,1,909,
prover_hockey,1,0,25,1776919313274,36.862,200,1,909,
prover_hockey,1,0,26,1776919313305,30.919,200,1,909,
prover_hockey,1,0,27,1776919313343,37.742,200,1,909,
prover_hockey,1,0,28,1776919313374,31.156,200,1,909,
prover_hockey,1,0,29,1776919313410,36.346,200,1,909,
prover_hockey,1,0,30,1776919313442,31.67,200,1,909,
prover_hockey,1,0,31,1776919313477,34.82,200,1,909,
prover_hockey,1,0,32,1776919313511,33.695,200,1,909,
prover_hockey,1,0,33,1776919313547,36.605,200,1,909,
prover_hockey,1,0,34,1776919313579,31.685,200,1,909,
prover_hockey,1,0,35,1776919313615,36.347,200,1,909,
prover_hockey,1,0,36,1776919313648,32.95,200,1,909,
prover_hockey,1,0,37,1776919313685,36.496,200,1,909,
prover_hockey,1,0,38,1776919313716,31.576,200,1,909,
prover_hockey,1,0,39,1776919313751,35.044,200,1,909,
prover_hockey,1,0,40,1776919313785,33.146,200,1,909,
prover_hockey,1,0,41,1776919313821,36.63,200,1,909,
prover_hockey,1,0,42,1776919313853,31.956,200,1,909,
prover_hockey,1,0,43,1776919313888,35.262,200,1,909,
prover_hockey,1,0,44,1776919313920,31.431,200,1,909,
prover_hockey,1,0,45,1776919313954,34.015,200,1,909,
prover_hockey,1,0,46,1776919313986,32.546,200,1,909,
prover_hockey,1,0,47,1776919314020,33.424,200,1,909,
prover_hockey,1,0,48,1776919314051,31.274,200,1,909,
prover_hockey,1,0,49,1776919314086,35.081,200,1,909,
prover_hockey,1,0,50,1776919314119,32.988,200,1,909,
prover_hockey,1,0,51,1776919314155,35.416,200,1,909,
prover_hockey,1,0,52,1776919314187,32.095,200,1,909,
prover_hockey,1,0,53,1776919314223,36.696,200,1,909,
prover_hockey,1,0,54,1776919314256,32.644,200,1,909,
prover_hockey,1,0,55,1776919314292,35.652,200,1,909,
prover_hockey,1,0,56,1776919314324,32.506,200,1,909,
prover_hockey,1,0,57,1776919314360,35.961,200,1,909,
prover_hockey,1,0,58,1776919314392,32.012,200,1,909,
prover_hockey,1,0,59,1776919314426,33.612,200,1,909,
prover_hockey,1,0,60,1776919314458,31.98,200,1,909,
prover_hockey,1,0,61,1776919314491,33.686,200,1,909,
prover_hockey,1,0,62,1776919314524,33.004,200,1,909,
prover_hockey,1,0,63,1776919314560,35.177,200,1,909,
prover_hockey,1,0,64,1776919314592,32.373,200,1,909,
prover_hockey,1,0,65,1776919314629,36.508,200,1,909,
prover_hockey,1,0,66,1776919314660,31.373,200,1,909,
prover_hockey,1,0,67,1776919314696,35.828,200,1,909,
prover_hockey,1,0,68,1776919314728,31.998,200,1,909,
prover_hockey,1,0,69,1776919314764,36.034,200,1,909,
prover_hockey,1,0,70,1776919314796,32.195,200,1,909,
prover_hockey,1,0,71,1776919314832,36.163,200,1,909,
prover_hockey,1,0,72,1776919314864,32.25,200,1,909,
prover_hockey,1,0,73,1776919314898,33.995,200,1,909,
prover_hockey,1,0,74,1776919314931,32.899,200,1,909,
prover_hockey,1,0,75,1776919314967,35.41,200,1,909,
prover_hockey,1,0,76,1776919314999,32.141,200,1,909,
prover_hockey,1,0,77,1776919315032,33.231,200,1,909,
prover_hockey,1,0,78,1776919315064,31.527,200,1,909,
prover_hockey,1,0,79,1776919315097,33.747,200,1,909,
prover_hockey,1,0,80,1776919315130,32.729,200,1,909,
prover_hockey,1,0,81,1776919315164,34.049,200,1,909,
prover_hockey,1,0,82,1776919315195,30.623,200,1,909,
prover_hockey,1,0,83,1776919315229,34.472,200,1,909,
prover_hockey,1,0,84,1776919315262,32.807,200,1,909,
prover_hockey,1,0,85,1776919315296,34.256,200,1,909,
prover_hockey,1,0,86,1776919315327,30.952,200,1,909,
prover_hockey,1,0,87,1776919315362,34.943,200,1,909,
prover_hockey,1,0,88,1776919315394,31.29,200,1,909,
prover_hockey,1,0,89,1776919315427,33.027,200,1,909,
prover_hockey,1,0,90,1776919315459,32.528,200,1,909,
prover_hockey,1,0,91,1776919315492,32.658,200,1,909,
prover_hockey,1,0,92,1776919315523,31.029,200,1,909,
prover_hockey,1,0,93,1776919315558,35.134,200,1,909,
prover_hockey,1,0,94,1776919315591,33.243,200,1,909,
prover_hockey,1,0,95,1776919315624,32.955,200,1,909,
prover_hockey,1,0,96,1776919315657,32.76,200,1,909,
prover_hockey,1,0,97,1776919315693,35.78,200,1,909,
prover_hockey,1,0,98,1776919315724,31.748,200,1,909,
prover_hockey,1,0,99,1776919315758,33.787,200,1,909,
prover_hockey,1,0,100,1776919315792,33.393,200,1,909,
prover_hockey,1,0,101,1776919315826,34.61,200,1,909,
prover_hockey,1,0,102,1776919315857,30.362,200,1,909,
prover_hockey,1,0,103,1776919315891,34.106,200,1,909,
prover_hockey,1,0,104,1776919315923,31.732,200,1,909,
prover_hockey,1,0,105,1776919315957,34.007,200,1,909,
prover_hockey,1,0,106,1776919315990,32.988,200,1,909,
prover_hockey,1,0,107,1776919316026,36.757,200,1,909,
prover_hockey,1,0,108,1776919316058,31.41,200,1,909,
prover_hockey,1,0,109,1776919316092,34.3,200,1,909,
prover_hockey,1,0,110,1776919316124,32.091,200,1,909,
prover_hockey,1,0,111,1776919316160,35.607,200,1,909,
prover_hockey,1,0,112,1776919316193,33.499,200,1,909,
prover_hockey,1,0,113,1776919316230,36.907,200,1,909,
prover_hockey,1,0,114,1776919316261,31.005,200,1,909,
prover_hockey,1,0,115,1776919316296,34.544,200,1,909,
prover_hockey,1,0,116,1776919316327,31.036,200,1,909,
prover_hockey,1,0,117,1776919316362,34.837,200,1,909,
prover_hockey,1,0,118,1776919316394,32.055,200,1,909,
prover_hockey,1,0,119,1776919316427,32.96,200,1,909,
prover_hockey,1,0,120,1776919316458,31.085,200,1,909,
prover_hockey,1,0,121,1776919316492,33.908,200,1,909,
prover_hockey,1,0,122,1776919316523,31.439,200,1,909,
prover_hockey,1,0,123,1776919316556,33.063,200,1,909,
prover_hockey,1,0,124,1776919316589,32.511,200,1,909,
prover_hockey,1,0,125,1776919316623,33.897,200,1,909,
prover_hockey,1,0,126,1776919316653,30.576,200,1,909,
prover_hockey,1,0,127,1776919316687,33.819,200,1,909,
prover_hockey,1,0,128,1776919316718,30.88,200,1,909,
prover_hockey,1,0,129,1776919316751,32.997,200,1,909,
prover_hockey,1,0,130,1776919316781,30.314,200,1,909,
prover_hockey,1,0,131,1776919316815,33.77,200,1,909,
prover_hockey,1,0,132,1776919316847,31.747,200,1,909,
prover_hockey,1,0,133,1776919316880,33.36,200,1,909,
prover_hockey,1,0,134,1776919316912,31.625,200,1,909,
prover_hockey,1,0,135,1776919316946,34.511,200,1,909,
prover_hockey,1,0,136,1776919316977,31.058,200,1,909,
prover_hockey,1,0,137,1776919317012,34.712,200,1,909,
prover_hockey,1,0,138,1776919317043,31.019,200,1,909,
prover_hockey,1,0,139,1776919317077,34.211,200,1,909,
prover_hockey,1,0,140,1776919317109,32.283,200,1,909,
prover_hockey,1,0,141,1776919317143,33.631,200,1,909,
prover_hockey,1,0,142,1776919317175,31.874,200,1,909,
prover_hockey,1,0,143,1776919317208,33.397,200,1,909,
prover_hockey,1,0,144,1776919317239,30.565,200,1,909,
prover_hockey,1,0,145,1776919317274,34.796,200,1,909,
prover_hockey,1,0,146,1776919317306,32.631,200,1,909,
prover_hockey,1,0,147,1776919317340,33.217,200,1,909,
prover_hockey,1,0,148,1776919317370,30.759,200,1,909,
prover_hockey,1,0,149,1776919317403,32.794,200,1,909,
prover_hockey,1,0,150,1776919317435,31.33,200,1,909,
prover_hockey,1,0,151,1776919317467,32.837,200,1,909,
prover_hockey,1,0,152,1776919317499,31.715,200,1,909,
prover_hockey,1,0,153,1776919317534,34.726,200,1,909,
prover_hockey,1,0,154,1776919317567,32.896,200,1,909,
prover_hockey,1,0,155,1776919317600,33.783,200,1,909,
prover_hockey,1,0,156,1776919317632,31.412,200,1,909,
prover_hockey,1,0,157,1776919317666,33.916,200,1,909,
prover_hockey,1,0,158,1776919317699,33.025,200,1,909,
prover_hockey,1,0,159,1776919317731,32.437,200,1,909,
prover_hockey,1,0,160,1776919317762,30.39,200,1,909,
prover_hockey,1,0,161,1776919317796,33.942,200,1,909,
prover_hockey,1,0,162,1776919317827,31.165,200,1,909,
prover_hockey,1,0,163,1776919317863,36.246,200,1,909,
prover_hockey,1,0,164,1776919317894,31.022,200,1,909,
prover_hockey,1,0,165,1776919317929,34.543,200,1,909,
prover_hockey,1,0,166,1776919317962,33.1,200,1,909,
prover_hockey,1,0,167,1776919317998,35.855,200,1,909,
prover_hockey,1,0,168,1776919318030,32.08,200,1,909,
prover_hockey,1,0,169,1776919318063,33.624,200,1,909,
prover_hockey,1,0,170,1776919318094,31.09,200,1,909,
prover_hockey,1,0,171,1776919318128,33.32,200,1,909,
prover_hockey,1,0,172,1776919318159,31.009,200,1,909,
prover_hockey,1,0,173,1776919318193,33.911,200,1,909,
prover_hockey,1,0,174,1776919318226,32.866,200,1,909,
prover_hockey,1,0,175,1776919318259,33.899,200,1,909,
prover_hockey,1,0,176,1776919318291,31.369,200,1,909,
prover_hockey,1,0,177,1776919318328,37.517,200,1,909,
prover_hockey,1,0,178,1776919318359,30.926,200,1,909,
prover_hockey,1,0,179,1776919318393,33.346,200,1,909,
prover_hockey,1,0,180,1776919318424,30.945,200,1,909,
prover_hockey,1,0,181,1776919318457,33.549,200,1,909,
prover_hockey,1,0,182,1776919318488,30.91,200,1,909,
prover_hockey,1,0,183,1776919318523,34.563,200,1,909,
prover_hockey,1,0,184,1776919318555,31.939,200,1,909,
prover_hockey,1,0,185,1776919318589,34.139,200,1,909,
prover_hockey,1,0,186,1776919318620,30.858,200,1,909,
prover_hockey,1,0,187,1776919318654,34.681,200,1,909,
prover_hockey,1,0,188,1776919318687,33.138,200,1,909,
prover_hockey,1,0,189,1776919318722,34.161,200,1,909,
prover_hockey,1,0,190,1776919318755,33.008,200,1,909,
prover_hockey,1,0,191,1776919318788,33.87,200,1,909,
prover_hockey,1,0,192,1776919318819,30.817,200,1,909,
prover_hockey,1,0,193,1776919318852,33.015,200,1,909,
prover_hockey,1,0,194,1776919318884,31.438,200,1,909,
prover_hockey,1,0,195,1776919318916,32.435,200,1,909,
prover_hockey,1,0,196,1776919318948,32.262,200,1,909,
prover_hockey,1,0,197,1776919318981,33.008,200,1,909,
prover_hockey,1,0,198,1776919319013,31.532,200,1,909,
prover_hockey,1,0,199,1776919319048,35.385,200,1,909,
prover_hockey,1,0,200,1776919319079,30.79,200,1,909,
prover_hockey,1,0,201,1776919319113,34.225,200,1,909,
prover_hockey,1,0,202,1776919319151,37.634,200,1,909,
prover_hockey,1,0,203,1776919319186,34.569,200,1,909,
prover_hockey,1,0,204,1776919319217,31.011,200,1,909,
prover_hockey,1,0,205,1776919319251,34.1,200,1,909,
prover_hockey,1,0,206,1776919319283,32.039,200,1,909,
prover_hockey,1,0,207,1776919319317,34.184,200,1,909,
prover_hockey,1,0,208,1776919319351,33.604,200,1,909,
prover_hockey,1,0,209,1776919319384,33.529,200,1,909,
prover_hockey,1,0,210,1776919319415,30.881,200,1,909,
prover_hockey,1,0,211,1776919319449,33.491,200,1,909,
prover_hockey,1,0,212,1776919319481,32.873,200,1,909,
prover_hockey,1,0,213,1776919319517,35.505,200,1,909,
prover_hockey,1,0,214,1776919319549,32.243,200,1,909,
prover_hockey,1,0,215,1776919319583,34.183,200,1,909,
prover_hockey,1,0,216,1776919319615,31.252,200,1,909,
prover_hockey,1,0,217,1776919319649,34.501,200,1,909,
prover_hockey,1,0,218,1776919319682,33.024,200,1,909,
prover_hockey,1,0,219,1776919319717,35.017,200,1,909,
prover_hockey,1,0,220,1776919319749,32.237,200,1,909,
prover_hockey,1,0,221,1776919319784,34.153,200,1,909,
prover_hockey,1,0,222,1776919319815,31.516,200,1,909,
prover_hockey,1,0,223,1776919319851,35.981,200,1,909,
prover_hockey,1,0,224,1776919319882,30.874,200,1,909,
prover_hockey,1,0,225,1776919319916,33.593,200,1,909,
prover_hockey,1,0,226,1776919319949,33.05,200,1,909,
prover_hockey,1,0,227,1776919319982,32.94,200,1,909,
prover_hockey,1,0,228,1776919320012,30.651,200,1,909,
prover_hockey,1,0,229,1776919320047,34.862,200,1,909,
prover_hockey,1,0,230,1776919320078,31.154,200,1,909,
prover_hockey,1,0,231,1776919320113,35.14,200,1,909,
prover_hockey,1,0,232,1776919320145,32.047,200,1,909,
prover_hockey,1,0,233,1776919320181,35.203,200,1,909,
prover_hockey,1,0,234,1776919320212,31.755,200,1,909,
prover_hockey,1,0,235,1776919320247,34.636,200,1,909,
prover_hockey,1,0,236,1776919320280,33.012,200,1,909,
prover_hockey,1,0,237,1776919320314,34.144,200,1,909,
prover_hockey,1,0,238,1776919320346,31.859,200,1,909,
prover_hockey,1,0,239,1776919320380,34.39,200,1,909,
prover_hockey,1,0,240,1776919320413,32.881,200,1,909,
prover_hockey,1,0,241,1776919320446,33.039,200,1,909,
prover_hockey,1,0,242,1776919320478,31.179,200,1,909,
prover_hockey,1,0,243,1776919320512,34.822,200,1,909,
prover_hockey,1,0,244,1776919320543,30.935,200,1,909,
prover_hockey,1,0,245,1776919320576,32.904,200,1,909,
prover_hockey,1,0,246,1776919320609,33.121,200,1,909,
prover_hockey,1,0,247,1776919320644,34.457,200,1,909,
prover_hockey,1,0,248,1776919320675,30.893,200,1,909,
prover_hockey,1,0,249,1776919320708,33.761,200,1,909,
prover_hockey,1,0,250,1776919320740,31.62,200,1,909,
prover_hockey,1,0,251,1776919320772,32.219,200,1,909,
prover_hockey,1,0,252,1776919320806,33.183,200,1,909,
prover_hockey,1,0,253,1776919320840,34.118,200,1,909,
prover_hockey,1,0,254,1776919320870,30.714,200,1,909,
prover_hockey,1,0,255,1776919320907,36.583,200,1,909,
prover_hockey,1,0,256,1776919320939,32.076,200,1,909,
prover_hockey,1,0,257,1776919320974,34.576,200,1,909,
prover_hockey,1,0,258,1776919321006,32.671,200,1,909,
prover_hockey,1,0,259,1776919321041,34.602,200,1,909,
prover_hockey,1,0,260,1776919321072,31.497,200,1,909,
prover_hockey,1,0,261,1776919321107,34.84,200,1,909,
prover_hockey,1,0,262,1776919321139,31.567,200,1,909,
prover_hockey,1,0,263,1776919321172,33.417,200,1,909,
prover_hockey,1,0,264,1776919321205,33.045,200,1,909,
prover_hockey,1,0,265,1776919321239,33.772,200,1,909,
prover_hockey,1,0,266,1776919321270,30.929,200,1,909,
prover_hockey,1,0,267,1776919321304,33.88,200,1,909,
prover_hockey,1,0,268,1776919321335,30.976,200,1,909,
prover_hockey,1,0,269,1776919321367,32.565,200,1,909,
prover_hockey,1,0,270,1776919321400,32.743,200,1,909,
prover_hockey,1,0,271,1776919321434,34.083,200,1,909,
prover_hockey,1,0,272,1776919321466,31.3,200,1,909,
prover_hockey,1,0,273,1776919321503,36.953,200,1,909,
prover_hockey,1,0,274,1776919321536,33.453,200,1,909,
prover_hockey,1,0,275,1776919321571,34.619,200,1,909,
prover_hockey,1,0,276,1776919321602,31.056,200,1,909,
prover_hockey,1,0,277,1776919321636,34.312,200,1,909,
prover_hockey,1,0,278,1776919321670,33.64,200,1,909,
prover_hockey,1,0,279,1776919321706,36.107,200,1,909,
prover_hockey,1,0,280,1776919321737,31.234,200,1,909,
prover_hockey,1,0,281,1776919321772,34.712,200,1,909,
prover_hockey,1,0,282,1776919321803,31.584,200,1,909,
prover_hockey,1,0,283,1776919321837,33.656,200,1,909,
prover_hockey,1,0,284,1776919321870,32.636,200,1,909,
prover_hockey,1,0,285,1776919321904,34.018,200,1,909,
prover_hockey,1,0,286,1776919321936,32.757,200,1,909,
prover_hockey,1,0,287,1776919321972,35.873,200,1,909,
prover_hockey,1,0,288,1776919322006,33.487,200,1,909,
prover_hockey,1,0,289,1776919322040,34.363,200,1,909,
prover_hockey,1,0,290,1776919322072,31.604,200,1,909,
prover_hockey,1,0,291,1776919322106,33.798,200,1,909,
prover_hockey,1,0,292,1776919322139,33.826,200,1,909,
prover_hockey,1,0,293,1776919322174,34.985,200,1,909,
prover_hockey,1,0,294,1776919322205,31.066,200,1,909,
prover_hockey,1,0,295,1776919322240,34.671,200,1,909,
prover_hockey,1,0,296,1776919322273,33.289,200,1,909,
prover_hockey,1,0,297,1776919322307,33.781,200,1,909,
prover_hockey,1,0,298,1776919322338,31.226,200,1,909,
prover_hockey,1,0,299,1776919322372,33.957,200,1,909,
prover_hockey,1,0,300,1776919322406,33.4,200,1,909,
prover_hockey,1,0,301,1776919322441,34.711,200,1,909,
prover_hockey,1,0,302,1776919322472,31.777,200,1,909,
prover_hockey,1,0,303,1776919322505,33.033,200,1,909,
prover_hockey,1,0,304,1776919322538,32.853,200,1,909,
prover_hockey,1,0,305,1776919322573,34.547,200,1,909,
prover_hockey,1,0,306,1776919322606,32.856,200,1,909,
prover_hockey,1,0,307,1776919322640,34.594,200,1,909,
prover_hockey,1,0,308,1776919322672,31.331,200,1,909,
prover_hockey,1,0,309,1776919322706,34.008,200,1,909,
prover_hockey,1,0,310,1776919322738,32.661,200,1,909,
prover_hockey,1,0,311,1776919322771,32.744,200,1,909,
prover_hockey,1,0,312,1776919322803,32.125,200,1,909,
prover_hockey,1,0,313,1776919322837,33.642,200,1,909,
prover_hockey,1,0,314,1776919322868,31.223,200,1,909,
prover_hockey,1,0,315,1776919322902,33.84,200,1,909,
prover_hockey,1,0,316,1776919322935,32.691,200,1,909,
prover_hockey,1,0,317,1776919322968,33.278,200,1,909,
prover_hockey,1,0,318,1776919323001,32.862,200,1,909,
prover_hockey,1,0,319,1776919323037,36.326,200,1,909,
prover_hockey,1,0,320,1776919323069,31.769,200,1,909,
prover_hockey,1,0,321,1776919323104,35.685,200,1,909,
prover_hockey,1,0,322,1776919323137,32.72,200,1,909,
prover_hockey,1,0,323,1776919323172,35.066,200,1,909,
prover_hockey,1,0,324,1776919323204,31.231,200,1,909,
prover_hockey,1,0,325,1776919323236,32.582,200,1,909,
prover_hockey,1,0,326,1776919323267,31.022,200,1,909,
prover_hockey,1,0,327,1776919323301,33.482,200,1,909,
prover_hockey,1,0,328,1776919323332,31.169,200,1,909,
prover_hockey,1,0,329,1776919323365,33.706,200,1,909,
prover_hockey,1,0,330,1776919323398,32.443,200,1,909,
prover_hockey,1,0,331,1776919323433,34.659,200,1,909,
prover_hockey,1,0,332,1776919323463,30.644,200,1,909,
prover_hockey,1,0,333,1776919323498,34.402,200,1,909,
prover_hockey,1,0,334,1776919323531,32.91,200,1,909,
prover_hockey,1,0,335,1776919323565,34.038,200,1,909,
prover_hockey,1,0,336,1776919323597,32.48,200,1,909,
prover_hockey,1,0,337,1776919323631,33.515,200,1,909,
prover_hockey,1,0,338,1776919323662,30.995,200,1,909,
prover_hockey,1,0,339,1776919323697,35.445,200,1,909,
prover_hockey,1,0,340,1776919323730,33.037,200,1,909,
prover_hockey,1,0,341,1776919323765,34.389,200,1,909,
prover_hockey,1,0,342,1776919323796,31.767,200,1,909,
prover_hockey,1,0,343,1776919323832,35.453,200,1,909,
prover_hockey,1,0,344,1776919323863,31.277,200,1,909,
prover_hockey,1,0,345,1776919323896,33.04,200,1,909,
prover_hockey,1,0,346,1776919323929,32.909,200,1,909,
prover_hockey,1,0,347,1776919323962,33.079,200,1,909,
prover_hockey,1,0,348,1776919323995,32.706,200,1,909,
prover_hockey,1,0,349,1776919324029,34.469,200,1,909,
prover_hockey,1,0,350,1776919324060,30.863,200,1,909,
prover_hockey,1,0,351,1776919324094,34.317,200,1,909,
prover_hockey,1,0,352,1776919324127,32.54,200,1,909,
prover_hockey,1,0,353,1776919324161,33.997,200,1,909,
prover_hockey,1,0,354,1776919324193,31.767,200,1,909,
prover_hockey,1,0,355,1776919324227,34.196,200,1,909,
prover_hockey,1,0,356,1776919324259,32.031,200,1,909,
prover_hockey,1,0,357,1776919324295,35.678,200,1,909,
prover_hockey,1,0,358,1776919324327,32.73,200,1,909,
prover_hockey,1,0,359,1776919324361,33.902,200,1,909,
prover_hockey,1,0,360,1776919324394,32.419,200,1,909,
prover_hockey,1,0,361,1776919324429,35.102,200,1,909,
prover_hockey,1,0,362,1776919324459,30.472,200,1,909,
prover_hockey,1,0,363,1776919324492,32.913,200,1,909,
prover_hockey,1,0,364,1776919324523,31.149,200,1,909,
prover_hockey,1,0,365,1776919324558,34.615,200,1,909,
prover_hockey,1,0,366,1776919324591,32.545,200,1,909,
prover_hockey,1,0,367,1776919324625,34.181,200,1,909,
prover_hockey,1,0,368,1776919324657,32.301,200,1,909,
prover_hockey,1,0,369,1776919324692,34.624,200,1,909,
prover_hockey,1,0,370,1776919324723,31.243,200,1,909,
prover_hockey,1,0,371,1776919324757,34.553,200,1,909,
prover_hockey,1,0,372,1776919324790,32.229,200,1,909,
prover_hockey,1,0,373,1776919324824,34.734,200,1,909,
prover_hockey,1,0,374,1776919324856,31.74,200,1,909,
prover_hockey,1,0,375,1776919324890,33.994,200,1,909,
prover_hockey,1,0,376,1776919324923,33.004,200,1,909,
prover_hockey,1,0,377,1776919324957,34.135,200,1,909,
prover_hockey,1,0,378,1776919324988,30.834,200,1,909,
prover_hockey,1,0,379,1776919325022,33.544,200,1,909,
prover_hockey,1,0,380,1776919325055,33.108,200,1,909,
prover_hockey,1,0,381,1776919325090,35.293,200,1,909,
prover_hockey,1,0,382,1776919325122,31.495,200,1,909,
prover_hockey,1,0,383,1776919325158,36.558,200,1,909,
prover_hockey,1,0,384,1776919325190,31.359,200,1,909,
prover_hockey,1,0,385,1776919325224,34.832,200,1,909,
prover_hockey,1,0,386,1776919325256,31.378,200,1,909,
prover_hockey,1,0,387,1776919325289,32.911,200,1,909,
prover_hockey,1,0,388,1776919325322,32.747,200,1,909,
prover_hockey,1,0,389,1776919325356,33.963,200,1,909,
prover_hockey,1,0,390,1776919325389,33.908,200,1,909,
prover_hockey,1,0,391,1776919325424,34.853,200,1,909,
prover_hockey,1,0,392,1776919325456,31.781,200,1,909,
prover_hockey,1,0,393,1776919325492,35.438,200,1,909,
prover_hockey,1,0,394,1776919325525,33.574,200,1,909,
prover_hockey,1,0,395,1776919325559,33.582,200,1,909,
prover_hockey,1,0,396,1776919325590,31.627,200,1,909,
prover_hockey,1,0,397,1776919325633,42.761,200,1,909,
prover_hockey,1,0,398,1776919325665,31.4,200,1,909,
prover_hockey,1,0,399,1776919325698,33.812,200,1,909,
prover_hockey,1,0,400,1776919325731,33.078,200,1,909,
prover_hockey,1,0,401,1776919325766,34.685,200,1,909,
prover_hockey,1,0,402,1776919325798,31.517,200,1,909,
prover_hockey,1,0,403,1776919325831,33.142,200,1,909,
prover_hockey,1,0,404,1776919325863,32.392,200,1,909,
prover_hockey,1,0,405,1776919325898,34.87,200,1,909,
prover_hockey,1,0,406,1776919325931,33.116,200,1,909,
prover_hockey,1,0,407,1776919325967,35.432,200,1,909,
prover_hockey,1,0,408,1776919325998,31.534,200,1,909,
prover_hockey,1,0,409,1776919326031,32.726,200,1,909,
prover_hockey,1,0,410,1776919326063,31.724,200,1,909,
prover_hockey,1,0,411,1776919326098,35.159,200,1,909,
prover_hockey,1,0,412,1776919326129,31.389,200,1,909,
prover_hockey,1,0,413,1776919326162,32.794,200,1,909,
prover_hockey,1,0,414,1776919326193,31.438,200,1,909,
prover_hockey,1,0,415,1776919326228,34.67,200,1,909,
prover_hockey,1,0,416,1776919326261,32.55,200,1,909,
prover_hockey,1,0,417,1776919326295,34.377,200,1,909,
prover_hockey,1,0,418,1776919326326,31.134,200,1,909,
prover_hockey,1,0,419,1776919326362,35.933,200,1,909,
prover_hockey,1,0,420,1776919326395,33.175,200,1,909,
prover_hockey,1,0,421,1776919326428,32.624,200,1,909,
prover_hockey,1,0,422,1776919326459,30.935,200,1,909,
prover_hockey,1,0,423,1776919326494,34.605,200,1,909,
prover_hockey,1,0,424,1776919326525,31.041,200,1,909,
prover_hockey,1,0,425,1776919326559,34.389,200,1,909,
prover_hockey,1,0,426,1776919326591,32.388,200,1,909,
prover_hockey,1,0,427,1776919326626,34.378,200,1,909,
prover_hockey,1,0,428,1776919326657,31.551,200,1,909,
prover_hockey,1,0,429,1776919326690,32.374,200,1,909,
prover_hockey,1,0,430,1776919326721,31.604,200,1,909,
prover_hockey,1,0,431,1776919326755,33.713,200,1,909,
prover_hockey,1,0,432,1776919326788,32.956,200,1,909,
prover_hockey,1,0,433,1776919326823,35.107,200,1,909,
prover_hockey,1,0,434,1776919326857,33.455,200,1,909,
prover_hockey,1,0,435,1776919326891,34.112,200,1,909,
prover_hockey,1,0,436,1776919326922,31.421,200,1,909,
prover_hockey,1,0,437,1776919326957,35.032,200,1,909,
prover_hockey,1,0,438,1776919326991,33.417,200,1,909,
prover_hockey,1,0,439,1776919327025,34.438,200,1,909,
prover_hockey,1,0,440,1776919327057,31.754,200,1,909,
prover_hockey,1,0,441,1776919327091,34.594,200,1,909,
prover_hockey,1,0,442,1776919327123,31.633,200,1,909,
prover_hockey,1,0,443,1776919327156,33.147,200,1,909,
prover_hockey,1,0,444,1776919327189,33.216,200,1,909,
prover_hockey,1,0,445,1776919327221,32.014,200,1,909,
prover_hockey,1,0,446,1776919327252,30.515,200,1,909,
prover_hockey,1,0,447,1776919327285,33.579,200,1,909,
prover_hockey,1,0,448,1776919327316,30.962,200,1,909,
prover_hockey,1,0,449,1776919327350,33.339,200,1,909,
prover_hockey,1,0,450,1776919327382,32.14,200,1,909,
prover_hockey,2,0,0,1776919337433,42.16,200,1,909,
prover_hockey,2,0,1,1776919337474,40.558,200,1,909,
prover_hockey,2,0,2,1776919337505,31.508,200,1,909,
prover_hockey,2,0,3,1776919337537,31.84,200,1,909,
prover_hockey,2,0,4,1776919337574,36.689,200,1,909,
prover_hockey,2,0,5,1776919337605,31.577,200,1,909,
prover_hockey,2,0,6,1776919337636,30.303,200,1,909,
prover_hockey,2,0,7,1776919337668,32.654,200,1,909,
prover_hockey,2,0,8,1776919337706,38.136,200,1,909,
prover_hockey,2,0,9,1776919337738,31.8,200,1,909,
prover_hockey,2,0,10,1776919337768,29.42,200,1,909,
prover_hockey,2,0,11,1776919337802,34.392,200,1,909,
prover_hockey,2,0,12,1776919337837,34.445,200,1,909,
prover_hockey,2,0,13,1776919337868,31.447,200,1,909,
prover_hockey,2,0,14,1776919337901,33.307,200,1,909,
prover_hockey,2,0,15,1776919337933,31.319,200,1,909,
prover_hockey,2,0,16,1776919337964,31.624,200,1,909,
prover_hockey,2,0,17,1776919337995,30.93,200,1,909,
prover_hockey,2,0,18,1776919338026,31.022,200,1,909,
prover_hockey,2,0,19,1776919338061,35.214,200,1,909,
prover_hockey,2,0,20,1776919338092,30.368,200,1,909,
prover_hockey,2,0,21,1776919338123,30.953,200,1,909,
prover_hockey,2,0,22,1776919338157,34.593,200,1,909,
prover_hockey,2,0,23,1776919338188,30.627,200,1,909,
prover_hockey,2,0,24,1776919338220,32.247,200,1,909,
prover_hockey,2,0,25,1776919338256,35.378,200,1,909,
prover_hockey,2,0,26,1776919338285,29.384,200,1,909,
prover_hockey,2,0,27,1776919338317,32.151,200,1,909,
prover_hockey,2,0,28,1776919338350,33.305,200,1,909,
prover_hockey,2,0,29,1776919338381,31.003,200,1,909,
prover_hockey,2,0,30,1776919338415,33.447,200,1,909,
prover_hockey,2,0,31,1776919338453,37.828,200,1,909,
prover_hockey,2,0,32,1776919338484,31.707,200,1,909,
prover_hockey,2,0,33,1776919338516,31.32,200,1,909,
prover_hockey,2,0,34,1776919338553,36.834,200,1,909,
prover_hockey,2,0,35,1776919338585,32.538,200,1,909,
prover_hockey,2,0,36,1776919338615,29.836,200,1,909,
prover_hockey,2,0,37,1776919338648,33.185,200,1,909,
prover_hockey,2,0,38,1776919338685,36.888,200,1,909,
prover_hockey,2,0,39,1776919338716,31.014,200,1,909,
prover_hockey,2,0,40,1776919338749,32.678,200,1,909,
prover_hockey,2,0,41,1776919338785,35.781,200,1,909,
prover_hockey,2,0,42,1776919338818,33.054,200,1,909,
prover_hockey,2,0,43,1776919338847,29.731,200,1,909,
prover_hockey,2,0,44,1776919338880,32.47,200,1,909,
prover_hockey,2,0,45,1776919338919,39.506,200,1,909,
prover_hockey,2,0,46,1776919338950,30.24,200,1,909,
prover_hockey,2,0,47,1776919338981,31.553,200,1,909,
prover_hockey,2,0,48,1776919339016,34.328,200,1,909,
prover_hockey,2,0,49,1776919339046,30.593,200,1,909,
prover_hockey,2,0,50,1776919339082,35.446,200,1,909,
prover_hockey,2,0,51,1776919339112,30.302,200,1,909,
prover_hockey,2,0,52,1776919339143,31.047,200,1,909,
prover_hockey,2,0,53,1776919339177,33.992,200,1,909,
prover_hockey,2,0,54,1776919339211,33.656,200,1,909,
prover_hockey,2,0,55,1776919339241,30.032,200,1,909,
prover_hockey,2,0,56,1776919339275,33.996,200,1,909,
prover_hockey,2,0,57,1776919339306,31.265,200,1,909,
prover_hockey,2,0,58,1776919339337,31.506,200,1,909,
prover_hockey,2,0,59,1776919339372,34.524,200,1,909,
prover_hockey,2,0,60,1776919339403,31.177,200,1,909,
prover_hockey,2,0,61,1776919339433,29.559,200,1,909,
prover_hockey,2,0,62,1776919339467,34.15,200,1,909,
prover_hockey,2,0,63,1776919339500,32.889,200,1,909,
prover_hockey,2,0,64,1776919339531,30.821,200,1,909,
prover_hockey,2,0,65,1776919339564,33.928,200,1,909,
prover_hockey,2,0,66,1776919339595,30.528,200,1,909,
prover_hockey,2,0,67,1776919339626,30.654,200,1,909,
prover_hockey,2,0,68,1776919339660,34.233,200,1,909,
prover_hockey,2,0,69,1776919339692,32.206,200,1,909,
prover_hockey,2,0,70,1776919339723,31.27,200,1,909,
prover_hockey,2,0,71,1776919339758,34.33,200,1,909,
prover_hockey,2,0,72,1776919339790,32.438,200,1,909,
prover_hockey,2,0,73,1776919339820,29.702,200,1,909,
prover_hockey,2,0,74,1776919339853,33.47,200,1,909,
prover_hockey,2,0,75,1776919339887,33.541,200,1,909,
prover_hockey,2,0,76,1776919339917,30.275,200,1,909,
prover_hockey,2,0,77,1776919339951,33.376,200,1,909,
prover_hockey,2,0,78,1776919339981,30.075,200,1,909,
prover_hockey,2,0,79,1776919340011,29.983,200,1,909,
prover_hockey,2,0,80,1776919340045,34.709,200,1,909,
prover_hockey,2,0,81,1776919340077,32,200,1,909,
prover_hockey,2,0,82,1776919340107,29.698,200,1,909,
prover_hockey,2,0,83,1776919340139,31.94,200,1,909,
prover_hockey,2,0,84,1776919340169,29.921,200,1,909,
prover_hockey,2,0,85,1776919340199,30.252,200,1,909,
prover_hockey,2,0,86,1776919340233,34.219,200,1,909,
prover_hockey,2,0,87,1776919340263,30.088,200,1,909,
prover_hockey,2,0,88,1776919340293,29.411,200,1,909,
prover_hockey,2,0,89,1776919340327,34.559,200,1,909,
prover_hockey,2,0,90,1776919340360,32.3,200,1,909,
prover_hockey,2,0,91,1776919340390,29.874,200,1,909,
prover_hockey,2,0,92,1776919340424,33.949,200,1,909,
prover_hockey,2,0,93,1776919340455,31.827,200,1,909,
prover_hockey,2,0,94,1776919340486,30.198,200,1,909,
prover_hockey,2,0,95,1776919340520,34.414,200,1,909,
prover_hockey,2,0,96,1776919340552,31.547,200,1,909,
prover_hockey,2,0,97,1776919340581,29.732,200,1,909,
prover_hockey,2,0,98,1776919340616,34.472,200,1,909,
prover_hockey,2,0,99,1776919340649,32.918,200,1,909,
prover_hockey,2,0,100,1776919340678,28.998,200,1,909,
prover_hockey,2,0,101,1776919340712,34.588,200,1,909,
prover_hockey,2,0,102,1776919340745,32.281,200,1,909,
prover_hockey,2,0,103,1776919340774,29.662,200,1,909,
prover_hockey,2,0,104,1776919340808,34.177,200,1,909,
prover_hockey,2,0,105,1776919340839,30.729,200,1,909,
prover_hockey,2,0,106,1776919340869,29.48,200,1,909,
prover_hockey,2,0,107,1776919340904,35.086,200,1,909,
prover_hockey,2,0,108,1776919340936,32.412,200,1,909,
prover_hockey,2,0,109,1776919340967,31.264,200,1,909,
prover_hockey,2,0,110,1776919341000,32.697,200,1,909,
prover_hockey,2,0,111,1776919341031,30.95,200,1,909,
prover_hockey,2,0,112,1776919341061,29.993,200,1,909,
prover_hockey,2,0,113,1776919341095,33.913,200,1,909,
prover_hockey,2,0,114,1776919341130,34.555,200,1,909,
prover_hockey,2,0,115,1776919341162,32.514,200,1,909,
prover_hockey,2,0,116,1776919341198,35.766,200,1,909,
prover_hockey,2,0,117,1776919341229,31.091,200,1,909,
prover_hockey,2,0,118,1776919341263,33.915,200,1,909,
prover_hockey,2,0,119,1776919341296,33.273,200,1,909,
prover_hockey,2,0,120,1776919341332,35.914,200,1,909,
prover_hockey,2,0,121,1776919341362,30.346,200,1,909,
prover_hockey,2,0,122,1776919341397,34.278,200,1,909,
prover_hockey,2,0,123,1776919341427,30.647,200,1,909,
prover_hockey,2,0,124,1776919341461,33.26,200,1,909,
prover_hockey,2,0,125,1776919341495,34.082,200,1,909,
prover_hockey,2,0,126,1776919341524,29.558,200,1,909,
prover_hockey,2,0,127,1776919341554,29.55,200,1,909,
prover_hockey,2,0,128,1776919341588,33.691,200,1,909,
prover_hockey,2,0,129,1776919341618,30.22,200,1,909,
prover_hockey,2,0,130,1776919341648,30.417,200,1,909,
prover_hockey,2,0,131,1776919341682,33.298,200,1,909,
prover_hockey,2,0,132,1776919341711,29.787,200,1,909,
prover_hockey,2,0,133,1776919341743,31.795,200,1,909,
prover_hockey,2,0,134,1776919341774,31.318,200,1,909,
prover_hockey,2,0,135,1776919341803,29.048,200,1,909,
prover_hockey,2,0,136,1776919341836,32.417,200,1,909,
prover_hockey,2,0,137,1776919341868,31.686,200,1,909,
prover_hockey,2,0,138,1776919341902,34.112,200,1,909,
prover_hockey,2,0,139,1776919341931,29.717,200,1,909,
prover_hockey,2,0,140,1776919341966,34.093,200,1,909,
prover_hockey,2,0,141,1776919341997,31.009,200,1,909,
prover_hockey,2,0,142,1776919342029,32.127,200,1,909,
prover_hockey,2,0,143,1776919342063,34.028,200,1,909,
prover_hockey,2,0,144,1776919342094,31.306,200,1,909,
prover_hockey,2,0,145,1776919342124,30.45,200,1,909,
prover_hockey,2,0,146,1776919342158,33.519,200,1,909,
prover_hockey,2,0,147,1776919342189,30.688,200,1,909,
prover_hockey,2,0,148,1776919342219,30.703,200,1,909,
prover_hockey,2,0,149,1776919342252,32.845,200,1,909,
prover_hockey,2,0,150,1776919342283,30.989,200,1,909,
prover_hockey,2,0,151,1776919342315,32.039,200,1,909,
prover_hockey,2,0,152,1776919342350,34.278,200,1,909,
prover_hockey,2,0,153,1776919342380,29.988,200,1,909,
prover_hockey,2,0,154,1776919342410,30.724,200,1,909,
prover_hockey,2,0,155,1776919342444,33.961,200,1,909,
prover_hockey,2,0,156,1776919342474,29.799,200,1,909,
prover_hockey,2,0,157,1776919342509,34.53,200,1,909,
prover_hockey,2,0,158,1776919342540,31.545,200,1,909,
prover_hockey,2,0,159,1776919342570,30.245,200,1,909,
prover_hockey,2,0,160,1776919342602,31.531,200,1,909,
prover_hockey,2,0,161,1776919342635,33.351,200,1,909,
prover_hockey,2,0,162,1776919342666,30.433,200,1,909,
prover_hockey,2,0,163,1776919342698,31.905,200,1,909,
prover_hockey,2,0,164,1776919342734,36.053,200,1,909,
prover_hockey,2,0,165,1776919342765,31.213,200,1,909,
prover_hockey,2,0,166,1776919342794,29.484,200,1,909,
prover_hockey,2,0,167,1776919342828,33.165,200,1,909,
prover_hockey,2,0,168,1776919342858,30.167,200,1,909,
prover_hockey,2,0,169,1776919342888,30.763,200,1,909,
prover_hockey,2,0,170,1776919342921,32.957,200,1,909,
prover_hockey,2,0,171,1776919342951,29.599,200,1,909,
prover_hockey,2,0,172,1776919342983,32.328,200,1,909,
prover_hockey,2,0,173,1776919343016,32.411,200,1,909,
prover_hockey,2,0,174,1776919343047,31.071,200,1,909,
prover_hockey,2,0,175,1776919343077,30.077,200,1,909,
prover_hockey,2,0,176,1776919343111,33.726,200,1,909,
prover_hockey,2,0,177,1776919343141,29.854,200,1,909,
prover_hockey,2,0,178,1776919343171,30.711,200,1,909,
prover_hockey,2,0,179,1776919343204,32.346,200,1,909,
prover_hockey,2,0,180,1776919343234,30.216,200,1,909,
prover_hockey,2,0,181,1776919343264,30.512,200,1,909,
prover_hockey,2,0,182,1776919343297,32.643,200,1,909,
prover_hockey,2,0,183,1776919343327,30.412,200,1,909,
prover_hockey,2,0,184,1776919343359,31.465,200,1,909,
prover_hockey,2,0,185,1776919343390,31.141,200,1,909,
prover_hockey,2,0,186,1776919343426,36.052,200,1,909,
prover_hockey,2,0,187,1776919343456,29.751,200,1,909,
prover_hockey,2,0,188,1776919343489,33.547,200,1,909,
prover_hockey,2,0,189,1776919343520,30.621,200,1,909,
prover_hockey,2,0,190,1776919343552,32.268,200,1,909,
prover_hockey,2,0,191,1776919343587,34.812,200,1,909,
prover_hockey,2,0,192,1776919343617,29.865,200,1,909,
prover_hockey,2,0,193,1776919343646,29.507,200,1,909,
prover_hockey,2,0,194,1776919343678,31.587,200,1,909,
prover_hockey,2,0,195,1776919343708,29.924,200,1,909,
prover_hockey,2,0,196,1776919343742,33.993,200,1,909,
prover_hockey,2,0,197,1776919343773,30.658,200,1,909,
prover_hockey,2,0,198,1776919343804,31.038,200,1,909,
prover_hockey,2,0,199,1776919343835,31.048,200,1,909,
prover_hockey,2,0,200,1776919343870,35.05,200,1,909,
prover_hockey,2,0,201,1776919343902,31.957,200,1,909,
prover_hockey,2,0,202,1776919343934,32.496,200,1,909,
prover_hockey,2,0,203,1776919343964,30.102,200,1,909,
prover_hockey,2,0,204,1776919343996,31.797,200,1,909,
prover_hockey,2,0,205,1776919344030,34.2,200,1,909,
prover_hockey,2,0,206,1776919344060,29.875,200,1,909,
prover_hockey,2,0,207,1776919344091,30.477,200,1,909,
prover_hockey,2,0,208,1776919344125,34.206,200,1,909,
prover_hockey,2,0,209,1776919344156,30.772,200,1,909,
prover_hockey,2,0,210,1776919344186,30.338,200,1,909,
prover_hockey,2,0,211,1776919344220,34.063,200,1,909,
prover_hockey,2,0,212,1776919344251,30.912,200,1,909,
prover_hockey,2,0,213,1776919344283,31.682,200,1,909,
prover_hockey,2,0,214,1776919344316,33.263,200,1,909,
prover_hockey,2,0,215,1776919344346,29.728,200,1,909,
prover_hockey,2,0,216,1776919344378,32.447,200,1,909,
prover_hockey,2,0,217,1776919344410,31.919,200,1,909,
prover_hockey,2,0,218,1776919344440,30.037,200,1,909,
prover_hockey,2,0,219,1776919344471,31.152,200,1,909,
prover_hockey,2,0,220,1776919344507,35.425,200,1,909,
prover_hockey,2,0,221,1776919344537,30.26,200,1,909,
prover_hockey,2,0,222,1776919344568,30.677,200,1,909,
prover_hockey,2,0,223,1776919344600,32.614,200,1,909,
prover_hockey,2,0,224,1776919344630,30.026,200,1,909,
prover_hockey,2,0,225,1776919344663,32.906,200,1,909,
prover_hockey,2,0,226,1776919344697,34.157,200,1,909,
prover_hockey,2,0,227,1776919344728,30.145,200,1,909,
prover_hockey,2,0,228,1776919344759,31.024,200,1,909,
prover_hockey,2,0,229,1776919344793,34.041,200,1,909,
prover_hockey,2,0,230,1776919344822,29.436,200,1,909,
prover_hockey,2,0,231,1776919344853,31.155,200,1,909,
prover_hockey,2,0,232,1776919344889,35.333,200,1,909,
prover_hockey,2,0,233,1776919344919,30.193,200,1,909,
prover_hockey,2,0,234,1776919344949,30.248,200,1,909,
prover_hockey,2,0,235,1776919344982,32.874,200,1,909,
prover_hockey,2,0,236,1776919345013,30.723,200,1,909,
prover_hockey,2,0,237,1776919345044,31.133,200,1,909,
prover_hockey,2,0,238,1776919345078,34.295,200,1,909,
prover_hockey,2,0,239,1776919345108,30.043,200,1,909,
prover_hockey,2,0,240,1776919345139,31.375,200,1,909,
prover_hockey,2,0,241,1776919345172,32.169,200,1,909,
prover_hockey,2,0,242,1776919345202,29.902,200,1,909,
prover_hockey,2,0,243,1776919345233,31.097,200,1,909,
prover_hockey,2,0,244,1776919345265,32.373,200,1,909,
prover_hockey,2,0,245,1776919345296,31.223,200,1,909,
prover_hockey,2,0,246,1776919345327,30.784,200,1,909,
prover_hockey,2,0,247,1776919345361,34.186,200,1,909,
prover_hockey,2,0,248,1776919345391,29.274,200,1,909,
prover_hockey,2,0,249,1776919345422,31.878,200,1,909,
prover_hockey,2,0,250,1776919345454,32.053,200,1,909,
prover_hockey,2,0,251,1776919345484,29.352,200,1,909,
prover_hockey,2,0,252,1776919345515,30.959,200,1,909,
prover_hockey,2,0,253,1776919345549,33.728,200,1,909,
prover_hockey,2,0,254,1776919345578,29.681,200,1,909,
prover_hockey,2,0,255,1776919345609,30.841,200,1,909,
prover_hockey,2,0,256,1776919345642,33.322,200,1,909,
prover_hockey,2,0,257,1776919345672,29.856,200,1,909,
prover_hockey,2,0,258,1776919345702,29.866,200,1,909,
prover_hockey,2,0,259,1776919345734,31.559,200,1,909,
prover_hockey,2,0,260,1776919345763,29.639,200,1,909,
prover_hockey,2,0,261,1776919345794,30.328,200,1,909,
prover_hockey,2,0,262,1776919345828,34.047,200,1,909,
prover_hockey,2,0,263,1776919345857,29.756,200,1,909,
prover_hockey,2,0,264,1776919345888,30.181,200,1,909,
prover_hockey,2,0,265,1776919345921,33.493,200,1,909,
prover_hockey,2,0,266,1776919345952,31.04,200,1,909,
prover_hockey,2,0,267,1776919345982,29.66,200,1,909,
prover_hockey,2,0,268,1776919346014,32.411,200,1,909,
prover_hockey,2,0,269,1776919346045,30.518,200,1,909,
prover_hockey,2,0,270,1776919346075,30.148,200,1,909,
prover_hockey,2,0,271,1776919346108,32.563,200,1,909,
prover_hockey,2,0,272,1776919346148,40.858,200,1,909,
prover_hockey,2,0,273,1776919346179,30.688,200,1,909,
prover_hockey,2,0,274,1776919346213,33.68,200,1,909,
prover_hockey,2,0,275,1776919346243,30.009,200,1,909,
prover_hockey,2,0,276,1776919346275,31.746,200,1,909,
prover_hockey,2,0,277,1776919346309,34.055,200,1,909,
prover_hockey,2,0,278,1776919346340,31.021,200,1,909,
prover_hockey,2,0,279,1776919346371,30.949,200,1,909,
prover_hockey,2,0,280,1776919346406,35.586,200,1,909,
prover_hockey,2,0,281,1776919346438,31.834,200,1,909,
prover_hockey,2,0,282,1776919346468,29.967,200,1,909,
prover_hockey,2,0,283,1776919346502,34.168,200,1,909,
prover_hockey,2,0,284,1776919346533,30.921,200,1,909,
prover_hockey,2,0,285,1776919346562,29.047,200,1,909,
prover_hockey,2,0,286,1776919346596,33.457,200,1,909,
prover_hockey,2,0,287,1776919346628,32.507,200,1,909,
prover_hockey,2,0,288,1776919346658,30.133,200,1,909,
prover_hockey,2,0,289,1776919346691,33.207,200,1,909,
prover_hockey,2,0,290,1776919346724,32.302,200,1,909,
prover_hockey,2,0,291,1776919346753,29.285,200,1,909,
prover_hockey,2,0,292,1776919346786,32.485,200,1,909,
prover_hockey,2,0,293,1776919346817,30.995,200,1,909,
prover_hockey,2,0,294,1776919346846,29.925,200,1,909,
prover_hockey,2,0,295,1776919346878,31.72,200,1,909,
prover_hockey,2,0,296,1776919346908,29.837,200,1,909,
prover_hockey,2,0,297,1776919346939,30.635,200,1,909,
prover_hockey,2,0,298,1776919346973,34.005,200,1,909,
prover_hockey,2,0,299,1776919347005,31.989,200,1,909,
prover_hockey,2,0,300,1776919347035,30.094,200,1,909,
prover_hockey,2,0,301,1776919347069,34.497,200,1,909,
prover_hockey,2,0,302,1776919347101,31.791,200,1,909,
prover_hockey,2,0,303,1776919347131,30.219,200,1,909,
prover_hockey,2,0,304,1776919347163,31.859,200,1,909,
prover_hockey,2,0,305,1776919347195,32.162,200,1,909,
prover_hockey,2,0,306,1776919347225,29.278,200,1,909,
prover_hockey,2,0,307,1776919347256,31.812,200,1,909,
prover_hockey,2,0,308,1776919347288,31.636,200,1,909,
prover_hockey,2,0,309,1776919347317,29.091,200,1,909,
prover_hockey,2,0,310,1776919347349,31.754,200,1,909,
prover_hockey,2,0,311,1776919347380,30.688,200,1,909,
prover_hockey,2,0,312,1776919347410,29.91,200,1,909,
prover_hockey,2,0,313,1776919347443,33.062,200,1,909,
prover_hockey,2,0,314,1776919347473,30.382,200,1,909,
prover_hockey,2,0,315,1776919347503,29.995,200,1,909,
prover_hockey,2,0,316,1776919347536,33.403,200,1,909,
prover_hockey,2,0,317,1776919347567,31.075,200,1,909,
prover_hockey,2,0,318,1776919347597,29.932,200,1,909,
prover_hockey,2,0,319,1776919347630,32.759,200,1,909,
prover_hockey,2,0,320,1776919347661,30.85,200,1,909,
prover_hockey,2,0,321,1776919347690,29.461,200,1,909,
prover_hockey,2,0,322,1776919347725,34.343,200,1,909,
prover_hockey,2,0,323,1776919347755,30.678,200,1,909,
prover_hockey,2,0,324,1776919347785,29.285,200,1,909,
prover_hockey,2,0,325,1776919347815,30.126,200,1,909,
prover_hockey,2,0,326,1776919347848,32.976,200,1,909,
prover_hockey,2,0,327,1776919347877,29.504,200,1,909,
prover_hockey,2,0,328,1776919347911,33.918,200,1,909,
prover_hockey,2,0,329,1776919347946,34.402,200,1,909,
prover_hockey,2,0,330,1776919347976,30.059,200,1,909,
prover_hockey,2,0,331,1776919348007,31.229,200,1,909,
prover_hockey,2,0,332,1776919348041,33.761,200,1,909,
prover_hockey,2,0,333,1776919348071,30.021,200,1,909,
prover_hockey,2,0,334,1776919348103,31.758,200,1,909,
prover_hockey,2,0,335,1776919348136,33.748,200,1,909,
prover_hockey,2,0,336,1776919348166,29.947,200,1,909,
prover_hockey,2,0,337,1776919348197,31.001,200,1,909,
prover_hockey,2,0,338,1776919348229,31.971,200,1,909,
prover_hockey,2,0,339,1776919348258,29.039,200,1,909,
prover_hockey,2,0,340,1776919348290,31.248,200,1,909,
prover_hockey,2,0,341,1776919348324,34.085,200,1,909,
prover_hockey,2,0,342,1776919348354,29.994,200,1,909,
prover_hockey,2,0,343,1776919348385,31.841,200,1,909,
prover_hockey,2,0,344,1776919348419,33.538,200,1,909,
prover_hockey,2,0,345,1776919348449,30.388,200,1,909,
prover_hockey,2,0,346,1776919348480,30.28,200,1,909,
prover_hockey,2,0,347,1776919348513,33.782,200,1,909,
prover_hockey,2,0,348,1776919348544,30.28,200,1,909,
prover_hockey,2,0,349,1776919348574,30.586,200,1,909,
prover_hockey,2,0,350,1776919348608,33.554,200,1,909,
prover_hockey,2,0,351,1776919348638,29.694,200,1,909,
prover_hockey,2,0,352,1776919348670,32.41,200,1,909,
prover_hockey,2,0,353,1776919348703,32.895,200,1,909,
prover_hockey,2,0,354,1776919348734,30.95,200,1,909,
prover_hockey,2,0,355,1776919348764,30.612,200,1,909,
prover_hockey,2,0,356,1776919348797,32.9,200,1,909,
prover_hockey,2,0,357,1776919348826,29.093,200,1,909,
prover_hockey,2,0,358,1776919348858,31.54,200,1,909,
prover_hockey,2,0,359,1776919348892,33.913,200,1,909,
prover_hockey,2,0,360,1776919348923,31.361,200,1,909,
prover_hockey,2,0,361,1776919348953,29.856,200,1,909,
prover_hockey,2,0,362,1776919348985,32.247,200,1,909,
prover_hockey,2,0,363,1776919349016,30.634,200,1,909,
prover_hockey,2,0,364,1776919349047,30.966,200,1,909,
prover_hockey,2,0,365,1776919349082,34.649,200,1,909,
prover_hockey,2,0,366,1776919349113,31.309,200,1,909,
prover_hockey,2,0,367,1776919349147,34.253,200,1,909,
prover_hockey,2,0,368,1776919349180,32.408,200,1,909,
prover_hockey,2,0,369,1776919349210,30.817,200,1,909,
prover_hockey,2,0,370,1776919349243,32.918,200,1,909,
prover_hockey,2,0,371,1776919349275,31.206,200,1,909,
prover_hockey,2,0,372,1776919349304,29.579,200,1,909,
prover_hockey,2,0,373,1776919349338,33.867,200,1,909,
prover_hockey,2,0,374,1776919349368,30.162,200,1,909,
prover_hockey,2,0,375,1776919349398,29.731,200,1,909,
prover_hockey,2,0,376,1776919349430,31.637,200,1,909,
prover_hockey,2,0,377,1776919349463,33.186,200,1,909,
prover_hockey,2,0,378,1776919349493,30.338,200,1,909,
prover_hockey,2,0,379,1776919349526,32.741,200,1,909,
prover_hockey,2,0,380,1776919349557,30.786,200,1,909,
prover_hockey,2,0,381,1776919349587,30.413,200,1,909,
prover_hockey,2,0,382,1776919349622,34.752,200,1,909,
prover_hockey,2,0,383,1776919349652,30.093,200,1,909,
prover_hockey,2,0,384,1776919349683,30.67,200,1,909,
prover_hockey,2,0,385,1776919349717,34.358,200,1,909,
prover_hockey,2,0,386,1776919349750,32.814,200,1,909,
prover_hockey,2,0,387,1776919349784,34.011,200,1,909,
prover_hockey,2,0,388,1776919349818,34.246,200,1,909,
prover_hockey,2,0,389,1776919349848,30.055,200,1,909,
prover_hockey,2,0,390,1776919349879,31.197,200,1,909,
prover_hockey,2,0,391,1776919349910,30.783,200,1,909,
prover_hockey,2,0,392,1776919349944,33.97,200,1,909,
prover_hockey,2,0,393,1776919349975,30.808,200,1,909,
prover_hockey,2,0,394,1776919350004,29.25,200,1,909,
prover_hockey,2,0,395,1776919350038,34.148,200,1,909,
prover_hockey,2,0,396,1776919350069,30.385,200,1,909,
prover_hockey,2,0,397,1776919350098,29.584,200,1,909,
prover_hockey,2,0,398,1776919350131,32.178,200,1,909,
prover_hockey,2,0,399,1776919350163,32.028,200,1,909,
prover_hockey,2,0,400,1776919350193,30.35,200,1,909,
prover_hockey,2,0,401,1776919350227,34.198,200,1,909,
prover_hockey,2,0,402,1776919350258,30.546,200,1,909,
prover_hockey,2,0,403,1776919350287,29.387,200,1,909,
prover_hockey,2,0,404,1776919350321,34.213,200,1,909,
prover_hockey,2,0,405,1776919350351,29.82,200,1,909,
prover_hockey,2,0,406,1776919350381,30.09,200,1,909,
prover_hockey,2,0,407,1776919350413,31.95,200,1,909,
prover_hockey,2,0,408,1776919350445,31.538,200,1,909,
prover_hockey,2,0,409,1776919350475,30.26,200,1,909,
prover_hockey,2,0,410,1776919350508,33.535,200,1,909,
prover_hockey,2,0,411,1776919350540,31.885,200,1,909,
prover_hockey,2,0,412,1776919350570,29.316,200,1,909,
prover_hockey,2,0,413,1776919350603,33.688,200,1,909,
prover_hockey,2,0,414,1776919350634,31.115,200,1,909,
prover_hockey,2,0,415,1776919350664,29.172,200,1,909,
prover_hockey,2,0,416,1776919350696,32.157,200,1,909,
prover_hockey,2,0,417,1776919350727,31.503,200,1,909,
prover_hockey,2,0,418,1776919350758,30.494,200,1,909,
prover_hockey,2,0,419,1776919350792,34.25,200,1,909,
prover_hockey,2,0,420,1776919350824,31.905,200,1,909,
prover_hockey,2,0,421,1776919350853,29.036,200,1,909,
prover_hockey,2,0,422,1776919350887,33.672,200,1,909,
prover_hockey,2,0,423,1776919350917,30.778,200,1,909,
prover_hockey,2,0,424,1776919350948,30.823,200,1,909,
prover_hockey,2,0,425,1776919350981,33.132,200,1,909,
prover_hockey,2,0,426,1776919351011,29.862,200,1,909,
prover_hockey,2,0,427,1776919351041,29.389,200,1,909,
prover_hockey,2,0,428,1776919351075,34.019,200,1,909,
prover_hockey,2,0,429,1776919351107,32.739,200,1,909,
prover_hockey,2,0,430,1776919351137,29.718,200,1,909,
prover_hockey,2,0,431,1776919351171,33.758,200,1,909,
prover_hockey,2,0,432,1776919351207,35.728,200,1,909,
prover_hockey,2,0,433,1776919351238,31.355,200,1,909,
prover_hockey,2,0,434,1776919351271,33.043,200,1,909,
prover_hockey,2,0,435,1776919351301,30.084,200,1,909,
prover_hockey,2,0,436,1776919351333,32.145,200,1,909,
prover_hockey,2,0,437,1776919351364,30.165,200,1,909,
prover_hockey,2,0,438,1776919351394,30.751,200,1,909,
prover_hockey,2,0,439,1776919351427,33.043,200,1,909,
prover_hockey,2,0,440,1776919351457,29.852,200,1,909,
prover_hockey,2,0,441,1776919351489,31.508,200,1,909,
prover_hockey,2,0,442,1776919351519,30.53,200,1,909,
prover_hockey,2,0,443,1776919351554,34.722,200,1,909,
prover_hockey,2,0,444,1776919351584,30.542,200,1,909,
prover_hockey,2,0,445,1776919351617,32.534,200,1,909,
prover_hockey,2,0,446,1776919351650,32.778,200,1,909,
prover_hockey,2,0,447,1776919351679,29.555,200,1,909,
prover_hockey,2,0,448,1776919351711,31.764,200,1,909,
prover_hockey,2,0,449,1776919351744,33.115,200,1,909,
prover_hockey,2,0,450,1776919351774,29.911,200,1,909,
prover_hockey,2,0,451,1776919351806,31.863,200,1,909,
prover_hockey,2,0,452,1776919351840,34.341,200,1,909,
prover_hockey,2,0,453,1776919351871,30.802,200,1,909,
prover_hockey,2,0,454,1776919351906,34.397,200,1,909,
prover_hockey,2,0,455,1776919351939,33.92,200,1,909,
prover_hockey,2,0,456,1776919351969,29.674,200,1,909,
prover_hockey,2,0,457,1776919352000,30.869,200,1,909,
prover_hockey,2,0,458,1776919352032,32.054,200,1,909,
prover_hockey,2,0,459,1776919352062,29.815,200,1,909,
prover_hockey,2,0,460,1776919352092,30.041,200,1,909,
prover_hockey,2,0,461,1776919352124,31.565,200,1,909,
prover_hockey,2,0,462,1776919352154,30.115,200,1,909,
prover_hockey,2,0,463,1776919352186,32.143,200,1,909,
prover_hockey,2,0,464,1776919352220,34.515,200,1,909,
prover_hockey,2,0,465,1776919352250,30.045,200,1,909,
prover_hockey,2,0,466,1776919352280,29.583,200,1,909,
prover_hockey,2,0,467,1776919352313,33.273,200,1,909,
prover_hockey,2,0,468,1776919352343,29.922,200,1,909,
prover_hockey,2,0,469,1776919352374,30.899,200,1,909,
prover_hockey,2,0,470,1776919352407,32.867,200,1,909,
prover_hockey,2,1,0,1776919337441,49.246,200,1,909,
prover_hockey,2,1,1,1776919337471,30.051,200,1,909,
prover_hockey,2,1,2,1776919337508,36.863,200,1,909,
prover_hockey,2,1,3,1776919337539,31.065,200,1,909,
prover_hockey,2,1,4,1776919337572,33.506,200,1,909,
prover_hockey,2,1,5,1776919337603,31.163,200,1,909,
prover_hockey,2,1,6,1776919337638,34.453,200,1,909,
prover_hockey,2,1,7,1776919337670,31.887,200,1,909,
prover_hockey,2,1,8,1776919337704,34.198,200,1,909,
prover_hockey,2,1,9,1776919337735,30.896,200,1,909,
prover_hockey,2,1,10,1776919337772,36.691,200,1,909,
prover_hockey,2,1,11,1776919337803,31.112,200,1,909,
prover_hockey,2,1,12,1776919337835,31.905,200,1,909,
prover_hockey,2,1,13,1776919337866,30.967,200,1,909,
prover_hockey,2,1,14,1776919337903,37.673,200,1,909,
prover_hockey,2,1,15,1776919337935,31.49,200,1,909,
prover_hockey,2,1,16,1776919337967,32.411,200,1,909,
prover_hockey,2,1,17,1776919338006,38.444,200,1,909,
prover_hockey,2,1,18,1776919338035,29.795,200,1,909,
prover_hockey,2,1,19,1776919338069,33.234,200,1,909,
prover_hockey,2,1,20,1776919338105,36.39,200,1,909,
prover_hockey,2,1,21,1776919338135,29.739,200,1,909,
prover_hockey,2,1,22,1776919338165,30.498,200,1,909,
prover_hockey,2,1,23,1776919338199,33.991,200,1,909,
prover_hockey,2,1,24,1776919338229,29.878,200,1,909,
prover_hockey,2,1,25,1776919338262,32.871,200,1,909,
prover_hockey,2,1,26,1776919338298,35.519,200,1,909,
prover_hockey,2,1,27,1776919338328,30.395,200,1,909,
prover_hockey,2,1,28,1776919338358,30.373,200,1,909,
prover_hockey,2,1,29,1776919338392,33.157,200,1,909,
prover_hockey,2,1,30,1776919338422,30.882,200,1,909,
prover_hockey,2,1,31,1776919338454,31.309,200,1,909,
prover_hockey,2,1,32,1776919338490,36.236,200,1,909,
prover_hockey,2,1,33,1776919338519,29.243,200,1,909,
prover_hockey,2,1,34,1776919338550,30.42,200,1,909,
prover_hockey,2,1,35,1776919338584,33.864,200,1,909,
prover_hockey,2,1,36,1776919338621,37.053,200,1,909,
prover_hockey,2,1,37,1776919338651,30.907,200,1,909,
prover_hockey,2,1,38,1776919338684,32.86,200,1,909,
prover_hockey,2,1,39,1776919338714,29.79,200,1,909,
prover_hockey,2,1,40,1776919338748,33.752,200,1,909,
prover_hockey,2,1,41,1776919338781,33.556,200,1,909,
prover_hockey,2,1,42,1776919338812,30.578,200,1,909,
prover_hockey,2,1,43,1776919338846,33.682,200,1,909,
prover_hockey,2,1,44,1776919338879,33.494,200,1,909,
prover_hockey,2,1,45,1776919338909,30.185,200,1,909,
prover_hockey,2,1,46,1776919338944,34.722,200,1,909,
prover_hockey,2,1,47,1776919338977,32.938,200,1,909,
prover_hockey,2,1,48,1776919339009,31.476,200,1,909,
prover_hockey,2,1,49,1776919339042,33.627,200,1,909,
prover_hockey,2,1,50,1776919339073,30.6,200,1,909,
prover_hockey,2,1,51,1776919339103,29.77,200,1,909,
prover_hockey,2,1,52,1776919339135,32.669,200,1,909,
prover_hockey,2,1,53,1776919339166,30.923,200,1,909,
prover_hockey,2,1,54,1776919339196,29.561,200,1,909,
prover_hockey,2,1,55,1776919339230,34.16,200,1,909,
prover_hockey,2,1,56,1776919339262,31.799,200,1,909,
prover_hockey,2,1,57,1776919339292,30.744,200,1,909,
prover_hockey,2,1,58,1776919339325,32.078,200,1,909,
prover_hockey,2,1,59,1776919339356,31.293,200,1,909,
prover_hockey,2,1,60,1776919339388,32.539,200,1,909,
prover_hockey,2,1,61,1776919339423,34.819,200,1,909,
prover_hockey,2,1,62,1776919339458,34.756,200,1,909,
prover_hockey,2,1,63,1776919339488,30.337,200,1,909,
prover_hockey,2,1,64,1776919339522,33.75,200,1,909,
prover_hockey,2,1,65,1776919339555,32.968,200,1,909,
prover_hockey,2,1,66,1776919339585,30.214,200,1,909,
prover_hockey,2,1,67,1776919339617,32.053,200,1,909,
prover_hockey,2,1,68,1776919339650,33.027,200,1,909,
prover_hockey,2,1,69,1776919339680,29.401,200,1,909,
prover_hockey,2,1,70,1776919339713,33.707,200,1,909,
prover_hockey,2,1,71,1776919339745,31.584,200,1,909,
prover_hockey,2,1,72,1776919339775,29.868,200,1,909,
prover_hockey,2,1,73,1776919339807,32.159,200,1,909,
prover_hockey,2,1,74,1776919339838,30.395,200,1,909,
prover_hockey,2,1,75,1776919339867,29.927,200,1,909,
prover_hockey,2,1,76,1776919339901,33.96,200,1,909,
prover_hockey,2,1,77,1776919339932,30.943,200,1,909,
prover_hockey,2,1,78,1776919339963,30.459,200,1,909,
prover_hockey,2,1,79,1776919339998,34.891,200,1,909,
prover_hockey,2,1,80,1776919340031,33.041,200,1,909,
prover_hockey,2,1,81,1776919340061,30.283,200,1,909,
prover_hockey,2,1,82,1776919340095,34.429,200,1,909,
prover_hockey,2,1,83,1776919340127,31.896,200,1,909,
prover_hockey,2,1,84,1776919340157,29.965,200,1,909,
prover_hockey,2,1,85,1776919340191,34.047,200,1,909,
prover_hockey,2,1,86,1776919340222,30.899,200,1,909,
prover_hockey,2,1,87,1776919340252,29.601,200,1,909,
prover_hockey,2,1,88,1776919340284,32.308,200,1,909,
prover_hockey,2,1,89,1776919340314,29.938,200,1,909,
prover_hockey,2,1,90,1776919340344,30.092,200,1,909,
prover_hockey,2,1,91,1776919340377,32.554,200,1,909,
prover_hockey,2,1,92,1776919340407,30.566,200,1,909,
prover_hockey,2,1,93,1776919340438,30.159,200,1,909,
prover_hockey,2,1,94,1776919340472,34.617,200,1,909,
prover_hockey,2,1,95,1776919340504,31.368,200,1,909,
prover_hockey,2,1,96,1776919340534,30.761,200,1,909,
prover_hockey,2,1,97,1776919340566,31.45,200,1,909,
prover_hockey,2,1,98,1776919340595,29.689,200,1,909,
prover_hockey,2,1,99,1776919340626,30.337,200,1,909,
prover_hockey,2,1,100,1776919340658,32.061,200,1,909,
prover_hockey,2,1,101,1776919340687,29.129,200,1,909,
prover_hockey,2,1,102,1776919340716,29.191,200,1,909,
prover_hockey,2,1,103,1776919340749,33.214,200,1,909,
prover_hockey,2,1,104,1776919340780,30.075,200,1,909,
prover_hockey,2,1,105,1776919340811,31.269,200,1,909,
prover_hockey,2,1,106,1776919340843,32.28,200,1,909,
prover_hockey,2,1,107,1776919340875,31.984,200,1,909,
prover_hockey,2,1,108,1776919340904,29.314,200,1,909,
prover_hockey,2,1,109,1776919340940,35.4,200,1,909,
prover_hockey,2,1,110,1776919340972,32.398,200,1,909,
prover_hockey,2,1,111,1776919341003,30.562,200,1,909,
prover_hockey,2,1,112,1776919341037,34.028,200,1,909,
prover_hockey,2,1,113,1776919341068,31.05,200,1,909,
prover_hockey,2,1,114,1776919341097,29.471,200,1,909,
prover_hockey,2,1,115,1776919341130,32.984,200,1,909,
prover_hockey,2,1,116,1776919341164,33.831,200,1,909,
prover_hockey,2,1,117,1776919341195,31.321,200,1,909,
prover_hockey,2,1,118,1776919341228,32.537,200,1,909,
prover_hockey,2,1,119,1776919341265,36.676,200,1,909,
prover_hockey,2,1,120,1776919341298,33.391,200,1,909,
prover_hockey,2,1,121,1776919341329,30.515,200,1,909,
prover_hockey,2,1,122,1776919341363,34.483,200,1,909,
prover_hockey,2,1,123,1776919341394,31.058,200,1,909,
prover_hockey,2,1,124,1776919341424,30.134,200,1,909,
prover_hockey,2,1,125,1776919341457,33.012,200,1,909,
prover_hockey,2,1,126,1776919341487,30.036,200,1,909,
prover_hockey,2,1,127,1776919341517,29.777,200,1,909,
prover_hockey,2,1,128,1776919341552,34.402,200,1,909,
prover_hockey,2,1,129,1776919341581,29.724,200,1,909,
prover_hockey,2,1,130,1776919341614,32.343,200,1,909,
prover_hockey,2,1,131,1776919341645,31.658,200,1,909,
prover_hockey,2,1,132,1776919341675,29.752,200,1,909,
prover_hockey,2,1,133,1776919341705,30.307,200,1,909,
prover_hockey,2,1,134,1776919341739,34.062,200,1,909,
prover_hockey,2,1,135,1776919341769,29.361,200,1,909,
prover_hockey,2,1,136,1776919341801,32.548,200,1,909,
prover_hockey,2,1,137,1776919341838,36.277,200,1,909,
prover_hockey,2,1,138,1776919341870,32.323,200,1,909,
prover_hockey,2,1,139,1776919341900,30.068,200,1,909,
prover_hockey,2,1,140,1776919341932,32.044,200,1,909,
prover_hockey,2,1,141,1776919341962,29.898,200,1,909,
prover_hockey,2,1,142,1776919341992,30.407,200,1,909,
prover_hockey,2,1,143,1776919342024,31.778,200,1,909,
prover_hockey,2,1,144,1776919342054,30.211,200,1,909,
prover_hockey,2,1,145,1776919342084,30.075,200,1,909,
prover_hockey,2,1,146,1776919342118,34.021,200,1,909,
prover_hockey,2,1,147,1776919342148,30.025,200,1,909,
prover_hockey,2,1,148,1776919342181,32.109,200,1,909,
prover_hockey,2,1,149,1776919342214,33.544,200,1,909,
prover_hockey,2,1,150,1776919342245,30.73,200,1,909,
prover_hockey,2,1,151,1776919342277,32.07,200,1,909,
prover_hockey,2,1,152,1776919342311,33.974,200,1,909,
prover_hockey,2,1,153,1776919342341,30.006,200,1,909,
prover_hockey,2,1,154,1776919342371,30.145,200,1,909,
prover_hockey,2,1,155,1776919342405,34.016,200,1,909,
prover_hockey,2,1,156,1776919342435,30.215,200,1,909,
prover_hockey,2,1,157,1776919342468,32.782,200,1,909,
prover_hockey,2,1,158,1776919342501,32.991,200,1,909,
prover_hockey,2,1,159,1776919342532,30.935,200,1,909,
prover_hockey,2,1,160,1776919342562,29.863,200,1,909,
prover_hockey,2,1,161,1776919342596,34.136,200,1,909,
prover_hockey,2,1,162,1776919342626,30.365,200,1,909,
prover_hockey,2,1,163,1776919342657,30.788,200,1,909,
prover_hockey,2,1,164,1776919342689,31.548,200,1,909,
prover_hockey,2,1,165,1776919342721,32.44,200,1,909,
prover_hockey,2,1,166,1776919342752,31.105,200,1,909,
prover_hockey,2,1,167,1776919342787,34.157,200,1,909,
prover_hockey,2,1,168,1776919342817,30.182,200,1,909,
prover_hockey,2,1,169,1776919342848,30.858,200,1,909,
prover_hockey,2,1,170,1776919342879,31.827,200,1,909,
prover_hockey,2,1,171,1776919342910,30.325,200,1,909,
prover_hockey,2,1,172,1776919342940,29.951,200,1,909,
prover_hockey,2,1,173,1776919342973,33.355,200,1,909,
prover_hockey,2,1,174,1776919343004,30.594,200,1,909,
prover_hockey,2,1,175,1776919343033,29.69,200,1,909,
prover_hockey,2,1,176,1776919343068,34.706,200,1,909,
prover_hockey,2,1,177,1776919343098,30.027,200,1,909,
prover_hockey,2,1,178,1776919343130,32.243,200,1,909,
prover_hockey,2,1,179,1776919343164,33.58,200,1,909,
prover_hockey,2,1,180,1776919343194,30.477,200,1,909,
prover_hockey,2,1,181,1776919343227,32.939,200,1,909,
prover_hockey,2,1,182,1776919343263,35.904,200,1,909,
prover_hockey,2,1,183,1776919343294,30.428,200,1,909,
prover_hockey,2,1,184,1776919343326,32.205,200,1,909,
prover_hockey,2,1,185,1776919343361,35.066,200,1,909,
prover_hockey,2,1,186,1776919343393,31.879,200,1,909,
prover_hockey,2,1,187,1776919343424,30.969,200,1,909,
prover_hockey,2,1,188,1776919343456,32.632,200,1,909,
prover_hockey,2,1,189,1776919343487,30.337,200,1,909,
prover_hockey,2,1,190,1776919343517,30.619,200,1,909,
prover_hockey,2,1,191,1776919343550,32.558,200,1,909,
prover_hockey,2,1,192,1776919343580,30.451,200,1,909,
prover_hockey,2,1,193,1776919343611,30.624,200,1,909,
prover_hockey,2,1,194,1776919343645,33.786,200,1,909,
prover_hockey,2,1,195,1776919343677,31.754,200,1,909,
prover_hockey,2,1,196,1776919343710,32.974,200,1,909,
prover_hockey,2,1,197,1776919343740,30.375,200,1,909,
prover_hockey,2,1,198,1776919343772,32.085,200,1,909,
prover_hockey,2,1,199,1776919343807,34.95,200,1,909,
prover_hockey,2,1,200,1776919343838,30.569,200,1,909,
prover_hockey,2,1,201,1776919343869,31.627,200,1,909,
prover_hockey,2,1,202,1776919343902,33.098,200,1,909,
prover_hockey,2,1,203,1776919343946,43.473,200,1,909,
prover_hockey,2,1,204,1776919343978,32.224,200,1,909,
prover_hockey,2,1,205,1776919344008,30.13,200,1,909,
prover_hockey,2,1,206,1776919344041,32.401,200,1,909,
prover_hockey,2,1,207,1776919344075,34.068,200,1,909,
prover_hockey,2,1,208,1776919344105,30.074,200,1,909,
prover_hockey,2,1,209,1776919344136,31.527,200,1,909,
prover_hockey,2,1,210,1776919344169,32.317,200,1,909,
prover_hockey,2,1,211,1776919344199,30.494,200,1,909,
prover_hockey,2,1,212,1776919344231,31.814,200,1,909,
prover_hockey,2,1,213,1776919344262,31.45,200,1,909,
prover_hockey,2,1,214,1776919344293,30.667,200,1,909,
prover_hockey,2,1,215,1776919344324,30.684,200,1,909,
prover_hockey,2,1,216,1776919344359,35.477,200,1,909,
prover_hockey,2,1,217,1776919344389,29.746,200,1,909,
prover_hockey,2,1,218,1776919344421,31.594,200,1,909,
prover_hockey,2,1,219,1776919344454,33.932,200,1,909,
prover_hockey,2,1,220,1776919344484,29.851,200,1,909,
prover_hockey,2,1,221,1776919344515,31.079,200,1,909,
prover_hockey,2,1,222,1776919344550,34.555,200,1,909,
prover_hockey,2,1,223,1776919344580,29.64,200,1,909,
prover_hockey,2,1,224,1776919344611,31.016,200,1,909,
prover_hockey,2,1,225,1776919344644,33.032,200,1,909,
prover_hockey,2,1,226,1776919344673,29.446,200,1,909,
prover_hockey,2,1,227,1776919344705,31.559,200,1,909,
prover_hockey,2,1,228,1776919344737,32.505,200,1,909,
prover_hockey,2,1,229,1776919344767,30.035,200,1,909,
prover_hockey,2,1,230,1776919344799,32.206,200,1,909,
prover_hockey,2,1,231,1776919344833,33.791,200,1,909,
prover_hockey,2,1,232,1776919344863,29.786,200,1,909,
prover_hockey,2,1,233,1776919344894,30.731,200,1,909,
prover_hockey,2,1,234,1776919344925,31.49,200,1,909,
prover_hockey,2,1,235,1776919344954,29.1,200,1,909,
prover_hockey,2,1,236,1776919344985,30.543,200,1,909,
prover_hockey,2,1,237,1776919345019,33.65,200,1,909,
prover_hockey,2,1,238,1776919345049,30.336,200,1,909,
prover_hockey,2,1,239,1776919345081,32.406,200,1,909,
prover_hockey,2,1,240,1776919345116,34.871,200,1,909,
prover_hockey,2,1,241,1776919345146,30.274,200,1,909,
prover_hockey,2,1,242,1776919345177,30.954,200,1,909,
prover_hockey,2,1,243,1776919345211,33.386,200,1,909,
prover_hockey,2,1,244,1776919345240,29.243,200,1,909,
prover_hockey,2,1,245,1776919345271,31.405,200,1,909,
prover_hockey,2,1,246,1776919345305,33.155,200,1,909,
prover_hockey,2,1,247,1776919345335,30.131,200,1,909,
prover_hockey,2,1,248,1776919345366,31.313,200,1,909,
prover_hockey,2,1,249,1776919345399,32.8,200,1,909,
prover_hockey,2,1,250,1776919345428,29.315,200,1,909,
prover_hockey,2,1,251,1776919345458,29.499,200,1,909,
prover_hockey,2,1,252,1776919345491,33.417,200,1,909,
prover_hockey,2,1,253,1776919345521,30.215,200,1,909,
prover_hockey,2,1,254,1776919345553,31.522,200,1,909,
prover_hockey,2,1,255,1776919345586,32.914,200,1,909,
prover_hockey,2,1,256,1776919345616,30.157,200,1,909,
prover_hockey,2,1,257,1776919345648,32.201,200,1,909,
prover_hockey,2,1,258,1776919345682,34.047,200,1,909,
prover_hockey,2,1,259,1776919345712,29.442,200,1,909,
prover_hockey,2,1,260,1776919345741,29.391,200,1,909,
prover_hockey,2,1,261,1776919345775,33.49,200,1,909,
prover_hockey,2,1,262,1776919345806,31.824,200,1,909,
prover_hockey,2,1,263,1776919345837,30.124,200,1,909,
prover_hockey,2,1,264,1776919345870,33.878,200,1,909,
prover_hockey,2,1,265,1776919345900,30.083,200,1,909,
prover_hockey,2,1,266,1776919345931,30.37,200,1,909,
prover_hockey,2,1,267,1776919345966,35.162,200,1,909,
prover_hockey,2,1,268,1776919345995,29.32,200,1,909,
prover_hockey,2,1,269,1776919346027,31.781,200,1,909,
prover_hockey,2,1,270,1776919346061,33.849,200,1,909,
prover_hockey,2,1,271,1776919346091,29.695,200,1,909,
prover_hockey,2,1,272,1776919346120,29.6,200,1,909,
prover_hockey,2,1,273,1776919346155,34.218,200,1,909,
prover_hockey,2,1,274,1776919346184,29.254,200,1,909,
prover_hockey,2,1,275,1776919346214,29.776,200,1,909,
prover_hockey,2,1,276,1776919346246,32.504,200,1,909,
prover_hockey,2,1,277,1776919346275,29.135,200,1,909,
prover_hockey,2,1,278,1776919346309,34.097,200,1,909,
prover_hockey,2,1,279,1776919346344,34.887,200,1,909,
prover_hockey,2,1,280,1776919346374,29.42,200,1,909,
prover_hockey,2,1,281,1776919346404,30.694,200,1,909,
prover_hockey,2,1,282,1776919346435,30.788,200,1,909,
prover_hockey,2,1,283,1776919346466,31.245,200,1,909,
prover_hockey,2,1,284,1776919346498,31.9,200,1,909,
prover_hockey,2,1,285,1776919346528,29.88,200,1,909,
prover_hockey,2,1,286,1776919346561,33.243,200,1,909,
prover_hockey,2,1,287,1776919346594,32.159,200,1,909,
prover_hockey,2,1,288,1776919346623,29.423,200,1,909,
prover_hockey,2,1,289,1776919346656,32.67,200,1,909,
prover_hockey,2,1,290,1776919346686,30.32,200,1,909,
prover_hockey,2,1,291,1776919346716,29.713,200,1,909,
prover_hockey,2,1,292,1776919346747,31.517,200,1,909,
prover_hockey,2,1,293,1776919346779,31.738,200,1,909,
prover_hockey,2,1,294,1776919346809,29.628,200,1,909,
prover_hockey,2,1,295,1776919346842,33.495,200,1,909,
prover_hockey,2,1,296,1776919346873,30.466,200,1,909,
prover_hockey,2,1,297,1776919346902,29.37,200,1,909,
prover_hockey,2,1,298,1776919346934,31.786,200,1,909,
prover_hockey,2,1,299,1776919346964,30.272,200,1,909,
prover_hockey,2,1,300,1776919346994,30.219,200,1,909,
prover_hockey,2,1,301,1776919347028,34.26,200,1,909,
prover_hockey,2,1,302,1776919347059,30.844,200,1,909,
prover_hockey,2,1,303,1776919347089,29.654,200,1,909,
prover_hockey,2,1,304,1776919347123,34.407,200,1,909,
prover_hockey,2,1,305,1776919347153,29.743,200,1,909,
prover_hockey,2,1,306,1776919347182,29.184,200,1,909,
prover_hockey,2,1,307,1776919347215,33.066,200,1,909,
prover_hockey,2,1,308,1776919347246,30.527,200,1,909,
prover_hockey,2,1,309,1776919347276,29.746,200,1,909,
prover_hockey,2,1,310,1776919347310,33.989,200,1,909,
prover_hockey,2,1,311,1776919347342,32.423,200,1,909,
prover_hockey,2,1,312,1776919347372,29.996,200,1,909,
prover_hockey,2,1,313,1776919347406,33.888,200,1,909,
prover_hockey,2,1,314,1776919347437,30.672,200,1,909,
prover_hockey,2,1,315,1776919347467,30.241,200,1,909,
prover_hockey,2,1,316,1776919347499,32.098,200,1,909,
prover_hockey,2,1,317,1776919347530,30.596,200,1,909,
prover_hockey,2,1,318,1776919347561,31.132,200,1,909,
prover_hockey,2,1,319,1776919347595,34.54,200,1,909,
prover_hockey,2,1,320,1776919347626,30.395,200,1,909,
prover_hockey,2,1,321,1776919347656,30.145,200,1,909,
prover_hockey,2,1,322,1776919347690,34.063,200,1,909,
prover_hockey,2,1,323,1776919347723,33.507,200,1,909,
prover_hockey,2,1,324,1776919347755,31.56,200,1,909,
prover_hockey,2,1,325,1776919347789,33.803,200,1,909,
prover_hockey,2,1,326,1776919347819,30.601,200,1,909,
prover_hockey,2,1,327,1776919347853,33.199,200,1,909,
prover_hockey,2,1,328,1776919347884,31.739,200,1,909,
prover_hockey,2,1,329,1776919347915,30.605,200,1,909,
prover_hockey,2,1,330,1776919347946,31.502,200,1,909,
prover_hockey,2,1,331,1776919347981,34.775,200,1,909,
prover_hockey,2,1,332,1776919348012,30.808,200,1,909,
prover_hockey,2,1,333,1776919348042,29.531,200,1,909,
prover_hockey,2,1,334,1776919348076,33.939,200,1,909,
prover_hockey,2,1,335,1776919348105,29.636,200,1,909,
prover_hockey,2,1,336,1776919348138,33.052,200,1,909,
prover_hockey,2,1,337,1776919348171,32.986,200,1,909,
prover_hockey,2,1,338,1776919348202,30.815,200,1,909,
prover_hockey,2,1,339,1776919348234,32.138,200,1,909,
prover_hockey,2,1,340,1776919348268,33.36,200,1,909,
prover_hockey,2,1,341,1776919348298,30.225,200,1,909,
prover_hockey,2,1,342,1776919348328,30.304,200,1,909,
prover_hockey,2,1,343,1776919348362,34.124,200,1,909,
prover_hockey,2,1,344,1776919348391,28.813,200,1,909,
prover_hockey,2,1,345,1776919348422,31.397,200,1,909,
prover_hockey,2,1,346,1776919348454,31.927,200,1,909,
prover_hockey,2,1,347,1776919348485,30.565,200,1,909,
prover_hockey,2,1,348,1776919348515,30.104,200,1,909,
prover_hockey,2,1,349,1776919348550,34.519,200,1,909,
prover_hockey,2,1,350,1776919348581,31.459,200,1,909,
prover_hockey,2,1,351,1776919348614,32.613,200,1,909,
prover_hockey,2,1,352,1776919348646,32.816,200,1,909,
prover_hockey,2,1,353,1776919348677,30.107,200,1,909,
prover_hockey,2,1,354,1776919348707,30.352,200,1,909,
prover_hockey,2,1,355,1776919348740,33.297,200,1,909,
prover_hockey,2,1,356,1776919348770,29.933,200,1,909,
prover_hockey,2,1,357,1776919348800,30.332,200,1,909,
prover_hockey,2,1,358,1776919348833,32.226,200,1,909,
prover_hockey,2,1,359,1776919348861,28.702,200,1,909,
prover_hockey,2,1,360,1776919348891,29.686,200,1,909,
prover_hockey,2,1,361,1776919348922,30.846,200,1,909,
prover_hockey,2,1,362,1776919348955,32.797,200,1,909,
prover_hockey,2,1,363,1776919348985,30.202,200,1,909,
prover_hockey,2,1,364,1776919349020,34.804,200,1,909,
prover_hockey,2,1,365,1776919349051,31.247,200,1,909,
prover_hockey,2,1,366,1776919349082,31.157,200,1,909,
prover_hockey,2,1,367,1776919349128,45.91,200,1,909,
prover_hockey,2,1,368,1776919349157,29.364,200,1,909,
prover_hockey,2,1,369,1776919349190,32.244,200,1,909,
prover_hockey,2,1,370,1776919349221,31.46,200,1,909,
prover_hockey,2,1,371,1776919349251,30.112,200,1,909,
prover_hockey,2,1,372,1776919349285,34.17,200,1,909,
prover_hockey,2,1,373,1776919349316,30.778,200,1,909,
prover_hockey,2,1,374,1776919349346,29.952,200,1,909,
prover_hockey,2,1,375,1776919349380,33.585,200,1,909,
prover_hockey,2,1,376,1776919349409,29.317,200,1,909,
prover_hockey,2,1,377,1776919349438,29.084,200,1,909,
prover_hockey,2,1,378,1776919349471,33.259,200,1,909,
prover_hockey,2,1,379,1776919349502,30.066,200,1,909,
prover_hockey,2,1,380,1776919349532,30.047,200,1,909,
prover_hockey,2,1,381,1776919349565,33.449,200,1,909,
prover_hockey,2,1,382,1776919349597,31.55,200,1,909,
prover_hockey,2,1,383,1776919349626,29.923,200,1,909,
prover_hockey,2,1,384,1776919349660,33.433,200,1,909,
prover_hockey,2,1,385,1776919349691,31.119,200,1,909,
prover_hockey,2,1,386,1776919349720,29.213,200,1,909,
prover_hockey,2,1,387,1776919349754,33.991,200,1,909,
prover_hockey,2,1,388,1776919349786,31.637,200,1,909,
prover_hockey,2,1,389,1776919349816,30.126,200,1,909,
prover_hockey,2,1,390,1776919349848,31.658,200,1,909,
prover_hockey,2,1,391,1776919349881,32.828,200,1,909,
prover_hockey,2,1,392,1776919349922,41.91,200,1,909,
prover_hockey,2,1,393,1776919349952,29.659,200,1,909,
prover_hockey,2,1,394,1776919349985,33.382,200,1,909,
prover_hockey,2,1,395,1776919350017,31.586,200,1,909,
prover_hockey,2,1,396,1776919350047,29.759,200,1,909,
prover_hockey,2,1,397,1776919350081,34.07,200,1,909,
prover_hockey,2,1,398,1776919350113,32.401,200,1,909,
prover_hockey,2,1,399,1776919350143,29.925,200,1,909,
prover_hockey,2,1,400,1776919350177,33.522,200,1,909,
prover_hockey,2,1,401,1776919350207,30.401,200,1,909,
prover_hockey,2,1,402,1776919350237,30.131,200,1,909,
prover_hockey,2,1,403,1776919350271,33.258,200,1,909,
prover_hockey,2,1,404,1776919350302,31.852,200,1,909,
prover_hockey,2,1,405,1776919350332,29.984,200,1,909,
prover_hockey,2,1,406,1776919350364,31.102,200,1,909,
prover_hockey,2,1,407,1776919350394,30.259,200,1,909,
prover_hockey,2,1,408,1776919350424,30.153,200,1,909,
prover_hockey,2,1,409,1776919350458,33.655,200,1,909,
prover_hockey,2,1,410,1776919350488,30.836,200,1,909,
prover_hockey,2,1,411,1776919350519,31.055,200,1,909,
prover_hockey,2,1,412,1776919350552,32.403,200,1,909,
prover_hockey,2,1,413,1776919350582,30.185,200,1,909,
prover_hockey,2,1,414,1776919350611,29.147,200,1,909,
prover_hockey,2,1,415,1776919350645,33.402,200,1,909,
prover_hockey,2,1,416,1776919350677,32.377,200,1,909,
prover_hockey,2,1,417,1776919350707,29.626,200,1,909,
prover_hockey,2,1,418,1776919350741,34.152,200,1,909,
prover_hockey,2,1,419,1776919350772,30.964,200,1,909,
prover_hockey,2,1,420,1776919350801,29.59,200,1,909,
prover_hockey,2,1,421,1776919350833,31.281,200,1,909,
prover_hockey,2,1,422,1776919350863,30.572,200,1,909,
prover_hockey,2,1,423,1776919350893,30.123,200,1,909,
prover_hockey,2,1,424,1776919350927,33.709,200,1,909,
prover_hockey,2,1,425,1776919350957,29.49,200,1,909,
prover_hockey,2,1,426,1776919350985,28.936,200,1,909,
prover_hockey,2,1,427,1776919351018,32.031,200,1,909,
prover_hockey,2,1,428,1776919351049,31.608,200,1,909,
prover_hockey,2,1,429,1776919351079,29.686,200,1,909,
prover_hockey,2,1,430,1776919351113,34.078,200,1,909,
prover_hockey,2,1,431,1776919351143,29.674,200,1,909,
prover_hockey,2,1,432,1776919351172,29.56,200,1,909,
prover_hockey,2,1,433,1776919351208,35.821,200,1,909,
prover_hockey,2,1,434,1776919351240,32.285,200,1,909,
prover_hockey,2,1,435,1776919351270,29.502,200,1,909,
prover_hockey,2,1,436,1776919351303,33.171,200,1,909,
prover_hockey,2,1,437,1776919351332,29.084,200,1,909,
prover_hockey,2,1,438,1776919351362,29.503,200,1,909,
prover_hockey,2,1,439,1776919351394,32.168,200,1,909,
prover_hockey,2,1,440,1776919351423,29.764,200,1,909,
prover_hockey,2,1,441,1776919351454,30.877,200,1,909,
prover_hockey,2,1,442,1776919351489,34.878,200,1,909,
prover_hockey,2,1,443,1776919351520,30.473,200,1,909,
prover_hockey,2,1,444,1776919351551,30.99,200,1,909,
prover_hockey,2,1,445,1776919351583,31.821,200,1,909,
prover_hockey,2,1,446,1776919351614,31.539,200,1,909,
prover_hockey,2,1,447,1776919351644,29.661,200,1,909,
prover_hockey,2,1,448,1776919351674,30.431,200,1,909,
prover_hockey,2,1,449,1776919351707,32.769,200,1,909,
prover_hockey,2,1,450,1776919351737,30.374,200,1,909,
prover_hockey,2,1,451,1776919351768,30.937,200,1,909,
prover_hockey,2,1,452,1776919351803,34.678,200,1,909,
prover_hockey,2,1,453,1776919351834,31.051,200,1,909,
prover_hockey,2,1,454,1776919351864,29.804,200,1,909,
prover_hockey,2,1,455,1776919351895,31.291,200,1,909,
prover_hockey,2,1,456,1776919351925,30.247,200,1,909,
prover_hockey,2,1,457,1776919351955,30.116,200,1,909,
prover_hockey,2,1,458,1776919351990,34.421,200,1,909,
prover_hockey,2,1,459,1776919352020,29.706,200,1,909,
prover_hockey,2,1,460,1776919352050,30.523,200,1,909,
prover_hockey,2,1,461,1776919352085,34.855,200,1,909,
prover_hockey,2,1,462,1776919352115,29.75,200,1,909,
prover_hockey,2,1,463,1776919352146,30.943,200,1,909,
prover_hockey,2,1,464,1776919352180,34.64,200,1,909,
prover_hockey,2,1,465,1776919352210,29.33,200,1,909,
prover_hockey,2,1,466,1776919352242,32.372,200,1,909,
prover_hockey,2,1,467,1776919352275,33.129,200,1,909,
prover_hockey,2,1,468,1776919352305,30.012,200,1,909,
prover_hockey,2,1,469,1776919352338,32.374,200,1,909,
prover_hockey,2,1,470,1776919352369,31.663,200,1,909,
prover_hockey,2,1,471,1776919352400,30.676,200,1,909,
prover_hockey,3,0,0,1776919362464,46.161,200,1,909,
prover_hockey,3,0,1,1776919362499,35.044,200,1,909,
prover_hockey,3,0,2,1776919362536,36.55,200,1,909,
prover_hockey,3,0,3,1776919362570,34.24,200,1,909,
prover_hockey,3,0,4,1776919362602,32.044,200,1,909,
prover_hockey,3,0,5,1776919362637,35.151,200,1,909,
prover_hockey,3,0,6,1776919362668,30.615,200,1,909,
prover_hockey,3,0,7,1776919362703,34.84,200,1,909,
prover_hockey,3,0,8,1776919362734,30.97,200,1,909,
prover_hockey,3,0,9,1776919362766,31.917,200,1,909,
prover_hockey,3,0,10,1776919362798,32.526,200,1,909,
prover_hockey,3,0,11,1776919362831,33.118,200,1,909,
prover_hockey,3,0,12,1776919362865,33.392,200,1,909,
prover_hockey,3,0,13,1776919362896,31.129,200,1,909,
prover_hockey,3,0,14,1776919362928,31.938,200,1,909,
prover_hockey,3,0,15,1776919362960,32.436,200,1,909,
prover_hockey,3,0,16,1776919362996,35.933,200,1,909,
prover_hockey,3,0,17,1776919363028,32.431,200,1,909,
prover_hockey,3,0,18,1776919363059,30.691,200,1,909,
prover_hockey,3,0,19,1776919363091,31.457,200,1,909,
prover_hockey,3,0,20,1776919363124,33.787,200,1,909,
prover_hockey,3,0,21,1776919363158,33.548,200,1,909,
prover_hockey,3,0,22,1776919363188,29.755,200,1,909,
prover_hockey,3,0,23,1776919363221,33.688,200,1,909,
prover_hockey,3,0,24,1776919363252,30.868,200,1,909,
prover_hockey,3,0,25,1776919363285,32.548,200,1,909,
prover_hockey,3,0,26,1776919363316,31.469,200,1,909,
prover_hockey,3,0,27,1776919363350,33.27,200,1,909,
prover_hockey,3,0,28,1776919363383,33.389,200,1,909,
prover_hockey,3,0,29,1776919363414,30.752,200,1,909,
prover_hockey,3,0,30,1776919363445,31.259,200,1,909,
prover_hockey,3,0,31,1776919363476,30.788,200,1,909,
prover_hockey,3,0,32,1776919363507,31.424,200,1,909,
prover_hockey,3,0,33,1776919363539,31.688,200,1,909,
prover_hockey,3,0,34,1776919363572,32.701,200,1,909,
prover_hockey,3,0,35,1776919363602,30.591,200,1,909,
prover_hockey,3,0,36,1776919363635,33.092,200,1,909,
prover_hockey,3,0,37,1776919363667,31.984,200,1,909,
prover_hockey,3,0,38,1776919363700,33.096,200,1,909,
prover_hockey,3,0,39,1776919363731,30.706,200,1,909,
prover_hockey,3,0,40,1776919363762,31.166,200,1,909,
prover_hockey,3,0,41,1776919363794,31.717,200,1,909,
prover_hockey,3,0,42,1776919363825,31.419,200,1,909,
prover_hockey,3,0,43,1776919363857,31.28,200,1,909,
prover_hockey,3,0,44,1776919363888,31.794,200,1,909,
prover_hockey,3,0,45,1776919363920,31.6,200,1,909,
prover_hockey,3,0,46,1776919363953,32.592,200,1,909,
prover_hockey,3,0,47,1776919363985,32.679,200,1,909,
prover_hockey,3,0,48,1776919364019,33.794,200,1,909,
prover_hockey,3,0,49,1776919364050,31.085,200,1,909,
prover_hockey,3,0,50,1776919364082,32.246,200,1,909,
prover_hockey,3,0,51,1776919364115,32.578,200,1,909,
prover_hockey,3,0,52,1776919364146,31.121,200,1,909,
prover_hockey,3,0,53,1776919364178,32.266,200,1,909,
prover_hockey,3,0,54,1776919364211,32.639,200,1,909,
prover_hockey,3,0,55,1776919364246,34.498,200,1,909,
prover_hockey,3,0,56,1776919364277,31.447,200,1,909,
prover_hockey,3,0,57,1776919364309,32.239,200,1,909,
prover_hockey,3,0,58,1776919364341,31.256,200,1,909,
prover_hockey,3,0,59,1776919364374,33.332,200,1,909,
prover_hockey,3,0,60,1776919364403,29.213,200,1,909,
prover_hockey,3,0,61,1776919364435,31.928,200,1,909,
prover_hockey,3,0,62,1776919364466,31.26,200,1,909,
prover_hockey,3,0,63,1776919364498,32.111,200,1,909,
prover_hockey,3,0,64,1776919364529,30.824,200,1,909,
prover_hockey,3,0,65,1776919364558,29.049,200,1,909,
prover_hockey,3,0,66,1776919364590,32.001,200,1,909,
prover_hockey,3,0,67,1776919364621,30.486,200,1,909,
prover_hockey,3,0,68,1776919364654,32.75,200,1,909,
prover_hockey,3,0,69,1776919364684,30.743,200,1,909,
prover_hockey,3,0,70,1776919364715,30.891,200,1,909,
prover_hockey,3,0,71,1776919364748,33.107,200,1,909,
prover_hockey,3,0,72,1776919364781,32.75,200,1,909,
prover_hockey,3,0,73,1776919364814,33.318,200,1,909,
prover_hockey,3,0,74,1776919364846,31.646,200,1,909,
prover_hockey,3,0,75,1776919364879,32.914,200,1,909,
prover_hockey,3,0,76,1776919364909,30.374,200,1,909,
prover_hockey,3,0,77,1776919364940,31.158,200,1,909,
prover_hockey,3,0,78,1776919364971,30.313,200,1,909,
prover_hockey,3,0,79,1776919365003,32.337,200,1,909,
prover_hockey,3,0,80,1776919365036,32.843,200,1,909,
prover_hockey,3,0,81,1776919365067,30.545,200,1,909,
prover_hockey,3,0,82,1776919365097,30.04,200,1,909,
prover_hockey,3,0,83,1776919365129,32.42,200,1,909,
prover_hockey,3,0,84,1776919365161,32.195,200,1,909,
prover_hockey,3,0,85,1776919365194,32.605,200,1,909,
prover_hockey,3,0,86,1776919365225,30.968,200,1,909,
prover_hockey,3,0,87,1776919365257,32.039,200,1,909,
prover_hockey,3,0,88,1776919365291,34.031,200,1,909,
prover_hockey,3,0,89,1776919365323,32.434,200,1,909,
prover_hockey,3,0,90,1776919365355,31.901,200,1,909,
prover_hockey,3,0,91,1776919365387,31.636,200,1,909,
prover_hockey,3,0,92,1776919365426,39.151,200,1,909,
prover_hockey,3,0,93,1776919365459,32.616,200,1,909,
prover_hockey,3,0,94,1776919365490,31.352,200,1,909,
prover_hockey,3,0,95,1776919365521,30.744,200,1,909,
prover_hockey,3,0,96,1776919365553,31.884,200,1,909,
prover_hockey,3,0,97,1776919365587,34.538,200,1,909,
prover_hockey,3,0,98,1776919365620,32.765,200,1,909,
prover_hockey,3,0,99,1776919365651,31.218,200,1,909,
prover_hockey,3,0,100,1776919365683,32.32,200,1,909,
prover_hockey,3,0,101,1776919365716,32.13,200,1,909,
prover_hockey,3,0,102,1776919365746,30.428,200,1,909,
prover_hockey,3,0,103,1776919365776,29.951,200,1,909,
prover_hockey,3,0,104,1776919365809,32.666,200,1,909,
prover_hockey,3,0,105,1776919365839,29.888,200,1,909,
prover_hockey,3,0,106,1776919365869,30.498,200,1,909,
prover_hockey,3,0,107,1776919365903,33.611,200,1,909,
prover_hockey,3,0,108,1776919365934,31.399,200,1,909,
prover_hockey,3,0,109,1776919365966,31.798,200,1,909,
prover_hockey,3,0,110,1776919365996,29.896,200,1,909,
prover_hockey,3,0,111,1776919366028,32.098,200,1,909,
prover_hockey,3,0,112,1776919366059,30.918,200,1,909,
prover_hockey,3,0,113,1776919366090,31.352,200,1,909,
prover_hockey,3,0,114,1776919366121,30.406,200,1,909,
prover_hockey,3,0,115,1776919366152,31.975,200,1,909,
prover_hockey,3,0,116,1776919366185,32.427,200,1,909,
prover_hockey,3,0,117,1776919366217,32.047,200,1,909,
prover_hockey,3,0,118,1776919366247,30.261,200,1,909,
prover_hockey,3,0,119,1776919366281,34.218,200,1,909,
prover_hockey,3,0,120,1776919366313,31.119,200,1,909,
prover_hockey,3,0,121,1776919366344,31.324,200,1,909,
prover_hockey,3,0,122,1776919366376,31.753,200,1,909,
prover_hockey,3,0,123,1776919366408,32.054,200,1,909,
prover_hockey,3,0,124,1776919366439,31.176,200,1,909,
prover_hockey,3,0,125,1776919366470,30.665,200,1,909,
prover_hockey,3,0,126,1776919366500,30.485,200,1,909,
prover_hockey,3,0,127,1776919366532,32.021,200,1,909,
prover_hockey,3,0,128,1776919366562,29.62,200,1,909,
prover_hockey,3,0,129,1776919366591,29.786,200,1,909,
prover_hockey,3,0,130,1776919366621,29.49,200,1,909,
prover_hockey,3,0,131,1776919366654,32.702,200,1,909,
prover_hockey,3,0,132,1776919366685,31.552,200,1,909,
prover_hockey,3,0,133,1776919366718,32.921,200,1,909,
prover_hockey,3,0,134,1776919366750,31.762,200,1,909,
prover_hockey,3,0,135,1776919366781,31.25,200,1,909,
prover_hockey,3,0,136,1776919366811,30.043,200,1,909,
prover_hockey,3,0,137,1776919366843,31.33,200,1,909,
prover_hockey,3,0,138,1776919366872,29.342,200,1,909,
prover_hockey,3,0,139,1776919366902,30.014,200,1,909,
prover_hockey,3,0,140,1776919366931,29.317,200,1,909,
prover_hockey,3,0,141,1776919366963,31.894,200,1,909,
prover_hockey,3,0,142,1776919366994,30.572,200,1,909,
prover_hockey,3,0,143,1776919367025,31.737,200,1,909,
prover_hockey,3,0,144,1776919367057,31.677,200,1,909,
prover_hockey,3,0,145,1776919367091,33.692,200,1,909,
prover_hockey,3,0,146,1776919367123,31.688,200,1,909,
prover_hockey,3,0,147,1776919367152,29.86,200,1,909,
prover_hockey,3,0,148,1776919367187,34.199,200,1,909,
prover_hockey,3,0,149,1776919367219,32.668,200,1,909,
prover_hockey,3,0,150,1776919367249,29.798,200,1,909,
prover_hockey,3,0,151,1776919367283,34.322,200,1,909,
prover_hockey,3,0,152,1776919367318,34.868,200,1,909,
prover_hockey,3,0,153,1776919367350,31.372,200,1,909,
prover_hockey,3,0,154,1776919367380,30.841,200,1,909,
prover_hockey,3,0,155,1776919367415,34.132,200,1,909,
prover_hockey,3,0,156,1776919367445,29.959,200,1,909,
prover_hockey,3,0,157,1776919367476,31.638,200,1,909,
prover_hockey,3,0,158,1776919367510,33.611,200,1,909,
prover_hockey,3,0,159,1776919367542,32.453,200,1,909,
prover_hockey,3,0,160,1776919367572,29.331,200,1,909,
prover_hockey,3,0,161,1776919367601,29.573,200,1,909,
prover_hockey,3,0,162,1776919367633,32.041,200,1,909,
prover_hockey,3,0,163,1776919367666,32.675,200,1,909,
prover_hockey,3,0,164,1776919367698,32.311,200,1,909,
prover_hockey,3,0,165,1776919367729,30.887,200,1,909,
prover_hockey,3,0,166,1776919367761,32.022,200,1,909,
prover_hockey,3,0,167,1776919367793,31.882,200,1,909,
prover_hockey,3,0,168,1776919367825,32.158,200,1,909,
prover_hockey,3,0,169,1776919367857,31.639,200,1,909,
prover_hockey,3,0,170,1776919367888,31.05,200,1,909,
prover_hockey,3,0,171,1776919367919,31.082,200,1,909,
prover_hockey,3,0,172,1776919367951,31.584,200,1,909,
prover_hockey,3,0,173,1776919367981,29.933,200,1,909,
prover_hockey,3,0,174,1776919368012,31.383,200,1,909,
prover_hockey,3,0,175,1776919368041,29.54,200,1,909,
prover_hockey,3,0,176,1776919368075,33.778,200,1,909,
prover_hockey,3,0,177,1776919368108,32.382,200,1,909,
prover_hockey,3,0,178,1776919368137,29.385,200,1,909,
prover_hockey,3,0,179,1776919368168,30.89,200,1,909,
prover_hockey,3,0,180,1776919368199,30.602,200,1,909,
prover_hockey,3,0,181,1776919368231,32.204,200,1,909,
prover_hockey,3,0,182,1776919368261,30.655,200,1,909,
prover_hockey,3,0,183,1776919368293,31.445,200,1,909,
prover_hockey,3,0,184,1776919368325,32.212,200,1,909,
prover_hockey,3,0,185,1776919368355,30.396,200,1,909,
prover_hockey,3,0,186,1776919368389,33.306,200,1,909,
prover_hockey,3,0,187,1776919368419,30.502,200,1,909,
prover_hockey,3,0,188,1776919368453,33.449,200,1,909,
prover_hockey,3,0,189,1776919368486,32.955,200,1,909,
prover_hockey,3,0,190,1776919368518,32.341,200,1,909,
prover_hockey,3,0,191,1776919368550,31.494,200,1,909,
prover_hockey,3,0,192,1776919368581,31.961,200,1,909,
prover_hockey,3,0,193,1776919368612,30.821,200,1,909,
prover_hockey,3,0,194,1776919368643,30.715,200,1,909,
prover_hockey,3,0,195,1776919368676,32.794,200,1,909,
prover_hockey,3,0,196,1776919368708,31.805,200,1,909,
prover_hockey,3,0,197,1776919368740,32.478,200,1,909,
prover_hockey,3,0,198,1776919368773,32.476,200,1,909,
prover_hockey,3,0,199,1776919368805,32.591,200,1,909,
prover_hockey,3,0,200,1776919368839,33.494,200,1,909,
prover_hockey,3,0,201,1776919368870,31.536,200,1,909,
prover_hockey,3,0,202,1776919368901,30.821,200,1,909,
prover_hockey,3,0,203,1776919368931,29.63,200,1,909,
prover_hockey,3,0,204,1776919368962,31.744,200,1,909,
prover_hockey,3,0,205,1776919368995,32.83,200,1,909,
prover_hockey,3,0,206,1776919369025,29.989,200,1,909,
prover_hockey,3,0,207,1776919369057,31.452,200,1,909,
prover_hockey,3,0,208,1776919369089,31.887,200,1,909,
prover_hockey,3,0,209,1776919369118,29.8,200,1,909,
prover_hockey,3,0,210,1776919369151,32.177,200,1,909,
prover_hockey,3,0,211,1776919369180,29.87,200,1,909,
prover_hockey,3,0,212,1776919369212,31.911,200,1,909,
prover_hockey,3,0,213,1776919369244,31.68,200,1,909,
prover_hockey,3,0,214,1776919369277,33.064,200,1,909,
prover_hockey,3,0,215,1776919369309,32.258,200,1,909,
prover_hockey,3,0,216,1776919369341,32.073,200,1,909,
prover_hockey,3,0,217,1776919369374,32.395,200,1,909,
prover_hockey,3,0,218,1776919369404,30.102,200,1,909,
prover_hockey,3,0,219,1776919369437,33.387,200,1,909,
prover_hockey,3,0,220,1776919369470,32.735,200,1,909,
prover_hockey,3,0,221,1776919369503,33.108,200,1,909,
prover_hockey,3,0,222,1776919369535,31.413,200,1,909,
prover_hockey,3,0,223,1776919369567,31.912,200,1,909,
prover_hockey,3,0,224,1776919369600,33.262,200,1,909,
prover_hockey,3,0,225,1776919369633,32.947,200,1,909,
prover_hockey,3,0,226,1776919369675,41.784,200,1,909,
prover_hockey,3,0,227,1776919369706,31.388,200,1,909,
prover_hockey,3,0,228,1776919369736,30.501,200,1,909,
prover_hockey,3,0,229,1776919369768,31.851,200,1,909,
prover_hockey,3,0,230,1776919369799,30.99,200,1,909,
prover_hockey,3,0,231,1776919369831,31.453,200,1,909,
prover_hockey,3,0,232,1776919369864,33.185,200,1,909,
prover_hockey,3,0,233,1776919369897,32.752,200,1,909,
prover_hockey,3,0,234,1776919369928,31.001,200,1,909,
prover_hockey,3,0,235,1776919369958,29.94,200,1,909,
prover_hockey,3,0,236,1776919369992,33.976,200,1,909,
prover_hockey,3,0,237,1776919370023,31.418,200,1,909,
prover_hockey,3,0,238,1776919370053,30.045,200,1,909,
prover_hockey,3,0,239,1776919370083,30.258,200,1,909,
prover_hockey,3,0,240,1776919370116,33.174,200,1,909,
prover_hockey,3,0,241,1776919370147,30.304,200,1,909,
prover_hockey,3,0,242,1776919370184,36.89,200,1,909,
prover_hockey,3,0,243,1776919370215,31.147,200,1,909,
prover_hockey,3,0,244,1776919370244,28.792,200,1,909,
prover_hockey,3,0,245,1776919370275,31.423,200,1,909,
prover_hockey,3,0,246,1776919370307,31.874,200,1,909,
prover_hockey,3,0,247,1776919370338,30.828,200,1,909,
prover_hockey,3,0,248,1776919370367,29.123,200,1,909,
prover_hockey,3,0,249,1776919370400,33.175,200,1,909,
prover_hockey,3,0,250,1776919370431,31.087,200,1,909,
prover_hockey,3,0,251,1776919370462,30.796,200,1,909,
prover_hockey,3,0,252,1776919370493,30.954,200,1,909,
prover_hockey,3,0,253,1776919370525,31.828,200,1,909,
prover_hockey,3,0,254,1776919370555,30.107,200,1,909,
prover_hockey,3,0,255,1776919370585,30.148,200,1,909,
prover_hockey,3,0,256,1776919370615,30.268,200,1,909,
prover_hockey,3,0,257,1776919370647,32.058,200,1,909,
prover_hockey,3,0,258,1776919370679,31.807,200,1,909,
prover_hockey,3,0,259,1776919370709,29.638,200,1,909,
prover_hockey,3,0,260,1776919370741,32.243,200,1,909,
prover_hockey,3,0,261,1776919370772,30.62,200,1,909,
prover_hockey,3,0,262,1776919370804,32.522,200,1,909,
prover_hockey,3,0,263,1776919370836,31.392,200,1,909,
prover_hockey,3,0,264,1776919370866,30.592,200,1,909,
prover_hockey,3,0,265,1776919370899,32.622,200,1,909,
prover_hockey,3,0,266,1776919370931,32.546,200,1,909,
prover_hockey,3,0,267,1776919370962,30.579,200,1,909,
prover_hockey,3,0,268,1776919370993,31.128,200,1,909,
prover_hockey,3,0,269,1776919371025,31.886,200,1,909,
prover_hockey,3,0,270,1776919371059,34.488,200,1,909,
prover_hockey,3,0,271,1776919371089,29.881,200,1,909,
prover_hockey,3,0,272,1776919371122,32.157,200,1,909,
prover_hockey,3,0,273,1776919371154,32.366,200,1,909,
prover_hockey,3,0,274,1776919371185,31.597,200,1,909,
prover_hockey,3,0,275,1776919371217,31.577,200,1,909,
prover_hockey,3,0,276,1776919371246,29.074,200,1,909,
prover_hockey,3,0,277,1776919371278,32.29,200,1,909,
prover_hockey,3,0,278,1776919371310,31.571,200,1,909,
prover_hockey,3,0,279,1776919371342,31.614,200,1,909,
prover_hockey,3,0,280,1776919371371,29.78,200,1,909,
prover_hockey,3,0,281,1776919371405,33.141,200,1,909,
prover_hockey,3,0,282,1776919371435,30.646,200,1,909,
prover_hockey,3,0,283,1776919371464,28.925,200,1,909,
prover_hockey,3,0,284,1776919371494,29.473,200,1,909,
prover_hockey,3,0,285,1776919371524,30.534,200,1,909,
prover_hockey,3,0,286,1776919371556,31.858,200,1,909,
prover_hockey,3,0,287,1776919371586,29.53,200,1,909,
prover_hockey,3,0,288,1776919371616,30.198,200,1,909,
prover_hockey,3,0,289,1776919371646,29.916,200,1,909,
prover_hockey,3,0,290,1776919371675,29.229,200,1,909,
prover_hockey,3,0,291,1776919371710,35.249,200,1,909,
prover_hockey,3,0,292,1776919371741,31.28,200,1,909,
prover_hockey,3,0,293,1776919371776,34.245,200,1,909,
prover_hockey,3,0,294,1776919371806,30.559,200,1,909,
prover_hockey,3,0,295,1776919371838,31.853,200,1,909,
prover_hockey,3,0,296,1776919371868,30.076,200,1,909,
prover_hockey,3,0,297,1776919371898,29.64,200,1,909,
prover_hockey,3,0,298,1776919371928,30.462,200,1,909,
prover_hockey,3,0,299,1776919371960,32.131,200,1,909,
prover_hockey,3,0,300,1776919371992,31.395,200,1,909,
prover_hockey,3,0,301,1776919372023,30.882,200,1,909,
prover_hockey,3,0,302,1776919372053,30.394,200,1,909,
prover_hockey,3,0,303,1776919372083,30.147,200,1,909,
prover_hockey,3,0,304,1776919372113,30.237,200,1,909,
prover_hockey,3,0,305,1776919372144,30.502,200,1,909,
prover_hockey,3,0,306,1776919372177,33.072,200,1,909,
prover_hockey,3,0,307,1776919372209,32.119,200,1,909,
prover_hockey,3,0,308,1776919372239,29.499,200,1,909,
prover_hockey,3,0,309,1776919372268,29.557,200,1,909,
prover_hockey,3,0,310,1776919372300,31.482,200,1,909,
prover_hockey,3,0,311,1776919372333,33.245,200,1,909,
prover_hockey,3,0,312,1776919372365,31.899,200,1,909,
prover_hockey,3,0,313,1776919372395,29.829,200,1,909,
prover_hockey,3,0,314,1776919372426,31.429,200,1,909,
prover_hockey,3,0,315,1776919372457,31.242,200,1,909,
prover_hockey,3,0,316,1776919372489,31.33,200,1,909,
prover_hockey,3,0,317,1776919372521,32.452,200,1,909,
prover_hockey,3,0,318,1776919372551,29.788,200,1,909,
prover_hockey,3,0,319,1776919372580,29.176,200,1,909,
prover_hockey,3,0,320,1776919372610,29.909,200,1,909,
prover_hockey,3,0,321,1776919372641,30.883,200,1,909,
prover_hockey,3,0,322,1776919372673,31.682,200,1,909,
prover_hockey,3,0,323,1776919372703,30.679,200,1,909,
prover_hockey,3,0,324,1776919372733,30.165,200,1,909,
prover_hockey,3,0,325,1776919372765,31.289,200,1,909,
prover_hockey,3,0,326,1776919372795,30.384,200,1,909,
prover_hockey,3,0,327,1776919372827,32.11,200,1,909,
prover_hockey,3,0,328,1776919372858,31.203,200,1,909,
prover_hockey,3,0,329,1776919372890,31.236,200,1,909,
prover_hockey,3,0,330,1776919372921,31.416,200,1,909,
prover_hockey,3,0,331,1776919372953,31.968,200,1,909,
prover_hockey,3,0,332,1776919372984,30.785,200,1,909,
prover_hockey,3,0,333,1776919373017,32.602,200,1,909,
prover_hockey,3,0,334,1776919373046,29.028,200,1,909,
prover_hockey,3,0,335,1776919373079,32.997,200,1,909,
prover_hockey,3,0,336,1776919373110,31.099,200,1,909,
prover_hockey,3,0,337,1776919373141,31.369,200,1,909,
prover_hockey,3,0,338,1776919373172,30.769,200,1,909,
prover_hockey,3,0,339,1776919373201,29.499,200,1,909,
prover_hockey,3,0,340,1776919373230,29.007,200,1,909,
prover_hockey,3,0,341,1776919373260,29.928,200,1,909,
prover_hockey,3,0,342,1776919373293,32.96,200,1,909,
prover_hockey,3,0,343,1776919373323,29.693,200,1,909,
prover_hockey,3,0,344,1776919373352,29.089,200,1,909,
prover_hockey,3,0,345,1776919373384,31.937,200,1,909,
prover_hockey,3,0,346,1776919373414,30.231,200,1,909,
prover_hockey,3,0,347,1776919373445,30.425,200,1,909,
prover_hockey,3,0,348,1776919373475,30.713,200,1,909,
prover_hockey,3,0,349,1776919373506,30.534,200,1,909,
prover_hockey,3,0,350,1776919373538,32.417,200,1,909,
prover_hockey,3,0,351,1776919373568,29.699,200,1,909,
prover_hockey,3,0,352,1776919373600,32.137,200,1,909,
prover_hockey,3,0,353,1776919373631,31.123,200,1,909,
prover_hockey,3,0,354,1776919373663,31.934,200,1,909,
prover_hockey,3,0,355,1776919373693,30.053,200,1,909,
prover_hockey,3,0,356,1776919373725,31.364,200,1,909,
prover_hockey,3,0,357,1776919373757,32.171,200,1,909,
prover_hockey,3,0,358,1776919373789,31.877,200,1,909,
prover_hockey,3,0,359,1776919373818,29.604,200,1,909,
prover_hockey,3,0,360,1776919373850,31.755,200,1,909,
prover_hockey,3,0,361,1776919373881,31.11,200,1,909,
prover_hockey,3,0,362,1776919373912,30.607,200,1,909,
prover_hockey,3,0,363,1776919373941,29.474,200,1,909,
prover_hockey,3,0,364,1776919373974,32.287,200,1,909,
prover_hockey,3,0,365,1776919374004,30.438,200,1,909,
prover_hockey,3,0,366,1776919374036,32.225,200,1,909,
prover_hockey,3,0,367,1776919374067,30.976,200,1,909,
prover_hockey,3,0,368,1776919374099,31.81,200,1,909,
prover_hockey,3,0,369,1776919374130,30.585,200,1,909,
prover_hockey,3,0,370,1776919374161,31.928,200,1,909,
prover_hockey,3,0,371,1776919374192,30.655,200,1,909,
prover_hockey,3,0,372,1776919374223,30.867,200,1,909,
prover_hockey,3,0,373,1776919374254,30.531,200,1,909,
prover_hockey,3,0,374,1776919374285,31.853,200,1,909,
prover_hockey,3,0,375,1776919374314,29.056,200,1,909,
prover_hockey,3,0,376,1776919374344,29.763,200,1,909,
prover_hockey,3,0,377,1776919374374,30.053,200,1,909,
prover_hockey,3,0,378,1776919374406,31.815,200,1,909,
prover_hockey,3,0,379,1776919374437,30.84,200,1,909,
prover_hockey,3,0,380,1776919374469,31.666,200,1,909,
prover_hockey,3,0,381,1776919374499,30.399,200,1,909,
prover_hockey,3,0,382,1776919374531,32.474,200,1,909,
prover_hockey,3,0,383,1776919374561,29.555,200,1,909,
prover_hockey,3,0,384,1776919374593,32.037,200,1,909,
prover_hockey,3,0,385,1776919374624,30.592,200,1,909,
prover_hockey,3,0,386,1776919374657,33.237,200,1,909,
prover_hockey,3,0,387,1776919374686,29.272,200,1,909,
prover_hockey,3,0,388,1776919374718,31.818,200,1,909,
prover_hockey,3,0,389,1776919374750,31.682,200,1,909,
prover_hockey,3,0,390,1776919374784,33.997,200,1,909,
prover_hockey,3,0,391,1776919374814,30.549,200,1,909,
prover_hockey,3,0,392,1776919374846,31.749,200,1,909,
prover_hockey,3,0,393,1776919374877,31.244,200,1,909,
prover_hockey,3,0,394,1776919374908,30.312,200,1,909,
prover_hockey,3,0,395,1776919374938,30.794,200,1,909,
prover_hockey,3,0,396,1776919374968,30.12,200,1,909,
prover_hockey,3,0,397,1776919375000,31.178,200,1,909,
prover_hockey,3,0,398,1776919375032,32.158,200,1,909,
prover_hockey,3,0,399,1776919375062,30.289,200,1,909,
prover_hockey,3,0,400,1776919375092,29.756,200,1,909,
prover_hockey,3,0,401,1776919375122,30.459,200,1,909,
prover_hockey,3,0,402,1776919375155,32.204,200,1,909,
prover_hockey,3,0,403,1776919375186,31.112,200,1,909,
prover_hockey,3,0,404,1776919375216,30.368,200,1,909,
prover_hockey,3,0,405,1776919375247,31.057,200,1,909,
prover_hockey,3,0,406,1776919375280,33.007,200,1,909,
prover_hockey,3,0,407,1776919375310,29.468,200,1,909,
prover_hockey,3,0,408,1776919375342,32.141,200,1,909,
prover_hockey,3,0,409,1776919375372,30.565,200,1,909,
prover_hockey,3,0,410,1776919375406,33.436,200,1,909,
prover_hockey,3,0,411,1776919375436,30.729,200,1,909,
prover_hockey,3,0,412,1776919375467,30.576,200,1,909,
prover_hockey,3,0,413,1776919375499,32.354,200,1,909,
prover_hockey,3,0,414,1776919375530,30.872,200,1,909,
prover_hockey,3,0,415,1776919375562,31.849,200,1,909,
prover_hockey,3,0,416,1776919375595,33.173,200,1,909,
prover_hockey,3,0,417,1776919375626,30.493,200,1,909,
prover_hockey,3,0,418,1776919375656,30.308,200,1,909,
prover_hockey,3,0,419,1776919375688,32.233,200,1,909,
prover_hockey,3,0,420,1776919375719,31.099,200,1,909,
prover_hockey,3,0,421,1776919375749,29.065,200,1,909,
prover_hockey,3,0,422,1776919375778,29.485,200,1,909,
prover_hockey,3,0,423,1776919375812,33.59,200,1,909,
prover_hockey,3,0,424,1776919375844,32.672,200,1,909,
prover_hockey,3,0,425,1776919375875,31.068,200,1,909,
prover_hockey,3,0,426,1776919375907,31.239,200,1,909,
prover_hockey,3,0,427,1776919375940,33.088,200,1,909,
prover_hockey,3,0,428,1776919375970,29.957,200,1,909,
prover_hockey,3,0,429,1776919376002,31.882,200,1,909,
prover_hockey,3,0,430,1776919376033,31.188,200,1,909,
prover_hockey,3,0,431,1776919376062,29.627,200,1,909,
prover_hockey,3,0,432,1776919376095,32.68,200,1,909,
prover_hockey,3,0,433,1776919376128,33.111,200,1,909,
prover_hockey,3,0,434,1776919376160,32.314,200,1,909,
prover_hockey,3,0,435,1776919376194,33.794,200,1,909,
prover_hockey,3,0,436,1776919376227,32.345,200,1,909,
prover_hockey,3,0,437,1776919376256,29.386,200,1,909,
prover_hockey,3,0,438,1776919376287,30.816,200,1,909,
prover_hockey,3,0,439,1776919376317,29.71,200,1,909,
prover_hockey,3,0,440,1776919376347,30.798,200,1,909,
prover_hockey,3,0,441,1776919376379,31.801,200,1,909,
prover_hockey,3,0,442,1776919376413,33.625,200,1,909,
prover_hockey,3,0,443,1776919376445,32.524,200,1,909,
prover_hockey,3,0,444,1776919376477,31.809,200,1,909,
prover_hockey,3,0,445,1776919376509,32.344,200,1,909,
prover_hockey,3,0,446,1776919376540,30.216,200,1,909,
prover_hockey,3,0,447,1776919376570,29.951,200,1,909,
prover_hockey,3,0,448,1776919376600,30.533,200,1,909,
prover_hockey,3,0,449,1776919376629,29.135,200,1,909,
prover_hockey,3,0,450,1776919376659,29.927,200,1,909,
prover_hockey,3,0,451,1776919376692,32.475,200,1,909,
prover_hockey,3,0,452,1776919376722,30.053,200,1,909,
prover_hockey,3,0,453,1776919376753,31.12,200,1,909,
prover_hockey,3,0,454,1776919376784,31.101,200,1,909,
prover_hockey,3,0,455,1776919376817,32.514,200,1,909,
prover_hockey,3,0,456,1776919376845,28.773,200,1,909,
prover_hockey,3,0,457,1776919376876,30.51,200,1,909,
prover_hockey,3,0,458,1776919376909,32.681,200,1,909,
prover_hockey,3,0,459,1776919376941,32.117,200,1,909,
prover_hockey,3,0,460,1776919376972,30.995,200,1,909,
prover_hockey,3,0,461,1776919377001,29.721,200,1,909,
prover_hockey,3,0,462,1776919377032,31.046,200,1,909,
prover_hockey,3,0,463,1776919377067,34.229,200,1,909,
prover_hockey,3,0,464,1776919377097,30.378,200,1,909,
prover_hockey,3,0,465,1776919377129,31.674,200,1,909,
prover_hockey,3,0,466,1776919377161,32.206,200,1,909,
prover_hockey,3,0,467,1776919377192,31.336,200,1,909,
prover_hockey,3,0,468,1776919377221,28.518,200,1,909,
prover_hockey,3,0,469,1776919377251,29.798,200,1,909,
prover_hockey,3,0,470,1776919377283,32.749,200,1,909,
prover_hockey,3,0,471,1776919377314,30.372,200,1,909,
prover_hockey,3,0,472,1776919377344,30.421,200,1,909,
prover_hockey,3,0,473,1776919377374,29.405,200,1,909,
prover_hockey,3,0,474,1776919377404,30.709,200,1,909,
prover_hockey,3,0,475,1776919377434,29.916,200,1,909,
prover_hockey,3,1,0,1776919362465,47.03,200,1,909,
prover_hockey,3,1,1,1776919362498,32.744,200,1,909,
prover_hockey,3,1,2,1776919362539,40.757,200,1,909,
prover_hockey,3,1,3,1776919362571,32.233,200,1,909,
prover_hockey,3,1,4,1776919362603,31.763,200,1,909,
prover_hockey,3,1,5,1776919362640,37.004,200,1,909,
prover_hockey,3,1,6,1776919362673,33.277,200,1,909,
prover_hockey,3,1,7,1776919362707,33.705,200,1,909,
prover_hockey,3,1,8,1776919362740,33.429,200,1,909,
prover_hockey,3,1,9,1776919362775,34.199,200,1,909,
prover_hockey,3,1,10,1776919362806,31.815,200,1,909,
prover_hockey,3,1,11,1776919362837,30.797,200,1,909,
prover_hockey,3,1,12,1776919362871,33.823,200,1,909,
prover_hockey,3,1,13,1776919362904,32.685,200,1,909,
prover_hockey,3,1,14,1776919362938,33.969,200,1,909,
prover_hockey,3,1,15,1776919362969,31.471,200,1,909,
prover_hockey,3,1,16,1776919363003,33.616,200,1,909,
prover_hockey,3,1,17,1776919363035,32.424,200,1,909,
prover_hockey,3,1,18,1776919363069,33.481,200,1,909,
prover_hockey,3,1,19,1776919363100,31.637,200,1,909,
prover_hockey,3,1,20,1776919363135,34.417,200,1,909,
prover_hockey,3,1,21,1776919363170,35.352,200,1,909,
prover_hockey,3,1,22,1776919363206,35.494,200,1,909,
prover_hockey,3,1,23,1776919363236,30.681,200,1,909,
prover_hockey,3,1,24,1776919363266,30.004,200,1,909,
prover_hockey,3,1,25,1776919363299,33.038,200,1,909,
prover_hockey,3,1,26,1776919363332,32.239,200,1,909,
prover_hockey,3,1,27,1776919363363,31.512,200,1,909,
prover_hockey,3,1,28,1776919363393,29.585,200,1,909,
prover_hockey,3,1,29,1776919363425,32.007,200,1,909,
prover_hockey,3,1,30,1776919363456,31.249,200,1,909,
prover_hockey,3,1,31,1776919363489,33.271,200,1,909,
prover_hockey,3,1,32,1776919363519,29.963,200,1,909,
prover_hockey,3,1,33,1776919363550,30.897,200,1,909,
prover_hockey,3,1,34,1776919363580,29.668,200,1,909,
prover_hockey,3,1,35,1776919363612,32.434,200,1,909,
prover_hockey,3,1,36,1776919363642,30.056,200,1,909,
prover_hockey,3,1,37,1776919363675,32.528,200,1,909,
prover_hockey,3,1,38,1776919363706,31.541,200,1,909,
prover_hockey,3,1,39,1776919363739,33.076,200,1,909,
prover_hockey,3,1,40,1776919363769,30.018,200,1,909,
prover_hockey,3,1,41,1776919363800,30.375,200,1,909,
prover_hockey,3,1,42,1776919363830,30.403,200,1,909,
prover_hockey,3,1,43,1776919363863,32.36,200,1,909,
prover_hockey,3,1,44,1776919363894,31.36,200,1,909,
prover_hockey,3,1,45,1776919363925,30.71,200,1,909,
prover_hockey,3,1,46,1776919363955,30.844,200,1,909,
prover_hockey,3,1,47,1776919363988,32.265,200,1,909,
prover_hockey,3,1,48,1776919364019,30.94,200,1,909,
prover_hockey,3,1,49,1776919364051,32.005,200,1,909,
prover_hockey,3,1,50,1776919364081,30.538,200,1,909,
prover_hockey,3,1,51,1776919364116,34.319,200,1,909,
prover_hockey,3,1,52,1776919364147,31.26,200,1,909,
prover_hockey,3,1,53,1776919364179,32.173,200,1,909,
prover_hockey,3,1,54,1776919364210,31.242,200,1,909,
prover_hockey,3,1,55,1776919364242,31.852,200,1,909,
prover_hockey,3,1,56,1776919364273,31.296,200,1,909,
prover_hockey,3,1,57,1776919364305,31.742,200,1,909,
prover_hockey,3,1,58,1776919364336,30.531,200,1,909,
prover_hockey,3,1,59,1776919364366,30.528,200,1,909,
prover_hockey,3,1,60,1776919364397,31.173,200,1,909,
prover_hockey,3,1,61,1776919364428,30.862,200,1,909,
prover_hockey,3,1,62,1776919364459,31.271,200,1,909,
prover_hockey,3,1,63,1776919364491,31.875,200,1,909,
prover_hockey,3,1,64,1776919364523,31.906,200,1,909,
prover_hockey,3,1,65,1776919364555,31.339,200,1,909,
prover_hockey,3,1,66,1776919364588,33.46,200,1,909,
prover_hockey,3,1,67,1776919364618,29.605,200,1,909,
prover_hockey,3,1,68,1776919364650,31.814,200,1,909,
prover_hockey,3,1,69,1776919364682,32.288,200,1,909,
prover_hockey,3,1,70,1776919364715,32.898,200,1,909,
prover_hockey,3,1,71,1776919364747,32.623,200,1,909,
prover_hockey,3,1,72,1776919364784,36.608,200,1,909,
prover_hockey,3,1,73,1776919364818,34.282,200,1,909,
prover_hockey,3,1,74,1776919364848,29.413,200,1,909,
prover_hockey,3,1,75,1776919364880,32.244,200,1,909,
prover_hockey,3,1,76,1776919364924,43.951,200,1,909,
prover_hockey,3,1,77,1776919364956,31.943,200,1,909,
prover_hockey,3,1,78,1776919364987,31.497,200,1,909,
prover_hockey,3,1,79,1776919365020,32.285,200,1,909,
prover_hockey,3,1,80,1776919365052,32.279,200,1,909,
prover_hockey,3,1,81,1776919365083,30.917,200,1,909,
prover_hockey,3,1,82,1776919365120,37.398,200,1,909,
prover_hockey,3,1,83,1776919365150,30.282,200,1,909,
prover_hockey,3,1,84,1776919365180,29.592,200,1,909,
prover_hockey,3,1,85,1776919365211,31.252,200,1,909,
prover_hockey,3,1,86,1776919365244,32.84,200,1,909,
prover_hockey,3,1,87,1776919365274,29.761,200,1,909,
prover_hockey,3,1,88,1776919365303,29.509,200,1,909,
prover_hockey,3,1,89,1776919365336,32.984,200,1,909,
prover_hockey,3,1,90,1776919365368,31.912,200,1,909,
prover_hockey,3,1,91,1776919365400,31.39,200,1,909,
prover_hockey,3,1,92,1776919365429,29.288,200,1,909,
prover_hockey,3,1,93,1776919365464,34.671,200,1,909,
prover_hockey,3,1,94,1776919365496,31.812,200,1,909,
prover_hockey,3,1,95,1776919365524,28.939,200,1,909,
prover_hockey,3,1,96,1776919365554,29.303,200,1,909,
prover_hockey,3,1,97,1776919365587,32.928,200,1,909,
prover_hockey,3,1,98,1776919365618,31.181,200,1,909,
prover_hockey,3,1,99,1776919365648,30.274,200,1,909,
prover_hockey,3,1,100,1776919365679,30.387,200,1,909,
prover_hockey,3,1,101,1776919365709,30.77,200,1,909,
prover_hockey,3,1,102,1776919365740,30.868,200,1,909,
prover_hockey,3,1,103,1776919365772,32.001,200,1,909,
prover_hockey,3,1,104,1776919365806,33.495,200,1,909,
prover_hockey,3,1,105,1776919365837,31.066,200,1,909,
prover_hockey,3,1,106,1776919365870,33.036,200,1,909,
prover_hockey,3,1,107,1776919365899,29.138,200,1,909,
prover_hockey,3,1,108,1776919365929,30.509,200,1,909,
prover_hockey,3,1,109,1776919365960,30.949,200,1,909,
prover_hockey,3,1,110,1776919365993,32.103,200,1,909,
prover_hockey,3,1,111,1776919366022,29.428,200,1,909,
prover_hockey,3,1,112,1776919366052,30.09,200,1,909,
prover_hockey,3,1,113,1776919366082,30.228,200,1,909,
prover_hockey,3,1,114,1776919366113,30.488,200,1,909,
prover_hockey,3,1,115,1776919366143,29.776,200,1,909,
prover_hockey,3,1,116,1776919366174,31.705,200,1,909,
prover_hockey,3,1,117,1776919366206,31.793,200,1,909,
prover_hockey,3,1,118,1776919366238,32.272,200,1,909,
prover_hockey,3,1,119,1776919366267,28.673,200,1,909,
prover_hockey,3,1,120,1776919366298,30.589,200,1,909,
prover_hockey,3,1,121,1776919366328,30.776,200,1,909,
prover_hockey,3,1,122,1776919366361,32.591,200,1,909,
prover_hockey,3,1,123,1776919366391,29.678,200,1,909,
prover_hockey,3,1,124,1776919366420,29.326,200,1,909,
prover_hockey,3,1,125,1776919366449,29.374,200,1,909,
prover_hockey,3,1,126,1776919366482,32.42,200,1,909,
prover_hockey,3,1,127,1776919366511,29.149,200,1,909,
prover_hockey,3,1,128,1776919366543,32.055,200,1,909,
prover_hockey,3,1,129,1776919366574,30.737,200,1,909,
prover_hockey,3,1,130,1776919366607,33.201,200,1,909,
prover_hockey,3,1,131,1776919366637,29.918,200,1,909,
prover_hockey,3,1,132,1776919366669,32.311,200,1,909,
prover_hockey,3,1,133,1776919366702,32.394,200,1,909,
prover_hockey,3,1,134,1776919366734,32.318,200,1,909,
prover_hockey,3,1,135,1776919366765,31.516,200,1,909,
prover_hockey,3,1,136,1776919366797,31.915,200,1,909,
prover_hockey,3,1,137,1776919366828,30.616,200,1,909,
prover_hockey,3,1,138,1776919366868,39.853,200,1,909,
prover_hockey,3,1,139,1776919366898,29.721,200,1,909,
prover_hockey,3,1,140,1776919366928,30.801,200,1,909,
prover_hockey,3,1,141,1776919366959,30.317,200,1,909,
prover_hockey,3,1,142,1776919366991,32.405,200,1,909,
prover_hockey,3,1,143,1776919367023,31.599,200,1,909,
prover_hockey,3,1,144,1776919367056,33.752,200,1,909,
prover_hockey,3,1,145,1776919367089,32.996,200,1,909,
prover_hockey,3,1,146,1776919367124,34.841,200,1,909,
prover_hockey,3,1,147,1776919367157,32.354,200,1,909,
prover_hockey,3,1,148,1776919367188,31.172,200,1,909,
prover_hockey,3,1,149,1776919367221,33.183,200,1,909,
prover_hockey,3,1,150,1776919367251,29.937,200,1,909,
prover_hockey,3,1,151,1776919367283,31.865,200,1,909,
prover_hockey,3,1,152,1776919367315,32.207,200,1,909,
prover_hockey,3,1,153,1776919367351,36.238,200,1,909,
prover_hockey,3,1,154,1776919367383,31.401,200,1,909,
prover_hockey,3,1,155,1776919367415,32.405,200,1,909,
prover_hockey,3,1,156,1776919367447,31.734,200,1,909,
prover_hockey,3,1,157,1776919367478,31.316,200,1,909,
prover_hockey,3,1,158,1776919367511,32.647,200,1,909,
prover_hockey,3,1,159,1776919367544,33.2,200,1,909,
prover_hockey,3,1,160,1776919367574,30.208,200,1,909,
prover_hockey,3,1,161,1776919367603,29.276,200,1,909,
prover_hockey,3,1,162,1776919367634,30.825,200,1,909,
prover_hockey,3,1,163,1776919367665,31.177,200,1,909,
prover_hockey,3,1,164,1776919367697,31.068,200,1,909,
prover_hockey,3,1,165,1776919367726,29.464,200,1,909,
prover_hockey,3,1,166,1776919367758,32.274,200,1,909,
prover_hockey,3,1,167,1776919367787,29.091,200,1,909,
prover_hockey,3,1,168,1776919367823,35.637,200,1,909,
prover_hockey,3,1,169,1776919367854,30.994,200,1,909,
prover_hockey,3,1,170,1776919367883,29.342,200,1,909,
prover_hockey,3,1,171,1776919367915,31.284,200,1,909,
prover_hockey,3,1,172,1776919367944,29.564,200,1,909,
prover_hockey,3,1,173,1776919367975,30.917,200,1,909,
prover_hockey,3,1,174,1776919368007,31.831,200,1,909,
prover_hockey,3,1,175,1776919368038,30.829,200,1,909,
prover_hockey,3,1,176,1776919368067,29.39,200,1,909,
prover_hockey,3,1,177,1776919368098,30.943,200,1,909,
prover_hockey,3,1,178,1776919368130,31.904,200,1,909,
prover_hockey,3,1,179,1776919368163,32.457,200,1,909,
prover_hockey,3,1,180,1776919368193,30.051,200,1,909,
prover_hockey,3,1,181,1776919368223,30.821,200,1,909,
prover_hockey,3,1,182,1776919368254,30.295,200,1,909,
prover_hockey,3,1,183,1776919368286,31.904,200,1,909,
prover_hockey,3,1,184,1776919368315,29.517,200,1,909,
prover_hockey,3,1,185,1776919368345,29.809,200,1,909,
prover_hockey,3,1,186,1776919368377,32.008,200,1,909,
prover_hockey,3,1,187,1776919368408,30.79,200,1,909,
prover_hockey,3,1,188,1776919368439,31.503,200,1,909,
prover_hockey,3,1,189,1776919368471,31.696,200,1,909,
prover_hockey,3,1,190,1776919368501,30.507,200,1,909,
prover_hockey,3,1,191,1776919368532,30.354,200,1,909,
prover_hockey,3,1,192,1776919368564,32.072,200,1,909,
prover_hockey,3,1,193,1776919368595,31.563,200,1,909,
prover_hockey,3,1,194,1776919368625,29.826,200,1,909,
prover_hockey,3,1,195,1776919368657,31.851,200,1,909,
prover_hockey,3,1,196,1776919368687,29.89,200,1,909,
prover_hockey,3,1,197,1776919368717,29.616,200,1,909,
prover_hockey,3,1,198,1776919368748,31.702,200,1,909,
prover_hockey,3,1,199,1776919368782,33.741,200,1,909,
prover_hockey,3,1,200,1776919368813,30.715,200,1,909,
prover_hockey,3,1,201,1776919368844,31.469,200,1,909,
prover_hockey,3,1,202,1776919368877,32.801,200,1,909,
prover_hockey,3,1,203,1776919368907,29.862,200,1,909,
prover_hockey,3,1,204,1776919368937,29.554,200,1,909,
prover_hockey,3,1,205,1776919368969,32.399,200,1,909,
prover_hockey,3,1,206,1776919369002,33.071,200,1,909,
prover_hockey,3,1,207,1776919369035,33.05,200,1,909,
prover_hockey,3,1,208,1776919369064,29.348,200,1,909,
prover_hockey,3,1,209,1776919369097,32.319,200,1,909,
prover_hockey,3,1,210,1776919369128,30.94,200,1,909,
prover_hockey,3,1,211,1776919369157,29.516,200,1,909,
prover_hockey,3,1,212,1776919369187,29.645,200,1,909,
prover_hockey,3,1,213,1776919369218,31.202,200,1,909,
prover_hockey,3,1,214,1776919369247,28.957,200,1,909,
prover_hockey,3,1,215,1776919369281,33.97,200,1,909,
prover_hockey,3,1,216,1776919369312,31.464,200,1,909,
prover_hockey,3,1,217,1776919369344,31.669,200,1,909,
prover_hockey,3,1,218,1776919369376,31.527,200,1,909,
prover_hockey,3,1,219,1776919369406,30.277,200,1,909,
prover_hockey,3,1,220,1776919369438,32.241,200,1,909,
prover_hockey,3,1,221,1776919369471,32.774,200,1,909,
prover_hockey,3,1,222,1776919369505,34.155,200,1,909,
prover_hockey,3,1,223,1776919369539,33.775,200,1,909,
prover_hockey,3,1,224,1776919369571,32.46,200,1,909,
prover_hockey,3,1,225,1776919369601,29.289,200,1,909,
prover_hockey,3,1,226,1776919369631,30.541,200,1,909,
prover_hockey,3,1,227,1776919369663,31.809,200,1,909,
prover_hockey,3,1,228,1776919369698,34.554,200,1,909,
prover_hockey,3,1,229,1776919369729,31.103,200,1,909,
prover_hockey,3,1,230,1776919369762,33.11,200,1,909,
prover_hockey,3,1,231,1776919369795,32.796,200,1,909,
prover_hockey,3,1,232,1776919369827,32.128,200,1,909,
prover_hockey,3,1,233,1776919369860,33.277,200,1,909,
prover_hockey,3,1,234,1776919369891,30.753,200,1,909,
prover_hockey,3,1,235,1776919369920,29.735,200,1,909,
prover_hockey,3,1,236,1776919369954,33.361,200,1,909,
prover_hockey,3,1,237,1776919369985,31.268,200,1,909,
prover_hockey,3,1,238,1776919370018,32.744,200,1,909,
prover_hockey,3,1,239,1776919370050,31.725,200,1,909,
prover_hockey,3,1,240,1776919370080,30.476,200,1,909,
prover_hockey,3,1,241,1776919370112,31.667,200,1,909,
prover_hockey,3,1,242,1776919370142,30.343,200,1,909,
prover_hockey,3,1,243,1776919370174,32.174,200,1,909,
prover_hockey,3,1,244,1776919370206,31.65,200,1,909,
prover_hockey,3,1,245,1776919370238,31.809,200,1,909,
prover_hockey,3,1,246,1776919370269,31.367,200,1,909,
prover_hockey,3,1,247,1776919370301,32.248,200,1,909,
prover_hockey,3,1,248,1776919370332,30.389,200,1,909,
prover_hockey,3,1,249,1776919370363,31.305,200,1,909,
prover_hockey,3,1,250,1776919370394,30.549,200,1,909,
prover_hockey,3,1,251,1776919370425,30.93,200,1,909,
prover_hockey,3,1,252,1776919370455,29.982,200,1,909,
prover_hockey,3,1,253,1776919370485,30.154,200,1,909,
prover_hockey,3,1,254,1776919370515,29.921,200,1,909,
prover_hockey,3,1,255,1776919370545,29.91,200,1,909,
prover_hockey,3,1,256,1776919370576,31.399,200,1,909,
prover_hockey,3,1,257,1776919370608,32.234,200,1,909,
prover_hockey,3,1,258,1776919370640,32.051,200,1,909,
prover_hockey,3,1,259,1776919370673,32.281,200,1,909,
prover_hockey,3,1,260,1776919370705,32.885,200,1,909,
prover_hockey,3,1,261,1776919370737,31.167,200,1,909,
prover_hockey,3,1,262,1776919370769,32.113,200,1,909,
prover_hockey,3,1,263,1776919370800,31.14,200,1,909,
prover_hockey,3,1,264,1776919370831,30.813,200,1,909,
prover_hockey,3,1,265,1776919370864,33.379,200,1,909,
prover_hockey,3,1,266,1776919370895,31.433,200,1,909,
prover_hockey,3,1,267,1776919370928,32.611,200,1,909,
prover_hockey,3,1,268,1776919370960,31.508,200,1,909,
prover_hockey,3,1,269,1776919370993,33.098,200,1,909,
prover_hockey,3,1,270,1776919371024,30.867,200,1,909,
prover_hockey,3,1,271,1776919371054,30.479,200,1,909,
prover_hockey,3,1,272,1776919371085,30.531,200,1,909,
prover_hockey,3,1,273,1776919371116,31.518,200,1,909,
prover_hockey,3,1,274,1776919371148,31.893,200,1,909,
prover_hockey,3,1,275,1776919371177,29.256,200,1,909,
prover_hockey,3,1,276,1776919371211,33.983,200,1,909,
prover_hockey,3,1,277,1776919371242,30.307,200,1,909,
prover_hockey,3,1,278,1776919371272,30.283,200,1,909,
prover_hockey,3,1,279,1776919371302,30.642,200,1,909,
prover_hockey,3,1,280,1776919371335,32.042,200,1,909,
prover_hockey,3,1,281,1776919371366,31.541,200,1,909,
prover_hockey,3,1,282,1776919371396,29.963,200,1,909,
prover_hockey,3,1,283,1776919371429,32.775,200,1,909,
prover_hockey,3,1,284,1776919371459,29.939,200,1,909,
prover_hockey,3,1,285,1776919371490,31.199,200,1,909,
prover_hockey,3,1,286,1776919371521,31.177,200,1,909,
prover_hockey,3,1,287,1776919371552,30.856,200,1,909,
prover_hockey,3,1,288,1776919371583,31.26,200,1,909,
prover_hockey,3,1,289,1776919371614,30.461,200,1,909,
prover_hockey,3,1,290,1776919371646,32.355,200,1,909,
prover_hockey,3,1,291,1776919371678,31.792,200,1,909,
prover_hockey,3,1,292,1776919371710,31.854,200,1,909,
prover_hockey,3,1,293,1776919371741,31.316,200,1,909,
prover_hockey,3,1,294,1776919371772,30.663,200,1,909,
prover_hockey,3,1,295,1776919371803,30.845,200,1,909,
prover_hockey,3,1,296,1776919371834,31.395,200,1,909,
prover_hockey,3,1,297,1776919371866,31.677,200,1,909,
prover_hockey,3,1,298,1776919371897,31.776,200,1,909,
prover_hockey,3,1,299,1776919371929,31.308,200,1,909,
prover_hockey,3,1,300,1776919371961,32.079,200,1,909,
prover_hockey,3,1,301,1776919371994,33.103,200,1,909,
prover_hockey,3,1,302,1776919372025,30.995,200,1,909,
prover_hockey,3,1,303,1776919372056,30.669,200,1,909,
prover_hockey,3,1,304,1776919372088,32.151,200,1,909,
prover_hockey,3,1,305,1776919372121,33.434,200,1,909,
prover_hockey,3,1,306,1776919372151,29.841,200,1,909,
prover_hockey,3,1,307,1776919372181,30.45,200,1,909,
prover_hockey,3,1,308,1776919372213,31.108,200,1,909,
prover_hockey,3,1,309,1776919372244,31.296,200,1,909,
prover_hockey,3,1,310,1776919372274,30.365,200,1,909,
prover_hockey,3,1,311,1776919372304,29.987,200,1,909,
prover_hockey,3,1,312,1776919372334,29.799,200,1,909,
prover_hockey,3,1,313,1776919372367,33.289,200,1,909,
prover_hockey,3,1,314,1776919372400,32.953,200,1,909,
prover_hockey,3,1,315,1776919372431,30.676,200,1,909,
prover_hockey,3,1,316,1776919372461,30.247,200,1,909,
prover_hockey,3,1,317,1776919372494,33.089,200,1,909,
prover_hockey,3,1,318,1776919372525,30.839,200,1,909,
prover_hockey,3,1,319,1776919372556,30.502,200,1,909,
prover_hockey,3,1,320,1776919372588,32.57,200,1,909,
prover_hockey,3,1,321,1776919372617,28.759,200,1,909,
prover_hockey,3,1,322,1776919372649,32.033,200,1,909,
prover_hockey,3,1,323,1776919372679,30.368,200,1,909,
prover_hockey,3,1,324,1776919372711,31.935,200,1,909,
prover_hockey,3,1,325,1776919372743,31.784,200,1,909,
prover_hockey,3,1,326,1776919372775,32.043,200,1,909,
prover_hockey,3,1,327,1776919372806,30.508,200,1,909,
prover_hockey,3,1,328,1776919372838,31.863,200,1,909,
prover_hockey,3,1,329,1776919372867,29.781,200,1,909,
prover_hockey,3,1,330,1776919372900,32.943,200,1,909,
prover_hockey,3,1,331,1776919372930,29.847,200,1,909,
prover_hockey,3,1,332,1776919372961,30.397,200,1,909,
prover_hockey,3,1,333,1776919372990,29.082,200,1,909,
prover_hockey,3,1,334,1776919373022,32.093,200,1,909,
prover_hockey,3,1,335,1776919373052,30.245,200,1,909,
prover_hockey,3,1,336,1776919373084,32.347,200,1,909,
prover_hockey,3,1,337,1776919373115,30.98,200,1,909,
prover_hockey,3,1,338,1776919373147,32.192,200,1,909,
prover_hockey,3,1,339,1776919373178,30.149,200,1,909,
prover_hockey,3,1,340,1776919373210,32.314,200,1,909,
prover_hockey,3,1,341,1776919373241,30.777,200,1,909,
prover_hockey,3,1,342,1776919373271,30.222,200,1,909,
prover_hockey,3,1,343,1776919373303,31.964,200,1,909,
prover_hockey,3,1,344,1776919373336,33.234,200,1,909,
prover_hockey,3,1,345,1776919373367,31.174,200,1,909,
prover_hockey,3,1,346,1776919373398,30.646,200,1,909,
prover_hockey,3,1,347,1776919373430,31.595,200,1,909,
prover_hockey,3,1,348,1776919373462,32.15,200,1,909,
prover_hockey,3,1,349,1776919373494,32.373,200,1,909,
prover_hockey,3,1,350,1776919373524,29.427,200,1,909,
prover_hockey,3,1,351,1776919373556,32.476,200,1,909,
prover_hockey,3,1,352,1776919373587,30.858,200,1,909,
prover_hockey,3,1,353,1776919373619,32.433,200,1,909,
prover_hockey,3,1,354,1776919373649,29.424,200,1,909,
prover_hockey,3,1,355,1776919373679,30.229,200,1,909,
prover_hockey,3,1,356,1776919373710,30.912,200,1,909,
prover_hockey,3,1,357,1776919373741,31.563,200,1,909,
prover_hockey,3,1,358,1776919373772,30.115,200,1,909,
prover_hockey,3,1,359,1776919373803,31.455,200,1,909,
prover_hockey,3,1,360,1776919373834,30.712,200,1,909,
prover_hockey,3,1,361,1776919373868,33.897,200,1,909,
prover_hockey,3,1,362,1776919373900,31.992,200,1,909,
prover_hockey,3,1,363,1776919373930,30.378,200,1,909,
prover_hockey,3,1,364,1776919373961,31.336,200,1,909,
prover_hockey,3,1,365,1776919373992,31.041,200,1,909,
prover_hockey,3,1,366,1776919374023,30.517,200,1,909,
prover_hockey,3,1,367,1776919374057,33.884,200,1,909,
prover_hockey,3,1,368,1776919374088,31.222,200,1,909,
prover_hockey,3,1,369,1776919374121,32.814,200,1,909,
prover_hockey,3,1,370,1776919374151,29.913,200,1,909,
prover_hockey,3,1,371,1776919374181,29.838,200,1,909,
prover_hockey,3,1,372,1776919374211,30.38,200,1,909,
prover_hockey,3,1,373,1776919374244,32.56,200,1,909,
prover_hockey,3,1,374,1776919374274,30.048,200,1,909,
prover_hockey,3,1,375,1776919374304,29.952,200,1,909,
prover_hockey,3,1,376,1776919374335,31.091,200,1,909,
prover_hockey,3,1,377,1776919374366,31.749,200,1,909,
prover_hockey,3,1,378,1776919374396,29.355,200,1,909,
prover_hockey,3,1,379,1776919374428,32.372,200,1,909,
prover_hockey,3,1,380,1776919374459,31.324,200,1,909,
prover_hockey,3,1,381,1776919374490,30.491,200,1,909,
prover_hockey,3,1,382,1776919374520,29.68,200,1,909,
prover_hockey,3,1,383,1776919374551,31.639,200,1,909,
prover_hockey,3,1,384,1776919374583,31.293,200,1,909,
prover_hockey,3,1,385,1776919374613,30.371,200,1,909,
prover_hockey,3,1,386,1776919374642,29.409,200,1,909,
prover_hockey,3,1,387,1776919374673,30.095,200,1,909,
prover_hockey,3,1,388,1776919374703,30.285,200,1,909,
prover_hockey,3,1,389,1776919374735,32.643,200,1,909,
prover_hockey,3,1,390,1776919374766,30.316,200,1,909,
prover_hockey,3,1,391,1776919374797,31.661,200,1,909,
prover_hockey,3,1,392,1776919374829,31.677,200,1,909,
prover_hockey,3,1,393,1776919374861,32.251,200,1,909,
prover_hockey,3,1,394,1776919374892,30.648,200,1,909,
prover_hockey,3,1,395,1776919374923,30.585,200,1,909,
prover_hockey,3,1,396,1776919374952,28.955,200,1,909,
prover_hockey,3,1,397,1776919374986,34.016,200,1,909,
prover_hockey,3,1,398,1776919375016,30.68,200,1,909,
prover_hockey,3,1,399,1776919375048,31.477,200,1,909,
prover_hockey,3,1,400,1776919375079,31.45,200,1,909,
prover_hockey,3,1,401,1776919375111,31.624,200,1,909,
prover_hockey,3,1,402,1776919375141,29.718,200,1,909,
prover_hockey,3,1,403,1776919375171,30.891,200,1,909,
prover_hockey,3,1,404,1776919375202,30.771,200,1,909,
prover_hockey,3,1,405,1776919375232,30.277,200,1,909,
prover_hockey,3,1,406,1776919375263,30.491,200,1,909,
prover_hockey,3,1,407,1776919375294,30.657,200,1,909,
prover_hockey,3,1,408,1776919375325,31.292,200,1,909,
prover_hockey,3,1,409,1776919375354,29.358,200,1,909,
prover_hockey,3,1,410,1776919375384,29.501,200,1,909,
prover_hockey,3,1,411,1776919375413,29.546,200,1,909,
prover_hockey,3,1,412,1776919375444,30.931,200,1,909,
prover_hockey,3,1,413,1776919375476,31.934,200,1,909,
prover_hockey,3,1,414,1776919375510,33.441,200,1,909,
prover_hockey,3,1,415,1776919375540,30.252,200,1,909,
prover_hockey,3,1,416,1776919375572,32.114,200,1,909,
prover_hockey,3,1,417,1776919375603,31.035,200,1,909,
prover_hockey,3,1,418,1776919375633,30.196,200,1,909,
prover_hockey,3,1,419,1776919375663,30.087,200,1,909,
prover_hockey,3,1,420,1776919375692,28.982,200,1,909,
prover_hockey,3,1,421,1776919375725,33.095,200,1,909,
prover_hockey,3,1,422,1776919375755,30.022,200,1,909,
prover_hockey,3,1,423,1776919375786,30.934,200,1,909,
prover_hockey,3,1,424,1776919375817,30.139,200,1,909,
prover_hockey,3,1,425,1776919375848,31.833,200,1,909,
prover_hockey,3,1,426,1776919375879,30.554,200,1,909,
prover_hockey,3,1,427,1776919375910,31.12,200,1,909,
prover_hockey,3,1,428,1776919375939,29.224,200,1,909,
prover_hockey,3,1,429,1776919375971,31.926,200,1,909,
prover_hockey,3,1,430,1776919376001,29.466,200,1,909,
prover_hockey,3,1,431,1776919376036,34.958,200,1,909,
prover_hockey,3,1,432,1776919376066,30.501,200,1,909,
prover_hockey,3,1,433,1776919376096,29.83,200,1,909,
prover_hockey,3,1,434,1776919376127,31.01,200,1,909,
prover_hockey,3,1,435,1776919376160,33.014,200,1,909,
prover_hockey,3,1,436,1776919376194,33.869,200,1,909,
prover_hockey,3,1,437,1776919376225,30.664,200,1,909,
prover_hockey,3,1,438,1776919376254,29.093,200,1,909,
prover_hockey,3,1,439,1776919376285,31.478,200,1,909,
prover_hockey,3,1,440,1776919376317,31.85,200,1,909,
prover_hockey,3,1,441,1776919376348,31.37,200,1,909,
prover_hockey,3,1,442,1776919376380,31.914,200,1,909,
prover_hockey,3,1,443,1776919376412,31.879,200,1,909,
prover_hockey,3,1,444,1776919376445,32.764,200,1,909,
prover_hockey,3,1,445,1776919376476,31.545,200,1,909,
prover_hockey,3,1,446,1776919376511,34.905,200,1,909,
prover_hockey,3,1,447,1776919376543,31.345,200,1,909,
prover_hockey,3,1,448,1776919376579,36.659,200,1,909,
prover_hockey,3,1,449,1776919376610,30.493,200,1,909,
prover_hockey,3,1,450,1776919376642,31.914,200,1,909,
prover_hockey,3,1,451,1776919376672,29.729,200,1,909,
prover_hockey,3,1,452,1776919376702,30.5,200,1,909,
prover_hockey,3,1,453,1776919376732,29.879,200,1,909,
prover_hockey,3,1,454,1776919376764,31.722,200,1,909,
prover_hockey,3,1,455,1776919376795,31.264,200,1,909,
prover_hockey,3,1,456,1776919376828,33.237,200,1,909,
prover_hockey,3,1,457,1776919376859,30.467,200,1,909,
prover_hockey,3,1,458,1776919376892,33.048,200,1,909,
prover_hockey,3,1,459,1776919376924,31.99,200,1,909,
prover_hockey,3,1,460,1776919376955,31.089,200,1,909,
prover_hockey,3,1,461,1776919376987,31.86,200,1,909,
prover_hockey,3,1,462,1776919377016,29.272,200,1,909,
prover_hockey,3,1,463,1776919377045,29.317,200,1,909,
prover_hockey,3,1,464,1776919377077,31.715,200,1,909,
prover_hockey,3,1,465,1776919377109,32.23,200,1,909,
prover_hockey,3,1,466,1776919377140,30.821,200,1,909,
prover_hockey,3,1,467,1776919377171,30.868,200,1,909,
prover_hockey,3,1,468,1776919377203,32.167,200,1,909,
prover_hockey,3,1,469,1776919377234,31.237,200,1,909,
prover_hockey,3,1,470,1776919377265,30.545,200,1,909,
prover_hockey,3,1,471,1776919377296,31.128,200,1,909,
prover_hockey,3,1,472,1776919377327,31.027,200,1,909,
prover_hockey,3,1,473,1776919377358,31.341,200,1,909,
prover_hockey,3,1,474,1776919377389,30.929,200,1,909,
prover_hockey,3,1,475,1776919377422,32.672,200,1,909,
prover_hockey,3,2,0,1776919362461,42.806,200,1,909,
prover_hockey,3,2,1,1776919362502,40.832,200,1,909,
prover_hockey,3,2,2,1776919362538,36.007,200,1,909,
prover_hockey,3,2,3,1776919362572,33.949,200,1,909,
prover_hockey,3,2,4,1776919362605,32.945,200,1,909,
prover_hockey,3,2,5,1776919362639,34.271,200,1,909,
prover_hockey,3,2,6,1776919362674,34.635,200,1,909,
prover_hockey,3,2,7,1776919362708,34.128,200,1,909,
prover_hockey,3,2,8,1776919362742,34.221,200,1,909,
prover_hockey,3,2,9,1776919362776,33.333,200,1,909,
prover_hockey,3,2,10,1776919362809,33.324,200,1,909,
prover_hockey,3,2,11,1776919362840,31.185,200,1,909,
prover_hockey,3,2,12,1776919362870,30.244,200,1,909,
prover_hockey,3,2,13,1776919362903,32.707,200,1,909,
prover_hockey,3,2,14,1776919362935,31.751,200,1,909,
prover_hockey,3,2,15,1776919362970,35.461,200,1,909,
prover_hockey,3,2,16,1776919363003,32.841,200,1,909,
prover_hockey,3,2,17,1776919363035,31.384,200,1,909,
prover_hockey,3,2,18,1776919363069,34.509,200,1,909,
prover_hockey,3,2,19,1776919363102,32.834,200,1,909,
prover_hockey,3,2,20,1776919363135,33.215,200,1,909,
prover_hockey,3,2,21,1776919363166,31.086,200,1,909,
prover_hockey,3,2,22,1776919363196,29.761,200,1,909,
prover_hockey,3,2,23,1776919363228,32.127,200,1,909,
prover_hockey,3,2,24,1776919363264,35.89,200,1,909,
prover_hockey,3,2,25,1776919363297,32.629,200,1,909,
prover_hockey,3,2,26,1776919363328,31.601,200,1,909,
prover_hockey,3,2,27,1776919363358,29.848,200,1,909,
prover_hockey,3,2,28,1776919363399,40.843,200,1,909,
prover_hockey,3,2,29,1776919363431,31.719,200,1,909,
prover_hockey,3,2,30,1776919363463,31.817,200,1,909,
prover_hockey,3,2,31,1776919363493,30.639,200,1,909,
prover_hockey,3,2,32,1776919363525,32.22,200,1,909,
prover_hockey,3,2,33,1776919363555,30.008,200,1,909,
prover_hockey,3,2,34,1776919363587,31.283,200,1,909,
prover_hockey,3,2,35,1776919363620,32.876,200,1,909,
prover_hockey,3,2,36,1776919363654,34.18,200,1,909,
prover_hockey,3,2,37,1776919363685,30.772,200,1,909,
prover_hockey,3,2,38,1776919363716,31.365,200,1,909,
prover_hockey,3,2,39,1776919363746,30.442,200,1,909,
prover_hockey,3,2,40,1776919363780,33.571,200,1,909,
prover_hockey,3,2,41,1776919363810,29.827,200,1,909,
prover_hockey,3,2,42,1776919363841,30.744,200,1,909,
prover_hockey,3,2,43,1776919363870,29.508,200,1,909,
prover_hockey,3,2,44,1776919363903,32.855,200,1,909,
prover_hockey,3,2,45,1776919363932,29.335,200,1,909,
prover_hockey,3,2,46,1776919363962,29.941,200,1,909,
prover_hockey,3,2,47,1776919363993,30.829,200,1,909,
prover_hockey,3,2,48,1776919364025,32.171,200,1,909,
prover_hockey,3,2,49,1776919364059,33.744,200,1,909,
prover_hockey,3,2,50,1776919364091,32.122,200,1,909,
prover_hockey,3,2,51,1776919364124,32.993,200,1,909,
prover_hockey,3,2,52,1776919364158,33.73,200,1,909,
prover_hockey,3,2,53,1776919364189,30.73,200,1,909,
prover_hockey,3,2,54,1776919364217,28.91,200,1,909,
prover_hockey,3,2,55,1776919364252,34.373,200,1,909,
prover_hockey,3,2,56,1776919364286,34.346,200,1,909,
prover_hockey,3,2,57,1776919364319,32.54,200,1,909,
prover_hockey,3,2,58,1776919364350,31.105,200,1,909,
prover_hockey,3,2,59,1776919364379,29.625,200,1,909,
prover_hockey,3,2,60,1776919364412,32.681,200,1,909,
prover_hockey,3,2,61,1776919364442,29.392,200,1,909,
prover_hockey,3,2,62,1776919364472,30.433,200,1,909,
prover_hockey,3,2,63,1776919364502,30.013,200,1,909,
prover_hockey,3,2,64,1776919364534,32.438,200,1,909,
prover_hockey,3,2,65,1776919364564,29.97,200,1,909,
prover_hockey,3,2,66,1776919364594,29.865,200,1,909,
prover_hockey,3,2,67,1776919364626,31.756,200,1,909,
prover_hockey,3,2,68,1776919364659,32.771,200,1,909,
prover_hockey,3,2,69,1776919364689,30.205,200,1,909,
prover_hockey,3,2,70,1776919364719,29.641,200,1,909,
prover_hockey,3,2,71,1776919364750,31.415,200,1,909,
prover_hockey,3,2,72,1776919364783,32.95,200,1,909,
prover_hockey,3,2,73,1776919364816,33.066,200,1,909,
prover_hockey,3,2,74,1776919364848,32,200,1,909,
prover_hockey,3,2,75,1776919364879,31.34,200,1,909,
prover_hockey,3,2,76,1776919364912,32.097,200,1,909,
prover_hockey,3,2,77,1776919364945,33.498,200,1,909,
prover_hockey,3,2,78,1776919364976,30.659,200,1,909,
prover_hockey,3,2,79,1776919365007,31.047,200,1,909,
prover_hockey,3,2,80,1776919365040,32.838,200,1,909,
prover_hockey,3,2,81,1776919365073,33.389,200,1,909,
prover_hockey,3,2,82,1776919365103,30.257,200,1,909,
prover_hockey,3,2,83,1776919365132,29.196,200,1,909,
prover_hockey,3,2,84,1776919365165,32.148,200,1,909,
prover_hockey,3,2,85,1776919365197,32.139,200,1,909,
prover_hockey,3,2,86,1776919365228,31.254,200,1,909,
prover_hockey,3,2,87,1776919365258,29.684,200,1,909,
prover_hockey,3,2,88,1776919365290,32.312,200,1,909,
prover_hockey,3,2,89,1776919365321,31.464,200,1,909,
prover_hockey,3,2,90,1776919365352,30.456,200,1,909,
prover_hockey,3,2,91,1776919365385,33.503,200,1,909,
prover_hockey,3,2,92,1776919365418,32.325,200,1,909,
prover_hockey,3,2,93,1776919365449,31.604,200,1,909,
prover_hockey,3,2,94,1776919365479,29.981,200,1,909,
prover_hockey,3,2,95,1776919365511,31.411,200,1,909,
prover_hockey,3,2,96,1776919365545,34.501,200,1,909,
prover_hockey,3,2,97,1776919365576,31.238,200,1,909,
prover_hockey,3,2,98,1776919365607,30.589,200,1,909,
prover_hockey,3,2,99,1776919365638,30.925,200,1,909,
prover_hockey,3,2,100,1776919365668,29.562,200,1,909,
prover_hockey,3,2,101,1776919365698,30.675,200,1,909,
prover_hockey,3,2,102,1776919365731,32.346,200,1,909,
prover_hockey,3,2,103,1776919365762,31.356,200,1,909,
prover_hockey,3,2,104,1776919365791,29.452,200,1,909,
prover_hockey,3,2,105,1776919365822,30.361,200,1,909,
prover_hockey,3,2,106,1776919365856,34.164,200,1,909,
prover_hockey,3,2,107,1776919365888,32.152,200,1,909,
prover_hockey,3,2,108,1776919365919,30.688,200,1,909,
prover_hockey,3,2,109,1776919365950,30.811,200,1,909,
prover_hockey,3,2,110,1776919365979,29.585,200,1,909,
prover_hockey,3,2,111,1776919366012,32.622,200,1,909,
prover_hockey,3,2,112,1776919366043,31.382,200,1,909,
prover_hockey,3,2,113,1776919366076,32.547,200,1,909,
prover_hockey,3,2,114,1776919366105,29.639,200,1,909,
prover_hockey,3,2,115,1776919366136,30.819,200,1,909,
prover_hockey,3,2,116,1776919366168,31.398,200,1,909,
prover_hockey,3,2,117,1776919366201,33.3,200,1,909,
prover_hockey,3,2,118,1776919366230,29.303,200,1,909,
prover_hockey,3,2,119,1776919366261,30.702,200,1,909,
prover_hockey,3,2,120,1776919366292,30.966,200,1,909,
prover_hockey,3,2,121,1776919366324,31.956,200,1,909,
prover_hockey,3,2,122,1776919366353,29.135,200,1,909,
prover_hockey,3,2,123,1776919366384,31.188,200,1,909,
prover_hockey,3,2,124,1776919366415,30.978,200,1,909,
prover_hockey,3,2,125,1776919366446,31.124,200,1,909,
prover_hockey,3,2,126,1776919366475,28.874,200,1,909,
prover_hockey,3,2,127,1776919366506,31.088,200,1,909,
prover_hockey,3,2,128,1776919366537,31.111,200,1,909,
prover_hockey,3,2,129,1776919366567,29.657,200,1,909,
prover_hockey,3,2,130,1776919366597,29.624,200,1,909,
prover_hockey,3,2,131,1776919366627,30.246,200,1,909,
prover_hockey,3,2,132,1776919366657,30.362,200,1,909,
prover_hockey,3,2,133,1776919366689,31.401,200,1,909,
prover_hockey,3,2,134,1776919366719,29.943,200,1,909,
prover_hockey,3,2,135,1776919366752,33.188,200,1,909,
prover_hockey,3,2,136,1776919366784,31.754,200,1,909,
prover_hockey,3,2,137,1776919366816,32.643,200,1,909,
prover_hockey,3,2,138,1776919366847,30.303,200,1,909,
prover_hockey,3,2,139,1776919366877,30.823,200,1,909,
prover_hockey,3,2,140,1776919366907,29.39,200,1,909,
prover_hockey,3,2,141,1776919366939,31.845,200,1,909,
prover_hockey,3,2,142,1776919366968,29.864,200,1,909,
prover_hockey,3,2,143,1776919367000,31.154,200,1,909,
prover_hockey,3,2,144,1776919367030,30.035,200,1,909,
prover_hockey,3,2,145,1776919367062,32.361,200,1,909,
prover_hockey,3,2,146,1776919367091,29.392,200,1,909,
prover_hockey,3,2,147,1776919367123,31.678,200,1,909,
prover_hockey,3,2,148,1776919367156,32.927,200,1,909,
prover_hockey,3,2,149,1776919367186,29.892,200,1,909,
prover_hockey,3,2,150,1776919367218,31.582,200,1,909,
prover_hockey,3,2,151,1776919367248,30.349,200,1,909,
prover_hockey,3,2,152,1776919367284,36.244,200,1,909,
prover_hockey,3,2,153,1776919367316,32.08,200,1,909,
prover_hockey,3,2,154,1776919367348,31.489,200,1,909,
prover_hockey,3,2,155,1776919367382,34.376,200,1,909,
prover_hockey,3,2,156,1776919367413,31.074,200,1,909,
prover_hockey,3,2,157,1776919367443,29.421,200,1,909,
prover_hockey,3,2,158,1776919367473,30.159,200,1,909,
prover_hockey,3,2,159,1776919367505,31.789,200,1,909,
prover_hockey,3,2,160,1776919367537,32.363,200,1,909,
prover_hockey,3,2,161,1776919367566,29.367,200,1,909,
prover_hockey,3,2,162,1776919367597,31.149,200,1,909,
prover_hockey,3,2,163,1776919367630,32.496,200,1,909,
prover_hockey,3,2,164,1776919367660,30.549,200,1,909,
prover_hockey,3,2,165,1776919367694,33.045,200,1,909,
prover_hockey,3,2,166,1776919367727,33.707,200,1,909,
prover_hockey,3,2,167,1776919367760,32.707,200,1,909,
prover_hockey,3,2,168,1776919367790,29.707,200,1,909,
prover_hockey,3,2,169,1776919367821,31.586,200,1,909,
prover_hockey,3,2,170,1776919367851,30.012,200,1,909,
prover_hockey,3,2,171,1776919367883,31.624,200,1,909,
prover_hockey,3,2,172,1776919367917,33.743,200,1,909,
prover_hockey,3,2,173,1776919367947,30.347,200,1,909,
prover_hockey,3,2,174,1776919367977,29.578,200,1,909,
prover_hockey,3,2,175,1776919368007,30.804,200,1,909,
prover_hockey,3,2,176,1776919368041,33.656,200,1,909,
prover_hockey,3,2,177,1776919368073,31.918,200,1,909,
prover_hockey,3,2,178,1776919368107,33.583,200,1,909,
prover_hockey,3,2,179,1776919368135,28.699,200,1,909,
prover_hockey,3,2,180,1776919368167,32.244,200,1,909,
prover_hockey,3,2,181,1776919368199,31.441,200,1,909,
prover_hockey,3,2,182,1776919368232,33.484,200,1,909,
prover_hockey,3,2,183,1776919368263,30.378,200,1,909,
prover_hockey,3,2,184,1776919368292,29.493,200,1,909,
prover_hockey,3,2,185,1776919368326,33.421,200,1,909,
prover_hockey,3,2,186,1776919368357,31.616,200,1,909,
prover_hockey,3,2,187,1776919368387,29.783,200,1,909,
prover_hockey,3,2,188,1776919368420,32.544,200,1,909,
prover_hockey,3,2,189,1776919368452,32.632,200,1,909,
prover_hockey,3,2,190,1776919368485,32.67,200,1,909,
prover_hockey,3,2,191,1776919368518,33.491,200,1,909,
prover_hockey,3,2,192,1776919368549,30.116,200,1,909,
prover_hockey,3,2,193,1776919368579,30.391,200,1,909,
prover_hockey,3,2,194,1776919368613,34.451,200,1,909,
prover_hockey,3,2,195,1776919368643,29.926,200,1,909,
prover_hockey,3,2,196,1776919368676,32.963,200,1,909,
prover_hockey,3,2,197,1776919368708,31.657,200,1,909,
prover_hockey,3,2,198,1776919368741,32.637,200,1,909,
prover_hockey,3,2,199,1776919368773,32.394,200,1,909,
prover_hockey,3,2,200,1776919368806,33.071,200,1,909,
prover_hockey,3,2,201,1776919368838,31.975,200,1,909,
prover_hockey,3,2,202,1776919368868,30.256,200,1,909,
prover_hockey,3,2,203,1776919368898,29.354,200,1,909,
prover_hockey,3,2,204,1776919368929,31.593,200,1,909,
prover_hockey,3,2,205,1776919368961,31.87,200,1,909,
prover_hockey,3,2,206,1776919368993,31.508,200,1,909,
prover_hockey,3,2,207,1776919369024,31.036,200,1,909,
prover_hockey,3,2,208,1776919369057,33.433,200,1,909,
prover_hockey,3,2,209,1776919369088,30.928,200,1,909,
prover_hockey,3,2,210,1776919369119,30.68,200,1,909,
prover_hockey,3,2,211,1776919369149,30.443,200,1,909,
prover_hockey,3,2,212,1776919369181,32.249,200,1,909,
prover_hockey,3,2,213,1776919369212,30.472,200,1,909,
prover_hockey,3,2,214,1776919369245,32.624,200,1,909,
prover_hockey,3,2,215,1776919369276,31.813,200,1,909,
prover_hockey,3,2,216,1776919369309,32.539,200,1,909,
prover_hockey,3,2,217,1776919369343,34.446,200,1,909,
prover_hockey,3,2,218,1776919369373,29.608,200,1,909,
prover_hockey,3,2,219,1776919369406,32.499,200,1,909,
prover_hockey,3,2,220,1776919369438,32.189,200,1,909,
prover_hockey,3,2,221,1776919369471,33.718,200,1,909,
prover_hockey,3,2,222,1776919369502,30.655,200,1,909,
prover_hockey,3,2,223,1776919369537,34.558,200,1,909,
prover_hockey,3,2,224,1776919369567,30.297,200,1,909,
prover_hockey,3,2,225,1776919369600,33.303,200,1,909,
prover_hockey,3,2,226,1776919369632,32.124,200,1,909,
prover_hockey,3,2,227,1776919369665,32.17,200,1,909,
prover_hockey,3,2,228,1776919369698,33.459,200,1,909,
prover_hockey,3,2,229,1776919369732,34.223,200,1,909,
prover_hockey,3,2,230,1776919369762,30.218,200,1,909,
prover_hockey,3,2,231,1776919369794,31.298,200,1,909,
prover_hockey,3,2,232,1776919369826,32.196,200,1,909,
prover_hockey,3,2,233,1776919369856,30.237,200,1,909,
prover_hockey,3,2,234,1776919369888,32.221,200,1,909,
prover_hockey,3,2,235,1776919369921,32.456,200,1,909,
prover_hockey,3,2,236,1776919369953,32.401,200,1,909,
prover_hockey,3,2,237,1776919369985,31.359,200,1,909,
prover_hockey,3,2,238,1776919370018,33.603,200,1,909,
prover_hockey,3,2,239,1776919370049,30.886,200,1,909,
prover_hockey,3,2,240,1776919370080,31.314,200,1,909,
prover_hockey,3,2,241,1776919370111,30.639,200,1,909,
prover_hockey,3,2,242,1776919370143,32.181,200,1,909,
prover_hockey,3,2,243,1776919370173,30.143,200,1,909,
prover_hockey,3,2,244,1776919370205,31.439,200,1,909,
prover_hockey,3,2,245,1776919370237,31.918,200,1,909,
prover_hockey,3,2,246,1776919370268,31.559,200,1,909,
prover_hockey,3,2,247,1776919370300,31.149,200,1,909,
prover_hockey,3,2,248,1776919370331,31.52,200,1,909,
prover_hockey,3,2,249,1776919370365,34.143,200,1,909,
prover_hockey,3,2,250,1776919370395,29.883,200,1,909,
prover_hockey,3,2,251,1776919370426,31.419,200,1,909,
prover_hockey,3,2,252,1776919370459,32.006,200,1,909,
prover_hockey,3,2,253,1776919370490,31.894,200,1,909,
prover_hockey,3,2,254,1776919370522,31.623,200,1,909,
prover_hockey,3,2,255,1776919370554,32.08,200,1,909,
prover_hockey,3,2,256,1776919370585,30.51,200,1,909,
prover_hockey,3,2,257,1776919370616,31.464,200,1,909,
prover_hockey,3,2,258,1776919370646,30.303,200,1,909,
prover_hockey,3,2,259,1776919370678,31.684,200,1,909,
prover_hockey,3,2,260,1776919370710,32.178,200,1,909,
prover_hockey,3,2,261,1776919370742,31.791,200,1,909,
prover_hockey,3,2,262,1776919370773,31.287,200,1,909,
prover_hockey,3,2,263,1776919370802,29.074,200,1,909,
prover_hockey,3,2,264,1776919370833,30.537,200,1,909,
prover_hockey,3,2,265,1776919370864,30.634,200,1,909,
prover_hockey,3,2,266,1776919370895,31.442,200,1,909,
prover_hockey,3,2,267,1776919370928,32.608,200,1,909,
prover_hockey,3,2,268,1776919370960,32.504,200,1,909,
prover_hockey,3,2,269,1776919370992,31.836,200,1,909,
prover_hockey,3,2,270,1776919371023,31.163,200,1,909,
prover_hockey,3,2,271,1776919371060,36.713,200,1,909,
prover_hockey,3,2,272,1776919371090,29.812,200,1,909,
prover_hockey,3,2,273,1776919371122,32.239,200,1,909,
prover_hockey,3,2,274,1776919371153,30.996,200,1,909,
prover_hockey,3,2,275,1776919371183,29.873,200,1,909,
prover_hockey,3,2,276,1776919371212,29.357,200,1,909,
prover_hockey,3,2,277,1776919371243,30.808,200,1,909,
prover_hockey,3,2,278,1776919371276,32.734,200,1,909,
prover_hockey,3,2,279,1776919371307,31.4,200,1,909,
prover_hockey,3,2,280,1776919371338,30.622,200,1,909,
prover_hockey,3,2,281,1776919371372,34.431,200,1,909,
prover_hockey,3,2,282,1776919371404,31.996,200,1,909,
prover_hockey,3,2,283,1776919371435,30.594,200,1,909,
prover_hockey,3,2,284,1776919371469,33.708,200,1,909,
prover_hockey,3,2,285,1776919371498,29.954,200,1,909,
prover_hockey,3,2,286,1776919371532,33.684,200,1,909,
prover_hockey,3,2,287,1776919371561,28.803,200,1,909,
prover_hockey,3,2,288,1776919371592,31.224,200,1,909,
prover_hockey,3,2,289,1776919371623,30.494,200,1,909,
prover_hockey,3,2,290,1776919371652,29.544,200,1,909,
prover_hockey,3,2,291,1776919371684,31.855,200,1,909,
prover_hockey,3,2,292,1776919371713,28.965,200,1,909,
prover_hockey,3,2,293,1776919371743,30.377,200,1,909,
prover_hockey,3,2,294,1776919371776,32.627,200,1,909,
prover_hockey,3,2,295,1776919371807,30.751,200,1,909,
prover_hockey,3,2,296,1776919371838,30.882,200,1,909,
prover_hockey,3,2,297,1776919371868,30.067,200,1,909,
prover_hockey,3,2,298,1776919371901,32.853,200,1,909,
prover_hockey,3,2,299,1776919371931,30.439,200,1,909,
prover_hockey,3,2,300,1776919371965,34.194,200,1,909,
prover_hockey,3,2,301,1776919371997,31.653,200,1,909,
prover_hockey,3,2,302,1776919372030,33.01,200,1,909,
prover_hockey,3,2,303,1776919372059,29.049,200,1,909,
prover_hockey,3,2,304,1776919372089,29.976,200,1,909,
prover_hockey,3,2,305,1776919372120,30.532,200,1,909,
prover_hockey,3,2,306,1776919372150,30.086,200,1,909,
prover_hockey,3,2,307,1776919372179,29.31,200,1,909,
prover_hockey,3,2,308,1776919372210,31.278,200,1,909,
prover_hockey,3,2,309,1776919372245,34.558,200,1,909,
prover_hockey,3,2,310,1776919372276,31.454,200,1,909,
prover_hockey,3,2,311,1776919372306,30.088,200,1,909,
prover_hockey,3,2,312,1776919372336,29.384,200,1,909,
prover_hockey,3,2,313,1776919372367,31.29,200,1,909,
prover_hockey,3,2,314,1776919372400,32.689,200,1,909,
prover_hockey,3,2,315,1776919372429,29.361,200,1,909,
prover_hockey,3,2,316,1776919372462,32.564,200,1,909,
prover_hockey,3,2,317,1776919372492,30.801,200,1,909,
prover_hockey,3,2,318,1776919372523,31.013,200,1,909,
prover_hockey,3,2,319,1776919372557,33.14,200,1,909,
prover_hockey,3,2,320,1776919372589,32.067,200,1,909,
prover_hockey,3,2,321,1776919372619,30.768,200,1,909,
prover_hockey,3,2,322,1776919372649,29.235,200,1,909,
prover_hockey,3,2,323,1776919372680,31.163,200,1,909,
prover_hockey,3,2,324,1776919372709,28.93,200,1,909,
prover_hockey,3,2,325,1776919372743,33.934,200,1,909,
prover_hockey,3,2,326,1776919372772,29.286,200,1,909,
prover_hockey,3,2,327,1776919372802,30.298,200,1,909,
prover_hockey,3,2,328,1776919372832,29.529,200,1,909,
prover_hockey,3,2,329,1776919372864,32.426,200,1,909,
prover_hockey,3,2,330,1776919372895,30.279,200,1,909,
prover_hockey,3,2,331,1776919372926,31.65,200,1,909,
prover_hockey,3,2,332,1776919372956,30.272,200,1,909,
prover_hockey,3,2,333,1776919372989,32.817,200,1,909,
prover_hockey,3,2,334,1776919373020,30.588,200,1,909,
prover_hockey,3,2,335,1776919373051,31.562,200,1,909,
prover_hockey,3,2,336,1776919373084,32.502,200,1,909,
prover_hockey,3,2,337,1776919373118,33.629,200,1,909,
prover_hockey,3,2,338,1776919373148,30.854,200,1,909,
prover_hockey,3,2,339,1776919373180,31.31,200,1,909,
prover_hockey,3,2,340,1776919373211,31.072,200,1,909,
prover_hockey,3,2,341,1776919373242,31.121,200,1,909,
prover_hockey,3,2,342,1776919373272,30.091,200,1,909,
prover_hockey,3,2,343,1776919373304,31.485,200,1,909,
prover_hockey,3,2,344,1776919373337,33.594,200,1,909,
prover_hockey,3,2,345,1776919373369,31.783,200,1,909,
prover_hockey,3,2,346,1776919373398,29.518,200,1,909,
prover_hockey,3,2,347,1776919373429,30.265,200,1,909,
prover_hockey,3,2,348,1776919373461,32.669,200,1,909,
prover_hockey,3,2,349,1776919373492,30.981,200,1,909,
prover_hockey,3,2,350,1776919373522,29.644,200,1,909,
prover_hockey,3,2,351,1776919373552,30.086,200,1,909,
prover_hockey,3,2,352,1776919373582,30.047,200,1,909,
prover_hockey,3,2,353,1776919373613,30.877,200,1,909,
prover_hockey,3,2,354,1776919373643,29.866,200,1,909,
prover_hockey,3,2,355,1776919373672,28.704,200,1,909,
prover_hockey,3,2,356,1776919373704,32.354,200,1,909,
prover_hockey,3,2,357,1776919373735,31.042,200,1,909,
prover_hockey,3,2,358,1776919373766,31.401,200,1,909,
prover_hockey,3,2,359,1776919373797,30.505,200,1,909,
prover_hockey,3,2,360,1776919373829,32.466,200,1,909,
prover_hockey,3,2,361,1776919373858,28.992,200,1,909,
prover_hockey,3,2,362,1776919373890,31.342,200,1,909,
prover_hockey,3,2,363,1776919373920,30.363,200,1,909,
prover_hockey,3,2,364,1776919373953,32.548,200,1,909,
prover_hockey,3,2,365,1776919373982,29.035,200,1,909,
prover_hockey,3,2,366,1776919374012,30.336,200,1,909,
prover_hockey,3,2,367,1776919374042,29.666,200,1,909,
prover_hockey,3,2,368,1776919374073,31.251,200,1,909,
prover_hockey,3,2,369,1776919374105,32.236,200,1,909,
prover_hockey,3,2,370,1776919374137,31.822,200,1,909,
prover_hockey,3,2,371,1776919374166,29.334,200,1,909,
prover_hockey,3,2,372,1776919374196,30.148,200,1,909,
prover_hockey,3,2,373,1776919374228,31.527,200,1,909,
prover_hockey,3,2,374,1776919374259,30.684,200,1,909,
prover_hockey,3,2,375,1776919374287,28.501,200,1,909,
prover_hockey,3,2,376,1776919374318,30.886,200,1,909,
prover_hockey,3,2,377,1776919374349,30.588,200,1,909,
prover_hockey,3,2,378,1776919374379,30.685,200,1,909,
prover_hockey,3,2,379,1776919374411,31.294,200,1,909,
prover_hockey,3,2,380,1776919374442,31.787,200,1,909,
prover_hockey,3,2,381,1776919374473,30.525,200,1,909,
prover_hockey,3,2,382,1776919374507,34.021,200,1,909,
prover_hockey,3,2,383,1776919374539,31.561,200,1,909,
prover_hockey,3,2,384,1776919374571,32.403,200,1,909,
prover_hockey,3,2,385,1776919374602,30.877,200,1,909,
prover_hockey,3,2,386,1776919374632,30.245,200,1,909,
prover_hockey,3,2,387,1776919374662,29.936,200,1,909,
prover_hockey,3,2,388,1776919374695,33,200,1,909,
prover_hockey,3,2,389,1776919374726,31.058,200,1,909,
prover_hockey,3,2,390,1776919374756,29.911,200,1,909,
prover_hockey,3,2,391,1776919374785,28.877,200,1,909,
prover_hockey,3,2,392,1776919374817,31.726,200,1,909,
prover_hockey,3,2,393,1776919374854,37.145,200,1,909,
prover_hockey,3,2,394,1776919374886,31.865,200,1,909,
prover_hockey,3,2,395,1776919374916,30.787,200,1,909,
prover_hockey,3,2,396,1776919374949,32.476,200,1,909,
prover_hockey,3,2,397,1776919374980,30.89,200,1,909,
prover_hockey,3,2,398,1776919375012,31.977,200,1,909,
prover_hockey,3,2,399,1776919375042,29.963,200,1,909,
prover_hockey,3,2,400,1776919375074,31.963,200,1,909,
prover_hockey,3,2,401,1776919375103,29.034,200,1,909,
prover_hockey,3,2,402,1776919375134,31.68,200,1,909,
prover_hockey,3,2,403,1776919375165,30.211,200,1,909,
prover_hockey,3,2,404,1776919375196,31.744,200,1,909,
prover_hockey,3,2,405,1776919375227,30.551,200,1,909,
prover_hockey,3,2,406,1776919375259,31.662,200,1,909,
prover_hockey,3,2,407,1776919375290,30.934,200,1,909,
prover_hockey,3,2,408,1776919375321,31.516,200,1,909,
prover_hockey,3,2,409,1776919375350,29.138,200,1,909,
prover_hockey,3,2,410,1776919375381,31.157,200,1,909,
prover_hockey,3,2,411,1776919375412,31.083,200,1,909,
prover_hockey,3,2,412,1776919375445,32.867,200,1,909,
prover_hockey,3,2,413,1776919375477,31.334,200,1,909,
prover_hockey,3,2,414,1776919375508,31.075,200,1,909,
prover_hockey,3,2,415,1776919375541,33.256,200,1,909,
prover_hockey,3,2,416,1776919375571,30.141,200,1,909,
prover_hockey,3,2,417,1776919375602,30.408,200,1,909,
prover_hockey,3,2,418,1776919375634,32.708,200,1,909,
prover_hockey,3,2,419,1776919375666,31.23,200,1,909,
prover_hockey,3,2,420,1776919375696,30.72,200,1,909,
prover_hockey,3,2,421,1776919375726,29.551,200,1,909,
prover_hockey,3,2,422,1776919375758,32.608,200,1,909,
prover_hockey,3,2,423,1776919375790,31.386,200,1,909,
prover_hockey,3,2,424,1776919375821,30.735,200,1,909,
prover_hockey,3,2,425,1776919375851,30.058,200,1,909,
prover_hockey,3,2,426,1776919375881,30.645,200,1,909,
prover_hockey,3,2,427,1776919375913,31.733,200,1,909,
prover_hockey,3,2,428,1776919375942,28.989,200,1,909,
prover_hockey,3,2,429,1776919375974,31.844,200,1,909,
prover_hockey,3,2,430,1776919376004,30.156,200,1,909,
prover_hockey,3,2,431,1776919376034,30.144,200,1,909,
prover_hockey,3,2,432,1776919376064,29.986,200,1,909,
prover_hockey,3,2,433,1776919376096,32.3,200,1,909,
prover_hockey,3,2,434,1776919376128,31.313,200,1,909,
prover_hockey,3,2,435,1776919376160,31.876,200,1,909,
prover_hockey,3,2,436,1776919376190,30.664,200,1,909,
prover_hockey,3,2,437,1776919376220,29.832,200,1,909,
prover_hockey,3,2,438,1776919376252,31.477,200,1,909,
prover_hockey,3,2,439,1776919376284,31.971,200,1,909,
prover_hockey,3,2,440,1776919376315,31.303,200,1,909,
prover_hockey,3,2,441,1776919376346,30.91,200,1,909,
prover_hockey,3,2,442,1776919376379,32.776,200,1,909,
prover_hockey,3,2,443,1776919376410,31.8,200,1,909,
prover_hockey,3,2,444,1776919376440,29.34,200,1,909,
prover_hockey,3,2,445,1776919376472,32.419,200,1,909,
prover_hockey,3,2,446,1776919376504,31.358,200,1,909,
prover_hockey,3,2,447,1776919376535,31.754,200,1,909,
prover_hockey,3,2,448,1776919376567,32.069,200,1,909,
prover_hockey,3,2,449,1776919376598,30.942,200,1,909,
prover_hockey,3,2,450,1776919376630,32.047,200,1,909,
prover_hockey,3,2,451,1776919376664,33.458,200,1,909,
prover_hockey,3,2,452,1776919376694,30.215,200,1,909,
prover_hockey,3,2,453,1776919376724,30.247,200,1,909,
prover_hockey,3,2,454,1776919376756,31.238,200,1,909,
prover_hockey,3,2,455,1776919376787,31.054,200,1,909,
prover_hockey,3,2,456,1776919376818,31.509,200,1,909,
prover_hockey,3,2,457,1776919376850,31.565,200,1,909,
prover_hockey,3,2,458,1776919376879,29.048,200,1,909,
prover_hockey,3,2,459,1776919376910,30.886,200,1,909,
prover_hockey,3,2,460,1776919376940,30.05,200,1,909,
prover_hockey,3,2,461,1776919376970,30.47,200,1,909,
prover_hockey,3,2,462,1776919377000,30.05,200,1,909,
prover_hockey,3,2,463,1776919377033,32.843,200,1,909,
prover_hockey,3,2,464,1776919377064,30.624,200,1,909,
prover_hockey,3,2,465,1776919377094,30.108,200,1,909,
prover_hockey,3,2,466,1776919377126,32.298,200,1,909,
prover_hockey,3,2,467,1776919377157,30.546,200,1,909,
prover_hockey,3,2,468,1776919377187,30.369,200,1,909,
prover_hockey,3,2,469,1776919377216,29.416,200,1,909,
prover_hockey,3,2,470,1776919377249,32.158,200,1,909,
prover_hockey,3,2,471,1776919377280,31.737,200,1,909,
prover_hockey,3,2,472,1776919377312,31.382,200,1,909,
prover_hockey,3,2,473,1776919377342,29.873,200,1,909,
prover_hockey,3,2,474,1776919377375,33.193,200,1,909,
prover_hockey,3,2,475,1776919377406,31.32,200,1,909,
prover_hockey,3,2,476,1776919377437,31.129,200,1,909,
prover_hockey,5,0,0,1776919387494,46.1,200,1,909,
prover_hockey,5,0,1,1776919387534,39.963,200,1,909,
prover_hockey,5,0,2,1776919387566,32.863,200,1,909,
prover_hockey,5,0,3,1776919387600,33.595,200,1,909,
prover_hockey,5,0,4,1776919387635,34.986,200,1,909,
prover_hockey,5,0,5,1776919387668,33.002,200,1,909,
prover_hockey,5,0,6,1776919387698,30.17,200,1,909,
prover_hockey,5,0,7,1776919387730,31.668,200,1,909,
prover_hockey,5,0,8,1776919387763,33.131,200,1,909,
prover_hockey,5,0,9,1776919387796,33.511,200,1,909,
prover_hockey,5,0,10,1776919387827,30.964,200,1,909,
prover_hockey,5,0,11,1776919387859,31.093,200,1,909,
prover_hockey,5,0,12,1776919387894,34.991,200,1,909,
prover_hockey,5,0,13,1776919387925,31.6,200,1,909,
prover_hockey,5,0,14,1776919387959,33.872,200,1,909,
prover_hockey,5,0,15,1776919387991,32.158,200,1,909,
prover_hockey,5,0,16,1776919388024,32.905,200,1,909,
prover_hockey,5,0,17,1776919388055,31.301,200,1,909,
prover_hockey,5,0,18,1776919388086,30.665,200,1,909,
prover_hockey,5,0,19,1776919388129,42.583,200,1,909,
prover_hockey,5,0,20,1776919388160,31.727,200,1,909,
prover_hockey,5,0,21,1776919388190,29.262,200,1,909,
prover_hockey,5,0,22,1776919388228,37.861,200,1,909,
prover_hockey,5,0,23,1776919388260,32.286,200,1,909,
prover_hockey,5,0,24,1776919388288,28.358,200,1,909,
prover_hockey,5,0,25,1776919388318,29.843,200,1,909,
prover_hockey,5,0,26,1776919388348,29.616,200,1,909,
prover_hockey,5,0,27,1776919388380,31.965,200,1,909,
prover_hockey,5,0,28,1776919388409,29.847,200,1,909,
prover_hockey,5,0,29,1776919388446,36.212,200,1,909,
prover_hockey,5,0,30,1776919388485,39.003,200,1,909,
prover_hockey,5,0,31,1776919388520,35.357,200,1,909,
prover_hockey,5,0,32,1776919388549,28.984,200,1,909,
prover_hockey,5,0,33,1776919388580,31.301,200,1,909,
prover_hockey,5,0,34,1776919388610,29.232,200,1,909,
prover_hockey,5,0,35,1776919388640,30.311,200,1,909,
prover_hockey,5,0,36,1776919388671,30.626,200,1,909,
prover_hockey,5,0,37,1776919388707,36.843,200,1,909,
prover_hockey,5,0,38,1776919388738,30.96,200,1,909,
prover_hockey,5,0,39,1776919388770,31.459,200,1,909,
prover_hockey,5,0,40,1776919388802,32.649,200,1,909,
prover_hockey,5,0,41,1776919388834,31.854,200,1,909,
prover_hockey,5,0,42,1776919388868,34.047,200,1,909,
prover_hockey,5,0,43,1776919388900,31.235,200,1,909,
prover_hockey,5,0,44,1776919388929,29.324,200,1,909,
prover_hockey,5,0,45,1776919388960,31.074,200,1,909,
prover_hockey,5,0,46,1776919388989,29.241,200,1,909,
prover_hockey,5,0,47,1776919389020,31.186,200,1,909,
prover_hockey,5,0,48,1776919389051,30.648,200,1,909,
prover_hockey,5,0,49,1776919389083,31.954,200,1,909,
prover_hockey,5,0,50,1776919389118,34.811,200,1,909,
prover_hockey,5,0,51,1776919389148,30.588,200,1,909,
prover_hockey,5,0,52,1776919389182,33.25,200,1,909,
prover_hockey,5,0,53,1776919389213,31.339,200,1,909,
prover_hockey,5,0,54,1776919389243,30.158,200,1,909,
prover_hockey,5,0,55,1776919389276,32.625,200,1,909,
prover_hockey,5,0,56,1776919389306,30.151,200,1,909,
prover_hockey,5,0,57,1776919389346,39.65,200,1,909,
prover_hockey,5,0,58,1776919389375,29.692,200,1,909,
prover_hockey,5,0,59,1776919389407,31.72,200,1,909,
prover_hockey,5,0,60,1776919389440,32.928,200,1,909,
prover_hockey,5,0,61,1776919389471,31.176,200,1,909,
prover_hockey,5,0,62,1776919389502,30.547,200,1,909,
prover_hockey,5,0,63,1776919389532,30.334,200,1,909,
prover_hockey,5,0,64,1776919389563,30.854,200,1,909,
prover_hockey,5,0,65,1776919389601,37.995,200,1,909,
prover_hockey,5,0,66,1776919389630,29.313,200,1,909,
prover_hockey,5,0,67,1776919389663,32.385,200,1,909,
prover_hockey,5,0,68,1776919389694,30.962,200,1,909,
prover_hockey,5,0,69,1776919389725,31.055,200,1,909,
prover_hockey,5,0,70,1776919389755,30.364,200,1,909,
prover_hockey,5,0,71,1776919389786,30.819,200,1,909,
prover_hockey,5,0,72,1776919389817,30.725,200,1,909,
prover_hockey,5,0,73,1776919389847,30.403,200,1,909,
prover_hockey,5,0,74,1776919389875,28.137,200,1,909,
prover_hockey,5,0,75,1776919389912,37.068,200,1,909,
prover_hockey,5,0,76,1776919389943,31.22,200,1,909,
prover_hockey,5,0,77,1776919389974,30.897,200,1,909,
prover_hockey,5,0,78,1776919390005,30.331,200,1,909,
prover_hockey,5,0,79,1776919390039,33.956,200,1,909,
prover_hockey,5,0,80,1776919390069,30.418,200,1,909,
prover_hockey,5,0,81,1776919390101,32.276,200,1,909,
prover_hockey,5,0,82,1776919390131,30.017,200,1,909,
prover_hockey,5,0,83,1776919390162,30.813,200,1,909,
prover_hockey,5,0,84,1776919390196,33.824,200,1,909,
prover_hockey,5,0,85,1776919390225,29.534,200,1,909,
prover_hockey,5,0,86,1776919390265,39.488,200,1,909,
prover_hockey,5,0,87,1776919390295,29.975,200,1,909,
prover_hockey,5,0,88,1776919390335,39.812,200,1,909,
prover_hockey,5,0,89,1776919390379,44.263,200,1,909,
prover_hockey,5,0,90,1776919390413,33.951,200,1,909,
prover_hockey,5,0,91,1776919390444,30.973,200,1,909,
prover_hockey,5,0,92,1776919390476,32.058,200,1,909,
prover_hockey,5,0,93,1776919390507,31.326,200,1,909,
prover_hockey,5,0,94,1776919390543,35.623,200,1,909,
prover_hockey,5,0,95,1776919390576,32.948,200,1,909,
prover_hockey,5,0,96,1776919390609,32.83,200,1,909,
prover_hockey,5,0,97,1776919390640,31.004,200,1,909,
prover_hockey,5,0,98,1776919390672,32.251,200,1,909,
prover_hockey,5,0,99,1776919390701,29.347,200,1,909,
prover_hockey,5,0,100,1776919390735,33.691,200,1,909,
prover_hockey,5,0,101,1776919390765,29.782,200,1,909,
prover_hockey,5,0,102,1776919390797,31.842,200,1,909,
prover_hockey,5,0,103,1776919390827,29.994,200,1,909,
prover_hockey,5,0,104,1776919390862,34.889,200,1,909,
prover_hockey,5,0,105,1776919390893,31.362,200,1,909,
prover_hockey,5,0,106,1776919390931,37.863,200,1,909,
prover_hockey,5,0,107,1776919390961,30.61,200,1,909,
prover_hockey,5,0,108,1776919390992,30.868,200,1,909,
prover_hockey,5,0,109,1776919391023,30.786,200,1,909,
prover_hockey,5,0,110,1776919391061,38.104,200,1,909,
prover_hockey,5,0,111,1776919391093,31.845,200,1,909,
prover_hockey,5,0,112,1776919391125,32.089,200,1,909,
prover_hockey,5,0,113,1776919391156,30.977,200,1,909,
prover_hockey,5,0,114,1776919391189,32.773,200,1,909,
prover_hockey,5,0,115,1776919391218,29.368,200,1,909,
prover_hockey,5,0,116,1776919391254,35.702,200,1,909,
prover_hockey,5,0,117,1776919391283,28.936,200,1,909,
prover_hockey,5,0,118,1776919391312,29.555,200,1,909,
prover_hockey,5,0,119,1776919391344,31.534,200,1,909,
prover_hockey,5,0,120,1776919391374,29.599,200,1,909,
prover_hockey,5,0,121,1776919391404,29.972,200,1,909,
prover_hockey,5,0,122,1776919391436,32.737,200,1,909,
prover_hockey,5,0,123,1776919391483,47.09,200,1,909,
prover_hockey,5,0,124,1776919391514,30.313,200,1,909,
prover_hockey,5,0,125,1776919391546,31.876,200,1,909,
prover_hockey,5,0,126,1776919391579,32.935,200,1,909,
prover_hockey,5,0,127,1776919391619,40.228,200,1,909,
prover_hockey,5,0,128,1776919391648,28.751,200,1,909,
prover_hockey,5,0,129,1776919391678,30.475,200,1,909,
prover_hockey,5,0,130,1776919391709,30.586,200,1,909,
prover_hockey,5,0,131,1776919391750,41.901,200,1,909,
prover_hockey,5,0,132,1776919391779,28.346,200,1,909,
prover_hockey,5,0,133,1776919391811,32.048,200,1,909,
prover_hockey,5,0,134,1776919391843,31.853,200,1,909,
prover_hockey,5,0,135,1776919391875,31.774,200,1,909,
prover_hockey,5,0,136,1776919391905,30.583,200,1,909,
prover_hockey,5,0,137,1776919391936,30.41,200,1,909,
prover_hockey,5,0,138,1776919391970,34.25,200,1,909,
prover_hockey,5,0,139,1776919392001,31.276,200,1,909,
prover_hockey,5,0,140,1776919392036,35.401,200,1,909,
prover_hockey,5,0,141,1776919392066,29.633,200,1,909,
prover_hockey,5,0,142,1776919392096,30.079,200,1,909,
prover_hockey,5,0,143,1776919392124,28.063,200,1,909,
prover_hockey,5,0,144,1776919392159,34.65,200,1,909,
prover_hockey,5,0,145,1776919392189,29.816,200,1,909,
prover_hockey,5,0,146,1776919392221,32.013,200,1,909,
prover_hockey,5,0,147,1776919392252,31.005,200,1,909,
prover_hockey,5,0,148,1776919392283,30.79,200,1,909,
prover_hockey,5,0,149,1776919392317,34.602,200,1,909,
prover_hockey,5,0,150,1776919392348,30.98,200,1,909,
prover_hockey,5,0,151,1776919392379,30.966,200,1,909,
prover_hockey,5,0,152,1776919392425,46.224,200,1,909,
prover_hockey,5,0,153,1776919392455,29.701,200,1,909,
prover_hockey,5,0,154,1776919392490,35.017,200,1,909,
prover_hockey,5,0,155,1776919392523,32.995,200,1,909,
prover_hockey,5,0,156,1776919392552,29.375,200,1,909,
prover_hockey,5,0,157,1776919392583,30.707,200,1,909,
prover_hockey,5,0,158,1776919392613,29.955,200,1,909,
prover_hockey,5,0,159,1776919392647,34.125,200,1,909,
prover_hockey,5,0,160,1776919392679,31.795,200,1,909,
prover_hockey,5,0,161,1776919392708,29.17,200,1,909,
prover_hockey,5,0,162,1776919392757,48.467,200,1,909,
prover_hockey,5,0,163,1776919392787,30.25,200,1,909,
prover_hockey,5,0,164,1776919392816,29.151,200,1,909,
prover_hockey,5,0,165,1776919392848,31.981,200,1,909,
prover_hockey,5,0,166,1776919392889,40.913,200,1,909,
prover_hockey,5,0,167,1776919392920,30.576,200,1,909,
prover_hockey,5,0,168,1776919392950,30.697,200,1,909,
prover_hockey,5,0,169,1776919392981,30.701,200,1,909,
prover_hockey,5,0,170,1776919393016,35.447,200,1,909,
prover_hockey,5,0,171,1776919393046,29.108,200,1,909,
prover_hockey,5,0,172,1776919393083,37.341,200,1,909,
prover_hockey,5,0,173,1776919393113,29.732,200,1,909,
prover_hockey,5,0,174,1776919393143,30.579,200,1,909,
prover_hockey,5,0,175,1776919393176,32.927,200,1,909,
prover_hockey,5,0,176,1776919393209,32.433,200,1,909,
prover_hockey,5,0,177,1776919393237,28.75,200,1,909,
prover_hockey,5,0,178,1776919393271,34.106,200,1,909,
prover_hockey,5,0,179,1776919393303,31.488,200,1,909,
prover_hockey,5,0,180,1776919393333,29.687,200,1,909,
prover_hockey,5,0,181,1776919393365,32.077,200,1,909,
prover_hockey,5,0,182,1776919393393,28.492,200,1,909,
prover_hockey,5,0,183,1776919393422,29.275,200,1,909,
prover_hockey,5,0,184,1776919393454,31.246,200,1,909,
prover_hockey,5,0,185,1776919393485,30.958,200,1,909,
prover_hockey,5,0,186,1776919393514,29.297,200,1,909,
prover_hockey,5,0,187,1776919393547,32.58,200,1,909,
prover_hockey,5,0,188,1776919393576,29.292,200,1,909,
prover_hockey,5,0,189,1776919393610,34.548,200,1,909,
prover_hockey,5,0,190,1776919393642,31.629,200,1,909,
prover_hockey,5,0,191,1776919393673,30.899,200,1,909,
prover_hockey,5,0,192,1776919393706,32.839,200,1,909,
prover_hockey,5,0,193,1776919393736,30.499,200,1,909,
prover_hockey,5,0,194,1776919393768,31.843,200,1,909,
prover_hockey,5,0,195,1776919393797,28.687,200,1,909,
prover_hockey,5,0,196,1776919393831,34.127,200,1,909,
prover_hockey,5,0,197,1776919393862,31.032,200,1,909,
prover_hockey,5,0,198,1776919393894,32.034,200,1,909,
prover_hockey,5,0,199,1776919393925,30.662,200,1,909,
prover_hockey,5,0,200,1776919393958,32.842,200,1,909,
prover_hockey,5,0,201,1776919393993,35.908,200,1,909,
prover_hockey,5,0,202,1776919394025,31.586,200,1,909,
prover_hockey,5,0,203,1776919394055,30.027,200,1,909,
prover_hockey,5,0,204,1776919394085,30.091,200,1,909,
prover_hockey,5,0,205,1776919394127,41.957,200,1,909,
prover_hockey,5,0,206,1776919394156,29.075,200,1,909,
prover_hockey,5,0,207,1776919394189,32.57,200,1,909,
prover_hockey,5,0,208,1776919394218,29.295,200,1,909,
prover_hockey,5,0,209,1776919394254,35.836,200,1,909,
prover_hockey,5,0,210,1776919394283,28.879,200,1,909,
prover_hockey,5,0,211,1776919394313,29.805,200,1,909,
prover_hockey,5,0,212,1776919394344,31.356,200,1,909,
prover_hockey,5,0,213,1776919394378,34.427,200,1,909,
prover_hockey,5,0,214,1776919394409,30.693,200,1,909,
prover_hockey,5,0,215,1776919394440,31.171,200,1,909,
prover_hockey,5,0,216,1776919394470,29.961,200,1,909,
prover_hockey,5,0,217,1776919394503,32.712,200,1,909,
prover_hockey,5,0,218,1776919394533,29.69,200,1,909,
prover_hockey,5,0,219,1776919394571,38.14,200,1,909,
prover_hockey,5,0,220,1776919394602,31.301,200,1,909,
prover_hockey,5,0,221,1776919394643,41.082,200,1,909,
prover_hockey,5,0,222,1776919394674,30.593,200,1,909,
prover_hockey,5,0,223,1776919394702,28.349,200,1,909,
prover_hockey,5,0,224,1776919394734,31.56,200,1,909,
prover_hockey,5,0,225,1776919394765,31.305,200,1,909,
prover_hockey,5,0,226,1776919394796,30.851,200,1,909,
prover_hockey,5,0,227,1776919394826,30.056,200,1,909,
prover_hockey,5,0,228,1776919394856,30.557,200,1,909,
prover_hockey,5,0,229,1776919394889,32.972,200,1,909,
prover_hockey,5,0,230,1776919394922,33.073,200,1,909,
prover_hockey,5,0,231,1776919394954,31.194,200,1,909,
prover_hockey,5,0,232,1776919394984,30.574,200,1,909,
prover_hockey,5,0,233,1776919395013,29.034,200,1,909,
prover_hockey,5,0,234,1776919395051,37.938,200,1,909,
prover_hockey,5,0,235,1776919395082,30.953,200,1,909,
prover_hockey,5,0,236,1776919395117,34.595,200,1,909,
prover_hockey,5,0,237,1776919395146,28.944,200,1,909,
prover_hockey,5,0,238,1776919395178,31.938,200,1,909,
prover_hockey,5,0,239,1776919395208,30.613,200,1,909,
prover_hockey,5,0,240,1776919395241,33.044,200,1,909,
prover_hockey,5,0,241,1776919395273,31.597,200,1,909,
prover_hockey,5,0,242,1776919395310,37.255,200,1,909,
prover_hockey,5,0,243,1776919395341,30.6,200,1,909,
prover_hockey,5,0,244,1776919395374,32.74,200,1,909,
prover_hockey,5,0,245,1776919395409,35.829,200,1,909,
prover_hockey,5,0,246,1776919395440,30.188,200,1,909,
prover_hockey,5,0,247,1776919395473,33.095,200,1,909,
prover_hockey,5,0,248,1776919395504,31.659,200,1,909,
prover_hockey,5,0,249,1776919395537,32.707,200,1,909,
prover_hockey,5,0,250,1776919395571,33.916,200,1,909,
prover_hockey,5,0,251,1776919395601,30.058,200,1,909,
prover_hockey,5,0,252,1776919395634,33.249,200,1,909,
prover_hockey,5,0,253,1776919395663,28.877,200,1,909,
prover_hockey,5,0,254,1776919395696,33.18,200,1,909,
prover_hockey,5,0,255,1776919395737,40.702,200,1,909,
prover_hockey,5,0,256,1776919395766,29.425,200,1,909,
prover_hockey,5,0,257,1776919395797,30.997,200,1,909,
prover_hockey,5,0,258,1776919395828,30.046,200,1,909,
prover_hockey,5,0,259,1776919395863,35.525,200,1,909,
prover_hockey,5,0,260,1776919395892,28.872,200,1,909,
prover_hockey,5,0,261,1776919395924,32.078,200,1,909,
prover_hockey,5,0,262,1776919395954,30.198,200,1,909,
prover_hockey,5,0,263,1776919395993,38.526,200,1,909,
prover_hockey,5,0,264,1776919396023,30.384,200,1,909,
prover_hockey,5,0,265,1776919396054,30.567,200,1,909,
prover_hockey,5,0,266,1776919396086,32.565,200,1,909,
prover_hockey,5,0,267,1776919396130,44.187,200,1,909,
prover_hockey,5,0,268,1776919396162,31.906,200,1,909,
prover_hockey,5,0,269,1776919396193,30.757,200,1,909,
prover_hockey,5,0,270,1776919396228,34.61,200,1,909,
prover_hockey,5,0,271,1776919396267,39.605,200,1,909,
prover_hockey,5,0,272,1776919396298,31.078,200,1,909,
prover_hockey,5,0,273,1776919396327,28.991,200,1,909,
prover_hockey,5,0,274,1776919396359,31.333,200,1,909,
prover_hockey,5,0,275,1776919396391,31.915,200,1,909,
prover_hockey,5,0,276,1776919396422,31.516,200,1,909,
prover_hockey,5,0,277,1776919396455,32.409,200,1,909,
prover_hockey,5,0,278,1776919396483,28.121,200,1,909,
prover_hockey,5,0,279,1776919396512,28.946,200,1,909,
prover_hockey,5,0,280,1776919396541,29.462,200,1,909,
prover_hockey,5,0,281,1776919396573,32.357,200,1,909,
prover_hockey,5,0,282,1776919396610,36.177,200,1,909,
prover_hockey,5,0,283,1776919396649,39.703,200,1,909,
prover_hockey,5,0,284,1776919396679,30.1,200,1,909,
prover_hockey,5,0,285,1776919396711,31.816,200,1,909,
prover_hockey,5,0,286,1776919396741,30.028,200,1,909,
prover_hockey,5,0,287,1776919396775,34.114,200,1,909,
prover_hockey,5,0,288,1776919396804,28.925,200,1,909,
prover_hockey,5,0,289,1776919396837,32.543,200,1,909,
prover_hockey,5,0,290,1776919396865,28.456,200,1,909,
prover_hockey,5,0,291,1776919396899,33.691,200,1,909,
prover_hockey,5,0,292,1776919396938,39.065,200,1,909,
prover_hockey,5,0,293,1776919396972,33.875,200,1,909,
prover_hockey,5,0,294,1776919397004,31.729,200,1,909,
prover_hockey,5,0,295,1776919397033,28.821,200,1,909,
prover_hockey,5,0,296,1776919397063,30.372,200,1,909,
prover_hockey,5,0,297,1776919397093,29.619,200,1,909,
prover_hockey,5,0,298,1776919397127,34.15,200,1,909,
prover_hockey,5,0,299,1776919397160,33.227,200,1,909,
prover_hockey,5,1,0,1776919387501,53.089,200,1,909,
prover_hockey,5,1,1,1776919387532,31.369,200,1,909,
prover_hockey,5,1,2,1776919387566,33.726,200,1,909,
prover_hockey,5,1,3,1776919387600,33.593,200,1,909,
prover_hockey,5,1,4,1776919387632,32.666,200,1,909,
prover_hockey,5,1,5,1776919387661,28.864,200,1,909,
prover_hockey,5,1,6,1776919387693,31.7,200,1,909,
prover_hockey,5,1,7,1776919387727,34.141,200,1,909,
prover_hockey,5,1,8,1776919387760,32.566,200,1,909,
prover_hockey,5,1,9,1776919387799,39.491,200,1,909,
prover_hockey,5,1,10,1776919387835,35.908,200,1,909,
prover_hockey,5,1,11,1776919387867,32.473,200,1,909,
prover_hockey,5,1,12,1776919387898,30.206,200,1,909,
prover_hockey,5,1,13,1776919387932,33.9,200,1,909,
prover_hockey,5,1,14,1776919387963,31.889,200,1,909,
prover_hockey,5,1,15,1776919387998,34.218,200,1,909,
prover_hockey,5,1,16,1776919388027,29.354,200,1,909,
prover_hockey,5,1,17,1776919388064,36.952,200,1,909,
prover_hockey,5,1,18,1776919388095,30.583,200,1,909,
prover_hockey,5,1,19,1776919388126,31.363,200,1,909,
prover_hockey,5,1,20,1776919388158,31.829,200,1,909,
prover_hockey,5,1,21,1776919388190,32.32,200,1,909,
prover_hockey,5,1,22,1776919388222,32.068,200,1,909,
prover_hockey,5,1,23,1776919388251,28.86,200,1,909,
prover_hockey,5,1,24,1776919388280,29.057,200,1,909,
prover_hockey,5,1,25,1776919388317,36.607,200,1,909,
prover_hockey,5,1,26,1776919388353,36.354,200,1,909,
prover_hockey,5,1,27,1776919388384,30.907,200,1,909,
prover_hockey,5,1,28,1776919388419,34.664,200,1,909,
prover_hockey,5,1,29,1776919388450,31.045,200,1,909,
prover_hockey,5,1,30,1776919388483,32.95,200,1,909,
prover_hockey,5,1,31,1776919388514,30.961,200,1,909,
prover_hockey,5,1,32,1776919388544,30.339,200,1,909,
prover_hockey,5,1,33,1776919388577,32.751,200,1,909,
prover_hockey,5,1,34,1776919388607,30.067,200,1,909,
prover_hockey,5,1,35,1776919388642,35.062,200,1,909,
prover_hockey,5,1,36,1776919388673,31.637,200,1,909,
prover_hockey,5,1,37,1776919388705,31.664,200,1,909,
prover_hockey,5,1,38,1776919388737,32.01,200,1,909,
prover_hockey,5,1,39,1776919388770,33.154,200,1,909,
prover_hockey,5,1,40,1776919388801,30.674,200,1,909,
prover_hockey,5,1,41,1776919388834,32.932,200,1,909,
prover_hockey,5,1,42,1776919388870,36.463,200,1,909,
prover_hockey,5,1,43,1776919388911,40.927,200,1,909,
prover_hockey,5,1,44,1776919388943,31.925,200,1,909,
prover_hockey,5,1,45,1776919388973,29.982,200,1,909,
prover_hockey,5,1,46,1776919389002,29.143,200,1,909,
prover_hockey,5,1,47,1776919389037,35.012,200,1,909,
prover_hockey,5,1,48,1776919389068,31.053,200,1,909,
prover_hockey,5,1,49,1776919389098,29.199,200,1,909,
prover_hockey,5,1,50,1776919389128,30.31,200,1,909,
prover_hockey,5,1,51,1776919389161,33.23,200,1,909,
prover_hockey,5,1,52,1776919389197,35.644,200,1,909,
prover_hockey,5,1,53,1776919389226,29.437,200,1,909,
prover_hockey,5,1,54,1776919389257,31.034,200,1,909,
prover_hockey,5,1,55,1776919389288,30.673,200,1,909,
prover_hockey,5,1,56,1776919389324,36.349,200,1,909,
prover_hockey,5,1,57,1776919389355,31.092,200,1,909,
prover_hockey,5,1,58,1776919389388,32.911,200,1,909,
prover_hockey,5,1,59,1776919389419,30.353,200,1,909,
prover_hockey,5,1,60,1776919389451,32.774,200,1,909,
prover_hockey,5,1,61,1776919389482,30.934,200,1,909,
prover_hockey,5,1,62,1776919389517,34.219,200,1,909,
prover_hockey,5,1,63,1776919389551,34.036,200,1,909,
prover_hockey,5,1,64,1776919389584,33.118,200,1,909,
prover_hockey,5,1,65,1776919389614,30.495,200,1,909,
prover_hockey,5,1,66,1776919389645,30.502,200,1,909,
prover_hockey,5,1,67,1776919389679,33.926,200,1,909,
prover_hockey,5,1,68,1776919389710,31.729,200,1,909,
prover_hockey,5,1,69,1776919389741,30.941,200,1,909,
prover_hockey,5,1,70,1776919389772,30.59,200,1,909,
prover_hockey,5,1,71,1776919389802,29.556,200,1,909,
prover_hockey,5,1,72,1776919389837,35.798,200,1,909,
prover_hockey,5,1,73,1776919389868,30.26,200,1,909,
prover_hockey,5,1,74,1776919389905,37.217,200,1,909,
prover_hockey,5,1,75,1776919389934,28.776,200,1,909,
prover_hockey,5,1,76,1776919389963,29.236,200,1,909,
prover_hockey,5,1,77,1776919389993,29.984,200,1,909,
prover_hockey,5,1,78,1776919390030,37.369,200,1,909,
prover_hockey,5,1,79,1776919390062,31.602,200,1,909,
prover_hockey,5,1,80,1776919390092,30.299,200,1,909,
prover_hockey,5,1,81,1776919390126,33.827,200,1,909,
prover_hockey,5,1,82,1776919390155,29.127,200,1,909,
prover_hockey,5,1,83,1776919390186,31.056,200,1,909,
prover_hockey,5,1,84,1776919390217,30.827,200,1,909,
prover_hockey,5,1,85,1776919390251,34.465,200,1,909,
prover_hockey,5,1,86,1776919390282,30.585,200,1,909,
prover_hockey,5,1,87,1776919390312,30.212,200,1,909,
prover_hockey,5,1,88,1776919390342,29.803,200,1,909,
prover_hockey,5,1,89,1776919390381,38.764,200,1,909,
prover_hockey,5,1,90,1776919390413,32.56,200,1,909,
prover_hockey,5,1,91,1776919390445,31.807,200,1,909,
prover_hockey,5,1,92,1776919390475,30.101,200,1,909,
prover_hockey,5,1,93,1776919390510,34.796,200,1,909,
prover_hockey,5,1,94,1776919390541,31.363,200,1,909,
prover_hockey,5,1,95,1776919390572,30.786,200,1,909,
prover_hockey,5,1,96,1776919390603,30.601,200,1,909,
prover_hockey,5,1,97,1776919390635,31.887,200,1,909,
prover_hockey,5,1,98,1776919390665,30.561,200,1,909,
prover_hockey,5,1,99,1776919390695,29.583,200,1,909,
prover_hockey,5,1,100,1776919390727,32.577,200,1,909,
prover_hockey,5,1,101,1776919390759,31.188,200,1,909,
prover_hockey,5,1,102,1776919390789,30.739,200,1,909,
prover_hockey,5,1,103,1776919390825,35.957,200,1,909,
prover_hockey,5,1,104,1776919390857,31.155,200,1,909,
prover_hockey,5,1,105,1776919390890,33.911,200,1,909,
prover_hockey,5,1,106,1776919390921,30.58,200,1,909,
prover_hockey,5,1,107,1776919390955,33.698,200,1,909,
prover_hockey,5,1,108,1776919390985,30.227,200,1,909,
prover_hockey,5,1,109,1776919391014,28.786,200,1,909,
prover_hockey,5,1,110,1776919391046,32.332,200,1,909,
prover_hockey,5,1,111,1776919391079,32.971,200,1,909,
prover_hockey,5,1,112,1776919391109,29.995,200,1,909,
prover_hockey,5,1,113,1776919391144,35.41,200,1,909,
prover_hockey,5,1,114,1776919391177,33.04,200,1,909,
prover_hockey,5,1,115,1776919391212,34.172,200,1,909,
prover_hockey,5,1,116,1776919391241,29.824,200,1,909,
prover_hockey,5,1,117,1776919391274,32.437,200,1,909,
prover_hockey,5,1,118,1776919391315,41.002,200,1,909,
prover_hockey,5,1,119,1776919391347,32.394,200,1,909,
prover_hockey,5,1,120,1776919391381,33.376,200,1,909,
prover_hockey,5,1,121,1776919391414,33.49,200,1,909,
prover_hockey,5,1,122,1776919391444,29.337,200,1,909,
prover_hockey,5,1,123,1776919391474,30.032,200,1,909,
prover_hockey,5,1,124,1776919391508,34.073,200,1,909,
prover_hockey,5,1,125,1776919391539,30.961,200,1,909,
prover_hockey,5,1,126,1776919391574,35.618,200,1,909,
prover_hockey,5,1,127,1776919391605,30.674,200,1,909,
prover_hockey,5,1,128,1776919391636,31.478,200,1,909,
prover_hockey,5,1,129,1776919391669,32.739,200,1,909,
prover_hockey,5,1,130,1776919391707,37.817,200,1,909,
prover_hockey,5,1,131,1776919391739,31.621,200,1,909,
prover_hockey,5,1,132,1776919391769,30.251,200,1,909,
prover_hockey,5,1,133,1776919391809,40.501,200,1,909,
prover_hockey,5,1,134,1776919391843,33.856,200,1,909,
prover_hockey,5,1,135,1776919391875,31.793,200,1,909,
prover_hockey,5,1,136,1776919391907,31.964,200,1,909,
prover_hockey,5,1,137,1776919391936,28.945,200,1,909,
prover_hockey,5,1,138,1776919391967,30.801,200,1,909,
prover_hockey,5,1,139,1776919392004,37.697,200,1,909,
prover_hockey,5,1,140,1776919392035,30.519,200,1,909,
prover_hockey,5,1,141,1776919392065,29.805,200,1,909,
prover_hockey,5,1,142,1776919392099,33.928,200,1,909,
prover_hockey,5,1,143,1776919392129,30.549,200,1,909,
prover_hockey,5,1,144,1776919392158,29.239,200,1,909,
prover_hockey,5,1,145,1776919392191,32.866,200,1,909,
prover_hockey,5,1,146,1776919392220,28.833,200,1,909,
prover_hockey,5,1,147,1776919392250,30.033,200,1,909,
prover_hockey,5,1,148,1776919392281,30.512,200,1,909,
prover_hockey,5,1,149,1776919392317,36.734,200,1,909,
prover_hockey,5,1,150,1776919392352,34.782,200,1,909,
prover_hockey,5,1,151,1776919392382,29.491,200,1,909,
prover_hockey,5,1,152,1776919392413,31.627,200,1,909,
prover_hockey,5,1,153,1776919392443,29.78,200,1,909,
prover_hockey,5,1,154,1776919392481,37.386,200,1,909,
prover_hockey,5,1,155,1776919392511,30.862,200,1,909,
prover_hockey,5,1,156,1776919392563,51.956,200,1,909,
prover_hockey,5,1,157,1776919392594,30.688,200,1,909,
prover_hockey,5,1,158,1776919392623,28.993,200,1,909,
prover_hockey,5,1,159,1776919392667,43.525,200,1,909,
prover_hockey,5,1,160,1776919392697,30.57,200,1,909,
prover_hockey,5,1,161,1776919392732,34.553,200,1,909,
prover_hockey,5,1,162,1776919392763,31.673,200,1,909,
prover_hockey,5,1,163,1776919392798,34.615,200,1,909,
prover_hockey,5,1,164,1776919392827,29.359,200,1,909,
prover_hockey,5,1,165,1776919392857,29.789,200,1,909,
prover_hockey,5,1,166,1776919392893,35.793,200,1,909,
prover_hockey,5,1,167,1776919392922,29.394,200,1,909,
prover_hockey,5,1,168,1776919392951,28.784,200,1,909,
prover_hockey,5,1,169,1776919392983,31.442,200,1,909,
prover_hockey,5,1,170,1776919393011,28.585,200,1,909,
prover_hockey,5,1,171,1776919393045,33.512,200,1,909,
prover_hockey,5,1,172,1776919393076,31.114,200,1,909,
prover_hockey,5,1,173,1776919393104,28.567,200,1,909,
prover_hockey,5,1,174,1776919393135,30.93,200,1,909,
prover_hockey,5,1,175,1776919393169,33.355,200,1,909,
prover_hockey,5,1,176,1776919393197,28.497,200,1,909,
prover_hockey,5,1,177,1776919393231,33.39,200,1,909,
prover_hockey,5,1,178,1776919393262,31.086,200,1,909,
prover_hockey,5,1,179,1776919393293,31.449,200,1,909,
prover_hockey,5,1,180,1776919393326,33.346,200,1,909,
prover_hockey,5,1,181,1776919393358,31.375,200,1,909,
prover_hockey,5,1,182,1776919393387,29.258,200,1,909,
prover_hockey,5,1,183,1776919393421,34.254,200,1,909,
prover_hockey,5,1,184,1776919393451,29.297,200,1,909,
prover_hockey,5,1,185,1776919393481,30.032,200,1,909,
prover_hockey,5,1,186,1776919393512,31.527,200,1,909,
prover_hockey,5,1,187,1776919393542,30.092,200,1,909,
prover_hockey,5,1,188,1776919393578,35.454,200,1,909,
prover_hockey,5,1,189,1776919393607,28.793,200,1,909,
prover_hockey,5,1,190,1776919393637,30.556,200,1,909,
prover_hockey,5,1,191,1776919393667,29.605,200,1,909,
prover_hockey,5,1,192,1776919393697,30.51,200,1,909,
prover_hockey,5,1,193,1776919393730,32.366,200,1,909,
prover_hockey,5,1,194,1776919393759,29.364,200,1,909,
prover_hockey,5,1,195,1776919393792,32.669,200,1,909,
prover_hockey,5,1,196,1776919393821,29.712,200,1,909,
prover_hockey,5,1,197,1776919393852,30.971,200,1,909,
prover_hockey,5,1,198,1776919393881,28.258,200,1,909,
prover_hockey,5,1,199,1776919393911,30.442,200,1,909,
prover_hockey,5,1,200,1776919393948,37.034,200,1,909,
prover_hockey,5,1,201,1776919393977,29.09,200,1,909,
prover_hockey,5,1,202,1776919394008,31.257,200,1,909,
prover_hockey,5,1,203,1776919394039,30.898,200,1,909,
prover_hockey,5,1,204,1776919394074,35.07,200,1,909,
prover_hockey,5,1,205,1776919394107,32.576,200,1,909,
prover_hockey,5,1,206,1776919394137,30.182,200,1,909,
prover_hockey,5,1,207,1776919394166,28.385,200,1,909,
prover_hockey,5,1,208,1776919394199,33.187,200,1,909,
prover_hockey,5,1,209,1776919394229,30.191,200,1,909,
prover_hockey,5,1,210,1776919394265,36.367,200,1,909,
prover_hockey,5,1,211,1776919394295,29.841,200,1,909,
prover_hockey,5,1,212,1776919394325,29.8,200,1,909,
prover_hockey,5,1,213,1776919394359,34.268,200,1,909,
prover_hockey,5,1,214,1776919394389,30.196,200,1,909,
prover_hockey,5,1,215,1776919394419,29.683,200,1,909,
prover_hockey,5,1,216,1776919394454,34.419,200,1,909,
prover_hockey,5,1,217,1776919394485,31.21,200,1,909,
prover_hockey,5,1,218,1776919394516,30.789,200,1,909,
prover_hockey,5,1,219,1776919394553,37.273,200,1,909,
prover_hockey,5,1,220,1776919394587,34.671,200,1,909,
prover_hockey,5,1,221,1776919394617,29.655,200,1,909,
prover_hockey,5,1,222,1776919394649,31.893,200,1,909,
prover_hockey,5,1,223,1776919394681,31.933,200,1,909,
prover_hockey,5,1,224,1776919394714,32.696,200,1,909,
prover_hockey,5,1,225,1776919394744,29.987,200,1,909,
prover_hockey,5,1,226,1776919394774,30.127,200,1,909,
prover_hockey,5,1,227,1776919394813,39.147,200,1,909,
prover_hockey,5,1,228,1776919394846,33.238,200,1,909,
prover_hockey,5,1,229,1776919394877,30.488,200,1,909,
prover_hockey,5,1,230,1776919394908,30.904,200,1,909,
prover_hockey,5,1,231,1776919394941,32.979,200,1,909,
prover_hockey,5,1,232,1776919394971,30.708,200,1,909,
prover_hockey,5,1,233,1776919395007,35.209,200,1,909,
prover_hockey,5,1,234,1776919395038,31.994,200,1,909,
prover_hockey,5,1,235,1776919395071,32.494,200,1,909,
prover_hockey,5,1,236,1776919395100,29.425,200,1,909,
prover_hockey,5,1,237,1776919395132,31.113,200,1,909,
prover_hockey,5,1,238,1776919395166,34.565,200,1,909,
prover_hockey,5,1,239,1776919395196,30.281,200,1,909,
prover_hockey,5,1,240,1776919395229,33.015,200,1,909,
prover_hockey,5,1,241,1776919395262,32.663,200,1,909,
prover_hockey,5,1,242,1776919395292,30.228,200,1,909,
prover_hockey,5,1,243,1776919395323,30.856,200,1,909,
prover_hockey,5,1,244,1776919395359,35.507,200,1,909,
prover_hockey,5,1,245,1776919395391,32.743,200,1,909,
prover_hockey,5,1,246,1776919395420,28.359,200,1,909,
prover_hockey,5,1,247,1776919395452,32.135,200,1,909,
prover_hockey,5,1,248,1776919395484,31.676,200,1,909,
prover_hockey,5,1,249,1776919395513,29.355,200,1,909,
prover_hockey,5,1,250,1776919395545,31.809,200,1,909,
prover_hockey,5,1,251,1776919395577,31.916,200,1,909,
prover_hockey,5,1,252,1776919395609,32.03,200,1,909,
prover_hockey,5,1,253,1776919395639,29.966,200,1,909,
prover_hockey,5,1,254,1776919395669,30.456,200,1,909,
prover_hockey,5,1,255,1776919395698,28.917,200,1,909,
prover_hockey,5,1,256,1776919395729,31.171,200,1,909,
prover_hockey,5,1,257,1776919395760,30.976,200,1,909,
prover_hockey,5,1,258,1776919395789,28.858,200,1,909,
prover_hockey,5,1,259,1776919395821,31.577,200,1,909,
prover_hockey,5,1,260,1776919395854,32.924,200,1,909,
prover_hockey,5,1,261,1776919395907,53.243,200,1,909,
prover_hockey,5,1,262,1776919395938,31.576,200,1,909,
prover_hockey,5,1,263,1776919395967,28.76,200,1,909,
prover_hockey,5,1,264,1776919396003,35.461,200,1,909,
prover_hockey,5,1,265,1776919396031,28.243,200,1,909,
prover_hockey,5,1,266,1776919396061,30.584,200,1,909,
prover_hockey,5,1,267,1776919396092,30.829,200,1,909,
prover_hockey,5,1,268,1776919396123,30.795,200,1,909,
prover_hockey,5,1,269,1776919396158,34.499,200,1,909,
prover_hockey,5,1,270,1776919396187,29.642,200,1,909,
prover_hockey,5,1,271,1776919396217,30.185,200,1,909,
prover_hockey,5,1,272,1776919396246,28.971,200,1,909,
prover_hockey,5,1,273,1776919396278,31.204,200,1,909,
prover_hockey,5,1,274,1776919396312,34.313,200,1,909,
prover_hockey,5,1,275,1776919396344,31.602,200,1,909,
prover_hockey,5,1,276,1776919396377,33.086,200,1,909,
prover_hockey,5,1,277,1776919396407,30.621,200,1,909,
prover_hockey,5,1,278,1776919396438,30.739,200,1,909,
prover_hockey,5,1,279,1776919396470,32.243,200,1,909,
prover_hockey,5,1,280,1776919396505,34.518,200,1,909,
prover_hockey,5,1,281,1776919396538,32.873,200,1,909,
prover_hockey,5,1,282,1776919396569,30.913,200,1,909,
prover_hockey,5,1,283,1776919396598,29.066,200,1,909,
prover_hockey,5,1,284,1776919396627,29.699,200,1,909,
prover_hockey,5,1,285,1776919396661,33.271,200,1,909,
prover_hockey,5,1,286,1776919396691,30.824,200,1,909,
prover_hockey,5,1,287,1776919396722,30.823,200,1,909,
prover_hockey,5,1,288,1776919396751,28.688,200,1,909,
prover_hockey,5,1,289,1776919396783,32.051,200,1,909,
prover_hockey,5,1,290,1776919396814,31.436,200,1,909,
prover_hockey,5,1,291,1776919396843,28.345,200,1,909,
prover_hockey,5,1,292,1776919396872,29.435,200,1,909,
prover_hockey,5,1,293,1776919396904,31.908,200,1,909,
prover_hockey,5,1,294,1776919396935,30.988,200,1,909,
prover_hockey,5,1,295,1776919396967,31.401,200,1,909,
prover_hockey,5,1,296,1776919396996,29.367,200,1,909,
prover_hockey,5,1,297,1776919397026,30.372,200,1,909,
prover_hockey,5,1,298,1776919397056,29.502,200,1,909,
prover_hockey,5,1,299,1776919397092,36.4,200,1,909,
prover_hockey,5,1,300,1776919397143,50.764,200,1,909,
prover_hockey,5,2,0,1776919387503,54.592,200,1,909,
prover_hockey,5,2,1,1776919387537,34.711,200,1,909,
prover_hockey,5,2,2,1776919387568,30.939,200,1,909,
prover_hockey,5,2,3,1776919387602,33.757,200,1,909,
prover_hockey,5,2,4,1776919387634,32.149,200,1,909,
prover_hockey,5,2,5,1776919387669,35.167,200,1,909,
prover_hockey,5,2,6,1776919387699,29.412,200,1,909,
prover_hockey,5,2,7,1776919387731,31.877,200,1,909,
prover_hockey,5,2,8,1776919387763,32.751,200,1,909,
prover_hockey,5,2,9,1776919387801,37.18,200,1,909,
prover_hockey,5,2,10,1776919387835,34.891,200,1,909,
prover_hockey,5,2,11,1776919387871,35.195,200,1,909,
prover_hockey,5,2,12,1776919387902,31.821,200,1,909,
prover_hockey,5,2,13,1776919387935,32.809,200,1,909,
prover_hockey,5,2,14,1776919387965,29.934,200,1,909,
prover_hockey,5,2,15,1776919387996,31.21,200,1,909,
prover_hockey,5,2,16,1776919388033,36.7,200,1,909,
prover_hockey,5,2,17,1776919388064,30.433,200,1,909,
prover_hockey,5,2,18,1776919388093,29.751,200,1,909,
prover_hockey,5,2,19,1776919388122,28.992,200,1,909,
prover_hockey,5,2,20,1776919388154,31.79,200,1,909,
prover_hockey,5,2,21,1776919388191,36.524,200,1,909,
prover_hockey,5,2,22,1776919388224,33.299,200,1,909,
prover_hockey,5,2,23,1776919388255,31.015,200,1,909,
prover_hockey,5,2,24,1776919388285,30.078,200,1,909,
prover_hockey,5,2,25,1776919388317,32.167,200,1,909,
prover_hockey,5,2,26,1776919388354,36.955,200,1,909,
prover_hockey,5,2,27,1776919388387,33.192,200,1,909,
prover_hockey,5,2,28,1776919388418,30.89,200,1,909,
prover_hockey,5,2,29,1776919388449,30.475,200,1,909,
prover_hockey,5,2,30,1776919388484,35.501,200,1,909,
prover_hockey,5,2,31,1776919388513,28.977,200,1,909,
prover_hockey,5,2,32,1776919388544,31.179,200,1,909,
prover_hockey,5,2,33,1776919388576,31.908,200,1,909,
prover_hockey,5,2,34,1776919388614,37.727,200,1,909,
prover_hockey,5,2,35,1776919388644,29.503,200,1,909,
prover_hockey,5,2,36,1776919388674,30.686,200,1,909,
prover_hockey,5,2,37,1776919388703,28.834,200,1,909,
prover_hockey,5,2,38,1776919388736,33.041,200,1,909,
prover_hockey,5,2,39,1776919388773,36.832,200,1,909,
prover_hockey,5,2,40,1776919388804,30.957,200,1,909,
prover_hockey,5,2,41,1776919388835,31.597,200,1,909,
prover_hockey,5,2,42,1776919388865,29.297,200,1,909,
prover_hockey,5,2,43,1776919388896,31.283,200,1,909,
prover_hockey,5,2,44,1776919388928,32.407,200,1,909,
prover_hockey,5,2,45,1776919388958,29.843,200,1,909,
prover_hockey,5,2,46,1776919388994,35.858,200,1,909,
prover_hockey,5,2,47,1776919389025,31.214,200,1,909,
prover_hockey,5,2,48,1776919389058,32.263,200,1,909,
prover_hockey,5,2,49,1776919389087,29.13,200,1,909,
prover_hockey,5,2,50,1776919389118,31.604,200,1,909,
prover_hockey,5,2,51,1776919389155,36.296,200,1,909,
prover_hockey,5,2,52,1776919389184,29.035,200,1,909,
prover_hockey,5,2,53,1776919389218,33.782,200,1,909,
prover_hockey,5,2,54,1776919389247,29.426,200,1,909,
prover_hockey,5,2,55,1776919389278,30.607,200,1,909,
prover_hockey,5,2,56,1776919389309,31.555,200,1,909,
prover_hockey,5,2,57,1776919389339,29.79,200,1,909,
prover_hockey,5,2,58,1776919389371,31.772,200,1,909,
prover_hockey,5,2,59,1776919389406,35.488,200,1,909,
prover_hockey,5,2,60,1776919389441,34.701,200,1,909,
prover_hockey,5,2,61,1776919389477,36.306,200,1,909,
prover_hockey,5,2,62,1776919389514,37.07,200,1,909,
prover_hockey,5,2,63,1776919389547,32.762,200,1,909,
prover_hockey,5,2,64,1776919389576,29.112,200,1,909,
prover_hockey,5,2,65,1776919389605,29.088,200,1,909,
prover_hockey,5,2,66,1776919389636,31.026,200,1,909,
prover_hockey,5,2,67,1776919389669,32.778,200,1,909,
prover_hockey,5,2,68,1776919389703,33.941,200,1,909,
prover_hockey,5,2,69,1776919389733,29.806,200,1,909,
prover_hockey,5,2,70,1776919389763,30.361,200,1,909,
prover_hockey,5,2,71,1776919389795,32.218,200,1,909,
prover_hockey,5,2,72,1776919389826,30.778,200,1,909,
prover_hockey,5,2,73,1776919389860,33.641,200,1,909,
prover_hockey,5,2,74,1776919389893,33.376,200,1,909,
prover_hockey,5,2,75,1776919389923,29.542,200,1,909,
prover_hockey,5,2,76,1776919389957,34.259,200,1,909,
prover_hockey,5,2,77,1776919389988,31.478,200,1,909,
prover_hockey,5,2,78,1776919390020,31.889,200,1,909,
prover_hockey,5,2,79,1776919390051,31.063,200,1,909,
prover_hockey,5,2,80,1776919390083,31.786,200,1,909,
prover_hockey,5,2,81,1776919390117,34.22,200,1,909,
prover_hockey,5,2,82,1776919390151,33.151,200,1,909,
prover_hockey,5,2,83,1776919390181,30.542,200,1,909,
prover_hockey,5,2,84,1776919390220,38.364,200,1,909,
prover_hockey,5,2,85,1776919390250,30.51,200,1,909,
prover_hockey,5,2,86,1776919390281,31.17,200,1,909,
prover_hockey,5,2,87,1776919390331,49.401,200,1,909,
prover_hockey,5,2,88,1776919390362,30.912,200,1,909,
prover_hockey,5,2,89,1776919390390,28.894,200,1,909,
prover_hockey,5,2,90,1776919390423,32.97,200,1,909,
prover_hockey,5,2,91,1776919390460,36.655,200,1,909,
prover_hockey,5,2,92,1776919390493,33.204,200,1,909,
prover_hockey,5,2,93,1776919390525,31.281,200,1,909,
prover_hockey,5,2,94,1776919390555,30.683,200,1,909,
prover_hockey,5,2,95,1776919390585,30.074,200,1,909,
prover_hockey,5,2,96,1776919390615,29.299,200,1,909,
prover_hockey,5,2,97,1776919390646,31.817,200,1,909,
prover_hockey,5,2,98,1776919390678,31.461,200,1,909,
prover_hockey,5,2,99,1776919390709,30.895,200,1,909,
prover_hockey,5,2,100,1776919390739,30.007,200,1,909,
prover_hockey,5,2,101,1776919390775,36.619,200,1,909,
prover_hockey,5,2,102,1776919390804,28.494,200,1,909,
prover_hockey,5,2,103,1776919390835,31.353,200,1,909,
prover_hockey,5,2,104,1776919390865,29.387,200,1,909,
prover_hockey,5,2,105,1776919390898,33.259,200,1,909,
prover_hockey,5,2,106,1776919390926,28.347,200,1,909,
prover_hockey,5,2,107,1776919390957,30.268,200,1,909,
prover_hockey,5,2,108,1776919390988,31.214,200,1,909,
prover_hockey,5,2,109,1776919391020,32.509,200,1,909,
prover_hockey,5,2,110,1776919391051,31.085,200,1,909,
prover_hockey,5,2,111,1776919391081,29.434,200,1,909,
prover_hockey,5,2,112,1776919391115,33.686,200,1,909,
prover_hockey,5,2,113,1776919391144,29.579,200,1,909,
prover_hockey,5,2,114,1776919391177,33.003,200,1,909,
prover_hockey,5,2,115,1776919391213,36.257,200,1,909,
prover_hockey,5,2,116,1776919391244,30.995,200,1,909,
prover_hockey,5,2,117,1776919391278,33.373,200,1,909,
prover_hockey,5,2,118,1776919391310,31.86,200,1,909,
prover_hockey,5,2,119,1776919391344,34.784,200,1,909,
prover_hockey,5,2,120,1776919391375,30.42,200,1,909,
prover_hockey,5,2,121,1776919391405,30.375,200,1,909,
prover_hockey,5,2,122,1776919391437,32.051,200,1,909,
prover_hockey,5,2,123,1776919391469,31.967,200,1,909,
prover_hockey,5,2,124,1776919391498,28.857,200,1,909,
prover_hockey,5,2,125,1776919391529,31.026,200,1,909,
prover_hockey,5,2,126,1776919391559,30.258,200,1,909,
prover_hockey,5,2,127,1776919391596,36.754,200,1,909,
prover_hockey,5,2,128,1776919391627,30.935,200,1,909,
prover_hockey,5,2,129,1776919391661,33.622,200,1,909,
prover_hockey,5,2,130,1776919391692,31.661,200,1,909,
prover_hockey,5,2,131,1776919391723,30.215,200,1,909,
prover_hockey,5,2,132,1776919391759,36.933,200,1,909,
prover_hockey,5,2,133,1776919391789,29.123,200,1,909,
prover_hockey,5,2,134,1776919391823,34.519,200,1,909,
prover_hockey,5,2,135,1776919391853,30.237,200,1,909,
prover_hockey,5,2,136,1776919391888,34.125,200,1,909,
prover_hockey,5,2,137,1776919391924,36.397,200,1,909,
prover_hockey,5,2,138,1776919391961,37.448,200,1,909,
prover_hockey,5,2,139,1776919391994,32.423,200,1,909,
prover_hockey,5,2,140,1776919392026,31.874,200,1,909,
prover_hockey,5,2,141,1776919392058,32.514,200,1,909,
prover_hockey,5,2,142,1776919392088,29.698,200,1,909,
prover_hockey,5,2,143,1776919392121,33.611,200,1,909,
prover_hockey,5,2,144,1776919392153,31.706,200,1,909,
prover_hockey,5,2,145,1776919392185,31.987,200,1,909,
prover_hockey,5,2,146,1776919392218,32.453,200,1,909,
prover_hockey,5,2,147,1776919392248,29.888,200,1,909,
prover_hockey,5,2,148,1776919392281,33.665,200,1,909,
prover_hockey,5,2,149,1776919392313,32.191,200,1,909,
prover_hockey,5,2,150,1776919392368,55.041,200,1,909,
prover_hockey,5,2,151,1776919392398,29.503,200,1,909,
prover_hockey,5,2,152,1776919392433,34.829,200,1,909,
prover_hockey,5,2,153,1776919392480,47.051,200,1,909,
prover_hockey,5,2,154,1776919392512,31.933,200,1,909,
prover_hockey,5,2,155,1776919392542,29.8,200,1,909,
prover_hockey,5,2,156,1776919392573,31.869,200,1,909,
prover_hockey,5,2,157,1776919392620,46.331,200,1,909,
prover_hockey,5,2,158,1776919392648,28.7,200,1,909,
prover_hockey,5,2,159,1776919392682,33.498,200,1,909,
prover_hockey,5,2,160,1776919392715,33.096,200,1,909,
prover_hockey,5,2,161,1776919392745,30.065,200,1,909,
prover_hockey,5,2,162,1776919392776,30.755,200,1,909,
prover_hockey,5,2,163,1776919392809,33.451,200,1,909,
prover_hockey,5,2,164,1776919392845,35.666,200,1,909,
prover_hockey,5,2,165,1776919392873,28.46,200,1,909,
prover_hockey,5,2,166,1776919392906,32.537,200,1,909,
prover_hockey,5,2,167,1776919392936,29.681,200,1,909,
prover_hockey,5,2,168,1776919392972,35.952,200,1,909,
prover_hockey,5,2,169,1776919393007,35.819,200,1,909,
prover_hockey,5,2,170,1776919393037,29.605,200,1,909,
prover_hockey,5,2,171,1776919393068,30.81,200,1,909,
prover_hockey,5,2,172,1776919393100,32.465,200,1,909,
prover_hockey,5,2,173,1776919393131,31.031,200,1,909,
prover_hockey,5,2,174,1776919393161,29.758,200,1,909,
prover_hockey,5,2,175,1776919393193,31.804,200,1,909,
prover_hockey,5,2,176,1776919393224,31.353,200,1,909,
prover_hockey,5,2,177,1776919393255,30.27,200,1,909,
prover_hockey,5,2,178,1776919393286,30.932,200,1,909,
prover_hockey,5,2,179,1776919393319,33.387,200,1,909,
prover_hockey,5,2,180,1776919393349,30.068,200,1,909,
prover_hockey,5,2,181,1776919393381,32.326,200,1,909,
prover_hockey,5,2,182,1776919393413,31.339,200,1,909,
prover_hockey,5,2,183,1776919393447,34.652,200,1,909,
prover_hockey,5,2,184,1776919393492,44.59,200,1,909,
prover_hockey,5,2,185,1776919393523,31.172,200,1,909,
prover_hockey,5,2,186,1776919393554,31.17,200,1,909,
prover_hockey,5,2,187,1776919393585,30.501,200,1,909,
prover_hockey,5,2,188,1776919393617,32.148,200,1,909,
prover_hockey,5,2,189,1776919393650,32.61,200,1,909,
prover_hockey,5,2,190,1776919393680,30.501,200,1,909,
prover_hockey,5,2,191,1776919393710,30.243,200,1,909,
prover_hockey,5,2,192,1776919393749,38.613,200,1,909,
prover_hockey,5,2,193,1776919393780,31.474,200,1,909,
prover_hockey,5,2,194,1776919393813,32.841,200,1,909,
prover_hockey,5,2,195,1776919393844,30.283,200,1,909,
prover_hockey,5,2,196,1776919393876,32.475,200,1,909,
prover_hockey,5,2,197,1776919393905,28.955,200,1,909,
prover_hockey,5,2,198,1776919393935,29.631,200,1,909,
prover_hockey,5,2,199,1776919393967,32.768,200,1,909,
prover_hockey,5,2,200,1776919394000,32.667,200,1,909,
prover_hockey,5,2,201,1776919394030,30.355,200,1,909,
prover_hockey,5,2,202,1776919394064,33.352,200,1,909,
prover_hockey,5,2,203,1776919394094,30.699,200,1,909,
prover_hockey,5,2,204,1776919394125,30.999,200,1,909,
prover_hockey,5,2,205,1776919394157,31.068,200,1,909,
prover_hockey,5,2,206,1776919394187,30.158,200,1,909,
prover_hockey,5,2,207,1776919394220,33.238,200,1,909,
prover_hockey,5,2,208,1776919394251,31.119,200,1,909,
prover_hockey,5,2,209,1776919394280,29.351,200,1,909,
prover_hockey,5,2,210,1776919394313,32.716,200,1,909,
prover_hockey,5,2,211,1776919394344,31.162,200,1,909,
prover_hockey,5,2,212,1776919394379,35.155,200,1,909,
prover_hockey,5,2,213,1776919394413,33.533,200,1,909,
prover_hockey,5,2,214,1776919394441,28.454,200,1,909,
prover_hockey,5,2,215,1776919394472,30.886,200,1,909,
prover_hockey,5,2,216,1776919394502,29.17,200,1,909,
prover_hockey,5,2,217,1776919394531,29.1,200,1,909,
prover_hockey,5,2,218,1776919394562,31.758,200,1,909,
prover_hockey,5,2,219,1776919394597,34.916,200,1,909,
prover_hockey,5,2,220,1776919394628,30.299,200,1,909,
prover_hockey,5,2,221,1776919394658,30.294,200,1,909,
prover_hockey,5,2,222,1776919394693,34.778,200,1,909,
prover_hockey,5,2,223,1776919394722,29.253,200,1,909,
prover_hockey,5,2,224,1776919394756,33.728,200,1,909,
prover_hockey,5,2,225,1776919394786,30.533,200,1,909,
prover_hockey,5,2,226,1776919394815,28.982,200,1,909,
prover_hockey,5,2,227,1776919394846,30.459,200,1,909,
prover_hockey,5,2,228,1776919394878,32.567,200,1,909,
prover_hockey,5,2,229,1776919394909,30.927,200,1,909,
prover_hockey,5,2,230,1776919394940,31.088,200,1,909,
prover_hockey,5,2,231,1776919394974,33.535,200,1,909,
prover_hockey,5,2,232,1776919395003,29.198,200,1,909,
prover_hockey,5,2,233,1776919395034,31.016,200,1,909,
prover_hockey,5,2,234,1776919395065,30.685,200,1,909,
prover_hockey,5,2,235,1776919395103,38.473,200,1,909,
prover_hockey,5,2,236,1776919395134,30.568,200,1,909,
prover_hockey,5,2,237,1776919395164,29.789,200,1,909,
prover_hockey,5,2,238,1776919395193,29.377,200,1,909,
prover_hockey,5,2,239,1776919395232,38.717,200,1,909,
prover_hockey,5,2,240,1776919395262,30.034,200,1,909,
prover_hockey,5,2,241,1776919395296,34.733,200,1,909,
prover_hockey,5,2,242,1776919395326,29.974,200,1,909,
prover_hockey,5,2,243,1776919395357,30.383,200,1,909,
prover_hockey,5,2,244,1776919395387,30.347,200,1,909,
prover_hockey,5,2,245,1776919395420,33.059,200,1,909,
prover_hockey,5,2,246,1776919395451,31.18,200,1,909,
prover_hockey,5,2,247,1776919395483,31.894,200,1,909,
prover_hockey,5,2,248,1776919395517,33.819,200,1,909,
prover_hockey,5,2,249,1776919395546,28.931,200,1,909,
prover_hockey,5,2,250,1776919395576,29.627,200,1,909,
prover_hockey,5,2,251,1776919395611,35.266,200,1,909,
prover_hockey,5,2,252,1776919395640,29.582,200,1,909,
prover_hockey,5,2,253,1776919395671,30.964,200,1,909,
prover_hockey,5,2,254,1776919395705,33.868,200,1,909,
prover_hockey,5,2,255,1776919395737,31.351,200,1,909,
prover_hockey,5,2,256,1776919395770,33.317,200,1,909,
prover_hockey,5,2,257,1776919395800,29.729,200,1,909,
prover_hockey,5,2,258,1776919395829,29.066,200,1,909,
prover_hockey,5,2,259,1776919395859,30.101,200,1,909,
prover_hockey,5,2,260,1776919395891,32.244,200,1,909,
prover_hockey,5,2,261,1776919395922,31.12,200,1,909,
prover_hockey,5,2,262,1776919395956,34.098,200,1,909,
prover_hockey,5,2,263,1776919395985,28.927,200,1,909,
prover_hockey,5,2,264,1776919396016,30.242,200,1,909,
prover_hockey,5,2,265,1776919396048,31.952,200,1,909,
prover_hockey,5,2,266,1776919396085,37.027,200,1,909,
prover_hockey,5,2,267,1776919396122,37.75,200,1,909,
prover_hockey,5,2,268,1776919396154,31.292,200,1,909,
prover_hockey,5,2,269,1776919396183,29.473,200,1,909,
prover_hockey,5,2,270,1776919396227,44.254,200,1,909,
prover_hockey,5,2,271,1776919396258,30.338,200,1,909,
prover_hockey,5,2,272,1776919396288,29.912,200,1,909,
prover_hockey,5,2,273,1776919396318,30.173,200,1,909,
prover_hockey,5,2,274,1776919396353,35.645,200,1,909,
prover_hockey,5,2,275,1776919396386,33.069,200,1,909,
prover_hockey,5,2,276,1776919396418,31.256,200,1,909,
prover_hockey,5,2,277,1776919396447,29.709,200,1,909,
prover_hockey,5,2,278,1776919396477,29.873,200,1,909,
prover_hockey,5,2,279,1776919396507,29.705,200,1,909,
prover_hockey,5,2,280,1776919396542,34.779,200,1,909,
prover_hockey,5,2,281,1776919396573,30.816,200,1,909,
prover_hockey,5,2,282,1776919396605,31.963,200,1,909,
prover_hockey,5,2,283,1776919396633,27.915,200,1,909,
prover_hockey,5,2,284,1776919396662,29.842,200,1,909,
prover_hockey,5,2,285,1776919396701,38.157,200,1,909,
prover_hockey,5,2,286,1776919396743,42.13,200,1,909,
prover_hockey,5,2,287,1776919396773,30.385,200,1,909,
prover_hockey,5,2,288,1776919396804,30.969,200,1,909,
prover_hockey,5,2,289,1776919396850,45.515,200,1,909,
prover_hockey,5,2,290,1776919396880,30.268,200,1,909,
prover_hockey,5,2,291,1776919396910,29.737,200,1,909,
prover_hockey,5,2,292,1776919396940,30.734,200,1,909,
prover_hockey,5,2,293,1776919396974,33.662,200,1,909,
prover_hockey,5,2,294,1776919397009,34.877,200,1,909,
prover_hockey,5,2,295,1776919397040,31.102,200,1,909,
prover_hockey,5,2,296,1776919397070,30.328,200,1,909,
prover_hockey,5,2,297,1776919397101,31.146,200,1,909,
prover_hockey,5,2,298,1776919397131,29.227,200,1,909,
prover_hockey,5,3,0,1776919387495,47.246,200,1,909,
prover_hockey,5,3,1,1776919387527,32.159,200,1,909,
prover_hockey,5,3,2,1776919387562,34.907,200,1,909,
prover_hockey,5,3,3,1776919387600,37.959,200,1,909,
prover_hockey,5,3,4,1776919387647,46.442,200,1,909,
prover_hockey,5,3,5,1776919387680,33.25,200,1,909,
prover_hockey,5,3,6,1776919387714,33.561,200,1,909,
prover_hockey,5,3,7,1776919387746,32.38,200,1,909,
prover_hockey,5,3,8,1776919387778,31.674,200,1,909,
prover_hockey,5,3,9,1776919387807,29.556,200,1,909,
prover_hockey,5,3,10,1776919387842,35.246,200,1,909,
prover_hockey,5,3,11,1776919387874,31.856,200,1,909,
prover_hockey,5,3,12,1776919387907,33.11,200,1,909,
prover_hockey,5,3,13,1776919387939,31.518,200,1,909,
prover_hockey,5,3,14,1776919387974,34.748,200,1,909,
prover_hockey,5,3,15,1776919388003,29.248,200,1,909,
prover_hockey,5,3,16,1776919388036,32.791,200,1,909,
prover_hockey,5,3,17,1776919388071,35.516,200,1,909,
prover_hockey,5,3,18,1776919388106,34.43,200,1,909,
prover_hockey,5,3,19,1776919388141,35.423,200,1,909,
prover_hockey,5,3,20,1776919388170,28.983,200,1,909,
prover_hockey,5,3,21,1776919388199,29.347,200,1,909,
prover_hockey,5,3,22,1776919388235,35.961,200,1,909,
prover_hockey,5,3,23,1776919388269,34.018,200,1,909,
prover_hockey,5,3,24,1776919388303,33.069,200,1,909,
prover_hockey,5,3,25,1776919388333,30.6,200,1,909,
prover_hockey,5,3,26,1776919388364,30.755,200,1,909,
prover_hockey,5,3,27,1776919388400,36.118,200,1,909,
prover_hockey,5,3,28,1776919388429,29.274,200,1,909,
prover_hockey,5,3,29,1776919388461,31.542,200,1,909,
prover_hockey,5,3,30,1776919388492,31.228,200,1,909,
prover_hockey,5,3,31,1776919388525,32.496,200,1,909,
prover_hockey,5,3,32,1776919388559,34.244,200,1,909,
prover_hockey,5,3,33,1776919388592,33.494,200,1,909,
prover_hockey,5,3,34,1776919388621,28.729,200,1,909,
prover_hockey,5,3,35,1776919388654,33.199,200,1,909,
prover_hockey,5,3,36,1776919388686,31.449,200,1,909,
prover_hockey,5,3,37,1776919388722,36.506,200,1,909,
prover_hockey,5,3,38,1776919388754,31.504,200,1,909,
prover_hockey,5,3,39,1776919388787,32.799,200,1,909,
prover_hockey,5,3,40,1776919388816,29.159,200,1,909,
prover_hockey,5,3,41,1776919388847,31.782,200,1,909,
prover_hockey,5,3,42,1776919388880,32.175,200,1,909,
prover_hockey,5,3,43,1776919388910,30.647,200,1,909,
prover_hockey,5,3,44,1776919388942,31.491,200,1,909,
prover_hockey,5,3,45,1776919388972,30.639,200,1,909,
prover_hockey,5,3,46,1776919389005,32.98,200,1,909,
prover_hockey,5,3,47,1776919389036,30.668,200,1,909,
prover_hockey,5,3,48,1776919389067,30.921,200,1,909,
prover_hockey,5,3,49,1776919389103,36.123,200,1,909,
prover_hockey,5,3,50,1776919389133,30.326,200,1,909,
prover_hockey,5,3,51,1776919389165,31.672,200,1,909,
prover_hockey,5,3,52,1776919389199,34.094,200,1,909,
prover_hockey,5,3,53,1776919389236,36.858,200,1,909,
prover_hockey,5,3,54,1776919389268,31.466,200,1,909,
prover_hockey,5,3,55,1776919389299,31.173,200,1,909,
prover_hockey,5,3,56,1776919389330,31.257,200,1,909,
prover_hockey,5,3,57,1776919389366,36.46,200,1,909,
prover_hockey,5,3,58,1776919389401,35.018,200,1,909,
prover_hockey,5,3,59,1776919389434,32.963,200,1,909,
prover_hockey,5,3,60,1776919389465,30.883,200,1,909,
prover_hockey,5,3,61,1776919389496,30.348,200,1,909,
prover_hockey,5,3,62,1776919389525,29.77,200,1,909,
prover_hockey,5,3,63,1776919389561,35.206,200,1,909,
prover_hockey,5,3,64,1776919389591,30.477,200,1,909,
prover_hockey,5,3,65,1776919389623,31.776,200,1,909,
prover_hockey,5,3,66,1776919389652,29.441,200,1,909,
prover_hockey,5,3,67,1776919389681,28.931,200,1,909,
prover_hockey,5,3,68,1776919389714,32.801,200,1,909,
prover_hockey,5,3,69,1776919389745,31.108,200,1,909,
prover_hockey,5,3,70,1776919389780,34.822,200,1,909,
prover_hockey,5,3,71,1776919389809,29.345,200,1,909,
prover_hockey,5,3,72,1776919389840,30.681,200,1,909,
prover_hockey,5,3,73,1776919389871,31.352,200,1,909,
prover_hockey,5,3,74,1776919389901,29.406,200,1,909,
prover_hockey,5,3,75,1776919389934,33.131,200,1,909,
prover_hockey,5,3,76,1776919389962,28.445,200,1,909,
prover_hockey,5,3,77,1776919389997,34.597,200,1,909,
prover_hockey,5,3,78,1776919390029,31.847,200,1,909,
prover_hockey,5,3,79,1776919390063,34.116,200,1,909,
prover_hockey,5,3,80,1776919390093,29.63,200,1,909,
prover_hockey,5,3,81,1776919390124,31.685,200,1,909,
prover_hockey,5,3,82,1776919390166,41.379,200,1,909,
prover_hockey,5,3,83,1776919390197,31.459,200,1,909,
prover_hockey,5,3,84,1776919390226,29.009,200,1,909,
prover_hockey,5,3,85,1776919390259,32.819,200,1,909,
prover_hockey,5,3,86,1776919390294,34.576,200,1,909,
prover_hockey,5,3,87,1776919390326,31.946,200,1,909,
prover_hockey,5,3,88,1776919390355,29.325,200,1,909,
prover_hockey,5,3,89,1776919390386,31.51,200,1,909,
prover_hockey,5,3,90,1776919390417,30.725,200,1,909,
prover_hockey,5,3,91,1776919390449,31.705,200,1,909,
prover_hockey,5,3,92,1776919390477,28.486,200,1,909,
prover_hockey,5,3,93,1776919390508,30.656,200,1,909,
prover_hockey,5,3,94,1776919390539,30.581,200,1,909,
prover_hockey,5,3,95,1776919390574,35.534,200,1,909,
prover_hockey,5,3,96,1776919390603,29.154,200,1,909,
prover_hockey,5,3,97,1776919390632,28.682,200,1,909,
prover_hockey,5,3,98,1776919390662,30.54,200,1,909,
prover_hockey,5,3,99,1776919390697,34.171,200,1,909,
prover_hockey,5,3,100,1776919390729,32.182,200,1,909,
prover_hockey,5,3,101,1776919390762,33.107,200,1,909,
prover_hockey,5,3,102,1776919390793,30.955,200,1,909,
prover_hockey,5,3,103,1776919390825,31.952,200,1,909,
prover_hockey,5,3,104,1776919390857,32.051,200,1,909,
prover_hockey,5,3,105,1776919390892,34.983,200,1,909,
prover_hockey,5,3,106,1776919390924,32.5,200,1,909,
prover_hockey,5,3,107,1776919390953,28.83,200,1,909,
prover_hockey,5,3,108,1776919390986,33.17,200,1,909,
prover_hockey,5,3,109,1776919391017,30.554,200,1,909,
prover_hockey,5,3,110,1776919391047,30.249,200,1,909,
prover_hockey,5,3,111,1776919391082,34.392,200,1,909,
prover_hockey,5,3,112,1776919391112,30.712,200,1,909,
prover_hockey,5,3,113,1776919391145,32.439,200,1,909,
prover_hockey,5,3,114,1776919391179,34.401,200,1,909,
prover_hockey,5,3,115,1776919391213,33.615,200,1,909,
prover_hockey,5,3,116,1776919391244,31.179,200,1,909,
prover_hockey,5,3,117,1776919391277,32.512,200,1,909,
prover_hockey,5,3,118,1776919391308,31.766,200,1,909,
prover_hockey,5,3,119,1776919391338,30.102,200,1,909,
prover_hockey,5,3,120,1776919391378,39.933,200,1,909,
prover_hockey,5,3,121,1776919391409,30.905,200,1,909,
prover_hockey,5,3,122,1776919391440,30.79,200,1,909,
prover_hockey,5,3,123,1776919391469,28.752,200,1,909,
prover_hockey,5,3,124,1776919391500,31.424,200,1,909,
prover_hockey,5,3,125,1776919391531,30.719,200,1,909,
prover_hockey,5,3,126,1776919391565,33.672,200,1,909,
prover_hockey,5,3,127,1776919391594,29.124,200,1,909,
prover_hockey,5,3,128,1776919391627,33.744,200,1,909,
prover_hockey,5,3,129,1776919391660,32.789,200,1,909,
prover_hockey,5,3,130,1776919391690,29.547,200,1,909,
prover_hockey,5,3,131,1776919391721,31.297,200,1,909,
prover_hockey,5,3,132,1776919391755,33.808,200,1,909,
prover_hockey,5,3,133,1776919391791,35.637,200,1,909,
prover_hockey,5,3,134,1776919391821,30.811,200,1,909,
prover_hockey,5,3,135,1776919391850,28.427,200,1,909,
prover_hockey,5,3,136,1776919391888,37.999,200,1,909,
prover_hockey,5,3,137,1776919391920,31.785,200,1,909,
prover_hockey,5,3,138,1776919391957,37.13,200,1,909,
prover_hockey,5,3,139,1776919391990,33.389,200,1,909,
prover_hockey,5,3,140,1776919392021,30.997,200,1,909,
prover_hockey,5,3,141,1776919392053,31.404,200,1,909,
prover_hockey,5,3,142,1776919392085,32.742,200,1,909,
prover_hockey,5,3,143,1776919392116,30.219,200,1,909,
prover_hockey,5,3,144,1776919392150,34.102,200,1,909,
prover_hockey,5,3,145,1776919392181,31.37,200,1,909,
prover_hockey,5,3,146,1776919392210,29.252,200,1,909,
prover_hockey,5,3,147,1776919392242,32.051,200,1,909,
prover_hockey,5,3,148,1776919392294,52.037,200,1,909,
prover_hockey,5,3,149,1776919392325,31.146,200,1,909,
prover_hockey,5,3,150,1776919392354,28.957,200,1,909,
prover_hockey,5,3,151,1776919392388,33.832,200,1,909,
prover_hockey,5,3,152,1776919392417,28.833,200,1,909,
prover_hockey,5,3,153,1776919392447,30.038,200,1,909,
prover_hockey,5,3,154,1776919392479,32.303,200,1,909,
prover_hockey,5,3,155,1776919392510,30.818,200,1,909,
prover_hockey,5,3,156,1776919392541,30.935,200,1,909,
prover_hockey,5,3,157,1776919392575,33.346,200,1,909,
prover_hockey,5,3,158,1776919392607,32.425,200,1,909,
prover_hockey,5,3,159,1776919392638,30.613,200,1,909,
prover_hockey,5,3,160,1776919392668,30.051,200,1,909,
prover_hockey,5,3,161,1776919392706,38.655,200,1,909,
prover_hockey,5,3,162,1776919392737,30.606,200,1,909,
prover_hockey,5,3,163,1776919392771,34.051,200,1,909,
prover_hockey,5,3,164,1776919392800,29.024,200,1,909,
prover_hockey,5,3,165,1776919392831,31.36,200,1,909,
prover_hockey,5,3,166,1776919392862,30.847,200,1,909,
prover_hockey,5,3,167,1776919392892,30.232,200,1,909,
prover_hockey,5,3,168,1776919392929,36.581,200,1,909,
prover_hockey,5,3,169,1776919392960,30.617,200,1,909,
prover_hockey,5,3,170,1776919392991,31.044,200,1,909,
prover_hockey,5,3,171,1776919393022,31.333,200,1,909,
prover_hockey,5,3,172,1776919393056,33.586,200,1,909,
prover_hockey,5,3,173,1776919393084,28.733,200,1,909,
prover_hockey,5,3,174,1776919393117,32.702,200,1,909,
prover_hockey,5,3,175,1776919393146,29.241,200,1,909,
prover_hockey,5,3,176,1776919393177,30.58,200,1,909,
prover_hockey,5,3,177,1776919393210,32.579,200,1,909,
prover_hockey,5,3,178,1776919393243,33.061,200,1,909,
prover_hockey,5,3,179,1776919393272,29.688,200,1,909,
prover_hockey,5,3,180,1776919393305,32.765,200,1,909,
prover_hockey,5,3,181,1776919393334,29.371,200,1,909,
prover_hockey,5,3,182,1776919393364,29.848,200,1,909,
prover_hockey,5,3,183,1776919393399,34.59,200,1,909,
prover_hockey,5,3,184,1776919393429,30.221,200,1,909,
prover_hockey,5,3,185,1776919393459,29.669,200,1,909,
prover_hockey,5,3,186,1776919393490,31.46,200,1,909,
prover_hockey,5,3,187,1776919393520,29.768,200,1,909,
prover_hockey,5,3,188,1776919393551,30.711,200,1,909,
prover_hockey,5,3,189,1776919393583,32.716,200,1,909,
prover_hockey,5,3,190,1776919393621,37.49,200,1,909,
prover_hockey,5,3,191,1776919393653,31.901,200,1,909,
prover_hockey,5,3,192,1776919393684,31.429,200,1,909,
prover_hockey,5,3,193,1776919393713,28.901,200,1,909,
prover_hockey,5,3,194,1776919393745,32.173,200,1,909,
prover_hockey,5,3,195,1776919393778,33.144,200,1,909,
prover_hockey,5,3,196,1776919393809,30.654,200,1,909,
prover_hockey,5,3,197,1776919393842,32.383,200,1,909,
prover_hockey,5,3,198,1776919393871,29.855,200,1,909,
prover_hockey,5,3,199,1776919393907,35.71,200,1,909,
prover_hockey,5,3,200,1776919393936,28.888,200,1,909,
prover_hockey,5,3,201,1776919393967,31.045,200,1,909,
prover_hockey,5,3,202,1776919393997,29.566,200,1,909,
prover_hockey,5,3,203,1776919394034,37.758,200,1,909,
prover_hockey,5,3,204,1776919394063,28.156,200,1,909,
prover_hockey,5,3,205,1776919394103,40.311,200,1,909,
prover_hockey,5,3,206,1776919394133,30.422,200,1,909,
prover_hockey,5,3,207,1776919394166,33.146,200,1,909,
prover_hockey,5,3,208,1776919394198,32.012,200,1,909,
prover_hockey,5,3,209,1776919394231,32.344,200,1,909,
prover_hockey,5,3,210,1776919394260,29.509,200,1,909,
prover_hockey,5,3,211,1776919394296,35.289,200,1,909,
prover_hockey,5,3,212,1776919394327,31.022,200,1,909,
prover_hockey,5,3,213,1776919394356,29.431,200,1,909,
prover_hockey,5,3,214,1776919394388,31.661,200,1,909,
prover_hockey,5,3,215,1776919394428,40.295,200,1,909,
prover_hockey,5,3,216,1776919394458,29.699,200,1,909,
prover_hockey,5,3,217,1776919394489,31.547,200,1,909,
prover_hockey,5,3,218,1776919394518,28.745,200,1,909,
prover_hockey,5,3,219,1776919394551,32.554,200,1,909,
prover_hockey,5,3,220,1776919394581,30.267,200,1,909,
prover_hockey,5,3,221,1776919394612,31.185,200,1,909,
prover_hockey,5,3,222,1776919394643,30.724,200,1,909,
prover_hockey,5,3,223,1776919394675,31.894,200,1,909,
prover_hockey,5,3,224,1776919394706,31.505,200,1,909,
prover_hockey,5,3,225,1776919394736,30.192,200,1,909,
prover_hockey,5,3,226,1776919394770,33.741,200,1,909,
prover_hockey,5,3,227,1776919394800,30.219,200,1,909,
prover_hockey,5,3,228,1776919394831,30.899,200,1,909,
prover_hockey,5,3,229,1776919394860,28.396,200,1,909,
prover_hockey,5,3,230,1776919394891,31.881,200,1,909,
prover_hockey,5,3,231,1776919394925,33.7,200,1,909,
prover_hockey,5,3,232,1776919394958,33.195,200,1,909,
prover_hockey,5,3,233,1776919394990,32.078,200,1,909,
prover_hockey,5,3,234,1776919395020,29.267,200,1,909,
prover_hockey,5,3,235,1776919395051,30.862,200,1,909,
prover_hockey,5,3,236,1776919395082,31.237,200,1,909,
prover_hockey,5,3,237,1776919395111,29.191,200,1,909,
prover_hockey,5,3,238,1776919395144,33.111,200,1,909,
prover_hockey,5,3,239,1776919395178,33.927,200,1,909,
prover_hockey,5,3,240,1776919395210,31.853,200,1,909,
prover_hockey,5,3,241,1776919395241,31.039,200,1,909,
prover_hockey,5,3,242,1776919395273,32.34,200,1,909,
prover_hockey,5,3,243,1776919395302,28.666,200,1,909,
prover_hockey,5,3,244,1776919395336,34.223,200,1,909,
prover_hockey,5,3,245,1776919395368,32.049,200,1,909,
prover_hockey,5,3,246,1776919395398,29.788,200,1,909,
prover_hockey,5,3,247,1776919395432,34.061,200,1,909,
prover_hockey,5,3,248,1776919395463,31.294,200,1,909,
prover_hockey,5,3,249,1776919395495,31.1,200,1,909,
prover_hockey,5,3,250,1776919395528,33.048,200,1,909,
prover_hockey,5,3,251,1776919395557,29.47,200,1,909,
prover_hockey,5,3,252,1776919395591,33.798,200,1,909,
prover_hockey,5,3,253,1776919395621,30.515,200,1,909,
prover_hockey,5,3,254,1776919395653,31.702,200,1,909,
prover_hockey,5,3,255,1776919395685,32.214,200,1,909,
prover_hockey,5,3,256,1776919395716,30.373,200,1,909,
prover_hockey,5,3,257,1776919395745,29.565,200,1,909,
prover_hockey,5,3,258,1776919395781,35.576,200,1,909,
prover_hockey,5,3,259,1776919395847,66.182,200,1,909,
prover_hockey,5,3,260,1776919395877,29.79,200,1,909,
prover_hockey,5,3,261,1776919395906,29.231,200,1,909,
prover_hockey,5,3,262,1776919395937,31.33,200,1,909,
prover_hockey,5,3,263,1776919395970,32.822,200,1,909,
prover_hockey,5,3,264,1776919396001,31.158,200,1,909,
prover_hockey,5,3,265,1776919396044,43.161,200,1,909,
prover_hockey,5,3,266,1776919396077,32.682,200,1,909,
prover_hockey,5,3,267,1776919396106,28.768,200,1,909,
prover_hockey,5,3,268,1776919396137,30.631,200,1,909,
prover_hockey,5,3,269,1776919396178,41.428,200,1,909,
prover_hockey,5,3,270,1776919396210,31.49,200,1,909,
prover_hockey,5,3,271,1776919396243,33.699,200,1,909,
prover_hockey,5,3,272,1776919396277,33.988,200,1,909,
prover_hockey,5,3,273,1776919396309,31.775,200,1,909,
prover_hockey,5,3,274,1776919396338,28.583,200,1,909,
prover_hockey,5,3,275,1776919396367,29.125,200,1,909,
prover_hockey,5,3,276,1776919396396,29.669,200,1,909,
prover_hockey,5,3,277,1776919396431,34.253,200,1,909,
prover_hockey,5,3,278,1776919396462,31.607,200,1,909,
prover_hockey,5,3,279,1776919396493,30.875,200,1,909,
prover_hockey,5,3,280,1776919396522,29.205,200,1,909,
prover_hockey,5,3,281,1776919396551,28.28,200,1,909,
prover_hockey,5,3,282,1776919396589,38.447,200,1,909,
prover_hockey,5,3,283,1776919396620,30.62,200,1,909,
prover_hockey,5,3,284,1776919396649,29.119,200,1,909,
prover_hockey,5,3,285,1776919396679,29.904,200,1,909,
prover_hockey,5,3,286,1776919396710,30.999,200,1,909,
prover_hockey,5,3,287,1776919396744,34.593,200,1,909,
prover_hockey,5,3,288,1776919396788,43.728,200,1,909,
prover_hockey,5,3,289,1776919396819,30.58,200,1,909,
prover_hockey,5,3,290,1776919396852,33.428,200,1,909,
prover_hockey,5,3,291,1776919396888,36.188,200,1,909,
prover_hockey,5,3,292,1776919396919,31.066,200,1,909,
prover_hockey,5,3,293,1776919396950,31.059,200,1,909,
prover_hockey,5,3,294,1776919396979,28.952,200,1,909,
prover_hockey,5,3,295,1776919397011,31.743,200,1,909,
prover_hockey,5,3,296,1776919397050,39.336,200,1,909,
prover_hockey,5,3,297,1776919397088,38.035,200,1,909,
prover_hockey,5,3,298,1776919397121,32.518,200,1,909,
prover_hockey,5,3,299,1776919397150,29.233,200,1,909,
prover_hockey,5,4,0,1776919387501,53.203,200,1,909,
prover_hockey,5,4,1,1776919387541,39.884,200,1,909,
prover_hockey,5,4,2,1776919387574,32.815,200,1,909,
prover_hockey,5,4,3,1776919387605,31.209,200,1,909,
prover_hockey,5,4,4,1776919387643,37.467,200,1,909,
prover_hockey,5,4,5,1776919387677,34.362,200,1,909,
prover_hockey,5,4,6,1776919387713,35.471,200,1,909,
prover_hockey,5,4,7,1776919387745,32.527,200,1,909,
prover_hockey,5,4,8,1776919387777,31.867,200,1,909,
prover_hockey,5,4,9,1776919387808,31.167,200,1,909,
prover_hockey,5,4,10,1776919387837,29.228,200,1,909,
prover_hockey,5,4,11,1776919387870,32.796,200,1,909,
prover_hockey,5,4,12,1776919387900,30.008,200,1,909,
prover_hockey,5,4,13,1776919387933,32.7,200,1,909,
prover_hockey,5,4,14,1776919387977,43.603,200,1,909,
prover_hockey,5,4,15,1776919388006,29.407,200,1,909,
prover_hockey,5,4,16,1776919388036,30.323,200,1,909,
prover_hockey,5,4,17,1776919388068,31.43,200,1,909,
prover_hockey,5,4,18,1776919388104,36.418,200,1,909,
prover_hockey,5,4,19,1776919388135,31.307,200,1,909,
prover_hockey,5,4,20,1776919388179,43.699,200,1,909,
prover_hockey,5,4,21,1776919388210,30.582,200,1,909,
prover_hockey,5,4,22,1776919388241,31.104,200,1,909,
prover_hockey,5,4,23,1776919388276,34.837,200,1,909,
prover_hockey,5,4,24,1776919388306,30.64,200,1,909,
prover_hockey,5,4,25,1776919388339,32.809,200,1,909,
prover_hockey,5,4,26,1776919388369,30.248,200,1,909,
prover_hockey,5,4,27,1776919388399,29.642,200,1,909,
prover_hockey,5,4,28,1776919388434,35.267,200,1,909,
prover_hockey,5,4,29,1776919388465,30.404,200,1,909,
prover_hockey,5,4,30,1776919388495,30.671,200,1,909,
prover_hockey,5,4,31,1776919388526,30.387,200,1,909,
prover_hockey,5,4,32,1776919388557,31.256,200,1,909,
prover_hockey,5,4,33,1776919388587,29.825,200,1,909,
prover_hockey,5,4,34,1776919388619,32.211,200,1,909,
prover_hockey,5,4,35,1776919388655,36.07,200,1,909,
prover_hockey,5,4,36,1776919388686,31.03,200,1,909,
prover_hockey,5,4,37,1776919388717,30.388,200,1,909,
prover_hockey,5,4,38,1776919388753,36.804,200,1,909,
prover_hockey,5,4,39,1776919388784,30.176,200,1,909,
prover_hockey,5,4,40,1776919388818,34.309,200,1,909,
prover_hockey,5,4,41,1776919388849,30.727,200,1,909,
prover_hockey,5,4,42,1776919388883,34.246,200,1,909,
prover_hockey,5,4,43,1776919388914,30.98,200,1,909,
prover_hockey,5,4,44,1776919388948,34.698,200,1,909,
prover_hockey,5,4,45,1776919388980,31.347,200,1,909,
prover_hockey,5,4,46,1776919389011,30.688,200,1,909,
prover_hockey,5,4,47,1776919389043,32.363,200,1,909,
prover_hockey,5,4,48,1776919389078,35.192,200,1,909,
prover_hockey,5,4,49,1776919389111,33.123,200,1,909,
prover_hockey,5,4,50,1776919389145,34.015,200,1,909,
prover_hockey,5,4,51,1776919389175,29.493,200,1,909,
prover_hockey,5,4,52,1776919389205,29.919,200,1,909,
prover_hockey,5,4,53,1776919389238,33.643,200,1,909,
prover_hockey,5,4,54,1776919389284,46.046,200,1,909,
prover_hockey,5,4,55,1776919389315,30.669,200,1,909,
prover_hockey,5,4,56,1776919389346,30.984,200,1,909,
prover_hockey,5,4,57,1776919389382,35.669,200,1,909,
prover_hockey,5,4,58,1776919389411,29.668,200,1,909,
prover_hockey,5,4,59,1776919389443,31.845,200,1,909,
prover_hockey,5,4,60,1776919389477,33.445,200,1,909,
prover_hockey,5,4,61,1776919389509,32.754,200,1,909,
prover_hockey,5,4,62,1776919389539,29.22,200,1,909,
prover_hockey,5,4,63,1776919389569,30.305,200,1,909,
prover_hockey,5,4,64,1776919389600,31.537,200,1,909,
prover_hockey,5,4,65,1776919389632,31.628,200,1,909,
prover_hockey,5,4,66,1776919389662,29.928,200,1,909,
prover_hockey,5,4,67,1776919389691,28.959,200,1,909,
prover_hockey,5,4,68,1776919389722,30.998,200,1,909,
prover_hockey,5,4,69,1776919389758,35.663,200,1,909,
prover_hockey,5,4,70,1776919389787,29.566,200,1,909,
prover_hockey,5,4,71,1776919389819,31.722,200,1,909,
prover_hockey,5,4,72,1776919389850,30.875,200,1,909,
prover_hockey,5,4,73,1776919389880,30.333,200,1,909,
prover_hockey,5,4,74,1776919389911,30.795,200,1,909,
prover_hockey,5,4,75,1776919389944,32.904,200,1,909,
prover_hockey,5,4,76,1776919389973,29.573,200,1,909,
prover_hockey,5,4,77,1776919390005,31.509,200,1,909,
prover_hockey,5,4,78,1776919390035,30.456,200,1,909,
prover_hockey,5,4,79,1776919390070,34.197,200,1,909,
prover_hockey,5,4,80,1776919390100,29.965,200,1,909,
prover_hockey,5,4,81,1776919390130,30.269,200,1,909,
prover_hockey,5,4,82,1776919390164,33.606,200,1,909,
prover_hockey,5,4,83,1776919390193,29.203,200,1,909,
prover_hockey,5,4,84,1776919390226,33.089,200,1,909,
prover_hockey,5,4,85,1776919390260,34.278,200,1,909,
prover_hockey,5,4,86,1776919390291,31.069,200,1,909,
prover_hockey,5,4,87,1776919390322,31.329,200,1,909,
prover_hockey,5,4,88,1776919390354,31.184,200,1,909,
prover_hockey,5,4,89,1776919390384,30.214,200,1,909,
prover_hockey,5,4,90,1776919390419,35.417,200,1,909,
prover_hockey,5,4,91,1776919390448,29.164,200,1,909,
prover_hockey,5,4,92,1776919390480,31.629,200,1,909,
prover_hockey,5,4,93,1776919390511,30.894,200,1,909,
prover_hockey,5,4,94,1776919390542,31.458,200,1,909,
prover_hockey,5,4,95,1776919390576,33.941,200,1,909,
prover_hockey,5,4,96,1776919390610,33.476,200,1,909,
prover_hockey,5,4,97,1776919390643,33.037,200,1,909,
prover_hockey,5,4,98,1776919390673,30.291,200,1,909,
prover_hockey,5,4,99,1776919390704,30.415,200,1,909,
prover_hockey,5,4,100,1776919390734,30.686,200,1,909,
prover_hockey,5,4,101,1776919390763,29.02,200,1,909,
prover_hockey,5,4,102,1776919390797,33.683,200,1,909,
prover_hockey,5,4,103,1776919390829,32.079,200,1,909,
prover_hockey,5,4,104,1776919390858,28.995,200,1,909,
prover_hockey,5,4,105,1776919390891,32.759,200,1,909,
prover_hockey,5,4,106,1776919390925,33.89,200,1,909,
prover_hockey,5,4,107,1776919390959,34.285,200,1,909,
prover_hockey,5,4,108,1776919390990,30.559,200,1,909,
prover_hockey,5,4,109,1776919391029,39.525,200,1,909,
prover_hockey,5,4,110,1776919391062,32.381,200,1,909,
prover_hockey,5,4,111,1776919391094,32.069,200,1,909,
prover_hockey,5,4,112,1776919391124,30.347,200,1,909,
prover_hockey,5,4,113,1776919391157,32.574,200,1,909,
prover_hockey,5,4,114,1776919391189,31.952,200,1,909,
prover_hockey,5,4,115,1776919391222,33.411,200,1,909,
prover_hockey,5,4,116,1776919391253,30.804,200,1,909,
prover_hockey,5,4,117,1776919391281,28.708,200,1,909,
prover_hockey,5,4,118,1776919391315,33.077,200,1,909,
prover_hockey,5,4,119,1776919391348,33.19,200,1,909,
prover_hockey,5,4,120,1776919391380,32.659,200,1,909,
prover_hockey,5,4,121,1776919391425,45.056,200,1,909,
prover_hockey,5,4,122,1776919391457,31.93,200,1,909,
prover_hockey,5,4,123,1776919391488,31.044,200,1,909,
prover_hockey,5,4,124,1776919391531,43.017,200,1,909,
prover_hockey,5,4,125,1776919391565,33.6,200,1,909,
prover_hockey,5,4,126,1776919391595,30.03,200,1,909,
prover_hockey,5,4,127,1776919391626,30.616,200,1,909,
prover_hockey,5,4,128,1776919391661,35.349,200,1,909,
prover_hockey,5,4,129,1776919391694,33.119,200,1,909,
prover_hockey,5,4,130,1776919391725,31.167,200,1,909,
prover_hockey,5,4,131,1776919391756,30.711,200,1,909,
prover_hockey,5,4,132,1776919391788,32.22,200,1,909,
prover_hockey,5,4,133,1776919391818,30.113,200,1,909,
prover_hockey,5,4,134,1776919391849,30.938,200,1,909,
prover_hockey,5,4,135,1776919391887,37.821,200,1,909,
prover_hockey,5,4,136,1776919391923,36.353,200,1,909,
prover_hockey,5,4,137,1776919391955,31.321,200,1,909,
prover_hockey,5,4,138,1776919391989,34.069,200,1,909,
prover_hockey,5,4,139,1776919392023,33.939,200,1,909,
prover_hockey,5,4,140,1776919392054,30.906,200,1,909,
prover_hockey,5,4,141,1776919392086,32.206,200,1,909,
prover_hockey,5,4,142,1776919392117,30.945,200,1,909,
prover_hockey,5,4,143,1776919392149,32.059,200,1,909,
prover_hockey,5,4,144,1776919392180,31.338,200,1,909,
prover_hockey,5,4,145,1776919392225,44.459,200,1,909,
prover_hockey,5,4,146,1776919392259,34.49,200,1,909,
prover_hockey,5,4,147,1776919392288,28.47,200,1,909,
prover_hockey,5,4,148,1776919392319,31,200,1,909,
prover_hockey,5,4,149,1776919392353,34.564,200,1,909,
prover_hockey,5,4,150,1776919392384,30.364,200,1,909,
prover_hockey,5,4,151,1776919392415,31.563,200,1,909,
prover_hockey,5,4,152,1776919392448,32.761,200,1,909,
prover_hockey,5,4,153,1776919392480,32.207,200,1,909,
prover_hockey,5,4,154,1776919392514,34.188,200,1,909,
prover_hockey,5,4,155,1776919392545,30.9,200,1,909,
prover_hockey,5,4,156,1776919392575,29.778,200,1,909,
prover_hockey,5,4,157,1776919392610,34.421,200,1,909,
prover_hockey,5,4,158,1776919392641,31.029,200,1,909,
prover_hockey,5,4,159,1776919392670,29.589,200,1,909,
prover_hockey,5,4,160,1776919392700,29.469,200,1,909,
prover_hockey,5,4,161,1776919392730,30.184,200,1,909,
prover_hockey,5,4,162,1776919392761,31.281,200,1,909,
prover_hockey,5,4,163,1776919392804,42.976,200,1,909,
prover_hockey,5,4,164,1776919392834,30.081,200,1,909,
prover_hockey,5,4,165,1776919392867,32.628,200,1,909,
prover_hockey,5,4,166,1776919392896,29.076,200,1,909,
prover_hockey,5,4,167,1776919392934,38.437,200,1,909,
prover_hockey,5,4,168,1776919392964,29.919,200,1,909,
prover_hockey,5,4,169,1776919392994,29.47,200,1,909,
prover_hockey,5,4,170,1776919393024,30.685,200,1,909,
prover_hockey,5,4,171,1776919393058,33.277,200,1,909,
prover_hockey,5,4,172,1776919393091,33.353,200,1,909,
prover_hockey,5,4,173,1776919393122,30.516,200,1,909,
prover_hockey,5,4,174,1776919393154,32.035,200,1,909,
prover_hockey,5,4,175,1776919393183,29.634,200,1,909,
prover_hockey,5,4,176,1776919393213,30.182,200,1,909,
prover_hockey,5,4,177,1776919393246,32.687,200,1,909,
prover_hockey,5,4,178,1776919393282,35.796,200,1,909,
prover_hockey,5,4,179,1776919393312,30.407,200,1,909,
prover_hockey,5,4,180,1776919393345,32.74,200,1,909,
prover_hockey,5,4,181,1776919393376,30.498,200,1,909,
prover_hockey,5,4,182,1776919393412,36.771,200,1,909,
prover_hockey,5,4,183,1776919393445,32.686,200,1,909,
prover_hockey,5,4,184,1776919393476,30.741,200,1,909,
prover_hockey,5,4,185,1776919393505,29.317,200,1,909,
prover_hockey,5,4,186,1776919393542,36.852,200,1,909,
prover_hockey,5,4,187,1776919393575,33.141,200,1,909,
prover_hockey,5,4,188,1776919393604,29.218,200,1,909,
prover_hockey,5,4,189,1776919393635,30.291,200,1,909,
prover_hockey,5,4,190,1776919393671,36.614,200,1,909,
prover_hockey,5,4,191,1776919393702,30.572,200,1,909,
prover_hockey,5,4,192,1776919393742,39.878,200,1,909,
prover_hockey,5,4,193,1776919393772,30.665,200,1,909,
prover_hockey,5,4,194,1776919393803,30.973,200,1,909,
prover_hockey,5,4,195,1776919393833,29.831,200,1,909,
prover_hockey,5,4,196,1776919393865,32.164,200,1,909,
prover_hockey,5,4,197,1776919393895,29.834,200,1,909,
prover_hockey,5,4,198,1776919393928,32.549,200,1,909,
prover_hockey,5,4,199,1776919393958,30.303,200,1,909,
prover_hockey,5,4,200,1776919393991,33.185,200,1,909,
prover_hockey,5,4,201,1776919394022,30.72,200,1,909,
prover_hockey,5,4,202,1776919394056,34.248,200,1,909,
prover_hockey,5,4,203,1776919394086,29.454,200,1,909,
prover_hockey,5,4,204,1776919394116,30.171,200,1,909,
prover_hockey,5,4,205,1776919394147,31.1,200,1,909,
prover_hockey,5,4,206,1776919394179,32.006,200,1,909,
prover_hockey,5,4,207,1776919394212,33.528,200,1,909,
prover_hockey,5,4,208,1776919394243,30.975,200,1,909,
prover_hockey,5,4,209,1776919394275,31.517,200,1,909,
prover_hockey,5,4,210,1776919394307,31.782,200,1,909,
prover_hockey,5,4,211,1776919394343,36.234,200,1,909,
prover_hockey,5,4,212,1776919394376,32.814,200,1,909,
prover_hockey,5,4,213,1776919394407,31.272,200,1,909,
prover_hockey,5,4,214,1776919394436,28.522,200,1,909,
prover_hockey,5,4,215,1776919394466,30.763,200,1,909,
prover_hockey,5,4,216,1776919394497,31.077,200,1,909,
prover_hockey,5,4,217,1776919394531,33.554,200,1,909,
prover_hockey,5,4,218,1776919394564,33.027,200,1,909,
prover_hockey,5,4,219,1776919394595,31.213,200,1,909,
prover_hockey,5,4,220,1776919394632,36.939,200,1,909,
prover_hockey,5,4,221,1776919394661,28.613,200,1,909,
prover_hockey,5,4,222,1776919394690,29.208,200,1,909,
prover_hockey,5,4,223,1776919394725,34.922,200,1,909,
prover_hockey,5,4,224,1776919394755,30.33,200,1,909,
prover_hockey,5,4,225,1776919394785,30.222,200,1,909,
prover_hockey,5,4,226,1776919394815,29.086,200,1,909,
prover_hockey,5,4,227,1776919394852,37.653,200,1,909,
prover_hockey,5,4,228,1776919394886,33.712,200,1,909,
prover_hockey,5,4,229,1776919394917,30.886,200,1,909,
prover_hockey,5,4,230,1776919394947,30.446,200,1,909,
prover_hockey,5,4,231,1776919394977,30.066,200,1,909,
prover_hockey,5,4,232,1776919395011,33.883,200,1,909,
prover_hockey,5,4,233,1776919395043,31.719,200,1,909,
prover_hockey,5,4,234,1776919395073,29.876,200,1,909,
prover_hockey,5,4,235,1776919395104,31.581,200,1,909,
prover_hockey,5,4,236,1776919395141,36.987,200,1,909,
prover_hockey,5,4,237,1776919395170,29.051,200,1,909,
prover_hockey,5,4,238,1776919395204,33.089,200,1,909,
prover_hockey,5,4,239,1776919395235,31.272,200,1,909,
prover_hockey,5,4,240,1776919395267,31.96,200,1,909,
prover_hockey,5,4,241,1776919395298,30.936,200,1,909,
prover_hockey,5,4,242,1776919395334,36.241,200,1,909,
prover_hockey,5,4,243,1776919395363,28.923,200,1,909,
prover_hockey,5,4,244,1776919395397,34.45,200,1,909,
prover_hockey,5,4,245,1776919395428,30.904,200,1,909,
prover_hockey,5,4,246,1776919395461,33.148,200,1,909,
prover_hockey,5,4,247,1776919395494,32.725,200,1,909,
prover_hockey,5,4,248,1776919395523,29.032,200,1,909,
prover_hockey,5,4,249,1776919395555,31.437,200,1,909,
prover_hockey,5,4,250,1776919395584,29.617,200,1,909,
prover_hockey,5,4,251,1776919395617,32.417,200,1,909,
prover_hockey,5,4,252,1776919395650,33.278,200,1,909,
prover_hockey,5,4,253,1776919395679,29.469,200,1,909,
prover_hockey,5,4,254,1776919395708,28.413,200,1,909,
prover_hockey,5,4,255,1776919395739,31.591,200,1,909,
prover_hockey,5,4,256,1776919395779,39.87,200,1,909,
prover_hockey,5,4,257,1776919395812,32.706,200,1,909,
prover_hockey,5,4,258,1776919395841,29.21,200,1,909,
prover_hockey,5,4,259,1776919395872,30.652,200,1,909,
prover_hockey,5,4,260,1776919395909,37.264,200,1,909,
prover_hockey,5,4,261,1776919395944,34.655,200,1,909,
prover_hockey,5,4,262,1776919395974,30.329,200,1,909,
prover_hockey,5,4,263,1776919396005,30.702,200,1,909,
prover_hockey,5,4,264,1776919396037,32.469,200,1,909,
prover_hockey,5,4,265,1776919396068,30.223,200,1,909,
prover_hockey,5,4,266,1776919396097,29.214,200,1,909,
prover_hockey,5,4,267,1776919396126,29.327,200,1,909,
prover_hockey,5,4,268,1776919396159,33.377,200,1,909,
prover_hockey,5,4,269,1776919396191,31.257,200,1,909,
prover_hockey,5,4,270,1776919396220,28.785,200,1,909,
prover_hockey,5,4,271,1776919396249,29.786,200,1,909,
prover_hockey,5,4,272,1776919396279,30.123,200,1,909,
prover_hockey,5,4,273,1776919396311,31.36,200,1,909,
prover_hockey,5,4,274,1776919396343,31.788,200,1,909,
prover_hockey,5,4,275,1776919396373,30.474,200,1,909,
prover_hockey,5,4,276,1776919396403,29.548,200,1,909,
prover_hockey,5,4,277,1776919396433,30.437,200,1,909,
prover_hockey,5,4,278,1776919396467,34.115,200,1,909,
prover_hockey,5,4,279,1776919396498,30.433,200,1,909,
prover_hockey,5,4,280,1776919396531,33.651,200,1,909,
prover_hockey,5,4,281,1776919396561,29.52,200,1,909,
prover_hockey,5,4,282,1776919396590,28.903,200,1,909,
prover_hockey,5,4,283,1776919396624,34.626,200,1,909,
prover_hockey,5,4,284,1776919396657,32.776,200,1,909,
prover_hockey,5,4,285,1776919396696,38.714,200,1,909,
prover_hockey,5,4,286,1776919396727,31.289,200,1,909,
prover_hockey,5,4,287,1776919396757,30.112,200,1,909,
prover_hockey,5,4,288,1776919396787,29.867,200,1,909,
prover_hockey,5,4,289,1776919396818,31.047,200,1,909,
prover_hockey,5,4,290,1776919396851,32.587,200,1,909,
prover_hockey,5,4,291,1776919396896,45.729,200,1,909,
prover_hockey,5,4,292,1776919396929,32.739,200,1,909,
prover_hockey,5,4,293,1776919396960,30.444,200,1,909,
prover_hockey,5,4,294,1776919396989,29.172,200,1,909,
prover_hockey,5,4,295,1776919397019,29.911,200,1,909,
prover_hockey,5,4,296,1776919397050,30.795,200,1,909,
prover_hockey,5,4,297,1776919397082,32.519,200,1,909,
prover_hockey,5,4,298,1776919397112,30.367,200,1,909,
prover_hockey,5,4,299,1776919397143,30.658,200,1,909,
prover_hockey,10,0,0,1776919407237,70.186,200,1,909,
prover_hockey,10,0,1,1776919407271,34.285,200,1,909,
prover_hockey,10,0,2,1776919407303,31.639,200,1,909,
prover_hockey,10,0,3,1776919407336,32.898,200,1,909,
prover_hockey,10,0,4,1776919407370,34.13,200,1,909,
prover_hockey,10,0,5,1776919407401,30.804,200,1,909,
prover_hockey,10,0,6,1776919407434,33.517,200,1,909,
prover_hockey,10,0,7,1776919407469,35.281,200,1,909,
prover_hockey,10,0,8,1776919407503,33.769,200,1,909,
prover_hockey,10,0,9,1776919407537,33.502,200,1,909,
prover_hockey,10,0,10,1776919407567,30.431,200,1,909,
prover_hockey,10,0,11,1776919407599,32.067,200,1,909,
prover_hockey,10,0,12,1776919407632,32.345,200,1,909,
prover_hockey,10,0,13,1776919407662,30.847,200,1,909,
prover_hockey,10,0,14,1776919407692,29.273,200,1,909,
prover_hockey,10,0,15,1776919407724,32.065,200,1,909,
prover_hockey,10,0,16,1776919407753,29.292,200,1,909,
prover_hockey,10,0,17,1776919407787,33.783,200,1,909,
prover_hockey,10,0,18,1776919407818,30.91,200,1,909,
prover_hockey,10,0,19,1776919407848,29.85,200,1,909,
prover_hockey,10,0,20,1776919407878,30.25,200,1,909,
prover_hockey,10,0,21,1776919407911,32.848,200,1,909,
prover_hockey,10,0,22,1776919407942,31.521,200,1,909,
prover_hockey,10,0,23,1776919407976,34.183,200,1,909,
prover_hockey,10,0,24,1776919408006,29.322,200,1,909,
prover_hockey,10,0,25,1776919408040,34.346,200,1,909,
prover_hockey,10,0,26,1776919408073,33.333,200,1,909,
prover_hockey,10,0,27,1776919408107,33.275,200,1,909,
prover_hockey,10,0,28,1776919408137,30.143,200,1,909,
prover_hockey,10,0,29,1776919408167,30.494,200,1,909,
prover_hockey,10,0,30,1776919408199,31.41,200,1,909,
prover_hockey,10,0,31,1776919408231,32.62,200,1,909,
prover_hockey,10,0,32,1776919408267,35.221,200,1,909,
prover_hockey,10,0,33,1776919408303,35.924,200,1,909,
prover_hockey,10,0,34,1776919408334,31.29,200,1,909,
prover_hockey,10,0,35,1776919408366,32.465,200,1,909,
prover_hockey,10,0,36,1776919408404,37.84,200,1,909,
prover_hockey,10,0,37,1776919408439,34.515,200,1,909,
prover_hockey,10,0,38,1776919408472,33.192,200,1,909,
prover_hockey,10,0,39,1776919408504,32.385,200,1,909,
prover_hockey,10,0,40,1776919408536,32.09,200,1,909,
prover_hockey,10,0,41,1776919408567,30.904,200,1,909,
prover_hockey,10,0,42,1776919408603,35.343,200,1,909,
prover_hockey,10,0,43,1776919408633,30.714,200,1,909,
prover_hockey,10,0,44,1776919408670,36.432,200,1,909,
prover_hockey,10,0,45,1776919408699,29.328,200,1,909,
prover_hockey,10,0,46,1776919408731,32.107,200,1,909,
prover_hockey,10,0,47,1776919408762,30.371,200,1,909,
prover_hockey,10,0,48,1776919408792,30.731,200,1,909,
prover_hockey,10,0,49,1776919408824,31.297,200,1,909,
prover_hockey,10,0,50,1776919408857,33.704,200,1,909,
prover_hockey,10,0,51,1776919408891,33.977,200,1,909,
prover_hockey,10,0,52,1776919408924,32.272,200,1,909,
prover_hockey,10,0,53,1776919408956,32.885,200,1,909,
prover_hockey,10,0,54,1776919408986,29.903,200,1,909,
prover_hockey,10,0,55,1776919409018,31.859,200,1,909,
prover_hockey,10,0,56,1776919409050,31.972,200,1,909,
prover_hockey,10,0,57,1776919409079,28.815,200,1,909,
prover_hockey,10,0,58,1776919409108,29.181,200,1,909,
prover_hockey,10,0,59,1776919409139,31.038,200,1,909,
prover_hockey,10,0,60,1776919409171,31.754,200,1,909,
prover_hockey,10,0,61,1776919409205,34.471,200,1,909,
prover_hockey,10,0,62,1776919409238,32.934,200,1,909,
prover_hockey,10,0,63,1776919409274,35.749,200,1,909,
prover_hockey,10,0,64,1776919409307,32.897,200,1,909,
prover_hockey,10,0,65,1776919409340,32.735,200,1,909,
prover_hockey,10,0,66,1776919409370,30.416,200,1,909,
prover_hockey,10,0,67,1776919409400,30.187,200,1,909,
prover_hockey,10,0,68,1776919409433,32.114,200,1,909,
prover_hockey,10,0,69,1776919409462,29.272,200,1,909,
prover_hockey,10,0,70,1776919409491,29.576,200,1,909,
prover_hockey,10,0,71,1776919409524,32.717,200,1,909,
prover_hockey,10,0,72,1776919409557,32.484,200,1,909,
prover_hockey,10,0,73,1776919409589,32.642,200,1,909,
prover_hockey,10,0,74,1776919409621,31.307,200,1,909,
prover_hockey,10,0,75,1776919409650,29.545,200,1,909,
prover_hockey,10,0,76,1776919409680,29.574,200,1,909,
prover_hockey,10,0,77,1776919409710,29.873,200,1,909,
prover_hockey,10,0,78,1776919409740,30.39,200,1,909,
prover_hockey,10,0,79,1776919409772,32.189,200,1,909,
prover_hockey,10,0,80,1776919409803,30.491,200,1,909,
prover_hockey,10,0,81,1776919409844,41.654,200,1,909,
prover_hockey,10,0,82,1776919409878,33.599,200,1,909,
prover_hockey,10,0,83,1776919409909,31.085,200,1,909,
prover_hockey,10,0,84,1776919409939,30.336,200,1,909,
prover_hockey,10,0,85,1776919409973,33.873,200,1,909,
prover_hockey,10,0,86,1776919410003,29.583,200,1,909,
prover_hockey,10,0,87,1776919410038,35.65,200,1,909,
prover_hockey,10,0,88,1776919410069,30.822,200,1,909,
prover_hockey,10,0,89,1776919410100,30.289,200,1,909,
prover_hockey,10,0,90,1776919410133,33.056,200,1,909,
prover_hockey,10,0,91,1776919410162,29.127,200,1,909,
prover_hockey,10,0,92,1776919410193,30.985,200,1,909,
prover_hockey,10,0,93,1776919410223,30.454,200,1,909,
prover_hockey,10,0,94,1776919410255,31.772,200,1,909,
prover_hockey,10,0,95,1776919410286,30.991,200,1,909,
prover_hockey,10,0,96,1776919410318,31.67,200,1,909,
prover_hockey,10,0,97,1776919410349,31.562,200,1,909,
prover_hockey,10,0,98,1776919410380,31.196,200,1,909,
prover_hockey,10,0,99,1776919410410,29.661,200,1,909,
prover_hockey,10,0,100,1776919410443,33.017,200,1,909,
prover_hockey,10,0,101,1776919410474,30.492,200,1,909,
prover_hockey,10,0,102,1776919410508,33.958,200,1,909,
prover_hockey,10,0,103,1776919410538,30.856,200,1,909,
prover_hockey,10,0,104,1776919410573,34.597,200,1,909,
prover_hockey,10,0,105,1776919410604,31.216,200,1,909,
prover_hockey,10,0,106,1776919410637,32.95,200,1,909,
prover_hockey,10,0,107,1776919410667,30.174,200,1,909,
prover_hockey,10,0,108,1776919410698,30.595,200,1,909,
prover_hockey,10,0,109,1776919410729,31.485,200,1,909,
prover_hockey,10,0,110,1776919410765,35.318,200,1,909,
prover_hockey,10,0,111,1776919410795,30.718,200,1,909,
prover_hockey,10,0,112,1776919410828,32.46,200,1,909,
prover_hockey,10,0,113,1776919410859,30.819,200,1,909,
prover_hockey,10,0,114,1776919410890,30.817,200,1,909,
prover_hockey,10,0,115,1776919410924,34.141,200,1,909,
prover_hockey,10,0,116,1776919410953,29.309,200,1,909,
prover_hockey,10,0,117,1776919410987,33.897,200,1,909,
prover_hockey,10,0,118,1776919411017,29.953,200,1,909,
prover_hockey,10,0,119,1776919411047,30.271,200,1,909,
prover_hockey,10,0,120,1776919411079,32.208,200,1,909,
prover_hockey,10,0,121,1776919411110,30.574,200,1,909,
prover_hockey,10,0,122,1776919411146,35.867,200,1,909,
prover_hockey,10,0,123,1776919411174,28.563,200,1,909,
prover_hockey,10,0,124,1776919411204,29.857,200,1,909,
prover_hockey,10,0,125,1776919411236,31.494,200,1,909,
prover_hockey,10,0,126,1776919411271,34.867,200,1,909,
prover_hockey,10,0,127,1776919411303,32.1,200,1,909,
prover_hockey,10,0,128,1776919411335,31.821,200,1,909,
prover_hockey,10,0,129,1776919411366,31.413,200,1,909,
prover_hockey,10,0,130,1776919411399,32.53,200,1,909,
prover_hockey,10,0,131,1776919411430,31.059,200,1,909,
prover_hockey,10,0,132,1776919411464,34.472,200,1,909,
prover_hockey,10,0,133,1776919411500,36.209,200,1,909,
prover_hockey,10,0,134,1776919411536,35.88,200,1,909,
prover_hockey,10,0,135,1776919411568,31.436,200,1,909,
prover_hockey,10,0,136,1776919411604,36.147,200,1,909,
prover_hockey,10,0,137,1776919411639,34.988,200,1,909,
prover_hockey,10,0,138,1776919411669,30.446,200,1,909,
prover_hockey,10,0,139,1776919411701,31.39,200,1,909,
prover_hockey,10,0,140,1776919411732,31.841,200,1,909,
prover_hockey,10,0,141,1776919411763,30.715,200,1,909,
prover_hockey,10,0,142,1776919411793,30.153,200,1,909,
prover_hockey,10,0,143,1776919411830,36.597,200,1,909,
prover_hockey,10,0,144,1776919411860,30.28,200,1,909,
prover_hockey,10,0,145,1776919411892,31.602,200,1,909,
prover_hockey,10,0,146,1776919411924,32.405,200,1,909,
prover_hockey,10,0,147,1776919411956,31.967,200,1,909,
prover_hockey,10,0,148,1776919411985,29.205,200,1,909,
prover_hockey,10,1,0,1776919407220,52.509,200,1,909,
prover_hockey,10,1,1,1776919407266,46.646,200,1,909,
prover_hockey,10,1,2,1776919407299,33.054,200,1,909,
prover_hockey,10,1,3,1776919407334,34.521,200,1,909,
prover_hockey,10,1,4,1776919407365,30.597,200,1,909,
prover_hockey,10,1,5,1776919407395,30.501,200,1,909,
prover_hockey,10,1,6,1776919407427,31.909,200,1,909,
prover_hockey,10,1,7,1776919407459,32.121,200,1,909,
prover_hockey,10,1,8,1776919407495,36.183,200,1,909,
prover_hockey,10,1,9,1776919407527,31.638,200,1,909,
prover_hockey,10,1,10,1776919407559,31.643,200,1,909,
prover_hockey,10,1,11,1776919407591,32.543,200,1,909,
prover_hockey,10,1,12,1776919407622,30.764,200,1,909,
prover_hockey,10,1,13,1776919407655,33.015,200,1,909,
prover_hockey,10,1,14,1776919407686,30.806,200,1,909,
prover_hockey,10,1,15,1776919407722,36.527,200,1,909,
prover_hockey,10,1,16,1776919407754,31.25,200,1,909,
prover_hockey,10,1,17,1776919407787,33.803,200,1,909,
prover_hockey,10,1,18,1776919407824,37.127,200,1,909,
prover_hockey,10,1,19,1776919407857,32.667,200,1,909,
prover_hockey,10,1,20,1776919407887,29.807,200,1,909,
prover_hockey,10,1,21,1776919407916,28.552,200,1,909,
prover_hockey,10,1,22,1776919407945,29.872,200,1,909,
prover_hockey,10,1,23,1776919407977,31.552,200,1,909,
prover_hockey,10,1,24,1776919408010,32.789,200,1,909,
prover_hockey,10,1,25,1776919408039,29.722,200,1,909,
prover_hockey,10,1,26,1776919408071,31.03,200,1,909,
prover_hockey,10,1,27,1776919408101,30.145,200,1,909,
prover_hockey,10,1,28,1776919408132,30.967,200,1,909,
prover_hockey,10,1,29,1776919408163,31.568,200,1,909,
prover_hockey,10,1,30,1776919408193,30.275,200,1,909,
prover_hockey,10,1,31,1776919408228,34.581,200,1,909,
prover_hockey,10,1,32,1776919408260,32.033,200,1,909,
prover_hockey,10,1,33,1776919408291,30.675,200,1,909,
prover_hockey,10,1,34,1776919408321,30.408,200,1,909,
prover_hockey,10,1,35,1776919408351,30.029,200,1,909,
prover_hockey,10,1,36,1776919408383,31.637,200,1,909,
prover_hockey,10,1,37,1776919408413,30.419,200,1,909,
prover_hockey,10,1,38,1776919408443,29.329,200,1,909,
prover_hockey,10,1,39,1776919408472,29.792,200,1,909,
prover_hockey,10,1,40,1776919408502,29.64,200,1,909,
prover_hockey,10,1,41,1776919408533,31.361,200,1,909,
prover_hockey,10,1,42,1776919408567,33.268,200,1,909,
prover_hockey,10,1,43,1776919408598,31.699,200,1,909,
prover_hockey,10,1,44,1776919408630,31.561,200,1,909,
prover_hockey,10,1,45,1776919408660,29.794,200,1,909,
prover_hockey,10,1,46,1776919408691,30.965,200,1,909,
prover_hockey,10,1,47,1776919408722,31.028,200,1,909,
prover_hockey,10,1,48,1776919408752,30.255,200,1,909,
prover_hockey,10,1,49,1776919408784,31.959,200,1,909,
prover_hockey,10,1,50,1776919408813,29.377,200,1,909,
prover_hockey,10,1,51,1776919408844,30.752,200,1,909,
prover_hockey,10,1,52,1776919408872,28.265,200,1,909,
prover_hockey,10,1,53,1776919408902,29.949,200,1,909,
prover_hockey,10,1,54,1776919408933,30.689,200,1,909,
prover_hockey,10,1,55,1776919408964,31.31,200,1,909,
prover_hockey,10,1,56,1776919409001,36.832,200,1,909,
prover_hockey,10,1,57,1776919409051,49.512,200,1,909,
prover_hockey,10,1,58,1776919409084,33.385,200,1,909,
prover_hockey,10,1,59,1776919409113,28.498,200,1,909,
prover_hockey,10,1,60,1776919409142,28.948,200,1,909,
prover_hockey,10,1,61,1776919409172,30.404,200,1,909,
prover_hockey,10,1,62,1776919409207,35.125,200,1,909,
prover_hockey,10,1,63,1776919409240,32.406,200,1,909,
prover_hockey,10,1,64,1776919409275,35.158,200,1,909,
prover_hockey,10,1,65,1776919409312,37.498,200,1,909,
prover_hockey,10,1,66,1776919409345,32.377,200,1,909,
prover_hockey,10,1,67,1776919409380,35.546,200,1,909,
prover_hockey,10,1,68,1776919409412,32.179,200,1,909,
prover_hockey,10,1,69,1776919409445,32.724,200,1,909,
prover_hockey,10,1,70,1776919409477,32.286,200,1,909,
prover_hockey,10,1,71,1776919409508,30.894,200,1,909,
prover_hockey,10,1,72,1776919409537,29.128,200,1,909,
prover_hockey,10,1,73,1776919409566,28.927,200,1,909,
prover_hockey,10,1,74,1776919409599,32.399,200,1,909,
prover_hockey,10,1,75,1776919409630,31.051,200,1,909,
prover_hockey,10,1,76,1776919409662,32.673,200,1,909,
prover_hockey,10,1,77,1776919409695,32.598,200,1,909,
prover_hockey,10,1,78,1776919409727,31.605,200,1,909,
prover_hockey,10,1,79,1776919409757,30.335,200,1,909,
prover_hockey,10,1,80,1776919409788,30.769,200,1,909,
prover_hockey,10,1,81,1776919409817,29.569,200,1,909,
prover_hockey,10,1,82,1776919409848,30.306,200,1,909,
prover_hockey,10,1,83,1776919409879,31.35,200,1,909,
prover_hockey,10,1,84,1776919409909,30.494,200,1,909,
prover_hockey,10,1,85,1776919409942,32.193,200,1,909,
prover_hockey,10,1,86,1776919409975,33.259,200,1,909,
prover_hockey,10,1,87,1776919410007,32.483,200,1,909,
prover_hockey,10,1,88,1776919410039,31.536,200,1,909,
prover_hockey,10,1,89,1776919410070,31.425,200,1,909,
prover_hockey,10,1,90,1776919410102,31.791,200,1,909,
prover_hockey,10,1,91,1776919410135,32.465,200,1,909,
prover_hockey,10,1,92,1776919410166,31.085,200,1,909,
prover_hockey,10,1,93,1776919410200,33.91,200,1,909,
prover_hockey,10,1,94,1776919410231,31.741,200,1,909,
prover_hockey,10,1,95,1776919410266,34.854,200,1,909,
prover_hockey,10,1,96,1776919410296,29.286,200,1,909,
prover_hockey,10,1,97,1776919410327,31.465,200,1,909,
prover_hockey,10,1,98,1776919410359,32.153,200,1,909,
prover_hockey,10,1,99,1776919410395,36.063,200,1,909,
prover_hockey,10,1,100,1776919410427,31.76,200,1,909,
prover_hockey,10,1,101,1776919410459,32.314,200,1,909,
prover_hockey,10,1,102,1776919410491,32.018,200,1,909,
prover_hockey,10,1,103,1776919410523,31.82,200,1,909,
prover_hockey,10,1,104,1776919410554,30.521,200,1,909,
prover_hockey,10,1,105,1776919410584,30.766,200,1,909,
prover_hockey,10,1,106,1776919410620,35.286,200,1,909,
prover_hockey,10,1,107,1776919410651,31.7,200,1,909,
prover_hockey,10,1,108,1776919410684,32.637,200,1,909,
prover_hockey,10,1,109,1776919410716,32.247,200,1,909,
prover_hockey,10,1,110,1776919410751,34.828,200,1,909,
prover_hockey,10,1,111,1776919410781,29.445,200,1,909,
prover_hockey,10,1,112,1776919410816,35.091,200,1,909,
prover_hockey,10,1,113,1776919410848,32.125,200,1,909,
prover_hockey,10,1,114,1776919410881,33.606,200,1,909,
prover_hockey,10,1,115,1776919410912,30.63,200,1,909,
prover_hockey,10,1,116,1776919410941,29.287,200,1,909,
prover_hockey,10,1,117,1776919410976,34.535,200,1,909,
prover_hockey,10,1,118,1776919411006,30.438,200,1,909,
prover_hockey,10,1,119,1776919411042,35.348,200,1,909,
prover_hockey,10,1,120,1776919411075,32.888,200,1,909,
prover_hockey,10,1,121,1776919411111,36.31,200,1,909,
prover_hockey,10,1,122,1776919411145,34.508,200,1,909,
prover_hockey,10,1,123,1776919411176,30.277,200,1,909,
prover_hockey,10,1,124,1776919411206,30.184,200,1,909,
prover_hockey,10,1,125,1776919411240,33.787,200,1,909,
prover_hockey,10,1,126,1776919411269,29.673,200,1,909,
prover_hockey,10,1,127,1776919411304,35.133,200,1,909,
prover_hockey,10,1,128,1776919411337,32.064,200,1,909,
prover_hockey,10,1,129,1776919411369,32.247,200,1,909,
prover_hockey,10,1,130,1776919411402,33.313,200,1,909,
prover_hockey,10,1,131,1776919411433,31.066,200,1,909,
prover_hockey,10,1,132,1776919411465,32.237,200,1,909,
prover_hockey,10,1,133,1776919411502,37.026,200,1,909,
prover_hockey,10,1,134,1776919411534,31.626,200,1,909,
prover_hockey,10,1,135,1776919411567,33.131,200,1,909,
prover_hockey,10,1,136,1776919411598,30.538,200,1,909,
prover_hockey,10,1,137,1776919411631,33.115,200,1,909,
prover_hockey,10,1,138,1776919411661,29.778,200,1,909,
prover_hockey,10,1,139,1776919411690,29.526,200,1,909,
prover_hockey,10,1,140,1776919411721,30.835,200,1,909,
prover_hockey,10,1,141,1776919411752,30.481,200,1,909,
prover_hockey,10,1,142,1776919411786,34.303,200,1,909,
prover_hockey,10,1,143,1776919411820,34.627,200,1,909,
prover_hockey,10,1,144,1776919411853,32.258,200,1,909,
prover_hockey,10,1,145,1776919411885,32.246,200,1,909,
prover_hockey,10,1,146,1776919411914,29.241,200,1,909,
prover_hockey,10,1,147,1776919411945,30.542,200,1,909,
prover_hockey,10,1,148,1776919411974,29.624,200,1,909,
prover_hockey,10,1,149,1776919412005,31.017,200,1,909,
prover_hockey,10,2,0,1776919407224,56.655,200,1,909,
prover_hockey,10,2,1,1776919407256,32.118,200,1,909,
prover_hockey,10,2,2,1776919407289,32.838,200,1,909,
prover_hockey,10,2,3,1776919407321,31.432,200,1,909,
prover_hockey,10,2,4,1776919407353,32.764,200,1,909,
prover_hockey,10,2,5,1776919407385,31.685,200,1,909,
prover_hockey,10,2,6,1776919407420,35.311,200,1,909,
prover_hockey,10,2,7,1776919407451,30.67,200,1,909,
prover_hockey,10,2,8,1776919407487,35.961,200,1,909,
prover_hockey,10,2,9,1776919407521,34.353,200,1,909,
prover_hockey,10,2,10,1776919407553,32.078,200,1,909,
prover_hockey,10,2,11,1776919407587,33.905,200,1,909,
prover_hockey,10,2,12,1776919407621,33.455,200,1,909,
prover_hockey,10,2,13,1776919407653,32.345,200,1,909,
prover_hockey,10,2,14,1776919407687,33.591,200,1,909,
prover_hockey,10,2,15,1776919407719,32.627,200,1,909,
prover_hockey,10,2,16,1776919407752,32.211,200,1,909,
prover_hockey,10,2,17,1776919407788,36.551,200,1,909,
prover_hockey,10,2,18,1776919407817,29.07,200,1,909,
prover_hockey,10,2,19,1776919407850,32.587,200,1,909,
prover_hockey,10,2,20,1776919407880,29.915,200,1,909,
prover_hockey,10,2,21,1776919407911,31.635,200,1,909,
prover_hockey,10,2,22,1776919407943,31.788,200,1,909,
prover_hockey,10,2,23,1776919407973,29.474,200,1,909,
prover_hockey,10,2,24,1776919408008,35.209,200,1,909,
prover_hockey,10,2,25,1776919408038,30.44,200,1,909,
prover_hockey,10,2,26,1776919408075,36.898,200,1,909,
prover_hockey,10,2,27,1776919408105,29.883,200,1,909,
prover_hockey,10,2,28,1776919408140,35.036,200,1,909,
prover_hockey,10,2,29,1776919408172,31.708,200,1,909,
prover_hockey,10,2,30,1776919408203,31.07,200,1,909,
prover_hockey,10,2,31,1776919408235,31.892,200,1,909,
prover_hockey,10,2,32,1776919408267,32.343,200,1,909,
prover_hockey,10,2,33,1776919408305,37.961,200,1,909,
prover_hockey,10,2,34,1776919408335,30.362,200,1,909,
prover_hockey,10,2,35,1776919408366,30.336,200,1,909,
prover_hockey,10,2,36,1776919408400,34.106,200,1,909,
prover_hockey,10,2,37,1776919408436,35.804,200,1,909,
prover_hockey,10,2,38,1776919408474,38.182,200,1,909,
prover_hockey,10,2,39,1776919408511,36.976,200,1,909,
prover_hockey,10,2,40,1776919408542,30.88,200,1,909,
prover_hockey,10,2,41,1776919408572,30.07,200,1,909,
prover_hockey,10,2,42,1776919408604,31.828,200,1,909,
prover_hockey,10,2,43,1776919408636,31.937,200,1,909,
prover_hockey,10,2,44,1776919408670,34.779,200,1,909,
prover_hockey,10,2,45,1776919408701,30.84,200,1,909,
prover_hockey,10,2,46,1776919408732,30.398,200,1,909,
prover_hockey,10,2,47,1776919408762,30.817,200,1,909,
prover_hockey,10,2,48,1776919408794,31.568,200,1,909,
prover_hockey,10,2,49,1776919408823,28.741,200,1,909,
prover_hockey,10,2,50,1776919408856,33.42,200,1,909,
prover_hockey,10,2,51,1776919408889,32.743,200,1,909,
prover_hockey,10,2,52,1776919408928,38.724,200,1,909,
prover_hockey,10,2,53,1776919408962,33.916,200,1,909,
prover_hockey,10,2,54,1776919408994,32.271,200,1,909,
prover_hockey,10,2,55,1776919409026,31.882,200,1,909,
prover_hockey,10,2,56,1776919409058,31.795,200,1,909,
prover_hockey,10,2,57,1776919409089,31.917,200,1,909,
prover_hockey,10,2,58,1776919409119,29.182,200,1,909,
prover_hockey,10,2,59,1776919409153,34.689,200,1,909,
prover_hockey,10,2,60,1776919409184,30.636,200,1,909,
prover_hockey,10,2,61,1776919409213,29.005,200,1,909,
prover_hockey,10,2,62,1776919409246,32.566,200,1,909,
prover_hockey,10,2,63,1776919409278,32.616,200,1,909,
prover_hockey,10,2,64,1776919409313,34.426,200,1,909,
prover_hockey,10,2,65,1776919409345,32.742,200,1,909,
prover_hockey,10,2,66,1776919409383,37.128,200,1,909,
prover_hockey,10,2,67,1776919409414,31.051,200,1,909,
prover_hockey,10,2,68,1776919409446,32.506,200,1,909,
prover_hockey,10,2,69,1776919409484,37.692,200,1,909,
prover_hockey,10,2,70,1776919409518,34.393,200,1,909,
prover_hockey,10,2,71,1776919409549,31.077,200,1,909,
prover_hockey,10,2,72,1776919409581,31.494,200,1,909,
prover_hockey,10,2,73,1776919409614,33.278,200,1,909,
prover_hockey,10,2,74,1776919409645,30.717,200,1,909,
prover_hockey,10,2,75,1776919409677,32.022,200,1,909,
prover_hockey,10,2,76,1776919409708,31.052,200,1,909,
prover_hockey,10,2,77,1776919409739,31.529,200,1,909,
prover_hockey,10,2,78,1776919409771,31.511,200,1,909,
prover_hockey,10,2,79,1776919409803,32.239,200,1,909,
prover_hockey,10,2,80,1776919409837,33.89,200,1,909,
prover_hockey,10,2,81,1776919409867,30.203,200,1,909,
prover_hockey,10,2,82,1776919409900,32.293,200,1,909,
prover_hockey,10,2,83,1776919409930,29.992,200,1,909,
prover_hockey,10,2,84,1776919409960,30.478,200,1,909,
prover_hockey,10,2,85,1776919409993,32.609,200,1,909,
prover_hockey,10,2,86,1776919410024,31.658,200,1,909,
prover_hockey,10,2,87,1776919410057,32.634,200,1,909,
prover_hockey,10,2,88,1776919410090,33.192,200,1,909,
prover_hockey,10,2,89,1776919410123,33.289,200,1,909,
prover_hockey,10,2,90,1776919410154,30.599,200,1,909,
prover_hockey,10,2,91,1776919410188,33.783,200,1,909,
prover_hockey,10,2,92,1776919410222,33.785,200,1,909,
prover_hockey,10,2,93,1776919410254,32.192,200,1,909,
prover_hockey,10,2,94,1776919410285,31.604,200,1,909,
prover_hockey,10,2,95,1776919410317,31.813,200,1,909,
prover_hockey,10,2,96,1776919410351,33.788,200,1,909,
prover_hockey,10,2,97,1776919410383,31.809,200,1,909,
prover_hockey,10,2,98,1776919410413,30.512,200,1,909,
prover_hockey,10,2,99,1776919410445,32.188,200,1,909,
prover_hockey,10,2,100,1776919410476,30.595,200,1,909,
prover_hockey,10,2,101,1776919410509,32.63,200,1,909,
prover_hockey,10,2,102,1776919410541,31.954,200,1,909,
prover_hockey,10,2,103,1776919410572,31.372,200,1,909,
prover_hockey,10,2,104,1776919410606,33.875,200,1,909,
prover_hockey,10,2,105,1776919410636,29.573,200,1,909,
prover_hockey,10,2,106,1776919410667,31.429,200,1,909,
prover_hockey,10,2,107,1776919410698,30.567,200,1,909,
prover_hockey,10,2,108,1776919410730,32.582,200,1,909,
prover_hockey,10,2,109,1776919410763,32.881,200,1,909,
prover_hockey,10,2,110,1776919410796,32.945,200,1,909,
prover_hockey,10,2,111,1776919410828,32.43,200,1,909,
prover_hockey,10,2,112,1776919410858,29.822,200,1,909,
prover_hockey,10,2,113,1776919410889,30.541,200,1,909,
prover_hockey,10,2,114,1776919410919,29.793,200,1,909,
prover_hockey,10,2,115,1776919410951,32.471,200,1,909,
prover_hockey,10,2,116,1776919410980,28.81,200,1,909,
prover_hockey,10,2,117,1776919411011,31.172,200,1,909,
prover_hockey,10,2,118,1776919411043,32.009,200,1,909,
prover_hockey,10,2,119,1776919411075,32.387,200,1,909,
prover_hockey,10,2,120,1776919411105,29.861,200,1,909,
prover_hockey,10,2,121,1776919411136,31.048,200,1,909,
prover_hockey,10,2,122,1776919411167,30.921,200,1,909,
prover_hockey,10,2,123,1776919411198,30.884,200,1,909,
prover_hockey,10,2,124,1776919411229,31.008,200,1,909,
prover_hockey,10,2,125,1776919411260,31.251,200,1,909,
prover_hockey,10,2,126,1776919411293,32.113,200,1,909,
prover_hockey,10,2,127,1776919411322,29.953,200,1,909,
prover_hockey,10,2,128,1776919411352,29.669,200,1,909,
prover_hockey,10,2,129,1776919411384,31.366,200,1,909,
prover_hockey,10,2,130,1776919411414,30.629,200,1,909,
prover_hockey,10,2,131,1776919411445,31.03,200,1,909,
prover_hockey,10,2,132,1776919411476,30.91,200,1,909,
prover_hockey,10,2,133,1776919411509,33.078,200,1,909,
prover_hockey,10,2,134,1776919411539,30.099,200,1,909,
prover_hockey,10,2,135,1776919411574,35.199,200,1,909,
prover_hockey,10,2,136,1776919411604,29.684,200,1,909,
prover_hockey,10,2,137,1776919411639,35,200,1,909,
prover_hockey,10,2,138,1776919411671,31.371,200,1,909,
prover_hockey,10,2,139,1776919411701,30.449,200,1,909,
prover_hockey,10,2,140,1776919411733,31.909,200,1,909,
prover_hockey,10,2,141,1776919411765,31.639,200,1,909,
prover_hockey,10,2,142,1776919411797,32.92,200,1,909,
prover_hockey,10,2,143,1776919411827,29.415,200,1,909,
prover_hockey,10,2,144,1776919411857,29.704,200,1,909,
prover_hockey,10,2,145,1776919411888,31.336,200,1,909,
prover_hockey,10,2,146,1776919411917,29.299,200,1,909,
prover_hockey,10,2,147,1776919411948,31.205,200,1,909,
prover_hockey,10,2,148,1776919411978,29.757,200,1,909,
prover_hockey,10,3,0,1776919407236,67.781,200,1,909,
prover_hockey,10,3,1,1776919407267,31.507,200,1,909,
prover_hockey,10,3,2,1776919407301,33.742,200,1,909,
prover_hockey,10,3,3,1776919407332,31.076,200,1,909,
prover_hockey,10,3,4,1776919407366,34.211,200,1,909,
prover_hockey,10,3,5,1776919407399,32.468,200,1,909,
prover_hockey,10,3,6,1776919407433,34.682,200,1,909,
prover_hockey,10,3,7,1776919407467,33.542,200,1,909,
prover_hockey,10,3,8,1776919407502,35.501,200,1,909,
prover_hockey,10,3,9,1776919407534,31.856,200,1,909,
prover_hockey,10,3,10,1776919407566,32.279,200,1,909,
prover_hockey,10,3,11,1776919407601,34.789,200,1,909,
prover_hockey,10,3,12,1776919407637,35.622,200,1,909,
prover_hockey,10,3,13,1776919407670,32.929,200,1,909,
prover_hockey,10,3,14,1776919407701,31.115,200,1,909,
prover_hockey,10,3,15,1776919407732,31.064,200,1,909,
prover_hockey,10,3,16,1776919407762,29.51,200,1,909,
prover_hockey,10,3,17,1776919407795,33.142,200,1,909,
prover_hockey,10,3,18,1776919407828,33.531,200,1,909,
prover_hockey,10,3,19,1776919407863,34.716,200,1,909,
prover_hockey,10,3,20,1776919407898,34.559,200,1,909,
prover_hockey,10,3,21,1776919407934,36.804,200,1,909,
prover_hockey,10,3,22,1776919407968,34.009,200,1,909,
prover_hockey,10,3,23,1776919408002,33.274,200,1,909,
prover_hockey,10,3,24,1776919408037,35.06,200,1,909,
prover_hockey,10,3,25,1776919408076,39.334,200,1,909,
prover_hockey,10,3,26,1776919408109,32.947,200,1,909,
prover_hockey,10,3,27,1776919408141,31.808,200,1,909,
prover_hockey,10,3,28,1776919408174,33.105,200,1,909,
prover_hockey,10,3,29,1776919408206,32.099,200,1,909,
prover_hockey,10,3,30,1776919408240,33.542,200,1,909,
prover_hockey,10,3,31,1776919408271,31.382,200,1,909,
prover_hockey,10,3,32,1776919408301,29.809,200,1,909,
prover_hockey,10,3,33,1776919408333,32.249,200,1,909,
prover_hockey,10,3,34,1776919408367,34.445,200,1,909,
prover_hockey,10,3,35,1776919408403,35.39,200,1,909,
prover_hockey,10,3,36,1776919408439,36.326,200,1,909,
prover_hockey,10,3,37,1776919408480,40.917,200,1,909,
prover_hockey,10,3,38,1776919408511,31.283,200,1,909,
prover_hockey,10,3,39,1776919408542,30.93,200,1,909,
prover_hockey,10,3,40,1776919408575,32.279,200,1,909,
prover_hockey,10,3,41,1776919408603,28.527,200,1,909,
prover_hockey,10,3,42,1776919408638,35.022,200,1,909,
prover_hockey,10,3,43,1776919408674,35.675,200,1,909,
prover_hockey,10,3,44,1776919408707,32.858,200,1,909,
prover_hockey,10,3,45,1776919408741,34.605,200,1,909,
prover_hockey,10,3,46,1776919408771,29.814,200,1,909,
prover_hockey,10,3,47,1776919408800,28.835,200,1,909,
prover_hockey,10,3,48,1776919408832,31.771,200,1,909,
prover_hockey,10,3,49,1776919408863,31.093,200,1,909,
prover_hockey,10,3,50,1776919408894,30.975,200,1,909,
prover_hockey,10,3,51,1776919408925,31.02,200,1,909,
prover_hockey,10,3,52,1776919408960,35.251,200,1,909,
prover_hockey,10,3,53,1776919408992,32.295,200,1,909,
prover_hockey,10,3,54,1776919409021,28.84,200,1,909,
prover_hockey,10,3,55,1776919409051,29.996,200,1,909,
prover_hockey,10,3,56,1776919409081,29.599,200,1,909,
prover_hockey,10,3,57,1776919409110,29.251,200,1,909,
prover_hockey,10,3,58,1776919409141,30.963,200,1,909,
prover_hockey,10,3,59,1776919409171,30.423,200,1,909,
prover_hockey,10,3,60,1776919409206,34.511,200,1,909,
prover_hockey,10,3,61,1776919409241,34.895,200,1,909,
prover_hockey,10,3,62,1776919409276,35.479,200,1,909,
prover_hockey,10,3,63,1776919409312,35.309,200,1,909,
prover_hockey,10,3,64,1776919409346,34.333,200,1,909,
prover_hockey,10,3,65,1776919409387,40.683,200,1,909,
prover_hockey,10,3,66,1776919409419,31.791,200,1,909,
prover_hockey,10,3,67,1776919409450,31.006,200,1,909,
prover_hockey,10,3,68,1776919409481,31.978,200,1,909,
prover_hockey,10,3,69,1776919409519,37.187,200,1,909,
prover_hockey,10,3,70,1776919409550,31.067,200,1,909,
prover_hockey,10,3,71,1776919409580,29.947,200,1,909,
prover_hockey,10,3,72,1776919409613,33.012,200,1,909,
prover_hockey,10,3,73,1776919409644,30.96,200,1,909,
prover_hockey,10,3,74,1776919409672,28.578,200,1,909,
prover_hockey,10,3,75,1776919409704,32.216,200,1,909,
prover_hockey,10,3,76,1776919409735,30.393,200,1,909,
prover_hockey,10,3,77,1776919409768,32.765,200,1,909,
prover_hockey,10,3,78,1776919409799,30.844,200,1,909,
prover_hockey,10,3,79,1776919409832,33.944,200,1,909,
prover_hockey,10,3,80,1776919409866,33.682,200,1,909,
prover_hockey,10,3,81,1776919409895,29.194,200,1,909,
prover_hockey,10,3,82,1776919409925,29.356,200,1,909,
prover_hockey,10,3,83,1776919409957,32.084,200,1,909,
prover_hockey,10,3,84,1776919409993,36.328,200,1,909,
prover_hockey,10,3,85,1776919410023,29.776,200,1,909,
prover_hockey,10,3,86,1776919410055,32.327,200,1,909,
prover_hockey,10,3,87,1776919410089,33.656,200,1,909,
prover_hockey,10,3,88,1776919410120,30.714,200,1,909,
prover_hockey,10,3,89,1776919410151,31.021,200,1,909,
prover_hockey,10,3,90,1776919410181,30.42,200,1,909,
prover_hockey,10,3,91,1776919410217,35.53,200,1,909,
prover_hockey,10,3,92,1776919410245,28.766,200,1,909,
prover_hockey,10,3,93,1776919410277,31.862,200,1,909,
prover_hockey,10,3,94,1776919410308,30.992,200,1,909,
prover_hockey,10,3,95,1776919410338,29.944,200,1,909,
prover_hockey,10,3,96,1776919410369,30.889,200,1,909,
prover_hockey,10,3,97,1776919410402,33.152,200,1,909,
prover_hockey,10,3,98,1776919410432,29.311,200,1,909,
prover_hockey,10,3,99,1776919410462,30.543,200,1,909,
prover_hockey,10,3,100,1776919410493,31.061,200,1,909,
prover_hockey,10,3,101,1776919410526,32.856,200,1,909,
prover_hockey,10,3,102,1776919410557,31.353,200,1,909,
prover_hockey,10,3,103,1776919410587,29.61,200,1,909,
prover_hockey,10,3,104,1776919410620,33.195,200,1,909,
prover_hockey,10,3,105,1776919410655,34.646,200,1,909,
prover_hockey,10,3,106,1776919410685,30.535,200,1,909,
prover_hockey,10,3,107,1776919410718,32.192,200,1,909,
prover_hockey,10,3,108,1776919410751,33.199,200,1,909,
prover_hockey,10,3,109,1776919410782,31.308,200,1,909,
prover_hockey,10,3,110,1776919410819,37.377,200,1,909,
prover_hockey,10,3,111,1776919410851,32.058,200,1,909,
prover_hockey,10,3,112,1776919410881,29.553,200,1,909,
prover_hockey,10,3,113,1776919410912,31.428,200,1,909,
prover_hockey,10,3,114,1776919410942,29.813,200,1,909,
prover_hockey,10,3,115,1776919410973,30.742,200,1,909,
prover_hockey,10,3,116,1776919411006,32.903,200,1,909,
prover_hockey,10,3,117,1776919411041,35.017,200,1,909,
prover_hockey,10,3,118,1776919411074,33.226,200,1,909,
prover_hockey,10,3,119,1776919411110,36.202,200,1,909,
prover_hockey,10,3,120,1776919411140,29.598,200,1,909,
prover_hockey,10,3,121,1776919411170,30.411,200,1,909,
prover_hockey,10,3,122,1776919411203,32.745,200,1,909,
prover_hockey,10,3,123,1776919411233,30.307,200,1,909,
prover_hockey,10,3,124,1776919411266,32.578,200,1,909,
prover_hockey,10,3,125,1776919411298,31.478,200,1,909,
prover_hockey,10,3,126,1776919411331,33.285,200,1,909,
prover_hockey,10,3,127,1776919411361,30.175,200,1,909,
prover_hockey,10,3,128,1776919411392,31.435,200,1,909,
prover_hockey,10,3,129,1776919411423,30.775,200,1,909,
prover_hockey,10,3,130,1776919411453,30.237,200,1,909,
prover_hockey,10,3,131,1776919411484,30.216,200,1,909,
prover_hockey,10,3,132,1776919411512,28.696,200,1,909,
prover_hockey,10,3,133,1776919411542,30.111,200,1,909,
prover_hockey,10,3,134,1776919411573,30.457,200,1,909,
prover_hockey,10,3,135,1776919411605,32.372,200,1,909,
prover_hockey,10,3,136,1776919411636,30.9,200,1,909,
prover_hockey,10,3,137,1776919411667,31.063,200,1,909,
prover_hockey,10,3,138,1776919411699,31.756,200,1,909,
prover_hockey,10,3,139,1776919411730,31.176,200,1,909,
prover_hockey,10,3,140,1776919411763,32.45,200,1,909,
prover_hockey,10,3,141,1776919411795,32.371,200,1,909,
prover_hockey,10,3,142,1776919411825,30.117,200,1,909,
prover_hockey,10,3,143,1776919411857,31.9,200,1,909,
prover_hockey,10,3,144,1776919411886,28.929,200,1,909,
prover_hockey,10,3,145,1776919411917,30.661,200,1,909,
prover_hockey,10,3,146,1776919411948,30.875,200,1,909,
prover_hockey,10,3,147,1776919411979,31.715,200,1,909,
prover_hockey,10,4,0,1776919407232,63.917,200,1,909,
prover_hockey,10,4,1,1776919407265,32.962,200,1,909,
prover_hockey,10,4,2,1776919407299,33.974,200,1,909,
prover_hockey,10,4,3,1776919407331,32.333,200,1,909,
prover_hockey,10,4,4,1776919407363,31.756,200,1,909,
prover_hockey,10,4,5,1776919407392,29.395,200,1,909,
prover_hockey,10,4,6,1776919407425,33.078,200,1,909,
prover_hockey,10,4,7,1776919407458,32.321,200,1,909,
prover_hockey,10,4,8,1776919407493,34.867,200,1,909,
prover_hockey,10,4,9,1776919407526,33.675,200,1,909,
prover_hockey,10,4,10,1776919407556,29.756,200,1,909,
prover_hockey,10,4,11,1776919407585,28.619,200,1,909,
prover_hockey,10,4,12,1776919407617,32.379,200,1,909,
prover_hockey,10,4,13,1776919407648,31.245,200,1,909,
prover_hockey,10,4,14,1776919407680,31.267,200,1,909,
prover_hockey,10,4,15,1776919407714,33.921,200,1,909,
prover_hockey,10,4,16,1776919407748,34.555,200,1,909,
prover_hockey,10,4,17,1776919407779,31.306,200,1,909,
prover_hockey,10,4,18,1776919407812,32.567,200,1,909,
prover_hockey,10,4,19,1776919407843,30.526,200,1,909,
prover_hockey,10,4,20,1776919407873,30.619,200,1,909,
prover_hockey,10,4,21,1776919407903,29.401,200,1,909,
prover_hockey,10,4,22,1776919407935,32.624,200,1,909,
prover_hockey,10,4,23,1776919407969,33.632,200,1,909,
prover_hockey,10,4,24,1776919408003,34.498,200,1,909,
prover_hockey,10,4,25,1776919408035,31.216,200,1,909,
prover_hockey,10,4,26,1776919408063,28.776,200,1,909,
prover_hockey,10,4,27,1776919408094,31.032,200,1,909,
prover_hockey,10,4,28,1776919408124,29.372,200,1,909,
prover_hockey,10,4,29,1776919408155,30.859,200,1,909,
prover_hockey,10,4,30,1776919408188,33.463,200,1,909,
prover_hockey,10,4,31,1776919408221,32.841,200,1,909,
prover_hockey,10,4,32,1776919408252,31.138,200,1,909,
prover_hockey,10,4,33,1776919408281,28.991,200,1,909,
prover_hockey,10,4,34,1776919408310,28.83,200,1,909,
prover_hockey,10,4,35,1776919408343,33.263,200,1,909,
prover_hockey,10,4,36,1776919408377,33.66,200,1,909,
prover_hockey,10,4,37,1776919408406,29.522,200,1,909,
prover_hockey,10,4,38,1776919408438,31.772,200,1,909,
prover_hockey,10,4,39,1776919408475,37.114,200,1,909,
prover_hockey,10,4,40,1776919408510,34.85,200,1,909,
prover_hockey,10,4,41,1776919408541,31.008,200,1,909,
prover_hockey,10,4,42,1776919408572,31.255,200,1,909,
prover_hockey,10,4,43,1776919408606,33.161,200,1,909,
prover_hockey,10,4,44,1776919408638,32.058,200,1,909,
prover_hockey,10,4,45,1776919408666,28.765,200,1,909,
prover_hockey,10,4,46,1776919408698,32.101,200,1,909,
prover_hockey,10,4,47,1776919408729,30.034,200,1,909,
prover_hockey,10,4,48,1776919408757,28.813,200,1,909,
prover_hockey,10,4,49,1776919408787,29.708,200,1,909,
prover_hockey,10,4,50,1776919408820,33.197,200,1,909,
prover_hockey,10,4,51,1776919408856,35.422,200,1,909,
prover_hockey,10,4,52,1776919408887,31.574,200,1,909,
prover_hockey,10,4,53,1776919408925,38.11,200,1,909,
prover_hockey,10,4,54,1776919408963,37.259,200,1,909,
prover_hockey,10,4,55,1776919409000,37.621,200,1,909,
prover_hockey,10,4,56,1776919409043,42.99,200,1,909,
prover_hockey,10,4,57,1776919409074,30.439,200,1,909,
prover_hockey,10,4,58,1776919409106,31.902,200,1,909,
prover_hockey,10,4,59,1776919409135,29.425,200,1,909,
prover_hockey,10,4,60,1776919409167,32.154,200,1,909,
prover_hockey,10,4,61,1776919409196,29.325,200,1,909,
prover_hockey,10,4,62,1776919409227,30.583,200,1,909,
prover_hockey,10,4,63,1776919409259,31.811,200,1,909,
prover_hockey,10,4,64,1776919409291,32.549,200,1,909,
prover_hockey,10,4,65,1776919409320,28.98,200,1,909,
prover_hockey,10,4,66,1776919409350,29.332,200,1,909,
prover_hockey,10,4,67,1776919409379,29.149,200,1,909,
prover_hockey,10,4,68,1776919409413,33.828,200,1,909,
prover_hockey,10,4,69,1776919409448,35.338,200,1,909,
prover_hockey,10,4,70,1776919409481,32.61,200,1,909,
prover_hockey,10,4,71,1776919409513,32.204,200,1,909,
prover_hockey,10,4,72,1776919409544,30.728,200,1,909,
prover_hockey,10,4,73,1776919409574,30.839,200,1,909,
prover_hockey,10,4,74,1776919409604,29.604,200,1,909,
prover_hockey,10,4,75,1776919409635,30.562,200,1,909,
prover_hockey,10,4,76,1776919409667,32.41,200,1,909,
prover_hockey,10,4,77,1776919409698,30.426,200,1,909,
prover_hockey,10,4,78,1776919409727,29.58,200,1,909,
prover_hockey,10,4,79,1776919409758,30.923,200,1,909,
prover_hockey,10,4,80,1776919409790,32.291,200,1,909,
prover_hockey,10,4,81,1776919409821,30.477,200,1,909,
prover_hockey,10,4,82,1776919409853,31.986,200,1,909,
prover_hockey,10,4,83,1776919409882,29.676,200,1,909,
prover_hockey,10,4,84,1776919409916,33.187,200,1,909,
prover_hockey,10,4,85,1776919409947,31.473,200,1,909,
prover_hockey,10,4,86,1776919409980,33,200,1,909,
prover_hockey,10,4,87,1776919410012,31.898,200,1,909,
prover_hockey,10,4,88,1776919410044,32.316,200,1,909,
prover_hockey,10,4,89,1776919410076,31.932,200,1,909,
prover_hockey,10,4,90,1776919410108,31.531,200,1,909,
prover_hockey,10,4,91,1776919410142,34.266,200,1,909,
prover_hockey,10,4,92,1776919410172,30.204,200,1,909,
prover_hockey,10,4,93,1776919410202,29.985,200,1,909,
prover_hockey,10,4,94,1776919410234,31.885,200,1,909,
prover_hockey,10,4,95,1776919410269,34.32,200,1,909,
prover_hockey,10,4,96,1776919410301,32.297,200,1,909,
prover_hockey,10,4,97,1776919410332,31.248,200,1,909,
prover_hockey,10,4,98,1776919410363,31.007,200,1,909,
prover_hockey,10,4,99,1776919410396,32.553,200,1,909,
prover_hockey,10,4,100,1776919410430,34.162,200,1,909,
prover_hockey,10,4,101,1776919410461,31.354,200,1,909,
prover_hockey,10,4,102,1776919410493,31.546,200,1,909,
prover_hockey,10,4,103,1776919410523,30.029,200,1,909,
prover_hockey,10,4,104,1776919410555,32.173,200,1,909,
prover_hockey,10,4,105,1776919410587,32.448,200,1,909,
prover_hockey,10,4,106,1776919410619,31.884,200,1,909,
prover_hockey,10,4,107,1776919410649,30.185,200,1,909,
prover_hockey,10,4,108,1776919410681,31.623,200,1,909,
prover_hockey,10,4,109,1776919410716,34.543,200,1,909,
prover_hockey,10,4,110,1776919410747,31.366,200,1,909,
prover_hockey,10,4,111,1776919410776,28.733,200,1,909,
prover_hockey,10,4,112,1776919410811,34.939,200,1,909,
prover_hockey,10,4,113,1776919410842,31.021,200,1,909,
prover_hockey,10,4,114,1776919410874,32.379,200,1,909,
prover_hockey,10,4,115,1776919410905,30.694,200,1,909,
prover_hockey,10,4,116,1776919410935,30.007,200,1,909,
prover_hockey,10,4,117,1776919410966,31.376,200,1,909,
prover_hockey,10,4,118,1776919410999,32.762,200,1,909,
prover_hockey,10,4,119,1776919411028,29.568,200,1,909,
prover_hockey,10,4,120,1776919411060,31.794,200,1,909,
prover_hockey,10,4,121,1776919411090,29.766,200,1,909,
prover_hockey,10,4,122,1776919411121,31.004,200,1,909,
prover_hockey,10,4,123,1776919411152,31.368,200,1,909,
prover_hockey,10,4,124,1776919411186,33.644,200,1,909,
prover_hockey,10,4,125,1776919411217,30.805,200,1,909,
prover_hockey,10,4,126,1776919411246,29.436,200,1,909,
prover_hockey,10,4,127,1776919411277,30.463,200,1,909,
prover_hockey,10,4,128,1776919411309,32.45,200,1,909,
prover_hockey,10,4,129,1776919411338,28.856,200,1,909,
prover_hockey,10,4,130,1776919411368,30.246,200,1,909,
prover_hockey,10,4,131,1776919411400,31.202,200,1,909,
prover_hockey,10,4,132,1776919411432,32.857,200,1,909,
prover_hockey,10,4,133,1776919411465,32.612,200,1,909,
prover_hockey,10,4,134,1776919411504,38.717,200,1,909,
prover_hockey,10,4,135,1776919411536,31.962,200,1,909,
prover_hockey,10,4,136,1776919411567,31.057,200,1,909,
prover_hockey,10,4,137,1776919411598,31.576,200,1,909,
prover_hockey,10,4,138,1776919411633,34.609,200,1,909,
prover_hockey,10,4,139,1776919411663,30.47,200,1,909,
prover_hockey,10,4,140,1776919411692,29.003,200,1,909,
prover_hockey,10,4,141,1776919411724,31.83,200,1,909,
prover_hockey,10,4,142,1776919411753,29.156,200,1,909,
prover_hockey,10,4,143,1776919411785,31.998,200,1,909,
prover_hockey,10,4,144,1776919411816,30.294,200,1,909,
prover_hockey,10,4,145,1776919411845,29.577,200,1,909,
prover_hockey,10,4,146,1776919411875,29.673,200,1,909,
prover_hockey,10,4,147,1776919411907,32.382,200,1,909,
prover_hockey,10,4,148,1776919411942,34.306,200,1,909,
prover_hockey,10,4,149,1776919411972,30.353,200,1,909,
prover_hockey,10,4,150,1776919412003,31.175,200,1,909,
prover_hockey,10,5,0,1776919407228,59.33,200,1,909,
prover_hockey,10,5,1,1776919407261,33.722,200,1,909,
prover_hockey,10,5,2,1776919407294,32.429,200,1,909,
prover_hockey,10,5,3,1776919407326,32.513,200,1,909,
prover_hockey,10,5,4,1776919407359,32.776,200,1,909,
prover_hockey,10,5,5,1776919407392,32.715,200,1,909,
prover_hockey,10,5,6,1776919407426,34.503,200,1,909,
prover_hockey,10,5,7,1776919407458,32.195,200,1,909,
prover_hockey,10,5,8,1776919407492,33.72,200,1,909,
prover_hockey,10,5,9,1776919407524,32.288,200,1,909,
prover_hockey,10,5,10,1776919407554,29.595,200,1,909,
prover_hockey,10,5,11,1776919407587,32.673,200,1,909,
prover_hockey,10,5,12,1776919407620,32.838,200,1,909,
prover_hockey,10,5,13,1776919407649,29.358,200,1,909,
prover_hockey,10,5,14,1776919407679,29.641,200,1,909,
prover_hockey,10,5,15,1776919407711,32.627,200,1,909,
prover_hockey,10,5,16,1776919407743,31.724,200,1,909,
prover_hockey,10,5,17,1776919407772,29.258,200,1,909,
prover_hockey,10,5,18,1776919407803,31.293,200,1,909,
prover_hockey,10,5,19,1776919407834,30.52,200,1,909,
prover_hockey,10,5,20,1776919407866,32.372,200,1,909,
prover_hockey,10,5,21,1776919407898,31.686,200,1,909,
prover_hockey,10,5,22,1776919407934,35.541,200,1,909,
prover_hockey,10,5,23,1776919407967,33.38,200,1,909,
prover_hockey,10,5,24,1776919408002,35.121,200,1,909,
prover_hockey,10,5,25,1776919408036,34.019,200,1,909,
prover_hockey,10,5,26,1776919408072,35.849,200,1,909,
prover_hockey,10,5,27,1776919408106,34.067,200,1,909,
prover_hockey,10,5,28,1776919408140,33.449,200,1,909,
prover_hockey,10,5,29,1776919408171,31.167,200,1,909,
prover_hockey,10,5,30,1776919408202,31.51,200,1,909,
prover_hockey,10,5,31,1776919408233,30.529,200,1,909,
prover_hockey,10,5,32,1776919408264,31.032,200,1,909,
prover_hockey,10,5,33,1776919408297,33.264,200,1,909,
prover_hockey,10,5,34,1776919408329,31.687,200,1,909,
prover_hockey,10,5,35,1776919408359,29.81,200,1,909,
prover_hockey,10,5,36,1776919408387,28.809,200,1,909,
prover_hockey,10,5,37,1776919408425,37.621,200,1,909,
prover_hockey,10,5,38,1776919408458,32.638,200,1,909,
prover_hockey,10,5,39,1776919408489,31.697,200,1,909,
prover_hockey,10,5,40,1776919408523,33.897,200,1,909,
prover_hockey,10,5,41,1776919408556,32.783,200,1,909,
prover_hockey,10,5,42,1776919408588,32.476,200,1,909,
prover_hockey,10,5,43,1776919408620,31.456,200,1,909,
prover_hockey,10,5,44,1776919408651,30.681,200,1,909,
prover_hockey,10,5,45,1776919408682,31.35,200,1,909,
prover_hockey,10,5,46,1776919408714,32.423,200,1,909,
prover_hockey,10,5,47,1776919408745,30.602,200,1,909,
prover_hockey,10,5,48,1776919408776,31.316,200,1,909,
prover_hockey,10,5,49,1776919408810,34.039,200,1,909,
prover_hockey,10,5,50,1776919408845,34.254,200,1,909,
prover_hockey,10,5,51,1776919408877,32.489,200,1,909,
prover_hockey,10,5,52,1776919408907,29.459,200,1,909,
prover_hockey,10,5,53,1776919408936,28.978,200,1,909,
prover_hockey,10,5,54,1776919408966,29.922,200,1,909,
prover_hockey,10,5,55,1776919409000,34.189,200,1,909,
prover_hockey,10,5,56,1776919409035,35.132,200,1,909,
prover_hockey,10,5,57,1776919409066,31.014,200,1,909,
prover_hockey,10,5,58,1776919409097,30.644,200,1,909,
prover_hockey,10,5,59,1776919409128,31.247,200,1,909,
prover_hockey,10,5,60,1776919409158,30.358,200,1,909,
prover_hockey,10,5,61,1776919409191,32.677,200,1,909,
prover_hockey,10,5,62,1776919409221,29.804,200,1,909,
prover_hockey,10,5,63,1776919409251,30.315,200,1,909,
prover_hockey,10,5,64,1776919409280,29.207,200,1,909,
prover_hockey,10,5,65,1776919409313,32.935,200,1,909,
prover_hockey,10,5,66,1776919409342,29.035,200,1,909,
prover_hockey,10,5,67,1776919409376,33.616,200,1,909,
prover_hockey,10,5,68,1776919409410,34.602,200,1,909,
prover_hockey,10,5,69,1776919409443,32.34,200,1,909,
prover_hockey,10,5,70,1776919409473,30.344,200,1,909,
prover_hockey,10,5,71,1776919409504,30.571,200,1,909,
prover_hockey,10,5,72,1776919409535,30.854,200,1,909,
prover_hockey,10,5,73,1776919409564,29.928,200,1,909,
prover_hockey,10,5,74,1776919409598,33.686,200,1,909,
prover_hockey,10,5,75,1776919409631,32.714,200,1,909,
prover_hockey,10,5,76,1776919409661,30.286,200,1,909,
prover_hockey,10,5,77,1776919409691,30.33,200,1,909,
prover_hockey,10,5,78,1776919409723,31.095,200,1,909,
prover_hockey,10,5,79,1776919409752,29.046,200,1,909,
prover_hockey,10,5,80,1776919409784,32.214,200,1,909,
prover_hockey,10,5,81,1776919409814,30.571,200,1,909,
prover_hockey,10,5,82,1776919409845,30.696,200,1,909,
prover_hockey,10,5,83,1776919409877,32.199,200,1,909,
prover_hockey,10,5,84,1776919409912,35.064,200,1,909,
prover_hockey,10,5,85,1776919409942,29.81,200,1,909,
prover_hockey,10,5,86,1776919409972,29.439,200,1,909,
prover_hockey,10,5,87,1776919410002,30.598,200,1,909,
prover_hockey,10,5,88,1776919410036,33.428,200,1,909,
prover_hockey,10,5,89,1776919410071,35.803,200,1,909,
prover_hockey,10,5,90,1776919410101,29.967,200,1,909,
prover_hockey,10,5,91,1776919410132,30.569,200,1,909,
prover_hockey,10,5,92,1776919410163,31.074,200,1,909,
prover_hockey,10,5,93,1776919410196,33.366,200,1,909,
prover_hockey,10,5,94,1776919410229,32.422,200,1,909,
prover_hockey,10,5,95,1776919410259,30.431,200,1,909,
prover_hockey,10,5,96,1776919410293,33.576,200,1,909,
prover_hockey,10,5,97,1776919410324,31.515,200,1,909,
prover_hockey,10,5,98,1776919410358,33.686,200,1,909,
prover_hockey,10,5,99,1776919410392,33.502,200,1,909,
prover_hockey,10,5,100,1776919410426,33.901,200,1,909,
prover_hockey,10,5,101,1776919410455,29.42,200,1,909,
prover_hockey,10,5,102,1776919410486,31.223,200,1,909,
prover_hockey,10,5,103,1776919410519,32.874,200,1,909,
prover_hockey,10,5,104,1776919410551,32.233,200,1,909,
prover_hockey,10,5,105,1776919410585,33.557,200,1,909,
prover_hockey,10,5,106,1776919410617,32.361,200,1,909,
prover_hockey,10,5,107,1776919410650,32.674,200,1,909,
prover_hockey,10,5,108,1776919410682,32.009,200,1,909,
prover_hockey,10,5,109,1776919410717,35.204,200,1,909,
prover_hockey,10,5,110,1776919410750,33.168,200,1,909,
prover_hockey,10,5,111,1776919410783,32.909,200,1,909,
prover_hockey,10,5,112,1776919410812,29.23,200,1,909,
prover_hockey,10,5,113,1776919410846,33.481,200,1,909,
prover_hockey,10,5,114,1776919410878,32.201,200,1,909,
prover_hockey,10,5,115,1776919410909,30.572,200,1,909,
prover_hockey,10,5,116,1776919410940,30.801,200,1,909,
prover_hockey,10,5,117,1776919410970,30.486,200,1,909,
prover_hockey,10,5,118,1776919411002,31.561,200,1,909,
prover_hockey,10,5,119,1776919411034,32.348,200,1,909,
prover_hockey,10,5,120,1776919411065,31.308,200,1,909,
prover_hockey,10,5,121,1776919411096,30.278,200,1,909,
prover_hockey,10,5,122,1776919411127,31.892,200,1,909,
prover_hockey,10,5,123,1776919411157,29.636,200,1,909,
prover_hockey,10,5,124,1776919411189,32.382,200,1,909,
prover_hockey,10,5,125,1776919411219,29.899,200,1,909,
prover_hockey,10,5,126,1776919411250,30.853,200,1,909,
prover_hockey,10,5,127,1776919411286,35.403,200,1,909,
prover_hockey,10,5,128,1776919411315,29.161,200,1,909,
prover_hockey,10,5,129,1776919411348,32.766,200,1,909,
prover_hockey,10,5,130,1776919411379,31.793,200,1,909,
prover_hockey,10,5,131,1776919411409,29.429,200,1,909,
prover_hockey,10,5,132,1776919411439,30.193,200,1,909,
prover_hockey,10,5,133,1776919411471,31.763,200,1,909,
prover_hockey,10,5,134,1776919411502,30.913,200,1,909,
prover_hockey,10,5,135,1776919411535,32.923,200,1,909,
prover_hockey,10,5,136,1776919411564,29.474,200,1,909,
prover_hockey,10,5,137,1776919411595,30.522,200,1,909,
prover_hockey,10,5,138,1776919411624,29.668,200,1,909,
prover_hockey,10,5,139,1776919411654,30.199,200,1,909,
prover_hockey,10,5,140,1776919411685,30.207,200,1,909,
prover_hockey,10,5,141,1776919411719,34.248,200,1,909,
prover_hockey,10,5,142,1776919411750,31.46,200,1,909,
prover_hockey,10,5,143,1776919411782,31.77,200,1,909,
prover_hockey,10,5,144,1776919411811,29.05,200,1,909,
prover_hockey,10,5,145,1776919411842,31.036,200,1,909,
prover_hockey,10,5,146,1776919411872,29.504,200,1,909,
prover_hockey,10,5,147,1776919411905,33.228,200,1,909,
prover_hockey,10,5,148,1776919411935,29.912,200,1,909,
prover_hockey,10,5,149,1776919411964,29.318,200,1,909,
prover_hockey,10,5,150,1776919411995,30.964,200,1,909,
prover_hockey,10,6,0,1776919407223,54.789,200,1,909,
prover_hockey,10,6,1,1776919407255,31.363,200,1,909,
prover_hockey,10,6,2,1776919407289,33.935,200,1,909,
prover_hockey,10,6,3,1776919407323,34.576,200,1,909,
prover_hockey,10,6,4,1776919407356,32.946,200,1,909,
prover_hockey,10,6,5,1776919407391,34.721,200,1,909,
prover_hockey,10,6,6,1776919407423,32.705,200,1,909,
prover_hockey,10,6,7,1776919407455,31.321,200,1,909,
prover_hockey,10,6,8,1776919407486,31.573,200,1,909,
prover_hockey,10,6,9,1776919407521,34.367,200,1,909,
prover_hockey,10,6,10,1776919407553,32.037,200,1,909,
prover_hockey,10,6,11,1776919407586,33.198,200,1,909,
prover_hockey,10,6,12,1776919407619,32.959,200,1,909,
prover_hockey,10,6,13,1776919407652,33.045,200,1,909,
prover_hockey,10,6,14,1776919407682,29.567,200,1,909,
prover_hockey,10,6,15,1776919407715,33.88,200,1,909,
prover_hockey,10,6,16,1776919407745,29.11,200,1,909,
prover_hockey,10,6,17,1776919407776,31.113,200,1,909,
prover_hockey,10,6,18,1776919407807,31.471,200,1,909,
prover_hockey,10,6,19,1776919407840,32.724,200,1,909,
prover_hockey,10,6,20,1776919407869,29.348,200,1,909,
prover_hockey,10,6,21,1776919407900,30.62,200,1,909,
prover_hockey,10,6,22,1776919407933,33.244,200,1,909,
prover_hockey,10,6,23,1776919407965,32.09,200,1,909,
prover_hockey,10,6,24,1776919407996,30.449,200,1,909,
prover_hockey,10,6,25,1776919408028,32.098,200,1,909,
prover_hockey,10,6,26,1776919408059,30.996,200,1,909,
prover_hockey,10,6,27,1776919408090,31.348,200,1,909,
prover_hockey,10,6,28,1776919408120,30.019,200,1,909,
prover_hockey,10,6,29,1776919408154,33.618,200,1,909,
prover_hockey,10,6,30,1776919408185,31.461,200,1,909,
prover_hockey,10,6,31,1776919408216,31.19,200,1,909,
prover_hockey,10,6,32,1776919408247,30.294,200,1,909,
prover_hockey,10,6,33,1776919408276,29.591,200,1,909,
prover_hockey,10,6,34,1776919408307,30.68,200,1,909,
prover_hockey,10,6,35,1776919408338,31.191,200,1,909,
prover_hockey,10,6,36,1776919408369,30.699,200,1,909,
prover_hockey,10,6,37,1776919408400,31.556,200,1,909,
prover_hockey,10,6,38,1776919408434,33.995,200,1,909,
prover_hockey,10,6,39,1776919408474,39.973,200,1,909,
prover_hockey,10,6,40,1776919408505,30.268,200,1,909,
prover_hockey,10,6,41,1776919408537,32.539,200,1,909,
prover_hockey,10,6,42,1776919408568,30.455,200,1,909,
prover_hockey,10,6,43,1776919408599,31.3,200,1,909,
prover_hockey,10,6,44,1776919408634,35.431,200,1,909,
prover_hockey,10,6,45,1776919408666,31.351,200,1,909,
prover_hockey,10,6,46,1776919408695,29.658,200,1,909,
prover_hockey,10,6,47,1776919408727,31.279,200,1,909,
prover_hockey,10,6,48,1776919408759,32.64,200,1,909,
prover_hockey,10,6,49,1776919408790,30.389,200,1,909,
prover_hockey,10,6,50,1776919408822,32.142,200,1,909,
prover_hockey,10,6,51,1776919408855,33.203,200,1,909,
prover_hockey,10,6,52,1776919408892,36.786,200,1,909,
prover_hockey,10,6,53,1776919408923,30.974,200,1,909,
prover_hockey,10,6,54,1776919408958,34.673,200,1,909,
prover_hockey,10,6,55,1776919408988,30.755,200,1,909,
prover_hockey,10,6,56,1776919409017,28.75,200,1,909,
prover_hockey,10,6,57,1776919409053,35.612,200,1,909,
prover_hockey,10,6,58,1776919409085,32.392,200,1,909,
prover_hockey,10,6,59,1776919409118,32.894,200,1,909,
prover_hockey,10,6,60,1776919409146,28.226,200,1,909,
prover_hockey,10,6,61,1776919409177,31.169,200,1,909,
prover_hockey,10,6,62,1776919409209,31.176,200,1,909,
prover_hockey,10,6,63,1776919409240,31.773,200,1,909,
prover_hockey,10,6,64,1776919409275,34.908,200,1,909,
prover_hockey,10,6,65,1776919409308,33.147,200,1,909,
prover_hockey,10,6,66,1776919409341,33.042,200,1,909,
prover_hockey,10,6,67,1776919409377,35.619,200,1,909,
prover_hockey,10,6,68,1776919409407,29.811,200,1,909,
prover_hockey,10,6,69,1776919409436,28.763,200,1,909,
prover_hockey,10,6,70,1776919409465,29.641,200,1,909,
prover_hockey,10,6,71,1776919409495,30.017,200,1,909,
prover_hockey,10,6,72,1776919409527,31.631,200,1,909,
prover_hockey,10,6,73,1776919409559,32.267,200,1,909,
prover_hockey,10,6,74,1776919409590,31.111,200,1,909,
prover_hockey,10,6,75,1776919409623,32.964,200,1,909,
prover_hockey,10,6,76,1776919409654,30.232,200,1,909,
prover_hockey,10,6,77,1776919409683,29.458,200,1,909,
prover_hockey,10,6,78,1776919409714,30.96,200,1,909,
prover_hockey,10,6,79,1776919409744,29.915,200,1,909,
prover_hockey,10,6,80,1776919409774,30.431,200,1,909,
prover_hockey,10,6,81,1776919409806,31.881,200,1,909,
prover_hockey,10,6,82,1776919409840,34.105,200,1,909,
prover_hockey,10,6,83,1776919409874,33.728,200,1,909,
prover_hockey,10,6,84,1776919409905,30.621,200,1,909,
prover_hockey,10,6,85,1776919409936,31.436,200,1,909,
prover_hockey,10,6,86,1776919409965,29.058,200,1,909,
prover_hockey,10,6,87,1776919409994,28.829,200,1,909,
prover_hockey,10,6,88,1776919410027,32.529,200,1,909,
prover_hockey,10,6,89,1776919410057,30.811,200,1,909,
prover_hockey,10,6,90,1776919410088,30.962,200,1,909,
prover_hockey,10,6,91,1776919410123,34.518,200,1,909,
prover_hockey,10,6,92,1776919410155,31.645,200,1,909,
prover_hockey,10,6,93,1776919410186,31.579,200,1,909,
prover_hockey,10,6,94,1776919410218,31.572,200,1,909,
prover_hockey,10,6,95,1776919410251,33.221,200,1,909,
prover_hockey,10,6,96,1776919410284,32.901,200,1,909,
prover_hockey,10,6,97,1776919410316,32.188,200,1,909,
prover_hockey,10,6,98,1776919410349,32.71,200,1,909,
prover_hockey,10,6,99,1776919410380,31.06,200,1,909,
prover_hockey,10,6,100,1776919410414,34.223,200,1,909,
prover_hockey,10,6,101,1776919410446,32.153,200,1,909,
prover_hockey,10,6,102,1776919410477,30.888,200,1,909,
prover_hockey,10,6,103,1776919410510,32.736,200,1,909,
prover_hockey,10,6,104,1776919410539,29.608,200,1,909,
prover_hockey,10,6,105,1776919410571,31.851,200,1,909,
prover_hockey,10,6,106,1776919410605,33.361,200,1,909,
prover_hockey,10,6,107,1776919410634,29.344,200,1,909,
prover_hockey,10,6,108,1776919410665,30.836,200,1,909,
prover_hockey,10,6,109,1776919410696,31.246,200,1,909,
prover_hockey,10,6,110,1776919410728,32.385,200,1,909,
prover_hockey,10,6,111,1776919410762,33.127,200,1,909,
prover_hockey,10,6,112,1776919410793,31.176,200,1,909,
prover_hockey,10,6,113,1776919410823,29.746,200,1,909,
prover_hockey,10,6,114,1776919410854,31.851,200,1,909,
prover_hockey,10,6,115,1776919410886,31.199,200,1,909,
prover_hockey,10,6,116,1776919410917,31.19,200,1,909,
prover_hockey,10,6,117,1776919410945,28.572,200,1,909,
prover_hockey,10,6,118,1776919410975,30.138,200,1,909,
prover_hockey,10,6,119,1776919411005,30.011,200,1,909,
prover_hockey,10,6,120,1776919411038,32.085,200,1,909,
prover_hockey,10,6,121,1776919411074,36.168,200,1,909,
prover_hockey,10,6,122,1776919411107,33.504,200,1,909,
prover_hockey,10,6,123,1776919411141,33.729,200,1,909,
prover_hockey,10,6,124,1776919411173,31.741,200,1,909,
prover_hockey,10,6,125,1776919411205,32.666,200,1,909,
prover_hockey,10,6,126,1776919411237,31.618,200,1,909,
prover_hockey,10,6,127,1776919411271,34.024,200,1,909,
prover_hockey,10,6,128,1776919411304,33.036,200,1,909,
prover_hockey,10,6,129,1776919411335,30.972,200,1,909,
prover_hockey,10,6,130,1776919411370,34.597,200,1,909,
prover_hockey,10,6,131,1776919411400,30.306,200,1,909,
prover_hockey,10,6,132,1776919411431,30.631,200,1,909,
prover_hockey,10,6,133,1776919411464,33.815,200,1,909,
prover_hockey,10,6,134,1776919411498,33.615,200,1,909,
prover_hockey,10,6,135,1776919411529,31.067,200,1,909,
prover_hockey,10,6,136,1776919411561,31.65,200,1,909,
prover_hockey,10,6,137,1776919411592,31.317,200,1,909,
prover_hockey,10,6,138,1776919411622,29.46,200,1,909,
prover_hockey,10,6,139,1776919411651,29.93,200,1,909,
prover_hockey,10,6,140,1776919411684,32.278,200,1,909,
prover_hockey,10,6,141,1776919411718,34.682,200,1,909,
prover_hockey,10,6,142,1776919411751,32.474,200,1,909,
prover_hockey,10,6,143,1776919411784,33.291,200,1,909,
prover_hockey,10,6,144,1776919411818,34.047,200,1,909,
prover_hockey,10,6,145,1776919411848,29.3,200,1,909,
prover_hockey,10,6,146,1776919411877,29.341,200,1,909,
prover_hockey,10,6,147,1776919411908,30.951,200,1,909,
prover_hockey,10,6,148,1776919411939,31.437,200,1,909,
prover_hockey,10,6,149,1776919411970,30.314,200,1,909,
prover_hockey,10,6,150,1776919411999,29.073,200,1,909,
prover_hockey,10,7,0,1776919407238,68.854,200,1,909,
prover_hockey,10,7,1,1776919407272,34.179,200,1,909,
prover_hockey,10,7,2,1776919407305,33.42,200,1,909,
prover_hockey,10,7,3,1776919407337,32.192,200,1,909,
prover_hockey,10,7,4,1776919407373,35.281,200,1,909,
prover_hockey,10,7,5,1776919407405,32.303,200,1,909,
prover_hockey,10,7,6,1776919407438,32.908,200,1,909,
prover_hockey,10,7,7,1776919407469,30.848,200,1,909,
prover_hockey,10,7,8,1776919407500,31.523,200,1,909,
prover_hockey,10,7,9,1776919407534,33.368,200,1,909,
prover_hockey,10,7,10,1776919407568,34.044,200,1,909,
prover_hockey,10,7,11,1776919407601,33.022,200,1,909,
prover_hockey,10,7,12,1776919407636,35.515,200,1,909,
prover_hockey,10,7,13,1776919407667,31.111,200,1,909,
prover_hockey,10,7,14,1776919407700,32.248,200,1,909,
prover_hockey,10,7,15,1776919407729,29.952,200,1,909,
prover_hockey,10,7,16,1776919407760,30.789,200,1,909,
prover_hockey,10,7,17,1776919407793,33.163,200,1,909,
prover_hockey,10,7,18,1776919407824,30.448,200,1,909,
prover_hockey,10,7,19,1776919407856,31.866,200,1,909,
prover_hockey,10,7,20,1776919407888,31.812,200,1,909,
prover_hockey,10,7,21,1776919407919,31.421,200,1,909,
prover_hockey,10,7,22,1776919407950,31.336,200,1,909,
prover_hockey,10,7,23,1776919407984,33.619,200,1,909,
prover_hockey,10,7,24,1776919408015,31.042,200,1,909,
prover_hockey,10,7,25,1776919408049,33.515,200,1,909,
prover_hockey,10,7,26,1776919408077,28.797,200,1,909,
prover_hockey,10,7,27,1776919408113,35.595,200,1,909,
prover_hockey,10,7,28,1776919408142,29.222,200,1,909,
prover_hockey,10,7,29,1776919408173,30.388,200,1,909,
prover_hockey,10,7,30,1776919408202,29.004,200,1,909,
prover_hockey,10,7,31,1776919408233,31.697,200,1,909,
prover_hockey,10,7,32,1776919408266,32.714,200,1,909,
prover_hockey,10,7,33,1776919408304,37.642,200,1,909,
prover_hockey,10,7,34,1776919408334,30.77,200,1,909,
prover_hockey,10,7,35,1776919408367,32.469,200,1,909,
prover_hockey,10,7,36,1776919408401,34.182,200,1,909,
prover_hockey,10,7,37,1776919408434,32.776,200,1,909,
prover_hockey,10,7,38,1776919408478,43.73,200,1,909,
prover_hockey,10,7,39,1776919408512,34.415,200,1,909,
prover_hockey,10,7,40,1776919408548,35.61,200,1,909,
prover_hockey,10,7,41,1776919408579,30.894,200,1,909,
prover_hockey,10,7,42,1776919408609,30.145,200,1,909,
prover_hockey,10,7,43,1776919408642,33.597,200,1,909,
prover_hockey,10,7,44,1776919408674,32.097,200,1,909,
prover_hockey,10,7,45,1776919408716,41.975,200,1,909,
prover_hockey,10,7,46,1776919408749,32.259,200,1,909,
prover_hockey,10,7,47,1776919408779,30.126,200,1,909,
prover_hockey,10,7,48,1776919408809,30.697,200,1,909,
prover_hockey,10,7,49,1776919408839,29.909,200,1,909,
prover_hockey,10,7,50,1776919408870,31.06,200,1,909,
prover_hockey,10,7,51,1776919408899,28.912,200,1,909,
prover_hockey,10,7,52,1776919408929,29.924,200,1,909,
prover_hockey,10,7,53,1776919408965,35.733,200,1,909,
prover_hockey,10,7,54,1776919408999,34.186,200,1,909,
prover_hockey,10,7,55,1776919409030,31.206,200,1,909,
prover_hockey,10,7,56,1776919409062,31.305,200,1,909,
prover_hockey,10,7,57,1776919409095,33.451,200,1,909,
prover_hockey,10,7,58,1776919409127,31.996,200,1,909,
prover_hockey,10,7,59,1776919409159,31.516,200,1,909,
prover_hockey,10,7,60,1776919409190,30.894,200,1,909,
prover_hockey,10,7,61,1776919409224,34.135,200,1,909,
prover_hockey,10,7,62,1776919409255,30.766,200,1,909,
prover_hockey,10,7,63,1776919409286,31.549,200,1,909,
prover_hockey,10,7,64,1776919409317,30.613,200,1,909,
prover_hockey,10,7,65,1776919409347,30.551,200,1,909,
prover_hockey,10,7,66,1776919409383,36.084,200,1,909,
prover_hockey,10,7,67,1776919409416,32.636,200,1,909,
prover_hockey,10,7,68,1776919409447,30.702,200,1,909,
prover_hockey,10,7,69,1776919409482,35.359,200,1,909,
prover_hockey,10,7,70,1776919409518,35.567,200,1,909,
prover_hockey,10,7,71,1776919409548,30.853,200,1,909,
prover_hockey,10,7,72,1776919409580,31.797,200,1,909,
prover_hockey,10,7,73,1776919409612,31.888,200,1,909,
prover_hockey,10,7,74,1776919409641,29.113,200,1,909,
prover_hockey,10,7,75,1776919409673,31.613,200,1,909,
prover_hockey,10,7,76,1776919409702,28.969,200,1,909,
prover_hockey,10,7,77,1776919409735,33.442,200,1,909,
prover_hockey,10,7,78,1776919409766,31.132,200,1,909,
prover_hockey,10,7,79,1776919409798,31.489,200,1,909,
prover_hockey,10,7,80,1776919409832,33.996,200,1,909,
prover_hockey,10,7,81,1776919409863,31.382,200,1,909,
prover_hockey,10,7,82,1776919409896,32.457,200,1,909,
prover_hockey,10,7,83,1776919409926,30.279,200,1,909,
prover_hockey,10,7,84,1776919409957,31.295,200,1,909,
prover_hockey,10,7,85,1776919409990,32.533,200,1,909,
prover_hockey,10,7,86,1776919410022,32.455,200,1,909,
prover_hockey,10,7,87,1776919410056,33.328,200,1,909,
prover_hockey,10,7,88,1776919410087,31.319,200,1,909,
prover_hockey,10,7,89,1776919410118,30.748,200,1,909,
prover_hockey,10,7,90,1776919410147,29.265,200,1,909,
prover_hockey,10,7,91,1776919410178,31.358,200,1,909,
prover_hockey,10,7,92,1776919410209,30.739,200,1,909,
prover_hockey,10,7,93,1776919410241,32.288,200,1,909,
prover_hockey,10,7,94,1776919410271,29.872,200,1,909,
prover_hockey,10,7,95,1776919410303,32.152,200,1,909,
prover_hockey,10,7,96,1776919410334,30.709,200,1,909,
prover_hockey,10,7,97,1776919410366,32.228,200,1,909,
prover_hockey,10,7,98,1776919410397,30.759,200,1,909,
prover_hockey,10,7,99,1776919410431,33.89,200,1,909,
prover_hockey,10,7,100,1776919410464,32.616,200,1,909,
prover_hockey,10,7,101,1776919410496,32.764,200,1,909,
prover_hockey,10,7,102,1776919410526,29.923,200,1,909,
prover_hockey,10,7,103,1776919410560,33.16,200,1,909,
prover_hockey,10,7,104,1776919410590,30.12,200,1,909,
prover_hockey,10,7,105,1776919410621,31.352,200,1,909,
prover_hockey,10,7,106,1776919410652,31.024,200,1,909,
prover_hockey,10,7,107,1776919410684,31.497,200,1,909,
prover_hockey,10,7,108,1776919410718,34.44,200,1,909,
prover_hockey,10,7,109,1776919410750,31.743,200,1,909,
prover_hockey,10,7,110,1776919410782,31.904,200,1,909,
prover_hockey,10,7,111,1776919410815,33.24,200,1,909,
prover_hockey,10,7,112,1776919410844,29.139,200,1,909,
prover_hockey,10,7,113,1776919410874,30.451,200,1,909,
prover_hockey,10,7,114,1776919410904,29.869,200,1,909,
prover_hockey,10,7,115,1776919410935,30.828,200,1,909,
prover_hockey,10,7,116,1776919410967,31.751,200,1,909,
prover_hockey,10,7,117,1776919411001,34.131,200,1,909,
prover_hockey,10,7,118,1776919411032,31.098,200,1,909,
prover_hockey,10,7,119,1776919411064,31.496,200,1,909,
prover_hockey,10,7,120,1776919411097,33.364,200,1,909,
prover_hockey,10,7,121,1776919411128,30.772,200,1,909,
prover_hockey,10,7,122,1776919411158,29.864,200,1,909,
prover_hockey,10,7,123,1776919411188,30.089,200,1,909,
prover_hockey,10,7,124,1776919411222,33.815,200,1,909,
prover_hockey,10,7,125,1776919411251,29.549,200,1,909,
prover_hockey,10,7,126,1776919411287,35.78,200,1,909,
prover_hockey,10,7,127,1776919411317,30.259,200,1,909,
prover_hockey,10,7,128,1776919411346,29.085,200,1,909,
prover_hockey,10,7,129,1776919411378,32.01,200,1,909,
prover_hockey,10,7,130,1776919411407,28.354,200,1,909,
prover_hockey,10,7,131,1776919411440,33.141,200,1,909,
prover_hockey,10,7,132,1776919411469,29.14,200,1,909,
prover_hockey,10,7,133,1776919411508,38.552,200,1,909,
prover_hockey,10,7,134,1776919411540,32.974,200,1,909,
prover_hockey,10,7,135,1776919411574,33.21,200,1,909,
prover_hockey,10,7,136,1776919411606,32.044,200,1,909,
prover_hockey,10,7,137,1776919411640,34.694,200,1,909,
prover_hockey,10,7,138,1776919411672,31.203,200,1,909,
prover_hockey,10,7,139,1776919411702,30.686,200,1,909,
prover_hockey,10,7,140,1776919411734,32.09,200,1,909,
prover_hockey,10,7,141,1776919411765,30.97,200,1,909,
prover_hockey,10,7,142,1776919411797,31.649,200,1,909,
prover_hockey,10,7,143,1776919411829,32.4,200,1,909,
prover_hockey,10,7,144,1776919411859,29.499,200,1,909,
prover_hockey,10,7,145,1776919411891,31.816,200,1,909,
prover_hockey,10,7,146,1776919411922,30.73,200,1,909,
prover_hockey,10,7,147,1776919411952,30.456,200,1,909,
prover_hockey,10,7,148,1776919411984,32.317,200,1,909,
prover_hockey,10,8,0,1776919407228,58.712,200,1,909,
prover_hockey,10,8,1,1776919407262,33.632,200,1,909,
prover_hockey,10,8,2,1776919407294,32.22,200,1,909,
prover_hockey,10,8,3,1776919407325,31.061,200,1,909,
prover_hockey,10,8,4,1776919407358,32.159,200,1,909,
prover_hockey,10,8,5,1776919407389,31.779,200,1,909,
prover_hockey,10,8,6,1776919407421,31.71,200,1,909,
prover_hockey,10,8,7,1776919407455,34.31,200,1,909,
prover_hockey,10,8,8,1776919407487,32.102,200,1,909,
prover_hockey,10,8,9,1776919407532,44.833,200,1,909,
prover_hockey,10,8,10,1776919407565,32.813,200,1,909,
prover_hockey,10,8,11,1776919407597,31.412,200,1,909,
prover_hockey,10,8,12,1776919407635,38.925,200,1,909,
prover_hockey,10,8,13,1776919407666,30.628,200,1,909,
prover_hockey,10,8,14,1776919407695,29.169,200,1,909,
prover_hockey,10,8,15,1776919407726,31.02,200,1,909,
prover_hockey,10,8,16,1776919407761,34.496,200,1,909,
prover_hockey,10,8,17,1776919407790,28.747,200,1,909,
prover_hockey,10,8,18,1776919407825,35.625,200,1,909,
prover_hockey,10,8,19,1776919407859,33.715,200,1,909,
prover_hockey,10,8,20,1776919407889,30.586,200,1,909,
prover_hockey,10,8,21,1776919407922,32.945,200,1,909,
prover_hockey,10,8,22,1776919407953,30.098,200,1,909,
prover_hockey,10,8,23,1776919407983,30.767,200,1,909,
prover_hockey,10,8,24,1776919408018,35.147,200,1,909,
prover_hockey,10,8,25,1776919408051,32.291,200,1,909,
prover_hockey,10,8,26,1776919408082,31.293,200,1,909,
prover_hockey,10,8,27,1776919408116,33.628,200,1,909,
prover_hockey,10,8,28,1776919408149,33.039,200,1,909,
prover_hockey,10,8,29,1776919408181,32.249,200,1,909,
prover_hockey,10,8,30,1776919408210,28.898,200,1,909,
prover_hockey,10,8,31,1776919408241,30.937,200,1,909,
prover_hockey,10,8,32,1776919408273,31.792,200,1,909,
prover_hockey,10,8,33,1776919408304,31.757,200,1,909,
prover_hockey,10,8,34,1776919408337,32.378,200,1,909,
prover_hockey,10,8,35,1776919408370,33.302,200,1,909,
prover_hockey,10,8,36,1776919408402,32.15,200,1,909,
prover_hockey,10,8,37,1776919408440,37.471,200,1,909,
prover_hockey,10,8,38,1776919408478,38.709,200,1,909,
prover_hockey,10,8,39,1776919408514,35.715,200,1,909,
prover_hockey,10,8,40,1776919408545,30.585,200,1,909,
prover_hockey,10,8,41,1776919408575,30.525,200,1,909,
prover_hockey,10,8,42,1776919408607,32.117,200,1,909,
prover_hockey,10,8,43,1776919408640,32.4,200,1,909,
prover_hockey,10,8,44,1776919408675,35.27,200,1,909,
prover_hockey,10,8,45,1776919408708,32.601,200,1,909,
prover_hockey,10,8,46,1776919408741,33.128,200,1,909,
prover_hockey,10,8,47,1776919408769,28.538,200,1,909,
prover_hockey,10,8,48,1776919408798,29.071,200,1,909,
prover_hockey,10,8,49,1776919408828,29.161,200,1,909,
prover_hockey,10,8,50,1776919408857,29.121,200,1,909,
prover_hockey,10,8,51,1776919408891,34.026,200,1,909,
prover_hockey,10,8,52,1776919408926,35.056,200,1,909,
prover_hockey,10,8,53,1776919408961,34.739,200,1,909,
prover_hockey,10,8,54,1776919408995,34.337,200,1,909,
prover_hockey,10,8,55,1776919409029,33.869,200,1,909,
prover_hockey,10,8,56,1776919409060,30.808,200,1,909,
prover_hockey,10,8,57,1776919409091,31.215,200,1,909,
prover_hockey,10,8,58,1776919409121,30.649,200,1,909,
prover_hockey,10,8,59,1776919409153,31.31,200,1,909,
prover_hockey,10,8,60,1776919409183,30.218,200,1,909,
prover_hockey,10,8,61,1776919409212,29.503,200,1,909,
prover_hockey,10,8,62,1776919409242,29.67,200,1,909,
prover_hockey,10,8,63,1776919409273,31.175,200,1,909,
prover_hockey,10,8,64,1776919409308,34.631,200,1,909,
prover_hockey,10,8,65,1776919409341,33.011,200,1,909,
prover_hockey,10,8,66,1776919409377,35.585,200,1,909,
prover_hockey,10,8,67,1776919409412,35.145,200,1,909,
prover_hockey,10,8,68,1776919409446,33.793,200,1,909,
prover_hockey,10,8,69,1776919409478,32.361,200,1,909,
prover_hockey,10,8,70,1776919409509,30.828,200,1,909,
prover_hockey,10,8,71,1776919409540,31.177,200,1,909,
prover_hockey,10,8,72,1776919409569,29.005,200,1,909,
prover_hockey,10,8,73,1776919409599,30.403,200,1,909,
prover_hockey,10,8,74,1776919409634,34.494,200,1,909,
prover_hockey,10,8,75,1776919409666,32.189,200,1,909,
prover_hockey,10,8,76,1776919409698,32.088,200,1,909,
prover_hockey,10,8,77,1776919409730,32.337,200,1,909,
prover_hockey,10,8,78,1776919409761,30.476,200,1,909,
prover_hockey,10,8,79,1776919409793,31.894,200,1,909,
prover_hockey,10,8,80,1776919409823,30.061,200,1,909,
prover_hockey,10,8,81,1776919409852,29.355,200,1,909,
prover_hockey,10,8,82,1776919409883,30.756,200,1,909,
prover_hockey,10,8,83,1776919409915,32.116,200,1,909,
prover_hockey,10,8,84,1776919409951,35.871,200,1,909,
prover_hockey,10,8,85,1776919409983,31.667,200,1,909,
prover_hockey,10,8,86,1776919410013,30.561,200,1,909,
prover_hockey,10,8,87,1776919410044,30.439,200,1,909,
prover_hockey,10,8,88,1776919410073,29.616,200,1,909,
prover_hockey,10,8,89,1776919410107,33.68,200,1,909,
prover_hockey,10,8,90,1776919410141,34.058,200,1,909,
prover_hockey,10,8,91,1776919410172,30.525,200,1,909,
prover_hockey,10,8,92,1776919410201,29.738,200,1,909,
prover_hockey,10,8,93,1776919410236,34.678,200,1,909,
prover_hockey,10,8,94,1776919410268,31.505,200,1,909,
prover_hockey,10,8,95,1776919410300,32.866,200,1,909,
prover_hockey,10,8,96,1776919410330,29.594,200,1,909,
prover_hockey,10,8,97,1776919410362,31.537,200,1,909,
prover_hockey,10,8,98,1776919410393,31.022,200,1,909,
prover_hockey,10,8,99,1776919410422,29.72,200,1,909,
prover_hockey,10,8,100,1776919410456,33.5,200,1,909,
prover_hockey,10,8,101,1776919410485,29.341,200,1,909,
prover_hockey,10,8,102,1776919410518,32.701,200,1,909,
prover_hockey,10,8,103,1776919410551,33.071,200,1,909,
prover_hockey,10,8,104,1776919410582,31.402,200,1,909,
prover_hockey,10,8,105,1776919410614,31.368,200,1,909,
prover_hockey,10,8,106,1776919410642,28.729,200,1,909,
prover_hockey,10,8,107,1776919410674,31.371,200,1,909,
prover_hockey,10,8,108,1776919410705,31.073,200,1,909,
prover_hockey,10,8,109,1776919410735,29.876,200,1,909,
prover_hockey,10,8,110,1776919410764,29.63,200,1,909,
prover_hockey,10,8,111,1776919410795,30.256,200,1,909,
prover_hockey,10,8,112,1776919410826,31.144,200,1,909,
prover_hockey,10,8,113,1776919410857,31.207,200,1,909,
prover_hockey,10,8,114,1776919410889,32.186,200,1,909,
prover_hockey,10,8,115,1776919410923,33.785,200,1,909,
prover_hockey,10,8,116,1776919410955,32.187,200,1,909,
prover_hockey,10,8,117,1776919410988,32.732,200,1,909,
prover_hockey,10,8,118,1776919411020,32.116,200,1,909,
prover_hockey,10,8,119,1776919411049,29.197,200,1,909,
prover_hockey,10,8,120,1776919411081,32.008,200,1,909,
prover_hockey,10,8,121,1776919411113,31.29,200,1,909,
prover_hockey,10,8,122,1776919411147,34.019,200,1,909,
prover_hockey,10,8,123,1776919411180,33.115,200,1,909,
prover_hockey,10,8,124,1776919411210,30.754,200,1,909,
prover_hockey,10,8,125,1776919411241,30.639,200,1,909,
prover_hockey,10,8,126,1776919411273,31.668,200,1,909,
prover_hockey,10,8,127,1776919411305,32.158,200,1,909,
prover_hockey,10,8,128,1776919411339,33.631,200,1,909,
prover_hockey,10,8,129,1776919411370,31.608,200,1,909,
prover_hockey,10,8,130,1776919411400,30.215,200,1,909,
prover_hockey,10,8,131,1776919411432,31.636,200,1,909,
prover_hockey,10,8,132,1776919411463,31.174,200,1,909,
prover_hockey,10,8,133,1776919411496,32.834,200,1,909,
prover_hockey,10,8,134,1776919411527,31.274,200,1,909,
prover_hockey,10,8,135,1776919411557,29.521,200,1,909,
prover_hockey,10,8,136,1776919411587,30.568,200,1,909,
prover_hockey,10,8,137,1776919411616,29.055,200,1,909,
prover_hockey,10,8,138,1776919411648,31.217,200,1,909,
prover_hockey,10,8,139,1776919411679,31.422,200,1,909,
prover_hockey,10,8,140,1776919411712,33.002,200,1,909,
prover_hockey,10,8,141,1776919411744,31.736,200,1,909,
prover_hockey,10,8,142,1776919411775,31.052,200,1,909,
prover_hockey,10,8,143,1776919411807,31.628,200,1,909,
prover_hockey,10,8,144,1776919411836,29.582,200,1,909,
prover_hockey,10,8,145,1776919411868,31.603,200,1,909,
prover_hockey,10,8,146,1776919411898,30.649,200,1,909,
prover_hockey,10,8,147,1776919411928,29.591,200,1,909,
prover_hockey,10,8,148,1776919411961,32.862,200,1,909,
prover_hockey,10,8,149,1776919411992,31.113,200,1,909,
prover_hockey,10,9,0,1776919407222,52.29,200,1,909,
prover_hockey,10,9,1,1776919407252,30.048,200,1,909,
prover_hockey,10,9,2,1776919407285,32.787,200,1,909,
prover_hockey,10,9,3,1776919407322,36.743,200,1,909,
prover_hockey,10,9,4,1776919407351,29.442,200,1,909,
prover_hockey,10,9,5,1776919407387,35.177,200,1,909,
prover_hockey,10,9,6,1776919407417,30.474,200,1,909,
prover_hockey,10,9,7,1776919407450,33.054,200,1,909,
prover_hockey,10,9,8,1776919407482,31.873,200,1,909,
prover_hockey,10,9,9,1776919407512,30.1,200,1,909,
prover_hockey,10,9,10,1776919407543,30.655,200,1,909,
prover_hockey,10,9,11,1776919407577,33.891,200,1,909,
prover_hockey,10,9,12,1776919407608,31.069,200,1,909,
prover_hockey,10,9,13,1776919407641,32.875,200,1,909,
prover_hockey,10,9,14,1776919407675,34.199,200,1,909,
prover_hockey,10,9,15,1776919407706,31.179,200,1,909,
prover_hockey,10,9,16,1776919407737,31.444,200,1,909,
prover_hockey,10,9,17,1776919407769,31.552,200,1,909,
prover_hockey,10,9,18,1776919407799,29.786,200,1,909,
prover_hockey,10,9,19,1776919407831,32.422,200,1,909,
prover_hockey,10,9,20,1776919407864,32.351,200,1,909,
prover_hockey,10,9,21,1776919407895,31.722,200,1,909,
prover_hockey,10,9,22,1776919407926,30.749,200,1,909,
prover_hockey,10,9,23,1776919407956,30.426,200,1,909,
prover_hockey,10,9,24,1776919407988,31.213,200,1,909,
prover_hockey,10,9,25,1776919408018,30.015,200,1,909,
prover_hockey,10,9,26,1776919408048,30.275,200,1,909,
prover_hockey,10,9,27,1776919408078,30.458,200,1,909,
prover_hockey,10,9,28,1776919408111,32.879,200,1,909,
prover_hockey,10,9,29,1776919408143,31.968,200,1,909,
prover_hockey,10,9,30,1776919408177,33.445,200,1,909,
prover_hockey,10,9,31,1776919408207,29.833,200,1,909,
prover_hockey,10,9,32,1776919408237,30.784,200,1,909,
prover_hockey,10,9,33,1776919408270,32.263,200,1,909,
prover_hockey,10,9,34,1776919408306,36.051,200,1,909,
prover_hockey,10,9,35,1776919408340,33.877,200,1,909,
prover_hockey,10,9,36,1776919408371,31.551,200,1,909,
prover_hockey,10,9,37,1776919408402,30.493,200,1,909,
prover_hockey,10,9,38,1776919408436,34.618,200,1,909,
prover_hockey,10,9,39,1776919408476,39.898,200,1,909,
prover_hockey,10,9,40,1776919408506,29.947,200,1,909,
prover_hockey,10,9,41,1776919408538,32.097,200,1,909,
prover_hockey,10,9,42,1776919408570,31.836,200,1,909,
prover_hockey,10,9,43,1776919408601,30.738,200,1,909,
prover_hockey,10,9,44,1776919408634,33.054,200,1,909,
prover_hockey,10,9,45,1776919408665,30.75,200,1,909,
prover_hockey,10,9,46,1776919408693,28.765,200,1,909,
prover_hockey,10,9,47,1776919408723,29.908,200,1,909,
prover_hockey,10,9,48,1776919408753,29.777,200,1,909,
prover_hockey,10,9,49,1776919408785,31.903,200,1,909,
prover_hockey,10,9,50,1776919408821,36.067,200,1,909,
prover_hockey,10,9,51,1776919408853,31.718,200,1,909,
prover_hockey,10,9,52,1776919408884,30.805,200,1,909,
prover_hockey,10,9,53,1776919408915,31.184,200,1,909,
prover_hockey,10,9,54,1776919408946,31.478,200,1,909,
prover_hockey,10,9,55,1776919408977,30.284,200,1,909,
prover_hockey,10,9,56,1776919409006,29.188,200,1,909,
prover_hockey,10,9,57,1776919409035,29.624,200,1,909,
prover_hockey,10,9,58,1776919409065,29.594,200,1,909,
prover_hockey,10,9,59,1776919409095,29.708,200,1,909,
prover_hockey,10,9,60,1776919409124,29.404,200,1,909,
prover_hockey,10,9,61,1776919409156,32.065,200,1,909,
prover_hockey,10,9,62,1776919409188,31.548,200,1,909,
prover_hockey,10,9,63,1776919409218,29.918,200,1,909,
prover_hockey,10,9,64,1776919409247,29.463,200,1,909,
prover_hockey,10,9,65,1776919409277,30.097,200,1,909,
prover_hockey,10,9,66,1776919409314,36.777,200,1,909,
prover_hockey,10,9,67,1776919409347,32.65,200,1,909,
prover_hockey,10,9,68,1776919409378,31.734,200,1,909,
prover_hockey,10,9,69,1776919409411,32.596,200,1,909,
prover_hockey,10,9,70,1776919409442,30.609,200,1,909,
prover_hockey,10,9,71,1776919409472,30.523,200,1,909,
prover_hockey,10,9,72,1776919409503,31.019,200,1,909,
prover_hockey,10,9,73,1776919409533,29.892,200,1,909,
prover_hockey,10,9,74,1776919409563,29.74,200,1,909,
prover_hockey,10,9,75,1776919409596,33.377,200,1,909,
prover_hockey,10,9,76,1776919409629,33.047,200,1,909,
prover_hockey,10,9,77,1776919409660,31.094,200,1,909,
prover_hockey,10,9,78,1776919409690,29.861,200,1,909,
prover_hockey,10,9,79,1776919409720,29.42,200,1,909,
prover_hockey,10,9,80,1776919409749,29.709,200,1,909,
prover_hockey,10,9,81,1776919409781,32.058,200,1,909,
prover_hockey,10,9,82,1776919409811,29.125,200,1,909,
prover_hockey,10,9,83,1776919409842,31.519,200,1,909,
prover_hockey,10,9,84,1776919409878,36.402,200,1,909,
prover_hockey,10,9,85,1776919409913,34.827,200,1,909,
prover_hockey,10,9,86,1776919409944,30.942,200,1,909,
prover_hockey,10,9,87,1776919409975,31.209,200,1,909,
prover_hockey,10,9,88,1776919410006,30.368,200,1,909,
prover_hockey,10,9,89,1776919410037,30.96,200,1,909,
prover_hockey,10,9,90,1776919410066,29.604,200,1,909,
prover_hockey,10,9,91,1776919410096,29.14,200,1,909,
prover_hockey,10,9,92,1776919410128,32.147,200,1,909,
prover_hockey,10,9,93,1776919410159,31.049,200,1,909,
prover_hockey,10,9,94,1776919410189,30.655,200,1,909,
prover_hockey,10,9,95,1776919410220,30.585,200,1,909,
prover_hockey,10,9,96,1776919410250,30.107,200,1,909,
prover_hockey,10,9,97,1776919410282,32,200,1,909,
prover_hockey,10,9,98,1776919410314,32.12,200,1,909,
prover_hockey,10,9,99,1776919410351,36.36,200,1,909,
prover_hockey,10,9,100,1776919410382,30.99,200,1,909,
prover_hockey,10,9,101,1776919410413,31.284,200,1,909,
prover_hockey,10,9,102,1776919410443,29.777,200,1,909,
prover_hockey,10,9,103,1776919410475,31.99,200,1,909,
prover_hockey,10,9,104,1776919410504,29.623,200,1,909,
prover_hockey,10,9,105,1776919410536,32.212,200,1,909,
prover_hockey,10,9,106,1776919410567,30.761,200,1,909,
prover_hockey,10,9,107,1776919410598,30.375,200,1,909,
prover_hockey,10,9,108,1776919410628,30.323,200,1,909,
prover_hockey,10,9,109,1776919410657,29.559,200,1,909,
prover_hockey,10,9,110,1776919410689,31.308,200,1,909,
prover_hockey,10,9,111,1776919410721,32.178,200,1,909,
prover_hockey,10,9,112,1776919410752,30.558,200,1,909,
prover_hockey,10,9,113,1776919410788,36.095,200,1,909,
prover_hockey,10,9,114,1776919410818,30.587,200,1,909,
prover_hockey,10,9,115,1776919410848,30.063,200,1,909,
prover_hockey,10,9,116,1776919410879,30.415,200,1,909,
prover_hockey,10,9,117,1776919410912,32.832,200,1,909,
prover_hockey,10,9,118,1776919410942,30.34,200,1,909,
prover_hockey,10,9,119,1776919410975,33.047,200,1,909,
prover_hockey,10,9,120,1776919411007,32.268,200,1,909,
prover_hockey,10,9,121,1776919411040,33.052,200,1,909,
prover_hockey,10,9,122,1776919411075,34.724,200,1,909,
prover_hockey,10,9,123,1776919411107,31.697,200,1,909,
prover_hockey,10,9,124,1776919411137,30.377,200,1,909,
prover_hockey,10,9,125,1776919411172,35.262,200,1,909,
prover_hockey,10,9,126,1776919411204,31.456,200,1,909,
prover_hockey,10,9,127,1776919411235,31.478,200,1,909,
prover_hockey,10,9,128,1776919411270,34.894,200,1,909,
prover_hockey,10,9,129,1776919411304,33.498,200,1,909,
prover_hockey,10,9,130,1776919411334,30.318,200,1,909,
prover_hockey,10,9,131,1776919411369,35.247,200,1,909,
prover_hockey,10,9,132,1776919411403,33.379,200,1,909,
prover_hockey,10,9,133,1776919411433,30.156,200,1,909,
prover_hockey,10,9,134,1776919411466,33.029,200,1,909,
prover_hockey,10,9,135,1776919411503,37.296,200,1,909,
prover_hockey,10,9,136,1776919411538,34.591,200,1,909,
prover_hockey,10,9,137,1776919411570,32.378,200,1,909,
prover_hockey,10,9,138,1776919411602,32.249,200,1,909,
prover_hockey,10,9,139,1776919411632,29.345,200,1,909,
prover_hockey,10,9,140,1776919411665,33.084,200,1,909,
prover_hockey,10,9,141,1776919411696,31.102,200,1,909,
prover_hockey,10,9,142,1776919411726,30.466,200,1,909,
prover_hockey,10,9,143,1776919411756,29.652,200,1,909,
prover_hockey,10,9,144,1776919411785,28.941,200,1,909,
prover_hockey,10,9,145,1776919411821,35.98,200,1,909,
prover_hockey,10,9,146,1776919411852,31.253,200,1,909,
prover_hockey,10,9,147,1776919411884,31.73,200,1,909,
prover_hockey,10,9,148,1776919411915,31.148,200,1,909,
prover_hockey,10,9,149,1776919411944,29.264,200,1,909,
prover_hockey,10,9,150,1776919411977,32.276,200,1,909,
prover_hockey,10,9,151,1776919412006,29.199,200,1,909,
prover_hockey,20,0,0,1776919422082,69.052,200,1,909,
prover_hockey,20,0,1,1776919422115,33.439,200,1,909,
prover_hockey,20,0,2,1776919422150,34.574,200,1,909,
prover_hockey,20,0,3,1776919422186,35.663,200,1,909,
prover_hockey,20,0,4,1776919422224,38.437,200,1,909,
prover_hockey,20,0,5,1776919422256,32.242,200,1,909,
prover_hockey,20,0,6,1776919422291,34.838,200,1,909,
prover_hockey,20,0,7,1776919422328,36.769,200,1,909,
prover_hockey,20,0,8,1776919422360,32.482,200,1,909,
prover_hockey,20,0,9,1776919422391,30.262,200,1,909,
prover_hockey,20,0,10,1776919422421,30.517,200,1,909,
prover_hockey,20,0,11,1776919422457,35.922,200,1,909,
prover_hockey,20,0,12,1776919422495,37.765,200,1,909,
prover_hockey,20,0,13,1776919422528,32.965,200,1,909,
prover_hockey,20,0,14,1776919422558,30.122,200,1,909,
prover_hockey,20,0,15,1776919422591,33.093,200,1,909,
prover_hockey,20,0,16,1776919422625,34.379,200,1,909,
prover_hockey,20,0,17,1776919422661,35.938,200,1,909,
prover_hockey,20,0,18,1776919422695,33.912,200,1,909,
prover_hockey,20,0,19,1776919422735,39.868,200,1,909,
prover_hockey,20,0,20,1776919422769,34.144,200,1,909,
prover_hockey,20,0,21,1776919422801,31.706,200,1,909,
prover_hockey,20,0,22,1776919422831,30.317,200,1,909,
prover_hockey,20,0,23,1776919422864,32.495,200,1,909,
prover_hockey,20,0,24,1776919422895,30.708,200,1,909,
prover_hockey,20,0,25,1776919422927,32.686,200,1,909,
prover_hockey,20,0,26,1776919422959,31.41,200,1,909,
prover_hockey,20,0,27,1776919422997,38.337,200,1,909,
prover_hockey,20,0,28,1776919423029,32.145,200,1,909,
prover_hockey,20,0,29,1776919423063,33.946,200,1,909,
prover_hockey,20,0,30,1776919423094,30.673,200,1,909,
prover_hockey,20,0,31,1776919423126,31.852,200,1,909,
prover_hockey,20,0,32,1776919423154,28.519,200,1,909,
prover_hockey,20,0,33,1776919423185,30.784,200,1,909,
prover_hockey,20,0,34,1776919423215,29.554,200,1,909,
prover_hockey,20,0,35,1776919423247,32.41,200,1,909,
prover_hockey,20,0,36,1776919423276,29.387,200,1,909,
prover_hockey,20,0,37,1776919423306,29.882,200,1,909,
prover_hockey,20,0,38,1776919423340,33.427,200,1,909,
prover_hockey,20,0,39,1776919423371,31.312,200,1,909,
prover_hockey,20,0,40,1776919423403,31.933,200,1,909,
prover_hockey,20,0,41,1776919423433,29.793,200,1,909,
prover_hockey,20,0,42,1776919423464,31.429,200,1,909,
prover_hockey,20,0,43,1776919423495,30.919,200,1,909,
prover_hockey,20,0,44,1776919423528,33.138,200,1,909,
prover_hockey,20,0,45,1776919423561,32.808,200,1,909,
prover_hockey,20,0,46,1776919423593,32.322,200,1,909,
prover_hockey,20,0,47,1776919423627,33.876,200,1,909,
prover_hockey,20,0,48,1776919423659,31.687,200,1,909,
prover_hockey,20,0,49,1776919423692,33.014,200,1,909,
prover_hockey,20,0,50,1776919423731,38.589,200,1,909,
prover_hockey,20,0,51,1776919423763,32.881,200,1,909,
prover_hockey,20,0,52,1776919423797,33.582,200,1,909,
prover_hockey,20,0,53,1776919423826,29.433,200,1,909,
prover_hockey,20,0,54,1776919423859,32.47,200,1,909,
prover_hockey,20,0,55,1776919423902,43.244,200,1,909,
prover_hockey,20,0,56,1776919423942,39.655,200,1,909,
prover_hockey,20,0,57,1776919423977,34.75,200,1,909,
prover_hockey,20,0,58,1776919424010,33.905,200,1,909,
prover_hockey,20,0,59,1776919424044,33.245,200,1,909,
prover_hockey,20,0,60,1776919424073,29.656,200,1,909,
prover_hockey,20,0,61,1776919424104,30.922,200,1,909,
prover_hockey,20,0,62,1776919424136,32.112,200,1,909,
prover_hockey,20,0,63,1776919424168,31.314,200,1,909,
prover_hockey,20,0,64,1776919424202,33.999,200,1,909,
prover_hockey,20,0,65,1776919424234,32.74,200,1,909,
prover_hockey,20,0,66,1776919424268,33.567,200,1,909,
prover_hockey,20,0,67,1776919424299,31.367,200,1,909,
prover_hockey,20,0,68,1776919424330,30.324,200,1,909,
prover_hockey,20,0,69,1776919424363,32.774,200,1,909,
prover_hockey,20,0,70,1776919424393,30.834,200,1,909,
prover_hockey,20,0,71,1776919424424,31.016,200,1,909,
prover_hockey,20,0,72,1776919424457,32.248,200,1,909,
prover_hockey,20,0,73,1776919424489,32.301,200,1,909,
prover_hockey,20,0,74,1776919424519,29.782,200,1,909,
prover_hockey,20,1,0,1776919422081,68.213,200,1,909,
prover_hockey,20,1,1,1776919422115,33.549,200,1,909,
prover_hockey,20,1,2,1776919422146,31.279,200,1,909,
prover_hockey,20,1,3,1776919422178,31.682,200,1,909,
prover_hockey,20,1,4,1776919422212,33.948,200,1,909,
prover_hockey,20,1,5,1776919422242,29.719,200,1,909,
prover_hockey,20,1,6,1776919422272,30.188,200,1,909,
prover_hockey,20,1,7,1776919422304,31.84,200,1,909,
prover_hockey,20,1,8,1776919422340,36.475,200,1,909,
prover_hockey,20,1,9,1776919422379,39.124,200,1,909,
prover_hockey,20,1,10,1776919422409,29.427,200,1,909,
prover_hockey,20,1,11,1776919422439,30.515,200,1,909,
prover_hockey,20,1,12,1776919422474,34.509,200,1,909,
prover_hockey,20,1,13,1776919422512,38.611,200,1,909,
prover_hockey,20,1,14,1776919422543,30.402,200,1,909,
prover_hockey,20,1,15,1776919422578,35.197,200,1,909,
prover_hockey,20,1,16,1776919422609,30.657,200,1,909,
prover_hockey,20,1,17,1776919422642,33.01,200,1,909,
prover_hockey,20,1,18,1776919422676,34.438,200,1,909,
prover_hockey,20,1,19,1776919422709,32.988,200,1,909,
prover_hockey,20,1,20,1776919422741,32.169,200,1,909,
prover_hockey,20,1,21,1776919422772,30.791,200,1,909,
prover_hockey,20,1,22,1776919422805,33.124,200,1,909,
prover_hockey,20,1,23,1776919422842,36.849,200,1,909,
prover_hockey,20,1,24,1776919422873,30.75,200,1,909,
prover_hockey,20,1,25,1776919422907,34.639,200,1,909,
prover_hockey,20,1,26,1776919422945,37.526,200,1,909,
prover_hockey,20,1,27,1776919422982,36.604,200,1,909,
prover_hockey,20,1,28,1776919423016,34.166,200,1,909,
prover_hockey,20,1,29,1776919423047,31.258,200,1,909,
prover_hockey,20,1,30,1776919423078,31.375,200,1,909,
prover_hockey,20,1,31,1776919423108,29.75,200,1,909,
prover_hockey,20,1,32,1776919423138,29.91,200,1,909,
prover_hockey,20,1,33,1776919423170,32.426,200,1,909,
prover_hockey,20,1,34,1776919423201,30.938,200,1,909,
prover_hockey,20,1,35,1776919423231,29.738,200,1,909,
prover_hockey,20,1,36,1776919423263,31.613,200,1,909,
prover_hockey,20,1,37,1776919423296,33.641,200,1,909,
prover_hockey,20,1,38,1776919423331,34.806,200,1,909,
prover_hockey,20,1,39,1776919423362,31.134,200,1,909,
prover_hockey,20,1,40,1776919423395,33.002,200,1,909,
prover_hockey,20,1,41,1776919423425,29.34,200,1,909,
prover_hockey,20,1,42,1776919423455,30.215,200,1,909,
prover_hockey,20,1,43,1776919423484,29.574,200,1,909,
prover_hockey,20,1,44,1776919423516,31.179,200,1,909,
prover_hockey,20,1,45,1776919423545,29.843,200,1,909,
prover_hockey,20,1,46,1776919423580,34.934,200,1,909,
prover_hockey,20,1,47,1776919423613,32.185,200,1,909,
prover_hockey,20,1,48,1776919423644,31.209,200,1,909,
prover_hockey,20,1,49,1776919423675,31.304,200,1,909,
prover_hockey,20,1,50,1776919423708,32.375,200,1,909,
prover_hockey,20,1,51,1776919423738,30.462,200,1,909,
prover_hockey,20,1,52,1776919423769,31.327,200,1,909,
prover_hockey,20,1,53,1776919423806,36.443,200,1,909,
prover_hockey,20,1,54,1776919423838,32.117,200,1,909,
prover_hockey,20,1,55,1776919423869,31.035,200,1,909,
prover_hockey,20,1,56,1776919423907,38.074,200,1,909,
prover_hockey,20,1,57,1776919423941,34.452,200,1,909,
prover_hockey,20,1,58,1776919423972,30.24,200,1,909,
prover_hockey,20,1,59,1776919424002,30.565,200,1,909,
prover_hockey,20,1,60,1776919424031,28.81,200,1,909,
prover_hockey,20,1,61,1776919424061,30.195,200,1,909,
prover_hockey,20,1,62,1776919424096,34.551,200,1,909,
prover_hockey,20,1,63,1776919424126,29.875,200,1,909,
prover_hockey,20,1,64,1776919424157,31.364,200,1,909,
prover_hockey,20,1,65,1776919424188,31.156,200,1,909,
prover_hockey,20,1,66,1776919424221,33.032,200,1,909,
prover_hockey,20,1,67,1776919424253,31.299,200,1,909,
prover_hockey,20,1,68,1776919424285,32.841,200,1,909,
prover_hockey,20,1,69,1776919424315,29.785,200,1,909,
prover_hockey,20,1,70,1776919424346,30.562,200,1,909,
prover_hockey,20,1,71,1776919424380,33.818,200,1,909,
prover_hockey,20,1,72,1776919424410,30.859,200,1,909,
prover_hockey,20,1,73,1776919424441,30.509,200,1,909,
prover_hockey,20,1,74,1776919424472,30.811,200,1,909,
prover_hockey,20,1,75,1776919424504,32.385,200,1,909,
prover_hockey,20,2,0,1776919422074,60.178,200,1,909,
prover_hockey,20,2,1,1776919422105,31.408,200,1,909,
prover_hockey,20,2,2,1776919422136,30.596,200,1,909,
prover_hockey,20,2,3,1776919422167,31.793,200,1,909,
prover_hockey,20,2,4,1776919422205,38.136,200,1,909,
prover_hockey,20,2,5,1776919422238,32.182,200,1,909,
prover_hockey,20,2,6,1776919422270,32.266,200,1,909,
prover_hockey,20,2,7,1776919422302,31.744,200,1,909,
prover_hockey,20,2,8,1776919422342,40.637,200,1,909,
prover_hockey,20,2,9,1776919422387,44.67,200,1,909,
prover_hockey,20,2,10,1776919422422,34.843,200,1,909,
prover_hockey,20,2,11,1776919422453,30.998,200,1,909,
prover_hockey,20,2,12,1776919422485,32.306,200,1,909,
prover_hockey,20,2,13,1776919422516,30.599,200,1,909,
prover_hockey,20,2,14,1776919422551,34.847,200,1,909,
prover_hockey,20,2,15,1776919422588,37.311,200,1,909,
prover_hockey,20,2,16,1776919422621,33.079,200,1,909,
prover_hockey,20,2,17,1776919422654,33.35,200,1,909,
prover_hockey,20,2,18,1776919422685,31.008,200,1,909,
prover_hockey,20,2,19,1776919422720,34.719,200,1,909,
prover_hockey,20,2,20,1776919422755,34.502,200,1,909,
prover_hockey,20,2,21,1776919422787,32.352,200,1,909,
prover_hockey,20,2,22,1776919422820,32.943,200,1,909,
prover_hockey,20,2,23,1776919422853,32.744,200,1,909,
prover_hockey,20,2,24,1776919422888,35.253,200,1,909,
prover_hockey,20,2,25,1776919422923,35.045,200,1,909,
prover_hockey,20,2,26,1776919422956,32.619,200,1,909,
prover_hockey,20,2,27,1776919422985,29.767,200,1,909,
prover_hockey,20,2,28,1776919423020,35.117,200,1,909,
prover_hockey,20,2,29,1776919423058,37.637,200,1,909,
prover_hockey,20,2,30,1776919423092,34.007,200,1,909,
prover_hockey,20,2,31,1776919423131,38.635,200,1,909,
prover_hockey,20,2,32,1776919423164,33.387,200,1,909,
prover_hockey,20,2,33,1776919423200,36.069,200,1,909,
prover_hockey,20,2,34,1776919423235,34.313,200,1,909,
prover_hockey,20,2,35,1776919423264,29.771,200,1,909,
prover_hockey,20,2,36,1776919423299,34.452,200,1,909,
prover_hockey,20,2,37,1776919423333,34.503,200,1,909,
prover_hockey,20,2,38,1776919423376,42.631,200,1,909,
prover_hockey,20,2,39,1776919423408,31.833,200,1,909,
prover_hockey,20,2,40,1776919423440,31.956,200,1,909,
prover_hockey,20,2,41,1776919423474,34.514,200,1,909,
prover_hockey,20,2,42,1776919423507,33.165,200,1,909,
prover_hockey,20,2,43,1776919423542,34.381,200,1,909,
prover_hockey,20,2,44,1776919423576,33.803,200,1,909,
prover_hockey,20,2,45,1776919423608,32.546,200,1,909,
prover_hockey,20,2,46,1776919423641,33.153,200,1,909,
prover_hockey,20,2,47,1776919423672,31.128,200,1,909,
prover_hockey,20,2,48,1776919423702,29.899,200,1,909,
prover_hockey,20,2,49,1776919423731,28.956,200,1,909,
prover_hockey,20,2,50,1776919423764,32.886,200,1,909,
prover_hockey,20,2,51,1776919423795,31.004,200,1,909,
prover_hockey,20,2,52,1776919423829,33.738,200,1,909,
prover_hockey,20,2,53,1776919423864,34.786,200,1,909,
prover_hockey,20,2,54,1776919423894,30.038,200,1,909,
prover_hockey,20,2,55,1776919423926,31.982,200,1,909,
prover_hockey,20,2,56,1776919423958,31.939,200,1,909,
prover_hockey,20,2,57,1776919423989,31.625,200,1,909,
prover_hockey,20,2,58,1776919424020,31.109,200,1,909,
prover_hockey,20,2,59,1776919424051,30.127,200,1,909,
prover_hockey,20,2,60,1776919424080,29.758,200,1,909,
prover_hockey,20,2,61,1776919424112,31.733,200,1,909,
prover_hockey,20,2,62,1776919424144,32.262,200,1,909,
prover_hockey,20,2,63,1776919424176,32.09,200,1,909,
prover_hockey,20,2,64,1776919424209,32.128,200,1,909,
prover_hockey,20,2,65,1776919424242,33.821,200,1,909,
prover_hockey,20,2,66,1776919424273,30.869,200,1,909,
prover_hockey,20,2,67,1776919424305,32.284,200,1,909,
prover_hockey,20,2,68,1776919424337,31.932,200,1,909,
prover_hockey,20,2,69,1776919424368,30.31,200,1,909,
prover_hockey,20,2,70,1776919424399,31.641,200,1,909,
prover_hockey,20,2,71,1776919424429,29.693,200,1,909,
prover_hockey,20,2,72,1776919424459,29.493,200,1,909,
prover_hockey,20,2,73,1776919424488,29.406,200,1,909,
prover_hockey,20,2,74,1776919424527,38.989,200,1,909,
prover_hockey,20,3,0,1776919422082,69.024,200,1,909,
prover_hockey,20,3,1,1776919422116,33.356,200,1,909,
prover_hockey,20,3,2,1776919422149,32.753,200,1,909,
prover_hockey,20,3,3,1776919422183,34.631,200,1,909,
prover_hockey,20,3,4,1776919422215,31.319,200,1,909,
prover_hockey,20,3,5,1776919422247,32.133,200,1,909,
prover_hockey,20,3,6,1776919422281,34.791,200,1,909,
prover_hockey,20,3,7,1776919422312,30.682,200,1,909,
prover_hockey,20,3,8,1776919422343,31.051,200,1,909,
prover_hockey,20,3,9,1776919422380,36.536,200,1,909,
prover_hockey,20,3,10,1776919422415,35.219,200,1,909,
prover_hockey,20,3,11,1776919422444,28.89,200,1,909,
prover_hockey,20,3,12,1776919422476,31.922,200,1,909,
prover_hockey,20,3,13,1776919422510,34.11,200,1,909,
prover_hockey,20,3,14,1776919422541,30.644,200,1,909,
prover_hockey,20,3,15,1776919422577,36.896,200,1,909,
prover_hockey,20,3,16,1776919422609,31.586,200,1,909,
prover_hockey,20,3,17,1776919422643,33.958,200,1,909,
prover_hockey,20,3,18,1776919422676,32.624,200,1,909,
prover_hockey,20,3,19,1776919422711,35.334,200,1,909,
prover_hockey,20,3,20,1776919422742,31.447,200,1,909,
prover_hockey,20,3,21,1776919422773,30.784,200,1,909,
prover_hockey,20,3,22,1776919422808,34.421,200,1,909,
prover_hockey,20,3,23,1776919422842,33.95,200,1,909,
prover_hockey,20,3,24,1776919422878,35.911,200,1,909,
prover_hockey,20,3,25,1776919422909,31.319,200,1,909,
prover_hockey,20,3,26,1776919422941,32.459,200,1,909,
prover_hockey,20,3,27,1776919422982,41.03,200,1,909,
prover_hockey,20,3,28,1776919423012,29.875,200,1,909,
prover_hockey,20,3,29,1776919423042,29.885,200,1,909,
prover_hockey,20,3,30,1776919423072,30.107,200,1,909,
prover_hockey,20,3,31,1776919423103,31.191,200,1,909,
prover_hockey,20,3,32,1776919423134,30.677,200,1,909,
prover_hockey,20,3,33,1776919423175,40.657,200,1,909,
prover_hockey,20,3,34,1776919423206,31.099,200,1,909,
prover_hockey,20,3,35,1776919423239,32.836,200,1,909,
prover_hockey,20,3,36,1776919423269,30.608,200,1,909,
prover_hockey,20,3,37,1776919423301,32.186,200,1,909,
prover_hockey,20,3,38,1776919423334,32.144,200,1,909,
prover_hockey,20,3,39,1776919423370,35.92,200,1,909,
prover_hockey,20,3,40,1776919423403,32.983,200,1,909,
prover_hockey,20,3,41,1776919423433,30.614,200,1,909,
prover_hockey,20,3,42,1776919423462,28.726,200,1,909,
prover_hockey,20,3,43,1776919423496,34.065,200,1,909,
prover_hockey,20,3,44,1776919423528,31.861,200,1,909,
prover_hockey,20,3,45,1776919423560,32.666,200,1,909,
prover_hockey,20,3,46,1776919423592,31.101,200,1,909,
prover_hockey,20,3,47,1776919423625,33.29,200,1,909,
prover_hockey,20,3,48,1776919423655,30.557,200,1,909,
prover_hockey,20,3,49,1776919423690,34.877,200,1,909,
prover_hockey,20,3,50,1776919423721,30.438,200,1,909,
prover_hockey,20,3,51,1776919423752,30.843,200,1,909,
prover_hockey,20,3,52,1776919423785,33.698,200,1,909,
prover_hockey,20,3,53,1776919423818,32.662,200,1,909,
prover_hockey,20,3,54,1776919423855,37.056,200,1,909,
prover_hockey,20,3,55,1776919423886,31.259,200,1,909,
prover_hockey,20,3,56,1776919423915,28.323,200,1,909,
prover_hockey,20,3,57,1776919423947,32.486,200,1,909,
prover_hockey,20,3,58,1776919423979,31.924,200,1,909,
prover_hockey,20,3,59,1776919424009,29.527,200,1,909,
prover_hockey,20,3,60,1776919424043,34.229,200,1,909,
prover_hockey,20,3,61,1776919424074,30.925,200,1,909,
prover_hockey,20,3,62,1776919424106,31.77,200,1,909,
prover_hockey,20,3,63,1776919424136,30.486,200,1,909,
prover_hockey,20,3,64,1776919424169,32.931,200,1,909,
prover_hockey,20,3,65,1776919424203,34.192,200,1,909,
prover_hockey,20,3,66,1776919424235,32.06,200,1,909,
prover_hockey,20,3,67,1776919424268,33.207,200,1,909,
prover_hockey,20,3,68,1776919424306,37.405,200,1,909,
prover_hockey,20,3,69,1776919424336,30.527,200,1,909,
prover_hockey,20,3,70,1776919424367,31.064,200,1,909,
prover_hockey,20,3,71,1776919424400,32.31,200,1,909,
prover_hockey,20,3,72,1776919424431,31.177,200,1,909,
prover_hockey,20,3,73,1776919424463,31.796,200,1,909,
prover_hockey,20,3,74,1776919424493,30.589,200,1,909,
prover_hockey,20,3,75,1776919424525,31.678,200,1,909,
prover_hockey,20,4,0,1776919422072,58.24,200,1,909,
prover_hockey,20,4,1,1776919422118,45.94,200,1,909,
prover_hockey,20,4,2,1776919422155,37.59,200,1,909,
prover_hockey,20,4,3,1776919422189,33.385,200,1,909,
prover_hockey,20,4,4,1776919422221,32.148,200,1,909,
prover_hockey,20,4,5,1776919422257,35.687,200,1,909,
prover_hockey,20,4,6,1776919422291,34.07,200,1,909,
prover_hockey,20,4,7,1776919422327,36.48,200,1,909,
prover_hockey,20,4,8,1776919422359,31.71,200,1,909,
prover_hockey,20,4,9,1776919422391,32.148,200,1,909,
prover_hockey,20,4,10,1776919422423,32.075,200,1,909,
prover_hockey,20,4,11,1776919422456,33.145,200,1,909,
prover_hockey,20,4,12,1776919422488,31.662,200,1,909,
prover_hockey,20,4,13,1776919422519,31.095,200,1,909,
prover_hockey,20,4,14,1776919422552,32.866,200,1,909,
prover_hockey,20,4,15,1776919422586,34.161,200,1,909,
prover_hockey,20,4,16,1776919422616,30.144,200,1,909,
prover_hockey,20,4,17,1776919422649,32.567,200,1,909,
prover_hockey,20,4,18,1776919422682,33.44,200,1,909,
prover_hockey,20,4,19,1776919422715,32.573,200,1,909,
prover_hockey,20,4,20,1776919422751,36.507,200,1,909,
prover_hockey,20,4,21,1776919422784,32.675,200,1,909,
prover_hockey,20,4,22,1776919422819,34.682,200,1,909,
prover_hockey,20,4,23,1776919422851,32.227,200,1,909,
prover_hockey,20,4,24,1776919422881,30.107,200,1,909,
prover_hockey,20,4,25,1776919422911,30.319,200,1,909,
prover_hockey,20,4,26,1776919422943,31.48,200,1,909,
prover_hockey,20,4,27,1776919422982,39.014,200,1,909,
prover_hockey,20,4,28,1776919423017,34.642,200,1,909,
prover_hockey,20,4,29,1776919423049,31.962,200,1,909,
prover_hockey,20,4,30,1776919423080,31.028,200,1,909,
prover_hockey,20,4,31,1776919423114,34.325,200,1,909,
prover_hockey,20,4,32,1776919423144,29.61,200,1,909,
prover_hockey,20,4,33,1776919423173,29.818,200,1,909,
prover_hockey,20,4,34,1776919423205,31.625,200,1,909,
prover_hockey,20,4,35,1776919423235,29.959,200,1,909,
prover_hockey,20,4,36,1776919423266,31.067,200,1,909,
prover_hockey,20,4,37,1776919423296,29.945,200,1,909,
prover_hockey,20,4,38,1776919423330,34.171,200,1,909,
prover_hockey,20,4,39,1776919423362,31.405,200,1,909,
prover_hockey,20,4,40,1776919423395,33.005,200,1,909,
prover_hockey,20,4,41,1776919423427,32.234,200,1,909,
prover_hockey,20,4,42,1776919423457,29.95,200,1,909,
prover_hockey,20,4,43,1776919423486,29.36,200,1,909,
prover_hockey,20,4,44,1776919423515,29.108,200,1,909,
prover_hockey,20,4,45,1776919423544,28.892,200,1,909,
prover_hockey,20,4,46,1776919423579,34.519,200,1,909,
prover_hockey,20,4,47,1776919423610,31.463,200,1,909,
prover_hockey,20,4,48,1776919423642,31.533,200,1,909,
prover_hockey,20,4,49,1776919423712,70.755,200,1,909,
prover_hockey,20,4,50,1776919423746,33.508,200,1,909,
prover_hockey,20,4,51,1776919423778,32.52,200,1,909,
prover_hockey,20,4,52,1776919423810,31.254,200,1,909,
prover_hockey,20,4,53,1776919423843,33.748,200,1,909,
prover_hockey,20,4,54,1776919423881,37.921,200,1,909,
prover_hockey,20,4,55,1776919423911,29.593,200,1,909,
prover_hockey,20,4,56,1776919423946,35.417,200,1,909,
prover_hockey,20,4,57,1776919423982,35.721,200,1,909,
prover_hockey,20,4,58,1776919424012,29.945,200,1,909,
prover_hockey,20,4,59,1776919424047,34.51,200,1,909,
prover_hockey,20,4,60,1776919424079,32.578,200,1,909,
prover_hockey,20,4,61,1776919424110,31.316,200,1,909,
prover_hockey,20,4,62,1776919424143,32.566,200,1,909,
prover_hockey,20,4,63,1776919424175,31.624,200,1,909,
prover_hockey,20,4,64,1776919424204,29.415,200,1,909,
prover_hockey,20,4,65,1776919424237,33.125,200,1,909,
prover_hockey,20,4,66,1776919424270,32.83,200,1,909,
prover_hockey,20,4,67,1776919424305,35.152,200,1,909,
prover_hockey,20,4,68,1776919424337,31.9,200,1,909,
prover_hockey,20,4,69,1776919424370,32.422,200,1,909,
prover_hockey,20,4,70,1776919424401,30.989,200,1,909,
prover_hockey,20,4,71,1776919424434,33.143,200,1,909,
prover_hockey,20,4,72,1776919424465,31.395,200,1,909,
prover_hockey,20,4,73,1776919424495,29.797,200,1,909,
prover_hockey,20,5,0,1776919422077,62.936,200,1,909,
prover_hockey,20,5,1,1776919422111,34.023,200,1,909,
prover_hockey,20,5,2,1776919422146,34.862,200,1,909,
prover_hockey,20,5,3,1776919422179,32.733,200,1,909,
prover_hockey,20,5,4,1776919422209,30.065,200,1,909,
prover_hockey,20,5,5,1776919422242,33.526,200,1,909,
prover_hockey,20,5,6,1776919422276,33.803,200,1,909,
prover_hockey,20,5,7,1776919422307,31.038,200,1,909,
prover_hockey,20,5,8,1776919422341,34.023,200,1,909,
prover_hockey,20,5,9,1776919422383,42.038,200,1,909,
prover_hockey,20,5,10,1776919422417,33.688,200,1,909,
prover_hockey,20,5,11,1776919422450,33.281,200,1,909,
prover_hockey,20,5,12,1776919422480,29.728,200,1,909,
prover_hockey,20,5,13,1776919422515,35.637,200,1,909,
prover_hockey,20,5,14,1776919422549,33.768,200,1,909,
prover_hockey,20,5,15,1776919422580,30.86,200,1,909,
prover_hockey,20,5,16,1776919422613,33.376,200,1,909,
prover_hockey,20,5,17,1776919422642,29.054,200,1,909,
prover_hockey,20,5,18,1776919422678,35.763,200,1,909,
prover_hockey,20,5,19,1776919422715,37.05,200,1,909,
prover_hockey,20,5,20,1776919422752,36.538,200,1,909,
prover_hockey,20,5,21,1776919422785,33.307,200,1,909,
prover_hockey,20,5,22,1776919422818,32.611,200,1,909,
prover_hockey,20,5,23,1776919422855,37.714,200,1,909,
prover_hockey,20,5,24,1776919422888,32.845,200,1,909,
prover_hockey,20,5,25,1776919422920,31.27,200,1,909,
prover_hockey,20,5,26,1776919422949,29.74,200,1,909,
prover_hockey,20,5,27,1776919422984,34.82,200,1,909,
prover_hockey,20,5,28,1776919423020,35.652,200,1,909,
prover_hockey,20,5,29,1776919423058,38.693,200,1,909,
prover_hockey,20,5,30,1776919423095,36.135,200,1,909,
prover_hockey,20,5,31,1776919423130,35.769,200,1,909,
prover_hockey,20,5,32,1776919423161,30.219,200,1,909,
prover_hockey,20,5,33,1776919423193,32.399,200,1,909,
prover_hockey,20,5,34,1776919423230,36.935,200,1,909,
prover_hockey,20,5,35,1776919423261,30.726,200,1,909,
prover_hockey,20,5,36,1776919423297,36.156,200,1,909,
prover_hockey,20,5,37,1776919423332,35.459,200,1,909,
prover_hockey,20,5,38,1776919423369,36.893,200,1,909,
prover_hockey,20,5,39,1776919423401,31.73,200,1,909,
prover_hockey,20,5,40,1776919423432,31.431,200,1,909,
prover_hockey,20,5,41,1776919423464,31.145,200,1,909,
prover_hockey,20,5,42,1776919423493,29.146,200,1,909,
prover_hockey,20,5,43,1776919423524,31.684,200,1,909,
prover_hockey,20,5,44,1776919423554,29.176,200,1,909,
prover_hockey,20,5,45,1776919423585,31.684,200,1,909,
prover_hockey,20,5,46,1776919423616,31.083,200,1,909,
prover_hockey,20,5,47,1776919423647,30.867,200,1,909,
prover_hockey,20,5,48,1776919423680,33.106,200,1,909,
prover_hockey,20,5,49,1776919423713,33.061,200,1,909,
prover_hockey,20,5,50,1776919423746,32.938,200,1,909,
prover_hockey,20,5,51,1776919423779,32.995,200,1,909,
prover_hockey,20,5,52,1776919423810,31.196,200,1,909,
prover_hockey,20,5,53,1776919423840,29.518,200,1,909,
prover_hockey,20,5,54,1776919423871,30.524,200,1,909,
prover_hockey,20,5,55,1776919423901,30.914,200,1,909,
prover_hockey,20,5,56,1776919423942,40.698,200,1,909,
prover_hockey,20,5,57,1776919423975,33.026,200,1,909,
prover_hockey,20,5,58,1776919424006,30.515,200,1,909,
prover_hockey,20,5,59,1776919424038,31.806,200,1,909,
prover_hockey,20,5,60,1776919424069,31.202,200,1,909,
prover_hockey,20,5,61,1776919424099,30.619,200,1,909,
prover_hockey,20,5,62,1776919424132,32.724,200,1,909,
prover_hockey,20,5,63,1776919424163,30.615,200,1,909,
prover_hockey,20,5,64,1776919424195,32.431,200,1,909,
prover_hockey,20,5,65,1776919424226,30.805,200,1,909,
prover_hockey,20,5,66,1776919424255,28.748,200,1,909,
prover_hockey,20,5,67,1776919424287,32.808,200,1,909,
prover_hockey,20,5,68,1776919424318,30.514,200,1,909,
prover_hockey,20,5,69,1776919424351,33.416,200,1,909,
prover_hockey,20,5,70,1776919424386,34.328,200,1,909,
prover_hockey,20,5,71,1776919424417,31.717,200,1,909,
prover_hockey,20,5,72,1776919424449,31.99,200,1,909,
prover_hockey,20,5,73,1776919424485,35.541,200,1,909,
prover_hockey,20,5,74,1776919424515,30.246,200,1,909,
prover_hockey,20,6,0,1776919422094,79.504,200,1,909,
prover_hockey,20,6,1,1776919422123,29.686,200,1,909,
prover_hockey,20,6,2,1776919422154,30.976,200,1,909,
prover_hockey,20,6,3,1776919422186,32.196,200,1,909,
prover_hockey,20,6,4,1776919422222,35.549,200,1,909,
prover_hockey,20,6,5,1776919422254,32.254,200,1,909,
prover_hockey,20,6,6,1776919422290,35.735,200,1,909,
prover_hockey,20,6,7,1776919422321,30.619,200,1,909,
prover_hockey,20,6,8,1776919422353,31.929,200,1,909,
prover_hockey,20,6,9,1776919422387,34.855,200,1,909,
prover_hockey,20,6,10,1776919422423,35.409,200,1,909,
prover_hockey,20,6,11,1776919422456,33.168,200,1,909,
prover_hockey,20,6,12,1776919422487,30.569,200,1,909,
prover_hockey,20,6,13,1776919422521,34.058,200,1,909,
prover_hockey,20,6,14,1776919422552,30.953,200,1,909,
prover_hockey,20,6,15,1776919422590,38.147,200,1,909,
prover_hockey,20,6,16,1776919422621,30.84,200,1,909,
prover_hockey,20,6,17,1776919422655,34.8,200,1,909,
prover_hockey,20,6,18,1776919422687,31.754,200,1,909,
prover_hockey,20,6,19,1776919422719,31.939,200,1,909,
prover_hockey,20,6,20,1776919422752,33.083,200,1,909,
prover_hockey,20,6,21,1776919422784,31.515,200,1,909,
prover_hockey,20,6,22,1776919422821,36.933,200,1,909,
prover_hockey,20,6,23,1776919422853,32.821,200,1,909,
prover_hockey,20,6,24,1776919422883,29.229,200,1,909,
prover_hockey,20,6,25,1776919422912,29.298,200,1,909,
prover_hockey,20,6,26,1776919422946,34.449,200,1,909,
prover_hockey,20,6,27,1776919422985,38.089,200,1,909,
prover_hockey,20,6,28,1776919423018,33.101,200,1,909,
prover_hockey,20,6,29,1776919423050,32.651,200,1,909,
prover_hockey,20,6,30,1776919423082,31.937,200,1,909,
prover_hockey,20,6,31,1776919423112,29.303,200,1,909,
prover_hockey,20,6,32,1776919423142,30.765,200,1,909,
prover_hockey,20,6,33,1776919423176,34.117,200,1,909,
prover_hockey,20,6,34,1776919423209,32.81,200,1,909,
prover_hockey,20,6,35,1776919423240,30.731,200,1,909,
prover_hockey,20,6,36,1776919423273,32.772,200,1,909,
prover_hockey,20,6,37,1776919423305,31.986,200,1,909,
prover_hockey,20,6,38,1776919423334,29.663,200,1,909,
prover_hockey,20,6,39,1776919423365,30.945,200,1,909,
prover_hockey,20,6,40,1776919423395,29.63,200,1,909,
prover_hockey,20,6,41,1776919423427,32.192,200,1,909,
prover_hockey,20,6,42,1776919423461,33.956,200,1,909,
prover_hockey,20,6,43,1776919423493,31.934,200,1,909,
prover_hockey,20,6,44,1776919423525,32.015,200,1,909,
prover_hockey,20,6,45,1776919423556,30.694,200,1,909,
prover_hockey,20,6,46,1776919423588,31.783,200,1,909,
prover_hockey,20,6,47,1776919423619,31.648,200,1,909,
prover_hockey,20,6,48,1776919423652,32.72,200,1,909,
prover_hockey,20,6,49,1776919423683,30.822,200,1,909,
prover_hockey,20,6,50,1776919423715,32.496,200,1,909,
prover_hockey,20,6,51,1776919423748,33.068,200,1,909,
prover_hockey,20,6,52,1776919423781,32.646,200,1,909,
prover_hockey,20,6,53,1776919423812,30.828,200,1,909,
prover_hockey,20,6,54,1776919423842,30.466,200,1,909,
prover_hockey,20,6,55,1776919423873,30.285,200,1,909,
prover_hockey,20,6,56,1776919423903,30.828,200,1,909,
prover_hockey,20,6,57,1776919423936,32.438,200,1,909,
prover_hockey,20,6,58,1776919423967,31.211,200,1,909,
prover_hockey,20,6,59,1776919423998,30.623,200,1,909,
prover_hockey,20,6,60,1776919424028,30.142,200,1,909,
prover_hockey,20,6,61,1776919424061,33.058,200,1,909,
prover_hockey,20,6,62,1776919424092,31.569,200,1,909,
prover_hockey,20,6,63,1776919424126,33.71,200,1,909,
prover_hockey,20,6,64,1776919424159,32.48,200,1,909,
prover_hockey,20,6,65,1776919424188,29.253,200,1,909,
prover_hockey,20,6,66,1776919424223,35.11,200,1,909,
prover_hockey,20,6,67,1776919424253,29.879,200,1,909,
prover_hockey,20,6,68,1776919424284,31.467,200,1,909,
prover_hockey,20,6,69,1776919424319,34.293,200,1,909,
prover_hockey,20,6,70,1776919424350,30.929,200,1,909,
prover_hockey,20,6,71,1776919424386,36.598,200,1,909,
prover_hockey,20,6,72,1776919424415,29.16,200,1,909,
prover_hockey,20,6,73,1776919424448,32.364,200,1,909,
prover_hockey,20,6,74,1776919424478,30.309,200,1,909,
prover_hockey,20,6,75,1776919424510,31.458,200,1,909,
prover_hockey,20,7,0,1776919422078,63.258,200,1,909,
prover_hockey,20,7,1,1776919422121,43.408,200,1,909,
prover_hockey,20,7,2,1776919422152,31.517,200,1,909,
prover_hockey,20,7,3,1776919422188,35.208,200,1,909,
prover_hockey,20,7,4,1776919422219,31.46,200,1,909,
prover_hockey,20,7,5,1776919422251,31.413,200,1,909,
prover_hockey,20,7,6,1776919422285,34.587,200,1,909,
prover_hockey,20,7,7,1776919422321,35.88,200,1,909,
prover_hockey,20,7,8,1776919422352,30.633,200,1,909,
prover_hockey,20,7,9,1776919422384,32.703,200,1,909,
prover_hockey,20,7,10,1776919422419,34.124,200,1,909,
prover_hockey,20,7,11,1776919422457,38.237,200,1,909,
prover_hockey,20,7,12,1776919422487,30.231,200,1,909,
prover_hockey,20,7,13,1776919422518,30.742,200,1,909,
prover_hockey,20,7,14,1776919422550,31.967,200,1,909,
prover_hockey,20,7,15,1776919422582,32.512,200,1,909,
prover_hockey,20,7,16,1776919422614,31.575,200,1,909,
prover_hockey,20,7,17,1776919422644,30.171,200,1,909,
prover_hockey,20,7,18,1776919422677,33.475,200,1,909,
prover_hockey,20,7,19,1776919422713,35.799,200,1,909,
prover_hockey,20,7,20,1776919422745,31.399,200,1,909,
prover_hockey,20,7,21,1776919422775,30.31,200,1,909,
prover_hockey,20,7,22,1776919422806,30.559,200,1,909,
prover_hockey,20,7,23,1776919422840,34.673,200,1,909,
prover_hockey,20,7,24,1776919422872,31.32,200,1,909,
prover_hockey,20,7,25,1776919422904,32.915,200,1,909,
prover_hockey,20,7,26,1776919422938,34.034,200,1,909,
prover_hockey,20,7,27,1776919422969,30.433,200,1,909,
prover_hockey,20,7,28,1776919423002,33.067,200,1,909,
prover_hockey,20,7,29,1776919423032,30.277,200,1,909,
prover_hockey,20,7,30,1776919423068,35.334,200,1,909,
prover_hockey,20,7,31,1776919423097,29.351,200,1,909,
prover_hockey,20,7,32,1776919423136,39.43,200,1,909,
prover_hockey,20,7,33,1776919423173,36.556,200,1,909,
prover_hockey,20,7,34,1776919423211,38.538,200,1,909,
prover_hockey,20,7,35,1776919423245,33.247,200,1,909,
prover_hockey,20,7,36,1776919423279,34.743,200,1,909,
prover_hockey,20,7,37,1776919423314,34.728,200,1,909,
prover_hockey,20,7,38,1776919423344,30.229,200,1,909,
prover_hockey,20,7,39,1776919423377,32.264,200,1,909,
prover_hockey,20,7,40,1776919423410,33.253,200,1,909,
prover_hockey,20,7,41,1776919423440,30.516,200,1,909,
prover_hockey,20,7,42,1776919423471,30.847,200,1,909,
prover_hockey,20,7,43,1776919423501,29.252,200,1,909,
prover_hockey,20,7,44,1776919423536,35.44,200,1,909,
prover_hockey,20,7,45,1776919423566,30.046,200,1,909,
prover_hockey,20,7,46,1776919423598,31.681,200,1,909,
prover_hockey,20,7,47,1776919423631,32.982,200,1,909,
prover_hockey,20,7,48,1776919423666,35.488,200,1,909,
prover_hockey,20,7,49,1776919423696,29.57,200,1,909,
prover_hockey,20,7,50,1776919423730,34.29,200,1,909,
prover_hockey,20,7,51,1776919423761,31.183,200,1,909,
prover_hockey,20,7,52,1776919423795,33.362,200,1,909,
prover_hockey,20,7,53,1776919423828,33.768,200,1,909,
prover_hockey,20,7,54,1776919423863,34.324,200,1,909,
prover_hockey,20,7,55,1776919423903,39.749,200,1,909,
prover_hockey,20,7,56,1776919423936,33.722,200,1,909,
prover_hockey,20,7,57,1776919423976,39.308,200,1,909,
prover_hockey,20,7,58,1776919424009,33.397,200,1,909,
prover_hockey,20,7,59,1776919424039,29.857,200,1,909,
prover_hockey,20,7,60,1776919424070,31.167,200,1,909,
prover_hockey,20,7,61,1776919424100,29.705,200,1,909,
prover_hockey,20,7,62,1776919424129,29.785,200,1,909,
prover_hockey,20,7,63,1776919424165,35.734,200,1,909,
prover_hockey,20,7,64,1776919424195,29.329,200,1,909,
prover_hockey,20,7,65,1776919424223,28.823,200,1,909,
prover_hockey,20,7,66,1776919424255,31.669,200,1,909,
prover_hockey,20,7,67,1776919424288,32.857,200,1,909,
prover_hockey,20,7,68,1776919424319,31.143,200,1,909,
prover_hockey,20,7,69,1776919424350,31.36,200,1,909,
prover_hockey,20,7,70,1776919424381,30.712,200,1,909,
prover_hockey,20,7,71,1776919424412,30.715,200,1,909,
prover_hockey,20,7,72,1776919424445,32.836,200,1,909,
prover_hockey,20,7,73,1776919424480,34.846,200,1,909,
prover_hockey,20,7,74,1776919424511,31.147,200,1,909,
prover_hockey,20,8,0,1776919422092,77.755,200,1,909,
prover_hockey,20,8,1,1776919422123,30.635,200,1,909,
prover_hockey,20,8,2,1776919422159,36.638,200,1,909,
prover_hockey,20,8,3,1776919422199,39.164,200,1,909,
prover_hockey,20,8,4,1776919422230,31.065,200,1,909,
prover_hockey,20,8,5,1776919422266,36.32,200,1,909,
prover_hockey,20,8,6,1776919422298,32.021,200,1,909,
prover_hockey,20,8,7,1776919422331,33.073,200,1,909,
prover_hockey,20,8,8,1776919422369,38.023,200,1,909,
prover_hockey,20,8,9,1776919422401,31.978,200,1,909,
prover_hockey,20,8,10,1776919422439,37.68,200,1,909,
prover_hockey,20,8,11,1776919422473,34.529,200,1,909,
prover_hockey,20,8,12,1776919422515,41.619,200,1,909,
prover_hockey,20,8,13,1776919422550,35.142,200,1,909,
prover_hockey,20,8,14,1776919422581,30.99,200,1,909,
prover_hockey,20,8,15,1776919422612,30.398,200,1,909,
prover_hockey,20,8,16,1776919422641,29.357,200,1,909,
prover_hockey,20,8,17,1776919422676,35.573,200,1,909,
prover_hockey,20,8,18,1776919422708,31.367,200,1,909,
prover_hockey,20,8,19,1776919422739,31.156,200,1,909,
prover_hockey,20,8,20,1776919422773,33.81,200,1,909,
prover_hockey,20,8,21,1776919422806,33.657,200,1,909,
prover_hockey,20,8,22,1776919422838,31.11,200,1,909,
prover_hockey,20,8,23,1776919422871,33.438,200,1,909,
prover_hockey,20,8,24,1776919422905,34.464,200,1,909,
prover_hockey,20,8,25,1776919422936,31.002,200,1,909,
prover_hockey,20,8,26,1776919422970,33.015,200,1,909,
prover_hockey,20,8,27,1776919422999,29.969,200,1,909,
prover_hockey,20,8,28,1776919423033,33.493,200,1,909,
prover_hockey,20,8,29,1776919423065,32.135,200,1,909,
prover_hockey,20,8,30,1776919423098,33.137,200,1,909,
prover_hockey,20,8,31,1776919423133,34.754,200,1,909,
prover_hockey,20,8,32,1776919423165,31.612,200,1,909,
prover_hockey,20,8,33,1776919423197,32.063,200,1,909,
prover_hockey,20,8,34,1776919423234,37.239,200,1,909,
prover_hockey,20,8,35,1776919423267,32.984,200,1,909,
prover_hockey,20,8,36,1776919423298,31.464,200,1,909,
prover_hockey,20,8,37,1776919423332,33.547,200,1,909,
prover_hockey,20,8,38,1776919423367,34.954,200,1,909,
prover_hockey,20,8,39,1776919423399,32.005,200,1,909,
prover_hockey,20,8,40,1776919423429,30.417,200,1,909,
prover_hockey,20,8,41,1776919423465,35.191,200,1,909,
prover_hockey,20,8,42,1776919423497,32.437,200,1,909,
prover_hockey,20,8,43,1776919423532,35.158,200,1,909,
prover_hockey,20,8,44,1776919423563,30.844,200,1,909,
prover_hockey,20,8,45,1776919423595,31.551,200,1,909,
prover_hockey,20,8,46,1776919423630,35.555,200,1,909,
prover_hockey,20,8,47,1776919423664,33.952,200,1,909,
prover_hockey,20,8,48,1776919423696,32.191,200,1,909,
prover_hockey,20,8,49,1776919423727,30.695,200,1,909,
prover_hockey,20,8,50,1776919423758,31.312,200,1,909,
prover_hockey,20,8,51,1776919423793,34.971,200,1,909,
prover_hockey,20,8,52,1776919423822,29.278,200,1,909,
prover_hockey,20,8,53,1776919423854,31.035,200,1,909,
prover_hockey,20,8,54,1776919423890,36.476,200,1,909,
prover_hockey,20,8,55,1776919423923,32.723,200,1,909,
prover_hockey,20,8,56,1776919423955,32.226,200,1,909,
prover_hockey,20,8,57,1776919423984,29.537,200,1,909,
prover_hockey,20,8,58,1776919424017,32.606,200,1,909,
prover_hockey,20,8,59,1776919424047,29.802,200,1,909,
prover_hockey,20,8,60,1776919424078,31.09,200,1,909,
prover_hockey,20,8,61,1776919424108,29.658,200,1,909,
prover_hockey,20,8,62,1776919424139,31.309,200,1,909,
prover_hockey,20,8,63,1776919424169,30.26,200,1,909,
prover_hockey,20,8,64,1776919424201,31.438,200,1,909,
prover_hockey,20,8,65,1776919424235,34.145,200,1,909,
prover_hockey,20,8,66,1776919424269,33.895,200,1,909,
prover_hockey,20,8,67,1776919424305,36.066,200,1,909,
prover_hockey,20,8,68,1776919424337,31.907,200,1,909,
prover_hockey,20,8,69,1776919424370,33.187,200,1,909,
prover_hockey,20,8,70,1776919424402,32.469,200,1,909,
prover_hockey,20,8,71,1776919424436,33.854,200,1,909,
prover_hockey,20,8,72,1776919424467,30.341,200,1,909,
prover_hockey,20,8,73,1776919424497,30.409,200,1,909,
prover_hockey,20,9,0,1776919422079,64.481,200,1,909,
prover_hockey,20,9,1,1776919422122,42.701,200,1,909,
prover_hockey,20,9,2,1776919422155,32.873,200,1,909,
prover_hockey,20,9,3,1776919422191,36.125,200,1,909,
prover_hockey,20,9,4,1776919422223,31.79,200,1,909,
prover_hockey,20,9,5,1776919422256,33.322,200,1,909,
prover_hockey,20,9,6,1776919422287,31.257,200,1,909,
prover_hockey,20,9,7,1776919422329,41.419,200,1,909,
prover_hockey,20,9,8,1776919422375,46.661,200,1,909,
prover_hockey,20,9,9,1776919422407,31.425,200,1,909,
prover_hockey,20,9,10,1776919422440,33.687,200,1,909,
prover_hockey,20,9,11,1776919422474,34.053,200,1,909,
prover_hockey,20,9,12,1776919422509,35.044,200,1,909,
prover_hockey,20,9,13,1776919422543,33.723,200,1,909,
prover_hockey,20,9,14,1776919422573,29.665,200,1,909,
prover_hockey,20,9,15,1776919422607,33.737,200,1,909,
prover_hockey,20,9,16,1776919422643,36.795,200,1,909,
prover_hockey,20,9,17,1776919422678,34.366,200,1,909,
prover_hockey,20,9,18,1776919422716,37.819,200,1,909,
prover_hockey,20,9,19,1776919422749,32.964,200,1,909,
prover_hockey,20,9,20,1776919422783,34.718,200,1,909,
prover_hockey,20,9,21,1776919422818,35.119,200,1,909,
prover_hockey,20,9,22,1776919422847,28.629,200,1,909,
prover_hockey,20,9,23,1776919422879,32.112,200,1,909,
prover_hockey,20,9,24,1776919422911,31.389,200,1,909,
prover_hockey,20,9,25,1776919422943,31.982,200,1,909,
prover_hockey,20,9,26,1776919422979,36.145,200,1,909,
prover_hockey,20,9,27,1776919423015,36.415,200,1,909,
prover_hockey,20,9,28,1776919423048,32.413,200,1,909,
prover_hockey,20,9,29,1776919423079,31.582,200,1,909,
prover_hockey,20,9,30,1776919423115,35.832,200,1,909,
prover_hockey,20,9,31,1776919423146,31.443,200,1,909,
prover_hockey,20,9,32,1776919423178,31.572,200,1,909,
prover_hockey,20,9,33,1776919423210,32.122,200,1,909,
prover_hockey,20,9,34,1776919423241,31.146,200,1,909,
prover_hockey,20,9,35,1776919423274,32.885,200,1,909,
prover_hockey,20,9,36,1776919423306,31.706,200,1,909,
prover_hockey,20,9,37,1776919423339,32.803,200,1,909,
prover_hockey,20,9,38,1776919423371,31.934,200,1,909,
prover_hockey,20,9,39,1776919423404,33.032,200,1,909,
prover_hockey,20,9,40,1776919423436,32.558,200,1,909,
prover_hockey,20,9,41,1776919423467,30.631,200,1,909,
prover_hockey,20,9,42,1776919423500,33.113,200,1,909,
prover_hockey,20,9,43,1776919423531,31.096,200,1,909,
prover_hockey,20,9,44,1776919423562,30.638,200,1,909,
prover_hockey,20,9,45,1776919423594,32.44,200,1,909,
prover_hockey,20,9,46,1776919423627,32.488,200,1,909,
prover_hockey,20,9,47,1776919423657,30.404,200,1,909,
prover_hockey,20,9,48,1776919423692,34.493,200,1,909,
prover_hockey,20,9,49,1776919423725,33.319,200,1,909,
prover_hockey,20,9,50,1776919423758,32.964,200,1,909,
prover_hockey,20,9,51,1776919423791,33.236,200,1,909,
prover_hockey,20,9,52,1776919423821,29.577,200,1,909,
prover_hockey,20,9,53,1776919423855,34.026,200,1,909,
prover_hockey,20,9,54,1776919423891,36.064,200,1,909,
prover_hockey,20,9,55,1776919423926,35.359,200,1,909,
prover_hockey,20,9,56,1776919423957,30.733,200,1,909,
prover_hockey,20,9,57,1776919423989,32.125,200,1,909,
prover_hockey,20,9,58,1776919424023,34.236,200,1,909,
prover_hockey,20,9,59,1776919424055,31.37,200,1,909,
prover_hockey,20,9,60,1776919424087,32.558,200,1,909,
prover_hockey,20,9,61,1776919424116,29.314,200,1,909,
prover_hockey,20,9,62,1776919424147,31.009,200,1,909,
prover_hockey,20,9,63,1776919424180,32.182,200,1,909,
prover_hockey,20,9,64,1776919424209,29.808,200,1,909,
prover_hockey,20,9,65,1776919424242,32.515,200,1,909,
prover_hockey,20,9,66,1776919424272,30.483,200,1,909,
prover_hockey,20,9,67,1776919424301,28.741,200,1,909,
prover_hockey,20,9,68,1776919424333,31.624,200,1,909,
prover_hockey,20,9,69,1776919424365,31.896,200,1,909,
prover_hockey,20,9,70,1776919424396,31.308,200,1,909,
prover_hockey,20,9,71,1776919424425,29.377,200,1,909,
prover_hockey,20,9,72,1776919424457,31.831,200,1,909,
prover_hockey,20,9,73,1776919424489,32.039,200,1,909,
prover_hockey,20,9,74,1776919424527,37.82,200,1,909,
prover_hockey,20,10,0,1776919422091,76.618,200,1,909,
prover_hockey,20,10,1,1776919422124,32.42,200,1,909,
prover_hockey,20,10,2,1776919422159,35.229,200,1,909,
prover_hockey,20,10,3,1776919422200,40.77,200,1,909,
prover_hockey,20,10,4,1776919422233,33.007,200,1,909,
prover_hockey,20,10,5,1776919422266,32.704,200,1,909,
prover_hockey,20,10,6,1776919422300,34.074,200,1,909,
prover_hockey,20,10,7,1776919422334,33.896,200,1,909,
prover_hockey,20,10,8,1776919422368,34.636,200,1,909,
prover_hockey,20,10,9,1776919422400,32.141,200,1,909,
prover_hockey,20,10,10,1776919422432,31.972,200,1,909,
prover_hockey,20,10,11,1776919422464,31.188,200,1,909,
prover_hockey,20,10,12,1776919422494,30.969,200,1,909,
prover_hockey,20,10,13,1776919422530,35.72,200,1,909,
prover_hockey,20,10,14,1776919422568,37.319,200,1,909,
prover_hockey,20,10,15,1776919422601,33.558,200,1,909,
prover_hockey,20,10,16,1776919422631,30.315,200,1,909,
prover_hockey,20,10,17,1776919422663,31.743,200,1,909,
prover_hockey,20,10,18,1776919422697,33.509,200,1,909,
prover_hockey,20,10,19,1776919422733,35.999,200,1,909,
prover_hockey,20,10,20,1776919422765,32.328,200,1,909,
prover_hockey,20,10,21,1776919422798,32.725,200,1,909,
prover_hockey,20,10,22,1776919422829,31.04,200,1,909,
prover_hockey,20,10,23,1776919422859,30.126,200,1,909,
prover_hockey,20,10,24,1776919422893,34.535,200,1,909,
prover_hockey,20,10,25,1776919422928,34.238,200,1,909,
prover_hockey,20,10,26,1776919422963,35.228,200,1,909,
prover_hockey,20,10,27,1776919422994,30.76,200,1,909,
prover_hockey,20,10,28,1776919423025,31.387,200,1,909,
prover_hockey,20,10,29,1776919423061,36.096,200,1,909,
prover_hockey,20,10,30,1776919423096,34.486,200,1,909,
prover_hockey,20,10,31,1776919423138,42.729,200,1,909,
prover_hockey,20,10,32,1776919423176,37.605,200,1,909,
prover_hockey,20,10,33,1776919423212,35.886,200,1,909,
prover_hockey,20,10,34,1776919423248,35.756,200,1,909,
prover_hockey,20,10,35,1776919423282,33.957,200,1,909,
prover_hockey,20,10,36,1776919423312,30.421,200,1,909,
prover_hockey,20,10,37,1776919423342,30.313,200,1,909,
prover_hockey,20,10,38,1776919423375,32.409,200,1,909,
prover_hockey,20,10,39,1776919423405,30.33,200,1,909,
prover_hockey,20,10,40,1776919423439,33.407,200,1,909,
prover_hockey,20,10,41,1776919423473,34.661,200,1,909,
prover_hockey,20,10,42,1776919423504,30.817,200,1,909,
prover_hockey,20,10,43,1776919423535,30.964,200,1,909,
prover_hockey,20,10,44,1776919423567,31.642,200,1,909,
prover_hockey,20,10,45,1776919423597,30.657,200,1,909,
prover_hockey,20,10,46,1776919423631,33.891,200,1,909,
prover_hockey,20,10,47,1776919423664,33.241,200,1,909,
prover_hockey,20,10,48,1776919423695,31.038,200,1,909,
prover_hockey,20,10,49,1776919423732,36.54,200,1,909,
prover_hockey,20,10,50,1776919423762,30.375,200,1,909,
prover_hockey,20,10,51,1776919423793,30.232,200,1,909,
prover_hockey,20,10,52,1776919423823,30.223,200,1,909,
prover_hockey,20,10,53,1776919423854,31.082,200,1,909,
prover_hockey,20,10,54,1776919423888,34.279,200,1,909,
prover_hockey,20,10,55,1776919423920,31.782,200,1,909,
prover_hockey,20,10,56,1776919423950,30.005,200,1,909,
prover_hockey,20,10,57,1776919423981,31.457,200,1,909,
prover_hockey,20,10,58,1776919424013,31.647,200,1,909,
prover_hockey,20,10,59,1776919424046,32.917,200,1,909,
prover_hockey,20,10,60,1776919424078,31.641,200,1,909,
prover_hockey,20,10,61,1776919424111,33.733,200,1,909,
prover_hockey,20,10,62,1776919424140,28.901,200,1,909,
prover_hockey,20,10,63,1776919424170,30.023,200,1,909,
prover_hockey,20,10,64,1776919424203,32.259,200,1,909,
prover_hockey,20,10,65,1776919424236,33.407,200,1,909,
prover_hockey,20,10,66,1776919424267,31.098,200,1,909,
prover_hockey,20,10,67,1776919424299,31.505,200,1,909,
prover_hockey,20,10,68,1776919424331,32.216,200,1,909,
prover_hockey,20,10,69,1776919424363,32.398,200,1,909,
prover_hockey,20,10,70,1776919424393,29.799,200,1,909,
prover_hockey,20,10,71,1776919424423,29.994,200,1,909,
prover_hockey,20,10,72,1776919424460,36.562,200,1,909,
prover_hockey,20,10,73,1776919424489,28.98,200,1,909,
prover_hockey,20,10,74,1776919424527,38.249,200,1,909,
prover_hockey,20,11,0,1776919422085,69.761,200,1,909,
prover_hockey,20,11,1,1776919422118,33.596,200,1,909,
prover_hockey,20,11,2,1776919422155,36.75,200,1,909,
prover_hockey,20,11,3,1776919422188,33.221,200,1,909,
prover_hockey,20,11,4,1776919422223,35.162,200,1,909,
prover_hockey,20,11,5,1776919422260,36.507,200,1,909,
prover_hockey,20,11,6,1776919422295,34.534,200,1,909,
prover_hockey,20,11,7,1776919422332,37.319,200,1,909,
prover_hockey,20,11,8,1776919422369,36.892,200,1,909,
prover_hockey,20,11,9,1776919422400,31.25,200,1,909,
prover_hockey,20,11,10,1776919422431,30.833,200,1,909,
prover_hockey,20,11,11,1776919422460,29.63,200,1,909,
prover_hockey,20,11,12,1776919422492,31.341,200,1,909,
prover_hockey,20,11,13,1776919422522,30.296,200,1,909,
prover_hockey,20,11,14,1776919422553,31.332,200,1,909,
prover_hockey,20,11,15,1776919422587,33.719,200,1,909,
prover_hockey,20,11,16,1776919422618,30.947,200,1,909,
prover_hockey,20,11,17,1776919422648,30.343,200,1,909,
prover_hockey,20,11,18,1776919422681,32.188,200,1,909,
prover_hockey,20,11,19,1776919422714,33.79,200,1,909,
prover_hockey,20,11,20,1776919422751,36.322,200,1,909,
prover_hockey,20,11,21,1776919422787,35.733,200,1,909,
prover_hockey,20,11,22,1776919422820,33.026,200,1,909,
prover_hockey,20,11,23,1776919422854,34.283,200,1,909,
prover_hockey,20,11,24,1776919422889,35.604,200,1,909,
prover_hockey,20,11,25,1776919422924,34.989,200,1,909,
prover_hockey,20,11,26,1776919422959,34.928,200,1,909,
prover_hockey,20,11,27,1776919422997,38.077,200,1,909,
prover_hockey,20,11,28,1776919423032,34.165,200,1,909,
prover_hockey,20,11,29,1776919423063,31.152,200,1,909,
prover_hockey,20,11,30,1776919423095,32.244,200,1,909,
prover_hockey,20,11,31,1776919423125,30.223,200,1,909,
prover_hockey,20,11,32,1776919423158,32.544,200,1,909,
prover_hockey,20,11,33,1776919423189,31.002,200,1,909,
prover_hockey,20,11,34,1776919423220,31.032,200,1,909,
prover_hockey,20,11,35,1776919423251,31.202,200,1,909,
prover_hockey,20,11,36,1776919423284,32.521,200,1,909,
prover_hockey,20,11,37,1776919423318,34.054,200,1,909,
prover_hockey,20,11,38,1776919423348,30.074,200,1,909,
prover_hockey,20,11,39,1776919423380,32.629,200,1,909,
prover_hockey,20,11,40,1776919423413,32.804,200,1,909,
prover_hockey,20,11,41,1776919423447,33.649,200,1,909,
prover_hockey,20,11,42,1776919423479,32.54,200,1,909,
prover_hockey,20,11,43,1776919423509,30.003,200,1,909,
prover_hockey,20,11,44,1776919423544,34.247,200,1,909,
prover_hockey,20,11,45,1776919423575,31.624,200,1,909,
prover_hockey,20,11,46,1776919423608,32.418,200,1,909,
prover_hockey,20,11,47,1776919423639,31.882,200,1,909,
prover_hockey,20,11,48,1776919423672,32.427,200,1,909,
prover_hockey,20,11,49,1776919423702,29.973,200,1,909,
prover_hockey,20,11,50,1776919423735,33.263,200,1,909,
prover_hockey,20,11,51,1776919423769,33.441,200,1,909,
prover_hockey,20,11,52,1776919423804,35.475,200,1,909,
prover_hockey,20,11,53,1776919423836,32.167,200,1,909,
prover_hockey,20,11,54,1776919423866,29.758,200,1,909,
prover_hockey,20,11,55,1776919423899,32.666,200,1,909,
prover_hockey,20,11,56,1776919423929,29.936,200,1,909,
prover_hockey,20,11,57,1776919423960,30.967,200,1,909,
prover_hockey,20,11,58,1776919423989,28.945,200,1,909,
prover_hockey,20,11,59,1776919424027,38.681,200,1,909,
prover_hockey,20,11,60,1776919424060,32.344,200,1,909,
prover_hockey,20,11,61,1776919424090,30.132,200,1,909,
prover_hockey,20,11,62,1776919424120,30.194,200,1,909,
prover_hockey,20,11,63,1776919424153,33.112,200,1,909,
prover_hockey,20,11,64,1776919424185,32.253,200,1,909,
prover_hockey,20,11,65,1776919424218,32.621,200,1,909,
prover_hockey,20,11,66,1776919424248,30.421,200,1,909,
prover_hockey,20,11,67,1776919424281,33.081,200,1,909,
prover_hockey,20,11,68,1776919424315,33.103,200,1,909,
prover_hockey,20,11,69,1776919424345,30.721,200,1,909,
prover_hockey,20,11,70,1776919424374,28.835,200,1,909,
prover_hockey,20,11,71,1776919424406,31.691,200,1,909,
prover_hockey,20,11,72,1776919424435,29.223,200,1,909,
prover_hockey,20,11,73,1776919424469,33.755,200,1,909,
prover_hockey,20,11,74,1776919424504,34.929,200,1,909,
prover_hockey,20,12,0,1776919422094,79.371,200,1,909,
prover_hockey,20,12,1,1776919422129,34.342,200,1,909,
prover_hockey,20,12,2,1776919422161,31.931,200,1,909,
prover_hockey,20,12,3,1776919422196,35.664,200,1,909,
prover_hockey,20,12,4,1776919422228,31.84,200,1,909,
prover_hockey,20,12,5,1776919422262,33.332,200,1,909,
prover_hockey,20,12,6,1776919422300,38.47,200,1,909,
prover_hockey,20,12,7,1776919422340,39.449,200,1,909,
prover_hockey,20,12,8,1776919422384,44.428,200,1,909,
prover_hockey,20,12,9,1776919422418,33.523,200,1,909,
prover_hockey,20,12,10,1776919422448,30.515,200,1,909,
prover_hockey,20,12,11,1776919422480,32.295,200,1,909,
prover_hockey,20,12,12,1776919422509,28.778,200,1,909,
prover_hockey,20,12,13,1776919422541,31.883,200,1,909,
prover_hockey,20,12,14,1776919422572,30.518,200,1,909,
prover_hockey,20,12,15,1776919422606,34.731,200,1,909,
prover_hockey,20,12,16,1776919422641,35.025,200,1,909,
prover_hockey,20,12,17,1776919422677,35.775,200,1,909,
prover_hockey,20,12,18,1776919422713,35.782,200,1,909,
prover_hockey,20,12,19,1776919422744,31.404,200,1,909,
prover_hockey,20,12,20,1776919422774,29.765,200,1,909,
prover_hockey,20,12,21,1776919422803,29.224,200,1,909,
prover_hockey,20,12,22,1776919422843,39.921,200,1,909,
prover_hockey,20,12,23,1776919422878,34.965,200,1,909,
prover_hockey,20,12,24,1776919422909,31.243,200,1,909,
prover_hockey,20,12,25,1776919422944,34.236,200,1,909,
prover_hockey,20,12,26,1776919422981,37.51,200,1,909,
prover_hockey,20,12,27,1776919423012,30.468,200,1,909,
prover_hockey,20,12,28,1776919423044,32.505,200,1,909,
prover_hockey,20,12,29,1776919423073,28.892,200,1,909,
prover_hockey,20,12,30,1776919423103,30.019,200,1,909,
prover_hockey,20,12,31,1776919423136,32.718,200,1,909,
prover_hockey,20,12,32,1776919423167,30.834,200,1,909,
prover_hockey,20,12,33,1776919423198,31.191,200,1,909,
prover_hockey,20,12,34,1776919423227,29.326,200,1,909,
prover_hockey,20,12,35,1776919423259,32.13,200,1,909,
prover_hockey,20,12,36,1776919423290,30.407,200,1,909,
prover_hockey,20,12,37,1776919423320,29.861,200,1,909,
prover_hockey,20,12,38,1776919423353,33.041,200,1,909,
prover_hockey,20,12,39,1776919423382,29.193,200,1,909,
prover_hockey,20,12,40,1776919423412,30.441,200,1,909,
prover_hockey,20,12,41,1776919423445,33.215,200,1,909,
prover_hockey,20,12,42,1776919423481,35.759,200,1,909,
prover_hockey,20,12,43,1776919423512,30.541,200,1,909,
prover_hockey,20,12,44,1776919423543,31.278,200,1,909,
prover_hockey,20,12,45,1776919423576,33.275,200,1,909,
prover_hockey,20,12,46,1776919423607,30.985,200,1,909,
prover_hockey,20,12,47,1776919423638,30.695,200,1,909,
prover_hockey,20,12,48,1776919423670,31.633,200,1,909,
prover_hockey,20,12,49,1776919423699,29.637,200,1,909,
prover_hockey,20,12,50,1776919423733,33.912,200,1,909,
prover_hockey,20,12,51,1776919423763,29.936,200,1,909,
prover_hockey,20,12,52,1776919423794,31.228,200,1,909,
prover_hockey,20,12,53,1776919423829,34.971,200,1,909,
prover_hockey,20,12,54,1776919423864,34.918,200,1,909,
prover_hockey,20,12,55,1776919423902,37.57,200,1,909,
prover_hockey,20,12,56,1776919423933,31.2,200,1,909,
prover_hockey,20,12,57,1776919423962,29.489,200,1,909,
prover_hockey,20,12,58,1776919423995,32.337,200,1,909,
prover_hockey,20,12,59,1776919424026,30.965,200,1,909,
prover_hockey,20,12,60,1776919424055,29.452,200,1,909,
prover_hockey,20,12,61,1776919424086,30.685,200,1,909,
prover_hockey,20,12,62,1776919424117,31.121,200,1,909,
prover_hockey,20,12,63,1776919424147,30.02,200,1,909,
prover_hockey,20,12,64,1776919424178,30.585,200,1,909,
prover_hockey,20,12,65,1776919424210,32.091,200,1,909,
prover_hockey,20,12,66,1776919424240,30.484,200,1,909,
prover_hockey,20,12,67,1776919424271,30.437,200,1,909,
prover_hockey,20,12,68,1776919424307,35.83,200,1,909,
prover_hockey,20,12,69,1776919424340,33.249,200,1,909,
prover_hockey,20,12,70,1776919424371,31.535,200,1,909,
prover_hockey,20,12,71,1776919424403,31.585,200,1,909,
prover_hockey,20,12,72,1776919424432,29.102,200,1,909,
prover_hockey,20,12,73,1776919424462,29.758,200,1,909,
prover_hockey,20,12,74,1776919424494,32.706,200,1,909,
prover_hockey,20,12,75,1776919424527,32.711,200,1,909,
prover_hockey,20,13,0,1776919422081,65.696,200,1,909,
prover_hockey,20,13,1,1776919422113,32.273,200,1,909,
prover_hockey,20,13,2,1776919422148,34.941,200,1,909,
prover_hockey,20,13,3,1776919422187,39.001,200,1,909,
prover_hockey,20,13,4,1776919422221,34.251,200,1,909,
prover_hockey,20,13,5,1776919422258,36.272,200,1,909,
prover_hockey,20,13,6,1776919422290,32.715,200,1,909,
prover_hockey,20,13,7,1776919422326,36.025,200,1,909,
prover_hockey,20,13,8,1776919422362,35.979,200,1,909,
prover_hockey,20,13,9,1776919422393,30.487,200,1,909,
prover_hockey,20,13,10,1776919422424,30.825,200,1,909,
prover_hockey,20,13,11,1776919422458,34.319,200,1,909,
prover_hockey,20,13,12,1776919422493,34.902,200,1,909,
prover_hockey,20,13,13,1776919422524,30.797,200,1,909,
prover_hockey,20,13,14,1776919422553,29.254,200,1,909,
prover_hockey,20,13,15,1776919422584,30.718,200,1,909,
prover_hockey,20,13,16,1776919422619,35.153,200,1,909,
prover_hockey,20,13,17,1776919422653,34.167,200,1,909,
prover_hockey,20,13,18,1776919422686,32.973,200,1,909,
prover_hockey,20,13,19,1776919422719,33.364,200,1,909,
prover_hockey,20,13,20,1776919422754,34.15,200,1,909,
prover_hockey,20,13,21,1776919422785,31.871,200,1,909,
prover_hockey,20,13,22,1776919422819,33.677,200,1,909,
prover_hockey,20,13,23,1776919422851,32.226,200,1,909,
prover_hockey,20,13,24,1776919422889,37.284,200,1,909,
prover_hockey,20,13,25,1776919422923,33.844,200,1,909,
prover_hockey,20,13,26,1776919422953,30.234,200,1,909,
prover_hockey,20,13,27,1776919422983,29.983,200,1,909,
prover_hockey,20,13,28,1776919423019,36.345,200,1,909,
prover_hockey,20,13,29,1776919423059,40.173,200,1,909,
prover_hockey,20,13,30,1776919423095,36.065,200,1,909,
prover_hockey,20,13,31,1776919423131,35.8,200,1,909,
prover_hockey,20,13,32,1776919423164,32.503,200,1,909,
prover_hockey,20,13,33,1776919423195,30.917,200,1,909,
prover_hockey,20,13,34,1776919423230,35.775,200,1,909,
prover_hockey,20,13,35,1776919423261,31.074,200,1,909,
prover_hockey,20,13,36,1776919423293,31.576,200,1,909,
prover_hockey,20,13,37,1776919423323,30.456,200,1,909,
prover_hockey,20,13,38,1776919423355,31.367,200,1,909,
prover_hockey,20,13,39,1776919423385,30.513,200,1,909,
prover_hockey,20,13,40,1776919423416,31.079,200,1,909,
prover_hockey,20,13,41,1776919423446,29.693,200,1,909,
prover_hockey,20,13,42,1776919423476,29.486,200,1,909,
prover_hockey,20,13,43,1776919423508,32.137,200,1,909,
prover_hockey,20,13,44,1776919423545,37.313,200,1,909,
prover_hockey,20,13,45,1776919423581,36.299,200,1,909,
prover_hockey,20,13,46,1776919423616,34.583,200,1,909,
prover_hockey,20,13,47,1776919423646,30.52,200,1,909,
prover_hockey,20,13,48,1776919423682,35.408,200,1,909,
prover_hockey,20,13,49,1776919423713,30.871,200,1,909,
prover_hockey,20,13,50,1776919423749,36.725,200,1,909,
prover_hockey,20,13,51,1776919423779,29.451,200,1,909,
prover_hockey,20,13,52,1776919423809,30.279,200,1,909,
prover_hockey,20,13,53,1776919423843,33.565,200,1,909,
prover_hockey,20,13,54,1776919423874,30.826,200,1,909,
prover_hockey,20,13,55,1776919423907,33.733,200,1,909,
prover_hockey,20,13,56,1776919423941,33.766,200,1,909,
prover_hockey,20,13,57,1776919423974,33.233,200,1,909,
prover_hockey,20,13,58,1776919424008,33.441,200,1,909,
prover_hockey,20,13,59,1776919424040,32.251,200,1,909,
prover_hockey,20,13,60,1776919424070,30.299,200,1,909,
prover_hockey,20,13,61,1776919424102,31.848,200,1,909,
prover_hockey,20,13,62,1776919424134,31.462,200,1,909,
prover_hockey,20,13,63,1776919424169,34.872,200,1,909,
prover_hockey,20,13,64,1776919424200,31.778,200,1,909,
prover_hockey,20,13,65,1776919424232,31.714,200,1,909,
prover_hockey,20,13,66,1776919424262,29.731,200,1,909,
prover_hockey,20,13,67,1776919424293,31.099,200,1,909,
prover_hockey,20,13,68,1776919424321,28.176,200,1,909,
prover_hockey,20,13,69,1776919424352,31.399,200,1,909,
prover_hockey,20,13,70,1776919424387,34.401,200,1,909,
prover_hockey,20,13,71,1776919424420,33.052,200,1,909,
prover_hockey,20,13,72,1776919424452,32.457,200,1,909,
prover_hockey,20,13,73,1776919424485,32.957,200,1,909,
prover_hockey,20,13,74,1776919424524,38.167,200,1,909,
prover_hockey,20,14,0,1776919422101,85.136,200,1,909,
prover_hockey,20,14,1,1776919422131,30.787,200,1,909,
prover_hockey,20,14,2,1776919422162,30.674,200,1,909,
prover_hockey,20,14,3,1776919422192,29.446,200,1,909,
prover_hockey,20,14,4,1776919422228,36.294,200,1,909,
prover_hockey,20,14,5,1776919422264,35.785,200,1,909,
prover_hockey,20,14,6,1776919422295,31.765,200,1,909,
prover_hockey,20,14,7,1776919422333,37.539,200,1,909,
prover_hockey,20,14,8,1776919422364,30.759,200,1,909,
prover_hockey,20,14,9,1776919422401,37.072,200,1,909,
prover_hockey,20,14,10,1776919422431,30.635,200,1,909,
prover_hockey,20,14,11,1776919422463,31.647,200,1,909,
prover_hockey,20,14,12,1776919422493,29.493,200,1,909,
prover_hockey,20,14,13,1776919422529,36.461,200,1,909,
prover_hockey,20,14,14,1776919422563,34.318,200,1,909,
prover_hockey,20,14,15,1776919422594,31.097,200,1,909,
prover_hockey,20,14,16,1776919422625,30.516,200,1,909,
prover_hockey,20,14,17,1776919422658,33.115,200,1,909,
prover_hockey,20,14,18,1776919422694,35.993,200,1,909,
prover_hockey,20,14,19,1776919422730,36.06,200,1,909,
prover_hockey,20,14,20,1776919422762,32.166,200,1,909,
prover_hockey,20,14,21,1776919422795,32.347,200,1,909,
prover_hockey,20,14,22,1776919422824,29.475,200,1,909,
prover_hockey,20,14,23,1776919422857,33.374,200,1,909,
prover_hockey,20,14,24,1776919422890,32.304,200,1,909,
prover_hockey,20,14,25,1776919422923,33.529,200,1,909,
prover_hockey,20,14,26,1776919422955,31.473,200,1,909,
prover_hockey,20,14,27,1776919422991,36.606,200,1,909,
prover_hockey,20,14,28,1776919423022,30.912,200,1,909,
prover_hockey,20,14,29,1776919423056,33.484,200,1,909,
prover_hockey,20,14,30,1776919423090,34.157,200,1,909,
prover_hockey,20,14,31,1776919423121,30.709,200,1,909,
prover_hockey,20,14,32,1776919423153,32.791,200,1,909,
prover_hockey,20,14,33,1776919423188,34.943,200,1,909,
prover_hockey,20,14,34,1776919423231,43.061,200,1,909,
prover_hockey,20,14,35,1776919423262,30.779,200,1,909,
prover_hockey,20,14,36,1776919423298,35.718,200,1,909,
prover_hockey,20,14,37,1776919423332,33.56,200,1,909,
prover_hockey,20,14,38,1776919423362,30.412,200,1,909,
prover_hockey,20,14,39,1776919423394,32.194,200,1,909,
prover_hockey,20,14,40,1776919423426,32.27,200,1,909,
prover_hockey,20,14,41,1776919423457,30.716,200,1,909,
prover_hockey,20,14,42,1776919423488,31.014,200,1,909,
prover_hockey,20,14,43,1776919423518,29.398,200,1,909,
prover_hockey,20,14,44,1776919423549,31.097,200,1,909,
prover_hockey,20,14,45,1776919423580,31.307,200,1,909,
prover_hockey,20,14,46,1776919423610,30.488,200,1,909,
prover_hockey,20,14,47,1776919423645,34.227,200,1,909,
prover_hockey,20,14,48,1776919423679,34.512,200,1,909,
prover_hockey,20,14,49,1776919423712,32.802,200,1,909,
prover_hockey,20,14,50,1776919423750,37.821,200,1,909,
prover_hockey,20,14,51,1776919423785,35.141,200,1,909,
prover_hockey,20,14,52,1776919423818,33.386,200,1,909,
prover_hockey,20,14,53,1776919423855,37.076,200,1,909,
prover_hockey,20,14,54,1776919423890,34.9,200,1,909,
prover_hockey,20,14,55,1776919423924,34.093,200,1,909,
prover_hockey,20,14,56,1776919423955,30.827,200,1,909,
prover_hockey,20,14,57,1776919423988,32.902,200,1,909,
prover_hockey,20,14,58,1776919424024,35.942,200,1,909,
prover_hockey,20,14,59,1776919424055,30.777,200,1,909,
prover_hockey,20,14,60,1776919424090,35.273,200,1,909,
prover_hockey,20,14,61,1776919424120,30.045,200,1,909,
prover_hockey,20,14,62,1776919424154,34.188,200,1,909,
prover_hockey,20,14,63,1776919424188,33.103,200,1,909,
prover_hockey,20,14,64,1776919424217,29.878,200,1,909,
prover_hockey,20,14,65,1776919424249,31.918,200,1,909,
prover_hockey,20,14,66,1776919424282,32.878,200,1,909,
prover_hockey,20,14,67,1776919424313,31.068,200,1,909,
prover_hockey,20,14,68,1776919424347,33.465,200,1,909,
prover_hockey,20,14,69,1776919424379,32.158,200,1,909,
prover_hockey,20,14,70,1776919424408,29.313,200,1,909,
prover_hockey,20,14,71,1776919424440,31.819,200,1,909,
prover_hockey,20,14,72,1776919424471,30.812,200,1,909,
prover_hockey,20,14,73,1776919424501,30.399,200,1,909,
prover_hockey,20,15,0,1776919422103,87.712,200,1,909,
prover_hockey,20,15,1,1776919422137,33.999,200,1,909,
prover_hockey,20,15,2,1776919422170,33.029,200,1,909,
prover_hockey,20,15,3,1776919422203,32.772,200,1,909,
prover_hockey,20,15,4,1776919422236,32.794,200,1,909,
prover_hockey,20,15,5,1776919422267,31.441,200,1,909,
prover_hockey,20,15,6,1776919422306,38.204,200,1,909,
prover_hockey,20,15,7,1776919422341,34.887,200,1,909,
prover_hockey,20,15,8,1776919422376,35.639,200,1,909,
prover_hockey,20,15,9,1776919422406,30.101,200,1,909,
prover_hockey,20,15,10,1776919422440,33.495,200,1,909,
prover_hockey,20,15,11,1776919422473,33.18,200,1,909,
prover_hockey,20,15,12,1776919422504,30.926,200,1,909,
prover_hockey,20,15,13,1776919422537,32.897,200,1,909,
prover_hockey,20,15,14,1776919422568,31.528,200,1,909,
prover_hockey,20,15,15,1776919422603,34.249,200,1,909,
prover_hockey,20,15,16,1776919422638,35.044,200,1,909,
prover_hockey,20,15,17,1776919422669,31.664,200,1,909,
prover_hockey,20,15,18,1776919422699,29.57,200,1,909,
prover_hockey,20,15,19,1776919422729,30.036,200,1,909,
prover_hockey,20,15,20,1776919422761,32.1,200,1,909,
prover_hockey,20,15,21,1776919422795,33.999,200,1,909,
prover_hockey,20,15,22,1776919422826,30.66,200,1,909,
prover_hockey,20,15,23,1776919422859,33.59,200,1,909,
prover_hockey,20,15,24,1776919422892,32.338,200,1,909,
prover_hockey,20,15,25,1776919422925,33.18,200,1,909,
prover_hockey,20,15,26,1776919422957,32.087,200,1,909,
prover_hockey,20,15,27,1776919422993,35.883,200,1,909,
prover_hockey,20,15,28,1776919423024,31.424,200,1,909,
prover_hockey,20,15,29,1776919423057,33.121,200,1,909,
prover_hockey,20,15,30,1776919423091,33.653,200,1,909,
prover_hockey,20,15,31,1776919423124,32.547,200,1,909,
prover_hockey,20,15,32,1776919423156,32.649,200,1,909,
prover_hockey,20,15,33,1776919423189,32.987,200,1,909,
prover_hockey,20,15,34,1776919423220,31.051,200,1,909,
prover_hockey,20,15,35,1776919423254,33.514,200,1,909,
prover_hockey,20,15,36,1776919423283,29.421,200,1,909,
prover_hockey,20,15,37,1776919423319,35.373,200,1,909,
prover_hockey,20,15,38,1776919423351,32.069,200,1,909,
prover_hockey,20,15,39,1776919423381,30.557,200,1,909,
prover_hockey,20,15,40,1776919423412,30.615,200,1,909,
prover_hockey,20,15,41,1776919423443,30.859,200,1,909,
prover_hockey,20,15,42,1776919423472,29.559,200,1,909,
prover_hockey,20,15,43,1776919423507,34.46,200,1,909,
prover_hockey,20,15,44,1776919423541,34.526,200,1,909,
prover_hockey,20,15,45,1776919423578,36.434,200,1,909,
prover_hockey,20,15,46,1776919423612,34.446,200,1,909,
prover_hockey,20,15,47,1776919423645,32.985,200,1,909,
prover_hockey,20,15,48,1776919423681,35.991,200,1,909,
prover_hockey,20,15,49,1776919423714,32.604,200,1,909,
prover_hockey,20,15,50,1776919423744,30.425,200,1,909,
prover_hockey,20,15,51,1776919423775,30.418,200,1,909,
prover_hockey,20,15,52,1776919423807,32.502,200,1,909,
prover_hockey,20,15,53,1776919423838,31.238,200,1,909,
prover_hockey,20,15,54,1776919423876,37.425,200,1,909,
prover_hockey,20,15,55,1776919423905,29.647,200,1,909,
prover_hockey,20,15,56,1776919423938,32.35,200,1,909,
prover_hockey,20,15,57,1776919423974,35.899,200,1,909,
prover_hockey,20,15,58,1776919424004,30.72,200,1,909,
prover_hockey,20,15,59,1776919424034,29.688,200,1,909,
prover_hockey,20,15,60,1776919424064,29.68,200,1,909,
prover_hockey,20,15,61,1776919424093,29.391,200,1,909,
prover_hockey,20,15,62,1776919424122,29.171,200,1,909,
prover_hockey,20,15,63,1776919424154,31.701,200,1,909,
prover_hockey,20,15,64,1776919424187,33.215,200,1,909,
prover_hockey,20,15,65,1776919424217,29.608,200,1,909,
prover_hockey,20,15,66,1776919424247,30.093,200,1,909,
prover_hockey,20,15,67,1776919424280,33.074,200,1,909,
prover_hockey,20,15,68,1776919424310,30.234,200,1,909,
prover_hockey,20,15,69,1776919424347,36.916,200,1,909,
prover_hockey,20,15,70,1776919424385,37.6,200,1,909,
prover_hockey,20,15,71,1776919424417,32.365,200,1,909,
prover_hockey,20,15,72,1776919424449,31.997,200,1,909,
prover_hockey,20,15,73,1776919424483,33.589,200,1,909,
prover_hockey,20,15,74,1776919424513,30.236,200,1,909,
prover_hockey,20,16,0,1776919422097,80.812,200,1,909,
prover_hockey,20,16,1,1776919422128,31.727,200,1,909,
prover_hockey,20,16,2,1776919422160,31.943,200,1,909,
prover_hockey,20,16,3,1776919422199,39.073,200,1,909,
prover_hockey,20,16,4,1776919422230,30.709,200,1,909,
prover_hockey,20,16,5,1776919422265,35.044,200,1,909,
prover_hockey,20,16,6,1776919422302,36.896,200,1,909,
prover_hockey,20,16,7,1776919422342,39.817,200,1,909,
prover_hockey,20,16,8,1776919422372,29.838,200,1,909,
prover_hockey,20,16,9,1776919422404,32.488,200,1,909,
prover_hockey,20,16,10,1776919422436,32.022,200,1,909,
prover_hockey,20,16,11,1776919422467,31.138,200,1,909,
prover_hockey,20,16,12,1776919422499,31.565,200,1,909,
prover_hockey,20,16,13,1776919422531,32.221,200,1,909,
prover_hockey,20,16,14,1776919422566,35.197,200,1,909,
prover_hockey,20,16,15,1776919422596,29.949,200,1,909,
prover_hockey,20,16,16,1776919422627,30.32,200,1,909,
prover_hockey,20,16,17,1776919422658,31.761,200,1,909,
prover_hockey,20,16,18,1776919422689,30.668,200,1,909,
prover_hockey,20,16,19,1776919422721,31.499,200,1,909,
prover_hockey,20,16,20,1776919422753,32.439,200,1,909,
prover_hockey,20,16,21,1776919422784,31.404,200,1,909,
prover_hockey,20,16,22,1776919422820,35.761,200,1,909,
prover_hockey,20,16,23,1776919422856,35.566,200,1,909,
prover_hockey,20,16,24,1776919422895,39.575,200,1,909,
prover_hockey,20,16,25,1776919422926,30.585,200,1,909,
prover_hockey,20,16,26,1776919422958,31.668,200,1,909,
prover_hockey,20,16,27,1776919422990,32.531,200,1,909,
prover_hockey,20,16,28,1776919423023,33.127,200,1,909,
prover_hockey,20,16,29,1776919423058,34.371,200,1,909,
prover_hockey,20,16,30,1776919423090,32.742,200,1,909,
prover_hockey,20,16,31,1776919423122,31.644,200,1,909,
prover_hockey,20,16,32,1776919423153,30.498,200,1,909,
prover_hockey,20,16,33,1776919423188,35.127,200,1,909,
prover_hockey,20,16,34,1776919423221,33.324,200,1,909,
prover_hockey,20,16,35,1776919423255,33.664,200,1,909,
prover_hockey,20,16,36,1776919423287,32.187,200,1,909,
prover_hockey,20,16,37,1776919423320,33.545,200,1,909,
prover_hockey,20,16,38,1776919423351,30.806,200,1,909,
prover_hockey,20,16,39,1776919423385,33.296,200,1,909,
prover_hockey,20,16,40,1776919423416,31.501,200,1,909,
prover_hockey,20,16,41,1776919423448,32.26,200,1,909,
prover_hockey,20,16,42,1776919423480,32.01,200,1,909,
prover_hockey,20,16,43,1776919423511,30.414,200,1,909,
prover_hockey,20,16,44,1776919423541,30.022,200,1,909,
prover_hockey,20,16,45,1776919423576,35.156,200,1,909,
prover_hockey,20,16,46,1776919423611,35.02,200,1,909,
prover_hockey,20,16,47,1776919423640,29.535,200,1,909,
prover_hockey,20,16,48,1776919423675,34.28,200,1,909,
prover_hockey,20,16,49,1776919423709,33.736,200,1,909,
prover_hockey,20,16,50,1776919423740,31.297,200,1,909,
prover_hockey,20,16,51,1776919423769,29.174,200,1,909,
prover_hockey,20,16,52,1776919423799,29.718,200,1,909,
prover_hockey,20,16,53,1776919423831,32.116,200,1,909,
prover_hockey,20,16,54,1776919423863,32.293,200,1,909,
prover_hockey,20,16,55,1776919423892,28.6,200,1,909,
prover_hockey,20,16,56,1776919423925,33.625,200,1,909,
prover_hockey,20,16,57,1776919423956,31.124,200,1,909,
prover_hockey,20,16,58,1776919423990,33.615,200,1,909,
prover_hockey,20,16,59,1776919424026,36.1,200,1,909,
prover_hockey,20,16,60,1776919424058,31.863,200,1,909,
prover_hockey,20,16,61,1776919424088,30.388,200,1,909,
prover_hockey,20,16,62,1776919424122,33.081,200,1,909,
prover_hockey,20,16,63,1776919424154,32.062,200,1,909,
prover_hockey,20,16,64,1776919424186,32.013,200,1,909,
prover_hockey,20,16,65,1776919424219,33.057,200,1,909,
prover_hockey,20,16,66,1776919424249,30.085,200,1,909,
prover_hockey,20,16,67,1776919424282,33.057,200,1,909,
prover_hockey,20,16,68,1776919424312,30.317,200,1,909,
prover_hockey,20,16,69,1776919424345,32.727,200,1,909,
prover_hockey,20,16,70,1776919424379,34.397,200,1,909,
prover_hockey,20,16,71,1776919424409,29.608,200,1,909,
prover_hockey,20,16,72,1776919424439,30.36,200,1,909,
prover_hockey,20,16,73,1776919424470,31.179,200,1,909,
prover_hockey,20,16,74,1776919424504,33.126,200,1,909,
prover_hockey,20,17,0,1776919422102,85.444,200,1,909,
prover_hockey,20,17,1,1776919422137,35.471,200,1,909,
prover_hockey,20,17,2,1776919422169,32.365,200,1,909,
prover_hockey,20,17,3,1776919422204,34.605,200,1,909,
prover_hockey,20,17,4,1776919422237,33.29,200,1,909,
prover_hockey,20,17,5,1776919422271,33.799,200,1,909,
prover_hockey,20,17,6,1776919422305,34.001,200,1,909,
prover_hockey,20,17,7,1776919422343,37.694,200,1,909,
prover_hockey,20,17,8,1776919422380,37.513,200,1,909,
prover_hockey,20,17,9,1776919422417,36.849,200,1,909,
prover_hockey,20,17,10,1776919422448,31.267,200,1,909,
prover_hockey,20,17,11,1776919422482,33.109,200,1,909,
prover_hockey,20,17,12,1776919422512,30.003,200,1,909,
prover_hockey,20,17,13,1776919422542,30.828,200,1,909,
prover_hockey,20,17,14,1776919422571,28.62,200,1,909,
prover_hockey,20,17,15,1776919422606,34.543,200,1,909,
prover_hockey,20,17,16,1776919422637,31.646,200,1,909,
prover_hockey,20,17,17,1776919422668,31.005,200,1,909,
prover_hockey,20,17,18,1776919422699,31.112,200,1,909,
prover_hockey,20,17,19,1776919422734,34.74,200,1,909,
prover_hockey,20,17,20,1776919422768,34.082,200,1,909,
prover_hockey,20,17,21,1776919422798,30.301,200,1,909,
prover_hockey,20,17,22,1776919422830,31.812,200,1,909,
prover_hockey,20,17,23,1776919422861,30.574,200,1,909,
prover_hockey,20,17,24,1776919422892,31.178,200,1,909,
prover_hockey,20,17,25,1776919422924,31.676,200,1,909,
prover_hockey,20,17,26,1776919422955,31.496,200,1,909,
prover_hockey,20,17,27,1776919422994,38.899,200,1,909,
prover_hockey,20,17,28,1776919423030,35.682,200,1,909,
prover_hockey,20,17,29,1776919423062,32.195,200,1,909,
prover_hockey,20,17,30,1776919423094,32.278,200,1,909,
prover_hockey,20,17,31,1776919423126,31.86,200,1,909,
prover_hockey,20,17,32,1776919423157,30.849,200,1,909,
prover_hockey,20,17,33,1776919423191,33.863,200,1,909,
prover_hockey,20,17,34,1776919423221,29.834,200,1,909,
prover_hockey,20,17,35,1776919423251,30.775,200,1,909,
prover_hockey,20,17,36,1776919423281,29.068,200,1,909,
prover_hockey,20,17,37,1776919423311,30.565,200,1,909,
prover_hockey,20,17,38,1776919423340,29.36,200,1,909,
prover_hockey,20,17,39,1776919423376,35.884,200,1,909,
prover_hockey,20,17,40,1776919423409,32.477,200,1,909,
prover_hockey,20,17,41,1776919423440,31.298,200,1,909,
prover_hockey,20,17,42,1776919423473,32.525,200,1,909,
prover_hockey,20,17,43,1776919423508,35.531,200,1,909,
prover_hockey,20,17,44,1776919423545,36.33,200,1,909,
prover_hockey,20,17,45,1776919423577,32.51,200,1,909,
prover_hockey,20,17,46,1776919423608,31.417,200,1,909,
prover_hockey,20,17,47,1776919423640,31.689,200,1,909,
prover_hockey,20,17,48,1776919423678,37.671,200,1,909,
prover_hockey,20,17,49,1776919423709,31.113,200,1,909,
prover_hockey,20,17,50,1776919423739,29.578,200,1,909,
prover_hockey,20,17,51,1776919423771,32.627,200,1,909,
prover_hockey,20,17,52,1776919423801,30.245,200,1,909,
prover_hockey,20,17,53,1776919423831,29.81,200,1,909,
prover_hockey,20,17,54,1776919423865,33.565,200,1,909,
prover_hockey,20,17,55,1776919423903,38.301,200,1,909,
prover_hockey,20,17,56,1776919423941,37.671,200,1,909,
prover_hockey,20,17,57,1776919423973,31.793,200,1,909,
prover_hockey,20,17,58,1776919424004,31.422,200,1,909,
prover_hockey,20,17,59,1776919424034,29.63,200,1,909,
prover_hockey,20,17,60,1776919424063,29.16,200,1,909,
prover_hockey,20,17,61,1776919424095,31.92,200,1,909,
prover_hockey,20,17,62,1776919424124,29.696,200,1,909,
prover_hockey,20,17,63,1776919424155,30.377,200,1,909,
prover_hockey,20,17,64,1776919424185,29.776,200,1,909,
prover_hockey,20,17,65,1776919424218,33.728,200,1,909,
prover_hockey,20,17,66,1776919424248,29.318,200,1,909,
prover_hockey,20,17,67,1776919424280,32.015,200,1,909,
prover_hockey,20,17,68,1776919424313,33.339,200,1,909,
prover_hockey,20,17,69,1776919424346,33.45,200,1,909,
prover_hockey,20,17,70,1776919424383,36.644,200,1,909,
prover_hockey,20,17,71,1776919424412,29.173,200,1,909,
prover_hockey,20,17,72,1776919424447,34.829,200,1,909,
prover_hockey,20,17,73,1776919424477,29.702,200,1,909,
prover_hockey,20,17,74,1776919424509,31.907,200,1,909,
prover_hockey,20,18,0,1776919422086,70.02,200,1,909,
prover_hockey,20,18,1,1776919422119,32.379,200,1,909,
prover_hockey,20,18,2,1776919422157,38.71,200,1,909,
prover_hockey,20,18,3,1776919422189,31.985,200,1,909,
prover_hockey,20,18,4,1776919422225,35.19,200,1,909,
prover_hockey,20,18,5,1776919422263,38.115,200,1,909,
prover_hockey,20,18,6,1776919422305,41.92,200,1,909,
prover_hockey,20,18,7,1776919422341,36.822,200,1,909,
prover_hockey,20,18,8,1776919422372,30.687,200,1,909,
prover_hockey,20,18,9,1776919422404,31.633,200,1,909,
prover_hockey,20,18,10,1776919422438,34.59,200,1,909,
prover_hockey,20,18,11,1776919422470,31.993,200,1,909,
prover_hockey,20,18,12,1776919422501,30.912,200,1,909,
prover_hockey,20,18,13,1776919422532,30.659,200,1,909,
prover_hockey,20,18,14,1776919422567,35.048,200,1,909,
prover_hockey,20,18,15,1776919422602,34.995,200,1,909,
prover_hockey,20,18,16,1776919422633,31.221,200,1,909,
prover_hockey,20,18,17,1776919422662,29.122,200,1,909,
prover_hockey,20,18,18,1776919422696,33.91,200,1,909,
prover_hockey,20,18,19,1776919422728,31.807,200,1,909,
prover_hockey,20,18,20,1776919422759,31.138,200,1,909,
prover_hockey,20,18,21,1776919422788,29.174,200,1,909,
prover_hockey,20,18,22,1776919422823,34.195,200,1,909,
prover_hockey,20,18,23,1776919422853,30.435,200,1,909,
prover_hockey,20,18,24,1776919422887,34.401,200,1,909,
prover_hockey,20,18,25,1776919422918,30.143,200,1,909,
prover_hockey,20,18,26,1776919422949,30.935,200,1,909,
prover_hockey,20,18,27,1776919422985,36.386,200,1,909,
prover_hockey,20,18,28,1776919423018,33.477,200,1,909,
prover_hockey,20,18,29,1776919423050,31.134,200,1,909,
prover_hockey,20,18,30,1776919423081,31.329,200,1,909,
prover_hockey,20,18,31,1776919423111,30.173,200,1,909,
prover_hockey,20,18,32,1776919423141,30.278,200,1,909,
prover_hockey,20,18,33,1776919423178,37.053,200,1,909,
prover_hockey,20,18,34,1776919423210,31.286,200,1,909,
prover_hockey,20,18,35,1776919423245,35.518,200,1,909,
prover_hockey,20,18,36,1776919423279,33.328,200,1,909,
prover_hockey,20,18,37,1776919423308,29.416,200,1,909,
prover_hockey,20,18,38,1776919423339,31.071,200,1,909,
prover_hockey,20,18,39,1776919423375,36.118,200,1,909,
prover_hockey,20,18,40,1776919423408,33.158,200,1,909,
prover_hockey,20,18,41,1776919423441,32.514,200,1,909,
prover_hockey,20,18,42,1776919423475,33.847,200,1,909,
prover_hockey,20,18,43,1776919423506,31.625,200,1,909,
prover_hockey,20,18,44,1776919423537,31.151,200,1,909,
prover_hockey,20,18,45,1776919423569,31.474,200,1,909,
prover_hockey,20,18,46,1776919423599,30.115,200,1,909,
prover_hockey,20,18,47,1776919423630,31.364,200,1,909,
prover_hockey,20,18,48,1776919423665,34.558,200,1,909,
prover_hockey,20,18,49,1776919423695,30.009,200,1,909,
prover_hockey,20,18,50,1776919423732,36.618,200,1,909,
prover_hockey,20,18,51,1776919423764,32.128,200,1,909,
prover_hockey,20,18,52,1776919423798,33.899,200,1,909,
prover_hockey,20,18,53,1776919423830,32.236,200,1,909,
prover_hockey,20,18,54,1776919423865,35.241,200,1,909,
prover_hockey,20,18,55,1776919423905,39.901,200,1,909,
prover_hockey,20,18,56,1776919423937,31.589,200,1,909,
prover_hockey,20,18,57,1776919423976,39.292,200,1,909,
prover_hockey,20,18,58,1776919424008,32.265,200,1,909,
prover_hockey,20,18,59,1776919424044,35.902,200,1,909,
prover_hockey,20,18,60,1776919424075,30.514,200,1,909,
prover_hockey,20,18,61,1776919424105,30.537,200,1,909,
prover_hockey,20,18,62,1776919424138,32.497,200,1,909,
prover_hockey,20,18,63,1776919424168,30.498,200,1,909,
prover_hockey,20,18,64,1776919424200,31.825,200,1,909,
prover_hockey,20,18,65,1776919424232,31.697,200,1,909,
prover_hockey,20,18,66,1776919424261,29.649,200,1,909,
prover_hockey,20,18,67,1776919424293,31.912,200,1,909,
prover_hockey,20,18,68,1776919424323,29.705,200,1,909,
prover_hockey,20,18,69,1776919424353,30.379,200,1,909,
prover_hockey,20,18,70,1776919424384,30.843,200,1,909,
prover_hockey,20,18,71,1776919424415,30.765,200,1,909,
prover_hockey,20,18,72,1776919424447,32.451,200,1,909,
prover_hockey,20,18,73,1776919424485,37.216,200,1,909,
prover_hockey,20,18,74,1776919424519,34.206,200,1,909,
prover_hockey,20,19,0,1776919422096,79.628,200,1,909,
prover_hockey,20,19,1,1776919422130,33.823,200,1,909,
prover_hockey,20,19,2,1776919422162,32.446,200,1,909,
prover_hockey,20,19,3,1776919422195,32.487,200,1,909,
prover_hockey,20,19,4,1776919422226,30.919,200,1,909,
prover_hockey,20,19,5,1776919422261,35.129,200,1,909,
prover_hockey,20,19,6,1776919422298,36.596,200,1,909,
prover_hockey,20,19,7,1776919422335,36.908,200,1,909,
prover_hockey,20,19,8,1776919422366,31.138,200,1,909,
prover_hockey,20,19,9,1776919422397,30.954,200,1,909,
prover_hockey,20,19,10,1776919422428,31.429,200,1,909,
prover_hockey,20,19,11,1776919422459,31.333,200,1,909,
prover_hockey,20,19,12,1776919422495,35.913,200,1,909,
prover_hockey,20,19,13,1776919422531,35.314,200,1,909,
prover_hockey,20,19,14,1776919422568,37.32,200,1,909,
prover_hockey,20,19,15,1776919422603,35.064,200,1,909,
prover_hockey,20,19,16,1776919422635,31.804,200,1,909,
prover_hockey,20,19,17,1776919422666,31.161,200,1,909,
prover_hockey,20,19,18,1776919422697,31.25,200,1,909,
prover_hockey,20,19,19,1776919422729,31.264,200,1,909,
prover_hockey,20,19,20,1776919422763,34.452,200,1,909,
prover_hockey,20,19,21,1776919422796,33.047,200,1,909,
prover_hockey,20,19,22,1776919422827,30.505,200,1,909,
prover_hockey,20,19,23,1776919422857,30.582,200,1,909,
prover_hockey,20,19,24,1776919422889,31.93,200,1,909,
prover_hockey,20,19,25,1776919422924,35.024,200,1,909,
prover_hockey,20,19,26,1776919422958,34.258,200,1,909,
prover_hockey,20,19,27,1776919422994,36.144,200,1,909,
prover_hockey,20,19,28,1776919423030,35.811,200,1,909,
prover_hockey,20,19,29,1776919423065,35.185,200,1,909,
prover_hockey,20,19,30,1776919423096,30.557,200,1,909,
prover_hockey,20,19,31,1776919423137,40.858,200,1,909,
prover_hockey,20,19,32,1776919423174,36.793,200,1,909,
prover_hockey,20,19,33,1776919423207,33.681,200,1,909,
prover_hockey,20,19,34,1776919423240,32.136,200,1,909,
prover_hockey,20,19,35,1776919423274,34.203,200,1,909,
prover_hockey,20,19,36,1776919423304,29.884,200,1,909,
prover_hockey,20,19,37,1776919423337,33.007,200,1,909,
prover_hockey,20,19,38,1776919423369,32.176,200,1,909,
prover_hockey,20,19,39,1776919423404,35.203,200,1,909,
prover_hockey,20,19,40,1776919423435,31.221,200,1,909,
prover_hockey,20,19,41,1776919423467,32.161,200,1,909,
prover_hockey,20,19,42,1776919423498,30.649,200,1,909,
prover_hockey,20,19,43,1776919423531,32.546,200,1,909,
prover_hockey,20,19,44,1776919423561,30.748,200,1,909,
prover_hockey,20,19,45,1776919423594,32.355,200,1,909,
prover_hockey,20,19,46,1776919423626,32.355,200,1,909,
prover_hockey,20,19,47,1776919423657,30.447,200,1,909,
prover_hockey,20,19,48,1776919423691,34.496,200,1,909,
prover_hockey,20,19,49,1776919423723,31.898,200,1,909,
prover_hockey,20,19,50,1776919423753,29.691,200,1,909,
prover_hockey,20,19,51,1776919423785,31.93,200,1,909,
prover_hockey,20,19,52,1776919423817,32.09,200,1,909,
prover_hockey,20,19,53,1776919423848,31.589,200,1,909,
prover_hockey,20,19,54,1776919423882,33.473,200,1,909,
prover_hockey,20,19,55,1776919423913,31.133,200,1,909,
prover_hockey,20,19,56,1776919423947,33.888,200,1,909,
prover_hockey,20,19,57,1776919423979,32.665,200,1,909,
prover_hockey,20,19,58,1776919424009,30.075,200,1,909,
prover_hockey,20,19,59,1776919424045,35.623,200,1,909,
prover_hockey,20,19,60,1776919424079,33.669,200,1,909,
prover_hockey,20,19,61,1776919424110,31.302,200,1,909,
prover_hockey,20,19,62,1776919424144,33.47,200,1,909,
prover_hockey,20,19,63,1776919424177,33.77,200,1,909,
prover_hockey,20,19,64,1776919424209,31.783,200,1,909,
prover_hockey,20,19,65,1776919424243,33.561,200,1,909,
prover_hockey,20,19,66,1776919424273,30.157,200,1,909,
prover_hockey,20,19,67,1776919424306,33.358,200,1,909,
prover_hockey,20,19,68,1776919424338,31.566,200,1,909,
prover_hockey,20,19,69,1776919424370,32.506,200,1,909,
prover_hockey,20,19,70,1776919424402,31.749,200,1,909,
prover_hockey,20,19,71,1776919424435,33.348,200,1,909,
prover_hockey,20,19,72,1776919424468,32.644,200,1,909,
prover_hockey,20,19,73,1776919424497,29.09,200,1,909,
