tag,concurrency,endpoint,worker_id,req_seq,ts_ms,port,latency_ms,status,success,err_kind
smoke,1,/get-salt,0,0,1776914640863,7001,4.332,200,1,
smoke,1,/get-salt,0,1,1776914640866,7006,3.524,200,1,
smoke,1,/get-salt,0,2,1776914640870,7007,3.863,200,1,
smoke,1,/get-salt,0,3,1776914640873,7003,2.199,200,1,
smoke,1,/get-salt,0,4,1776914640875,7007,2.446,200,1,
smoke,1,/get-salt,0,5,1776914640878,7004,2.787,200,1,
smoke,1,/get-salt,0,6,1776914640881,7008,2.737,200,1,
smoke,1,/get-salt,0,7,1776914640883,7003,2.177,200,1,
smoke,1,/get-salt,0,8,1776914640885,7008,2.165,200,1,
smoke,1,/get-salt,0,9,1776914640888,7009,2.648,200,1,
smoke,1,/get-salt,0,10,1776914640890,7005,2.767,200,1,
smoke,1,/get-salt,0,11,1776914640892,7001,1.687,200,1,
smoke,1,/get-salt,0,12,1776914640894,7001,1.877,200,1,
smoke,1,/get-salt,0,13,1776914640896,7009,2.013,200,1,
smoke,1,/get-salt,0,14,1776914640898,7004,2.197,200,1,
smoke,1,/get-salt,0,15,1776914640900,7007,1.945,200,1,
smoke,1,/get-salt,0,16,1776914640902,7009,1.668,200,1,
smoke,1,/get-salt,0,17,1776914640904,7006,1.959,200,1,
smoke,1,/get-salt,0,18,1776914640905,7009,1.679,200,1,
smoke,1,/get-salt,0,19,1776914640907,7004,1.726,200,1,
smoke,1,/get-salt,0,20,1776914640909,7009,1.469,200,1,
smoke,1,/get-salt,0,21,1776914640911,7009,2.393,200,1,
smoke,1,/get-salt,0,22,1776914640913,7001,1.905,200,1,
smoke,1,/get-salt,0,23,1776914640914,7002,1.578,200,1,
smoke,1,/get-salt,0,24,1776914640916,7005,1.903,200,1,
smoke,1,/get-salt,0,25,1776914640918,7006,1.753,200,1,
smoke,1,/get-salt,0,26,1776914640920,7001,1.414,200,1,
smoke,1,/get-salt,0,27,1776914640921,7003,1.657,200,1,
smoke,1,/get-salt,0,28,1776914640923,7009,1.909,200,1,
smoke,1,/get-salt,0,29,1776914640925,7005,1.838,200,1,
smoke,1,/get-salt,0,30,1776914640927,7008,1.904,200,1,
smoke,1,/get-salt,0,31,1776914640928,7001,1.407,200,1,
smoke,1,/get-salt,0,32,1776914640930,7008,1.88,200,1,
smoke,1,/get-salt,0,33,1776914640932,7001,1.301,200,1,
smoke,1,/get-salt,0,34,1776914640934,7009,2.067,200,1,
smoke,1,/get-salt,0,35,1776914640935,7002,1.6,200,1,
smoke,1,/get-salt,0,36,1776914640937,7006,1.977,200,1,
smoke,1,/get-salt,0,37,1776914640939,7006,2.231,200,1,
smoke,1,/get-salt,0,38,1776914640941,7001,1.619,200,1,
smoke,1,/get-salt,0,39,1776914640942,7001,1.417,200,1,
smoke,1,/get-salt,0,40,1776914640944,7001,1.192,200,1,
smoke,1,/get-salt,0,41,1776914640946,7010,2.752,200,1,
smoke,1,/get-salt,0,42,1776914640948,7007,2.019,200,1,
smoke,1,/get-salt,0,43,1776914640950,7002,1.681,200,1,
smoke,1,/get-salt,0,44,1776914640952,7007,1.489,200,1,
smoke,1,/get-salt,0,45,1776914640953,7003,1.603,200,1,
smoke,1,/get-salt,0,46,1776914640955,7008,1.751,200,1,
smoke,1,/get-salt,0,47,1776914640957,7008,2,200,1,
smoke,1,/get-salt,0,48,1776914640959,7010,1.911,200,1,
smoke,1,/get-salt,0,49,1776914640961,7005,1.92,200,1,
smoke,1,/get-salt,0,50,1776914640963,7008,2.084,200,1,
smoke,1,/get-salt,0,51,1776914640965,7009,1.936,200,1,
smoke,1,/get-salt,0,52,1776914640967,7004,2.042,200,1,
smoke,1,/get-salt,0,53,1776914640969,7004,2.568,200,1,
smoke,1,/get-salt,0,54,1776914640972,7008,2.655,200,1,
smoke,1,/get-salt,0,55,1776914640974,7008,1.597,200,1,
smoke,1,/get-salt,0,56,1776914640976,7010,1.892,200,1,
smoke,1,/get-salt,0,57,1776914640977,7002,1.568,200,1,
smoke,1,/get-salt,0,58,1776914640979,7001,1.475,200,1,
smoke,1,/get-salt,0,59,1776914640981,7007,2.189,200,1,
smoke,1,/get-salt,0,60,1776914640982,7002,1.453,200,1,
smoke,1,/get-salt,0,61,1776914640984,7006,1.621,200,1,
smoke,1,/get-salt,0,62,1776914640986,7010,1.685,200,1,
smoke,1,/get-salt,0,63,1776914640987,7004,1.641,200,1,
smoke,1,/get-salt,0,64,1776914640989,7008,1.589,200,1,
smoke,1,/get-salt,0,65,1776914640990,7010,1.526,200,1,
smoke,1,/get-salt,0,66,1776914640992,7002,1.338,200,1,
smoke,1,/get-salt,0,67,1776914640993,7001,1.387,200,1,
smoke,1,/get-salt,0,68,1776914640995,7008,1.746,200,1,
smoke,1,/get-salt,0,69,1776914640997,7003,1.656,200,1,
smoke,1,/get-salt,0,70,1776914640998,7004,1.888,200,1,
smoke,1,/get-salt,0,71,1776914641000,7002,1.505,200,1,
smoke,1,/get-salt,0,72,1776914641002,7004,2.015,200,1,
smoke,1,/get-salt,0,73,1776914641004,7009,1.79,200,1,
smoke,1,/get-salt,0,74,1776914641006,7007,1.989,200,1,
smoke,1,/get-salt,0,75,1776914641008,7005,1.772,200,1,
smoke,1,/get-salt,0,76,1776914641010,7008,2.038,200,1,
smoke,1,/get-salt,0,77,1776914641011,7009,1.821,200,1,
smoke,1,/get-salt,0,78,1776914641013,7007,2.003,200,1,
smoke,1,/get-salt,0,79,1776914641015,7010,1.724,200,1,
smoke,1,/get-salt,0,80,1776914641017,7001,1.572,200,1,
smoke,1,/get-salt,0,81,1776914641018,7001,1.445,200,1,
smoke,1,/get-salt,0,82,1776914641020,7001,1.385,200,1,
smoke,1,/get-salt,0,83,1776914641021,7008,1.835,200,1,
smoke,1,/get-salt,0,84,1776914641023,7006,2.015,200,1,
smoke,1,/get-salt,0,85,1776914641025,7009,1.822,200,1,
smoke,1,/get-salt,0,86,1776914641027,7006,1.838,200,1,
smoke,1,/get-salt,0,87,1776914641029,7002,1.549,200,1,
smoke,1,/get-salt,0,88,1776914641030,7008,1.675,200,1,
smoke,1,/get-salt,0,89,1776914641032,7008,1.334,200,1,
smoke,1,/get-salt,0,90,1776914641034,7005,2.117,200,1,
smoke,1,/get-salt,0,91,1776914641035,7002,1.64,200,1,
smoke,1,/get-salt,0,92,1776914641037,7003,1.586,200,1,
smoke,1,/get-salt,0,93,1776914641039,7009,1.594,200,1,
smoke,1,/get-salt,0,94,1776914641040,7008,1.753,200,1,
smoke,1,/get-salt,0,95,1776914641042,7003,1.302,200,1,
smoke,1,/get-salt,0,96,1776914641044,7010,1.877,200,1,
smoke,1,/get-salt,0,97,1776914641045,7003,1.144,200,1,
smoke,1,/get-salt,0,98,1776914641046,7009,1.471,200,1,
smoke,1,/get-salt,0,99,1776914641048,7006,1.888,200,1,
smoke,1,/get-salt,0,100,1776914641050,7007,1.918,200,1,
smoke,1,/get-salt,0,101,1776914641052,7001,1.499,200,1,
smoke,1,/get-salt,0,102,1776914641053,7009,1.557,200,1,
smoke,1,/get-salt,0,103,1776914641055,7005,1.962,200,1,
smoke,1,/get-salt,0,104,1776914641057,7002,1.52,200,1,
smoke,1,/get-salt,0,105,1776914641059,7004,2.015,200,1,
smoke,1,/get-salt,0,106,1776914641060,7004,1.48,200,1,
smoke,1,/get-salt,0,107,1776914641062,7001,1.47,200,1,
smoke,1,/get-salt,0,108,1776914641063,7009,1.707,200,1,
smoke,1,/get-salt,0,109,1776914641065,7004,1.537,200,1,
smoke,1,/get-salt,0,110,1776914641067,7006,1.665,200,1,
smoke,1,/get-salt,0,111,1776914641068,7004,1.53,200,1,
smoke,1,/get-salt,0,112,1776914641070,7007,1.581,200,1,
smoke,1,/get-salt,0,113,1776914641071,7004,1.684,200,1,
smoke,1,/get-salt,0,114,1776914641073,7003,1.437,200,1,
smoke,1,/get-salt,0,115,1776914641075,7005,2.011,200,1,
smoke,1,/get-salt,0,116,1776914641076,7001,1.467,200,1,
smoke,1,/get-salt,0,117,1776914641077,7001,1.211,200,1,
smoke,1,/get-salt,0,118,1776914641080,7010,2.142,200,1,
smoke,1,/get-salt,0,119,1776914641081,7007,1.8,200,1,
smoke,1,/get-salt,0,120,1776914641083,7009,1.566,200,1,
smoke,1,/get-salt,0,121,1776914641085,7006,1.791,200,1,
smoke,1,/get-salt,0,122,1776914641086,7002,1.573,200,1,
smoke,1,/get-salt,0,123,1776914641088,7004,1.537,200,1,
smoke,1,/get-salt,0,124,1776914641089,7001,1.457,200,1,
smoke,1,/get-salt,0,125,1776914641091,7003,1.534,200,1,
smoke,1,/get-salt,0,126,1776914641092,7002,1.349,200,1,
smoke,1,/get-salt,0,127,1776914641094,7008,1.594,200,1,
smoke,1,/get-salt,0,128,1776914641097,7004,2.848,200,1,
smoke,1,/get-salt,0,129,1776914641099,7006,1.987,200,1,
smoke,1,/get-salt,0,130,1776914641101,7010,1.842,200,1,
smoke,1,/get-salt,0,131,1776914641102,7002,1.404,200,1,
smoke,1,/get-salt,0,132,1776914641104,7004,1.678,200,1,
smoke,1,/get-salt,0,133,1776914641105,7007,1.79,200,1,
smoke,1,/get-salt,0,134,1776914641107,7008,1.513,200,1,
smoke,1,/get-salt,0,135,1776914641109,7005,1.968,200,1,
smoke,1,/get-salt,0,136,1776914641111,7006,1.809,200,1,
smoke,1,/get-salt,0,137,1776914641112,7006,1.335,200,1,
smoke,1,/get-salt,0,138,1776914641114,7005,1.613,200,1,
smoke,1,/get-salt,0,139,1776914641115,7006,1.583,200,1,
smoke,1,/get-salt,0,140,1776914641117,7008,1.622,200,1,
smoke,1,/get-salt,0,141,1776914641118,7009,1.502,200,1,
smoke,1,/get-salt,0,142,1776914641120,7010,1.938,200,1,
smoke,1,/get-salt,0,143,1776914641122,7009,1.444,200,1,
smoke,1,/get-salt,0,144,1776914641123,7001,1.542,200,1,
smoke,1,/get-salt,0,145,1776914641125,7004,1.609,200,1,
smoke,1,/get-salt,0,146,1776914641127,7007,1.713,200,1,
smoke,1,/get-salt,0,147,1776914641128,7003,1.407,200,1,
smoke,1,/get-salt,0,148,1776914641130,7002,1.394,200,1,
smoke,1,/get-salt,0,149,1776914641131,7007,1.496,200,1,
smoke,1,/get-salt,0,150,1776914641133,7008,1.504,200,1,
smoke,1,/get-salt,0,151,1776914641134,7001,1.38,200,1,
smoke,1,/get-salt,0,152,1776914641135,7009,1.535,200,1,
smoke,1,/get-salt,0,153,1776914641137,7002,1.315,200,1,
smoke,1,/get-salt,0,154,1776914641138,7003,1.555,200,1,
smoke,1,/get-salt,0,155,1776914641140,7009,1.274,200,1,
smoke,1,/get-salt,0,156,1776914641141,7002,1.304,200,1,
smoke,1,/get-salt,0,157,1776914641142,7003,1.233,200,1,
smoke,1,/get-salt,0,158,1776914641144,7001,1.416,200,1,
smoke,1,/get-salt,0,159,1776914641145,7009,1.67,200,1,
smoke,1,/get-salt,0,160,1776914641147,7008,1.412,200,1,
smoke,1,/get-salt,0,161,1776914641148,7008,1.304,200,1,
smoke,1,/get-salt,0,162,1776914641150,7004,1.572,200,1,
smoke,1,/get-salt,0,163,1776914641151,7007,1.686,200,1,
smoke,1,/get-salt,0,164,1776914641155,7010,3.952,200,1,
smoke,1,/get-salt,0,165,1776914641157,7004,2.057,200,1,
smoke,1,/get-salt,0,166,1776914641159,7009,2.159,200,1,
smoke,1,/get-salt,0,167,1776914641162,7009,2.618,200,1,
smoke,1,/get-salt,0,168,1776914641164,7005,2.093,200,1,
smoke,1,/get-salt,0,169,1776914641166,7006,1.782,200,1,
smoke,1,/get-salt,0,170,1776914641168,7004,1.618,200,1,
smoke,1,/get-salt,0,171,1776914641169,7007,1.809,200,1,
smoke,1,/get-salt,0,172,1776914641171,7005,1.799,200,1,
smoke,1,/get-salt,0,173,1776914641173,7005,2.093,200,1,
smoke,1,/get-salt,0,174,1776914641175,7006,1.716,200,1,
smoke,1,/get-salt,0,175,1776914641177,7001,1.493,200,1,
smoke,1,/get-salt,0,176,1776914641178,7007,1.653,200,1,
smoke,1,/get-salt,0,177,1776914641180,7010,1.879,200,1,
smoke,1,/get-salt,0,178,1776914641182,7005,1.498,200,1,
smoke,1,/get-salt,0,179,1776914641183,7008,1.385,200,1,
smoke,1,/get-salt,0,180,1776914641184,7007,1.352,200,1,
smoke,1,/get-salt,0,181,1776914641186,7003,1.357,200,1,
smoke,1,/get-salt,0,182,1776914641187,7007,1.294,200,1,
smoke,1,/get-salt,0,183,1776914641189,7006,1.686,200,1,
smoke,1,/get-salt,0,184,1776914641190,7005,1.551,200,1,
smoke,1,/get-salt,0,185,1776914641192,7006,1.432,200,1,
smoke,1,/get-salt,0,186,1776914641193,7010,1.601,200,1,
smoke,1,/get-salt,0,187,1776914641195,7002,1.686,200,1,
smoke,1,/get-salt,0,188,1776914641196,7007,1.547,200,1,
smoke,1,/get-salt,0,189,1776914641198,7001,1.486,200,1,
smoke,1,/get-salt,0,190,1776914641200,7005,1.939,200,1,
smoke,1,/get-salt,0,191,1776914641202,7010,1.915,200,1,
smoke,1,/get-salt,0,192,1776914641203,7002,1.471,200,1,
smoke,1,/get-salt,0,193,1776914641205,7006,1.48,200,1,
smoke,1,/get-salt,0,194,1776914641206,7003,1.361,200,1,
smoke,1,/get-salt,0,195,1776914641208,7008,1.332,200,1,
smoke,1,/get-salt,0,196,1776914641209,7007,1.36,200,1,
smoke,1,/get-salt,0,197,1776914641210,7008,1.222,200,1,
smoke,1,/get-salt,0,198,1776914641212,7002,1.394,200,1,
smoke,1,/get-salt,0,199,1776914641213,7004,1.439,200,1,
smoke,1,/get-salt,0,200,1776914641214,7007,1.413,200,1,
smoke,1,/get-salt,0,201,1776914641216,7003,1.318,200,1,
smoke,1,/get-salt,0,202,1776914641217,7006,1.358,200,1,
smoke,1,/get-salt,0,203,1776914641218,7007,1.245,200,1,
smoke,1,/get-salt,0,204,1776914641220,7009,1.429,200,1,
smoke,1,/get-salt,0,205,1776914641221,7003,1.328,200,1,
smoke,1,/get-salt,0,206,1776914641223,7004,1.485,200,1,
smoke,1,/get-salt,0,207,1776914641224,7001,1.36,200,1,
smoke,1,/get-salt,0,208,1776914641225,7007,1.493,200,1,
smoke,1,/get-salt,0,209,1776914641227,7010,1.799,200,1,
smoke,1,/get-salt,0,210,1776914641229,7009,1.725,200,1,
smoke,1,/get-salt,0,211,1776914641231,7007,1.546,200,1,
smoke,1,/get-salt,0,212,1776914641232,7005,1.526,200,1,
smoke,1,/get-salt,0,213,1776914641233,7009,1.268,200,1,
smoke,1,/get-salt,0,214,1776914641235,7001,1.519,200,1,
smoke,1,/get-salt,0,215,1776914641236,7008,1.504,200,1,
smoke,1,/get-salt,0,216,1776914641238,7003,1.398,200,1,
smoke,1,/get-salt,0,217,1776914641239,7007,1.607,200,1,
smoke,1,/get-salt,0,218,1776914641241,7002,1.436,200,1,
smoke,1,/get-salt,0,219,1776914641242,7009,1.509,200,1,
smoke,1,/get-salt,0,220,1776914641244,7004,1.382,200,1,
smoke,1,/get-salt,0,221,1776914641245,7008,1.409,200,1,
smoke,1,/get-salt,0,222,1776914641247,7005,1.565,200,1,
smoke,1,/get-salt,0,223,1776914641248,7008,1.276,200,1,
smoke,1,/get-salt,0,224,1776914641249,7007,1.362,200,1,
smoke,1,/get-salt,0,225,1776914641251,7007,1.994,200,1,
smoke,1,/get-salt,0,226,1776914641253,7007,1.264,200,1,
smoke,1,/get-salt,0,227,1776914641254,7007,1.373,200,1,
smoke,1,/get-salt,0,228,1776914641256,7010,2.097,200,1,
smoke,1,/get-salt,0,229,1776914641258,7001,1.9,200,1,
smoke,1,/get-salt,0,230,1776914641260,7002,1.666,200,1,
smoke,1,/get-salt,0,231,1776914641261,7003,1.598,200,1,
smoke,1,/get-salt,0,232,1776914641263,7009,1.514,200,1,
smoke,1,/get-salt,0,233,1776914641264,7010,1.665,200,1,
smoke,1,/get-salt,0,234,1776914641266,7001,1.424,200,1,
smoke,1,/get-salt,0,235,1776914641267,7003,1.507,200,1,
smoke,1,/get-salt,0,236,1776914641269,7006,1.749,200,1,
smoke,1,/get-salt,0,237,1776914641271,7001,1.406,200,1,
smoke,1,/get-salt,0,238,1776914641272,7003,1.375,200,1,
smoke,1,/get-salt,0,239,1776914641273,7010,1.501,200,1,
smoke,1,/get-salt,0,240,1776914641275,7002,1.497,200,1,
smoke,1,/get-salt,0,241,1776914641277,7008,1.642,200,1,
smoke,1,/get-salt,0,242,1776914641278,7002,1.296,200,1,
smoke,1,/get-salt,0,243,1776914641279,7008,1.104,200,1,
smoke,1,/get-salt,0,244,1776914641281,7010,1.593,200,1,
smoke,1,/get-salt,0,245,1776914641282,7003,1.47,200,1,
smoke,1,/get-salt,0,246,1776914641284,7003,1.773,200,1,
smoke,1,/get-salt,0,247,1776914641285,7003,1.207,200,1,
smoke,1,/get-salt,0,248,1776914641287,7009,1.471,200,1,
smoke,1,/get-salt,0,249,1776914641288,7006,1.539,200,1,
smoke,1,/get-salt,0,250,1776914641289,7008,1.349,200,1,
smoke,1,/get-salt,0,251,1776914641291,7002,1.512,200,1,
smoke,1,/get-salt,0,252,1776914641293,7002,1.588,200,1,
smoke,1,/get-salt,0,253,1776914641294,7009,1.466,200,1,
smoke,1,/get-salt,0,254,1776914641295,7001,1.378,200,1,
smoke,1,/get-salt,0,255,1776914641297,7006,1.46,200,1,
smoke,1,/get-salt,0,256,1776914641299,7010,1.601,200,1,
smoke,1,/get-salt,0,257,1776914641300,7001,1.294,200,1,
smoke,1,/get-salt,0,258,1776914641301,7002,1.436,200,1,
smoke,1,/get-salt,0,259,1776914641303,7009,1.549,200,1,
smoke,1,/get-salt,0,260,1776914641304,7001,1.618,200,1,
smoke,1,/get-salt,0,261,1776914641306,7010,1.714,200,1,
smoke,1,/get-salt,0,262,1776914641308,7005,1.725,200,1,
smoke,1,/get-salt,0,263,1776914641309,7001,1.427,200,1,
smoke,1,/get-salt,0,264,1776914641311,7008,1.584,200,1,
smoke,1,/get-salt,0,265,1776914641312,7002,1.383,200,1,
smoke,1,/get-salt,0,266,1776914641315,7002,2.946,200,1,
smoke,1,/get-salt,0,267,1776914641317,7001,1.368,200,1,
smoke,1,/get-salt,0,268,1776914641318,7004,1.425,200,1,
smoke,1,/get-salt,0,269,1776914641319,7003,1.424,200,1,
smoke,1,/get-salt,0,270,1776914641321,7004,1.195,200,1,
smoke,1,/get-salt,0,271,1776914641322,7010,1.51,200,1,
smoke,1,/get-salt,0,272,1776914641324,7006,1.412,200,1,
smoke,1,/get-salt,0,273,1776914641325,7009,1.471,200,1,
smoke,1,/get-salt,0,274,1776914641326,7008,1.396,200,1,
smoke,1,/get-salt,0,275,1776914641328,7002,1.564,200,1,
smoke,1,/get-salt,0,276,1776914641330,7010,1.468,200,1,
smoke,1,/get-salt,0,277,1776914641331,7003,1.61,200,1,
smoke,1,/get-salt,0,278,1776914641333,7005,1.737,200,1,
smoke,1,/get-salt,0,279,1776914641334,7001,1.51,200,1,
smoke,1,/get-salt,0,280,1776914641336,7004,1.692,200,1,
smoke,1,/get-salt,0,281,1776914641338,7002,1.47,200,1,
smoke,1,/get-salt,0,282,1776914641339,7008,1.61,200,1,
smoke,1,/get-salt,0,283,1776914641341,7001,1.551,200,1,
smoke,1,/get-salt,0,284,1776914641342,7003,1.594,200,1,
smoke,1,/get-salt,0,285,1776914641344,7004,1.363,200,1,
smoke,1,/get-salt,0,286,1776914641345,7005,1.387,200,1,
smoke,1,/get-salt,0,287,1776914641346,7007,1.37,200,1,
smoke,1,/get-salt,0,288,1776914641348,7004,1.259,200,1,
smoke,1,/get-salt,0,289,1776914641349,7009,1.473,200,1,
smoke,1,/get-salt,0,290,1776914641351,7009,1.305,200,1,
smoke,1,/get-salt,0,291,1776914641352,7001,1.37,200,1,
smoke,1,/get-salt,0,292,1776914641353,7007,1.334,200,1,
smoke,1,/get-salt,0,293,1776914641355,7006,1.688,200,1,
smoke,1,/get-salt,0,294,1776914641356,7001,1.244,200,1,
smoke,1,/get-salt,0,295,1776914641358,7004,1.316,200,1,
smoke,1,/get-salt,0,296,1776914641359,7004,1.146,200,1,
smoke,1,/get-salt,0,297,1776914641360,7002,1.701,200,1,
smoke,1,/get-salt,0,298,1776914641362,7004,1.517,200,1,
smoke,1,/get-salt,0,299,1776914641364,7007,1.629,200,1,
smoke,1,/get-salt,0,300,1776914641365,7004,1.388,200,1,
smoke,1,/get-salt,0,301,1776914641366,7007,1.162,200,1,
smoke,1,/get-salt,0,302,1776914641367,7008,1.341,200,1,
smoke,1,/get-salt,0,303,1776914641369,7007,1.1,200,1,
smoke,1,/get-salt,0,304,1776914641370,7005,1.588,200,1,
smoke,1,/get-salt,0,305,1776914641371,7007,1.2,200,1,
smoke,1,/get-salt,0,306,1776914641372,7005,1.125,200,1,
smoke,1,/get-salt,0,307,1776914641374,7007,1.107,200,1,
smoke,1,/get-salt,0,308,1776914641375,7008,1.251,200,1,
smoke,1,/get-salt,0,309,1776914641376,7002,1.511,200,1,
smoke,1,/get-salt,0,310,1776914641377,7007,1.132,200,1,
smoke,1,/get-salt,0,311,1776914641379,7003,1.6,200,1,
smoke,1,/get-salt,0,312,1776914641381,7010,1.643,200,1,
smoke,1,/get-salt,0,313,1776914641382,7004,1.407,200,1,
smoke,1,/get-salt,0,314,1776914641383,7007,1.317,200,1,
smoke,1,/get-salt,0,315,1776914641385,7010,1.298,200,1,
smoke,1,/get-salt,0,316,1776914641386,7003,1.462,200,1,
smoke,1,/get-salt,0,317,1776914641388,7008,1.344,200,1,
smoke,1,/get-salt,0,318,1776914641389,7010,1.348,200,1,
smoke,1,/get-salt,0,319,1776914641390,7008,1.159,200,1,
smoke,1,/get-salt,0,320,1776914641391,7004,1.33,200,1,
smoke,1,/get-salt,0,321,1776914641393,7010,1.191,200,1,
smoke,1,/get-salt,0,322,1776914641394,7002,1.479,200,1,
smoke,1,/get-salt,0,323,1776914641395,7010,1.208,200,1,
smoke,1,/get-salt,0,324,1776914641397,7004,1.197,200,1,
smoke,1,/get-salt,0,325,1776914641398,7002,1.231,200,1,
smoke,1,/get-salt,0,326,1776914641399,7002,1.223,200,1,
smoke,1,/get-salt,0,327,1776914641400,7001,1.408,200,1,
smoke,1,/get-salt,0,328,1776914641403,7001,2.853,200,1,
smoke,1,/get-salt,0,329,1776914641405,7003,1.643,200,1,
smoke,1,/get-salt,0,330,1776914641406,7001,1.252,200,1,
smoke,1,/get-salt,0,331,1776914641408,7002,1.409,200,1,
smoke,1,/get-salt,0,332,1776914641409,7008,1.308,200,1,
smoke,1,/get-salt,0,333,1776914641410,7007,1.345,200,1,
smoke,1,/get-salt,0,334,1776914641412,7002,1.345,200,1,
smoke,1,/get-salt,0,335,1776914641413,7002,1.792,200,1,
smoke,1,/get-salt,0,336,1776914641415,7010,1.337,200,1,
smoke,1,/get-salt,0,337,1776914641416,7007,1.376,200,1,
smoke,1,/get-salt,0,338,1776914641418,7003,1.517,200,1,
smoke,1,/get-salt,0,339,1776914641419,7009,1.432,200,1,
smoke,1,/get-salt,0,340,1776914641420,7003,1.182,200,1,
smoke,1,/get-salt,0,341,1776914641422,7005,1.4,200,1,
smoke,1,/get-salt,0,342,1776914641423,7002,1.436,200,1,
smoke,1,/get-salt,0,343,1776914641425,7003,1.423,200,1,
smoke,1,/get-salt,0,344,1776914641426,7009,1.503,200,1,
smoke,1,/get-salt,0,345,1776914641427,7003,1.303,200,1,
smoke,1,/get-salt,0,346,1776914641429,7002,1.325,200,1,
smoke,1,/get-salt,0,347,1776914641430,7009,1.27,200,1,
smoke,1,/get-salt,0,348,1776914641431,7006,1.453,200,1,
smoke,1,/get-salt,0,349,1776914641433,7002,1.377,200,1,
smoke,1,/get-salt,0,350,1776914641434,7009,1.344,200,1,
smoke,1,/get-salt,0,351,1776914641436,7010,1.436,200,1,
smoke,1,/get-salt,0,352,1776914641437,7003,1.475,200,1,
smoke,1,/get-salt,0,353,1776914641438,7006,1.388,200,1,
smoke,1,/get-salt,0,354,1776914641440,7003,1.145,200,1,
smoke,1,/get-salt,0,355,1776914641441,7008,1.523,200,1,
smoke,1,/get-salt,0,356,1776914641442,7003,1.252,200,1,
smoke,1,/get-salt,0,357,1776914641444,7009,1.429,200,1,
smoke,1,/get-salt,0,358,1776914641445,7009,1.269,200,1,
smoke,1,/get-salt,0,359,1776914641446,7008,1.306,200,1,
smoke,1,/get-salt,0,360,1776914641448,7001,1.295,200,1,
smoke,1,/get-salt,0,361,1776914641449,7007,1.458,200,1,
smoke,1,/get-salt,0,362,1776914641451,7009,1.393,200,1,
smoke,1,/get-salt,0,363,1776914641452,7005,1.32,200,1,
smoke,1,/get-salt,0,364,1776914641453,7008,1.469,200,1,
smoke,1,/get-salt,0,365,1776914641455,7004,1.326,200,1,
smoke,1,/get-salt,0,366,1776914641456,7006,1.289,200,1,
smoke,1,/get-salt,0,367,1776914641458,7009,1.554,200,1,
smoke,1,/get-salt,0,368,1776914641459,7001,1.561,200,1,
smoke,1,/get-salt,0,369,1776914641461,7003,1.981,200,1,
smoke,1,/get-salt,0,370,1776914641462,7007,1.316,200,1,
smoke,1,/get-salt,0,371,1776914641464,7006,1.276,200,1,
smoke,1,/get-salt,0,372,1776914641465,7002,1.312,200,1,
smoke,1,/get-salt,0,373,1776914641466,7007,1.072,200,1,
smoke,1,/get-salt,0,374,1776914641467,7007,1.005,200,1,
smoke,1,/get-salt,0,375,1776914641469,7005,1.485,200,1,
smoke,1,/get-salt,0,376,1776914641470,7005,1.278,200,1,
smoke,1,/get-salt,0,377,1776914641471,7001,1.319,200,1,
smoke,1,/get-salt,0,378,1776914641473,7009,1.559,200,1,
smoke,1,/get-salt,0,379,1776914641474,7006,1.518,200,1,
smoke,1,/get-salt,0,380,1776914641476,7008,1.648,200,1,
smoke,1,/get-salt,0,381,1776914641478,7010,1.668,200,1,
smoke,1,/get-salt,0,382,1776914641479,7001,1.508,200,1,
smoke,1,/get-salt,0,383,1776914641481,7008,1.628,200,1,
smoke,1,/get-salt,0,384,1776914641482,7002,1.56,200,1,
smoke,1,/get-salt,0,385,1776914641484,7003,1.455,200,1,
smoke,1,/get-salt,0,386,1776914641485,7007,1.42,200,1,
smoke,1,/get-salt,0,387,1776914641487,7008,1.307,200,1,
smoke,1,/get-salt,0,388,1776914641488,7008,1.002,200,1,
smoke,1,/get-salt,0,389,1776914641489,7004,1.278,200,1,
smoke,1,/get-salt,0,390,1776914641490,7009,1.379,200,1,
smoke,1,/get-salt,0,391,1776914641492,7005,1.382,200,1,
smoke,1,/get-salt,0,392,1776914641493,7004,1.136,200,1,
smoke,1,/get-salt,0,393,1776914641494,7008,1.237,200,1,
smoke,1,/get-salt,0,394,1776914641495,7006,1.427,200,1,
smoke,1,/get-salt,0,395,1776914641497,7007,1.319,200,1,
smoke,1,/get-salt,0,396,1776914641498,7001,1.346,200,1,
smoke,1,/get-salt,0,397,1776914641499,7005,1.327,200,1,
smoke,1,/get-salt,0,398,1776914641501,7004,1.337,200,1,
smoke,1,/get-salt,0,399,1776914641502,7002,1.296,200,1,
smoke,1,/get-salt,0,400,1776914641503,7009,1.257,200,1,
smoke,1,/get-salt,0,401,1776914641506,7009,2.806,200,1,
smoke,1,/get-salt,0,402,1776914641508,7010,1.628,200,1,
smoke,1,/get-salt,0,403,1776914641509,7010,1.299,200,1,
smoke,1,/get-salt,0,404,1776914641510,7005,1.373,200,1,
smoke,1,/get-salt,0,405,1776914641512,7003,1.435,200,1,
smoke,1,/get-salt,0,406,1776914641513,7010,1.204,200,1,
smoke,1,/get-salt,0,407,1776914641515,7007,1.46,200,1,
smoke,1,/get-salt,0,408,1776914641516,7002,1.317,200,1,
smoke,1,/get-salt,0,409,1776914641517,7010,1.22,200,1,
smoke,1,/get-salt,0,410,1776914641519,7004,1.425,200,1,
smoke,1,/get-salt,0,411,1776914641520,7006,1.546,200,1,
smoke,1,/get-salt,0,412,1776914641521,7001,1.299,200,1,
smoke,1,/get-salt,0,413,1776914641523,7002,1.322,200,1,
smoke,1,/get-salt,0,414,1776914641524,7008,1.336,200,1,
smoke,1,/get-salt,0,415,1776914641525,7002,1.085,200,1,
smoke,1,/get-salt,0,416,1776914641527,7010,1.541,200,1,
smoke,1,/get-salt,0,417,1776914641528,7006,1.44,200,1,
smoke,1,/get-salt,0,418,1776914641529,7010,1.226,200,1,
smoke,1,/get-salt,0,419,1776914641531,7003,1.39,200,1,
smoke,1,/get-salt,0,420,1776914641532,7008,1.457,200,1,
smoke,1,/get-salt,0,421,1776914641534,7009,1.343,200,1,
smoke,1,/get-salt,0,422,1776914641535,7002,1.326,200,1,
smoke,1,/get-salt,0,423,1776914641536,7003,1.257,200,1,
smoke,1,/get-salt,0,424,1776914641537,7002,1.273,200,1,
smoke,1,/get-salt,0,425,1776914641539,7005,1.615,200,1,
smoke,1,/get-salt,0,426,1776914641541,7006,1.612,200,1,
smoke,1,/get-salt,0,427,1776914641542,7003,1.587,200,1,
smoke,1,/get-salt,0,428,1776914641544,7006,1.263,200,1,
smoke,1,/get-salt,0,429,1776914641545,7001,1.467,200,1,
smoke,1,/get-salt,0,430,1776914641546,7006,1.412,200,1,
smoke,1,/get-salt,0,431,1776914641548,7008,1.534,200,1,
smoke,1,/get-salt,0,432,1776914641549,7010,1.359,200,1,
smoke,1,/get-salt,0,433,1776914641551,7003,1.42,200,1,
smoke,1,/get-salt,0,434,1776914641552,7005,1.473,200,1,
smoke,1,/get-salt,0,435,1776914641554,7001,1.427,200,1,
smoke,1,/get-salt,0,436,1776914641555,7010,1.642,200,1,
smoke,1,/get-salt,0,437,1776914641557,7008,1.603,200,1,
smoke,1,/get-salt,0,438,1776914641558,7008,1.207,200,1,
smoke,1,/get-salt,0,439,1776914641560,7004,1.645,200,1,
smoke,1,/get-salt,0,440,1776914641561,7007,1.453,200,1,
smoke,1,/get-salt,0,441,1776914641563,7002,1.5,200,1,
smoke,1,/get-salt,0,442,1776914641564,7008,1.249,200,1,
smoke,1,/get-salt,0,443,1776914641565,7010,1.31,200,1,
smoke,1,/get-salt,0,444,1776914641567,7009,1.387,200,1,
smoke,1,/get-salt,0,445,1776914641568,7003,1.728,200,1,
smoke,1,/get-salt,0,446,1776914641570,7005,1.681,200,1,
smoke,1,/get-salt,0,447,1776914641572,7001,1.473,200,1,
smoke,1,/get-salt,0,448,1776914641573,7008,1.432,200,1,
smoke,1,/get-salt,0,449,1776914641575,7004,1.61,200,1,
smoke,1,/get-salt,0,450,1776914641576,7007,1.488,200,1,
smoke,1,/get-salt,0,451,1776914641578,7005,1.459,200,1,
smoke,1,/get-salt,0,452,1776914641579,7005,1.269,200,1,
smoke,1,/get-salt,0,453,1776914641581,7001,1.849,200,1,
smoke,1,/get-salt,0,454,1776914641582,7003,1.536,200,1,
smoke,1,/get-salt,0,455,1776914641584,7005,1.752,200,1,
smoke,1,/get-salt,0,456,1776914641586,7006,1.701,200,1,
smoke,1,/get-salt,0,457,1776914641587,7006,1.43,200,1,
smoke,1,/get-salt,0,458,1776914641589,7008,1.365,200,1,
smoke,1,/get-salt,0,459,1776914641590,7004,1.441,200,1,
smoke,1,/get-salt,0,460,1776914641591,7008,1.197,200,1,
smoke,1,/get-salt,0,461,1776914641593,7009,1.412,200,1,
smoke,1,/get-salt,0,462,1776914641594,7001,1.332,200,1,
smoke,1,/get-salt,0,463,1776914641595,7002,1.294,200,1,
smoke,1,/get-salt,0,464,1776914641597,7009,1.253,200,1,
smoke,1,/get-salt,0,465,1776914641598,7002,1.233,200,1,
smoke,1,/get-salt,0,466,1776914641599,7005,1.403,200,1,
smoke,1,/get-salt,0,467,1776914641600,7009,1.228,200,1,
smoke,1,/get-salt,0,468,1776914641604,7006,3.996,200,1,
smoke,1,/get-salt,0,469,1776914641606,7010,1.567,200,1,
smoke,1,/get-salt,0,470,1776914641607,7004,1.412,200,1,
smoke,1,/get-salt,0,471,1776914641609,7004,1.13,200,1,
smoke,1,/get-salt,0,472,1776914641610,7009,1.434,200,1,
smoke,1,/get-salt,0,473,1776914641611,7002,1.377,200,1,
smoke,1,/get-salt,0,474,1776914641613,7006,1.44,200,1,
smoke,1,/get-salt,0,475,1776914641614,7010,1.415,200,1,
smoke,1,/get-salt,0,476,1776914641615,7005,1.302,200,1,
smoke,1,/get-salt,0,477,1776914641617,7002,1.531,200,1,
smoke,1,/get-salt,0,478,1776914641618,7002,1.217,200,1,
smoke,1,/get-salt,0,479,1776914641620,7004,1.564,200,1,
smoke,1,/get-salt,0,480,1776914641621,7009,1.474,200,1,
smoke,1,/get-salt,0,481,1776914641623,7001,1.515,200,1,
smoke,1,/get-salt,0,482,1776914641624,7010,1.443,200,1,
smoke,1,/get-salt,0,483,1776914641626,7009,1.31,200,1,
smoke,1,/get-salt,0,484,1776914641627,7002,1.506,200,1,
smoke,1,/get-salt,0,485,1776914641628,7002,1.234,200,1,
smoke,1,/get-salt,0,486,1776914641630,7004,1.407,200,1,
smoke,1,/get-salt,0,487,1776914641631,7007,1.521,200,1,
smoke,1,/get-salt,0,488,1776914641633,7005,1.631,200,1,
smoke,1,/get-salt,0,489,1776914641634,7005,1.175,200,1,
smoke,1,/get-salt,0,490,1776914641636,7010,1.444,200,1,
smoke,1,/get-salt,0,491,1776914641637,7002,1.443,200,1,
smoke,1,/get-salt,0,492,1776914641639,7006,1.735,200,1,
smoke,1,/get-salt,0,493,1776914641640,7010,1.48,200,1,
smoke,1,/get-salt,0,494,1776914641642,7002,1.47,200,1,
smoke,1,/get-salt,0,495,1776914641643,7003,1.446,200,1,
smoke,1,/get-salt,0,496,1776914641644,7003,1.257,200,1,
smoke,1,/get-salt,0,497,1776914641646,7003,1.172,200,1,
smoke,1,/get-salt,0,498,1776914641647,7001,1.338,200,1,
smoke,1,/get-salt,0,499,1776914641648,7004,1.468,200,1,
smoke,1,/get-salt,0,500,1776914641650,7006,1.526,200,1,
smoke,1,/get-salt,0,501,1776914641651,7005,1.412,200,1,
smoke,1,/get-salt,0,502,1776914641653,7004,1.3,200,1,
smoke,1,/get-salt,0,503,1776914641654,7002,1.229,429,0,
smoke,1,/get-salt,0,504,1776914641655,7001,1.292,200,1,
smoke,1,/get-salt,0,505,1776914641656,7001,1.218,200,1,
smoke,1,/get-salt,0,506,1776914641658,7007,1.679,200,1,
smoke,1,/get-salt,0,507,1776914641660,7009,2.192,200,1,
smoke,1,/get-salt,0,508,1776914641662,7006,1.5,200,1,
smoke,1,/get-salt,0,509,1776914641663,7004,1.309,200,1,
smoke,1,/get-salt,0,510,1776914641664,7003,1.275,200,1,
smoke,1,/get-salt,0,511,1776914641665,7003,0.983,200,1,
smoke,1,/get-salt,0,512,1776914641666,7004,1.048,200,1,
smoke,1,/get-salt,0,513,1776914641668,7008,1.512,200,1,
smoke,1,/get-salt,0,514,1776914641669,7001,1.354,200,1,
smoke,1,/get-salt,0,515,1776914641671,7008,1.236,200,1,
smoke,1,/get-salt,0,516,1776914641672,7009,1.404,200,1,
smoke,1,/get-salt,0,517,1776914641673,7008,1.181,200,1,
smoke,1,/get-salt,0,518,1776914641675,7006,1.636,200,1,
smoke,1,/get-salt,0,519,1776914641676,7008,1.287,429,0,
smoke,1,/get-salt,0,520,1776914641677,7005,1.425,200,1,
smoke,1,/get-salt,0,521,1776914641679,7003,1.504,200,1,
smoke,1,/get-salt,0,522,1776914641680,7009,1.472,200,1,
smoke,1,/get-salt,0,523,1776914641682,7010,1.43,200,1,
smoke,1,/get-salt,0,524,1776914641683,7005,1.378,200,1,
smoke,1,/get-salt,0,525,1776914641685,7008,1.213,429,0,
smoke,1,/get-salt,0,526,1776914641686,7003,1.515,200,1,
smoke,1,/get-salt,0,527,1776914641687,7007,1.449,200,1,
smoke,1,/get-salt,0,528,1776914641689,7001,1.44,200,1,
smoke,1,/get-salt,0,529,1776914641691,7004,1.663,200,1,
smoke,1,/get-salt,0,530,1776914641692,7005,1.519,200,1,
smoke,1,/get-salt,0,531,1776914641693,7008,1.272,429,0,
smoke,1,/get-salt,0,532,1776914641695,7005,1.242,200,1,
smoke,1,/get-salt,0,533,1776914641696,7010,1.568,200,1,
smoke,1,/get-salt,0,534,1776914641697,7010,1.08,200,1,
smoke,1,/get-salt,0,535,1776914641699,7001,1.279,429,0,
smoke,1,/get-salt,0,536,1776914641700,7002,1.262,429,0,
smoke,1,/get-salt,0,537,1776914641701,7004,1.274,200,1,
smoke,1,/get-salt,0,538,1776914641702,7002,0.911,429,0,
smoke,1,/get-salt,0,539,1776914641703,7007,1.269,200,1,
smoke,1,/get-salt,0,540,1776914641705,7009,1.372,200,1,
smoke,1,/get-salt,0,541,1776914641706,7007,1.302,200,1,
smoke,1,/get-salt,0,542,1776914641707,7002,1.21,429,0,
smoke,1,/get-salt,0,543,1776914641709,7003,1.447,200,1,
smoke,1,/get-salt,0,544,1776914641710,7008,1.591,429,0,
smoke,1,/get-salt,0,545,1776914641712,7007,1.241,200,1,
smoke,1,/get-salt,0,546,1776914641713,7004,1.246,200,1,
smoke,1,/get-salt,0,547,1776914641714,7008,1.03,429,0,
smoke,1,/get-salt,0,548,1776914641715,7010,1.456,200,1,
smoke,1,/get-salt,0,549,1776914641716,7004,1.128,200,1,
smoke,1,/get-salt,0,550,1776914641717,7008,0.957,429,0,
smoke,1,/get-salt,0,551,1776914641719,7009,1.376,429,0,
smoke,1,/get-salt,0,552,1776914641720,7005,1.528,200,1,
smoke,1,/get-salt,0,553,1776914641722,7001,1.202,429,0,
smoke,1,/get-salt,0,554,1776914641723,7008,1.101,429,0,
smoke,1,/get-salt,0,555,1776914641724,7004,1.289,200,1,
smoke,1,/get-salt,0,556,1776914641725,7005,1.309,200,1,
smoke,1,/get-salt,0,557,1776914641727,7006,1.396,200,1,
smoke,1,/get-salt,0,558,1776914641728,7006,1.135,200,1,
smoke,1,/get-salt,0,559,1776914641729,7002,1.187,429,0,
smoke,1,/get-salt,0,560,1776914641730,7010,1.373,200,1,
smoke,1,/get-salt,0,561,1776914641731,7001,1.122,429,0,
smoke,1,/get-salt,0,562,1776914641732,7002,0.994,429,0,
smoke,1,/get-salt,0,563,1776914641734,7010,1.078,200,1,
smoke,1,/get-salt,0,564,1776914641735,7009,1.379,429,0,
smoke,1,/get-salt,0,565,1776914641736,7008,1.209,429,0,
smoke,1,/get-salt,0,566,1776914641738,7003,1.688,200,1,
smoke,1,/get-salt,0,567,1776914641739,7003,1.263,200,1,
smoke,1,/get-salt,0,568,1776914641740,7008,1.338,429,0,
smoke,1,/get-salt,0,569,1776914641742,7002,1.121,429,0,
smoke,1,/get-salt,0,570,1776914641743,7001,1.136,429,0,
smoke,1,/get-salt,0,571,1776914641744,7001,0.897,429,0,
smoke,1,/get-salt,0,572,1776914641745,7008,1.056,429,0,
smoke,1,/get-salt,0,573,1776914641746,7001,0.877,429,0,
smoke,1,/get-salt,0,574,1776914641747,7006,1.503,200,1,
smoke,1,/get-salt,0,575,1776914641748,7006,1.13,200,1,
smoke,1,/get-salt,0,576,1776914641750,7003,1.302,200,1,
smoke,1,/get-salt,0,577,1776914641751,7003,1.206,200,1,
smoke,1,/get-salt,0,578,1776914641752,7007,1.532,200,1,
smoke,1,/get-salt,0,579,1776914641753,7001,1.135,429,0,
smoke,1,/get-salt,0,580,1776914641755,7002,1.158,429,0,
smoke,1,/get-salt,0,581,1776914641756,7004,1.289,200,1,
smoke,1,/get-salt,0,582,1776914641757,7001,0.946,429,0,
smoke,1,/get-salt,0,583,1776914641758,7007,1.241,200,1,
smoke,1,/get-salt,0,584,1776914641759,7007,1.026,200,1,
smoke,1,/get-salt,0,585,1776914641760,7010,1.391,200,1,
smoke,1,/get-salt,0,586,1776914641762,7002,1.106,429,0,
smoke,1,/get-salt,0,587,1776914641763,7010,1.071,200,1,
smoke,1,/get-salt,0,588,1776914641764,7003,1.466,200,1,
smoke,1,/get-salt,0,589,1776914641765,7002,1.188,429,0,
smoke,1,/get-salt,0,590,1776914641767,7005,1.565,200,1,
smoke,1,/get-salt,0,591,1776914641768,7006,1.456,200,1,
smoke,1,/get-salt,0,592,1776914641770,7002,1.147,429,0,
smoke,1,/get-salt,0,593,1776914641771,7005,1.351,200,1,
smoke,1,/get-salt,0,594,1776914641772,7010,1.269,200,1,
smoke,1,/get-salt,0,595,1776914641773,7006,1.213,200,1,
smoke,1,/get-salt,0,596,1776914641774,7010,1.073,200,1,
smoke,1,/get-salt,0,597,1776914641776,7004,1.241,200,1,
smoke,1,/get-salt,0,598,1776914641777,7008,1.25,429,0,
smoke,1,/get-salt,0,599,1776914641778,7004,1.333,200,1,
smoke,1,/get-salt,0,600,1776914641779,7004,1.132,429,0,
smoke,1,/get-salt,0,601,1776914641781,7006,1.402,200,1,
smoke,1,/get-salt,0,602,1776914641782,7001,1.361,429,0,
smoke,1,/get-salt,0,603,1776914641784,7007,1.332,429,0,
smoke,1,/get-salt,0,604,1776914641785,7005,1.336,200,1,
smoke,1,/get-salt,0,605,1776914641786,7010,1.409,200,1,
smoke,1,/get-salt,0,606,1776914641787,7010,1.142,200,1,
smoke,1,/get-salt,0,607,1776914641789,7010,1.109,200,1,
smoke,1,/get-salt,0,608,1776914641790,7001,1.178,429,0,
smoke,1,/get-salt,0,609,1776914641791,7002,1.36,429,0,
smoke,1,/get-salt,0,610,1776914641792,7009,1.161,429,0,
smoke,1,/get-salt,0,611,1776914641794,7003,1.322,429,0,
smoke,1,/get-salt,0,612,1776914641795,7008,1.294,429,0,
smoke,1,/get-salt,0,613,1776914641796,7005,1.49,200,1,
smoke,1,/get-salt,0,614,1776914641798,7002,1.252,429,0,
smoke,1,/get-salt,0,615,1776914641799,7010,1.693,200,1,
smoke,1,/get-salt,0,616,1776914641801,7007,1.272,429,0,
smoke,1,/get-salt,0,617,1776914641802,7003,1.279,429,0,
smoke,1,/get-salt,0,618,1776914641803,7002,1.138,429,0,
smoke,1,/get-salt,0,619,1776914641805,7002,1.448,429,0,
smoke,1,/get-salt,0,620,1776914641806,7003,1.106,429,0,
smoke,1,/get-salt,0,621,1776914641807,7007,1.205,429,0,
smoke,1,/get-salt,0,622,1776914641808,7006,1.554,200,1,
smoke,1,/get-salt,0,623,1776914641810,7010,1.346,429,0,
smoke,1,/get-salt,0,624,1776914641811,7002,1.3,429,0,
smoke,1,/get-salt,0,625,1776914641812,7009,1.309,429,0,
smoke,1,/get-salt,0,626,1776914641813,7002,1.034,429,0,
smoke,1,/get-salt,0,627,1776914641815,7004,1.3,429,0,
smoke,1,/get-salt,0,628,1776914641816,7006,1.614,200,1,
smoke,1,/get-salt,0,629,1776914641818,7005,1.767,200,1,
smoke,1,/get-salt,0,630,1776914641819,7006,1.354,200,1,
smoke,1,/get-salt,0,631,1776914641821,7007,1.534,429,0,
smoke,1,/get-salt,0,632,1776914641822,7004,1.349,429,0,
smoke,1,/get-salt,0,633,1776914641824,7001,1.89,429,0,
smoke,1,/get-salt,0,634,1776914641825,7002,1.18,429,0,
smoke,1,/get-salt,0,635,1776914641827,7010,1.299,429,0,
smoke,1,/get-salt,0,636,1776914641828,7005,1.449,200,1,
smoke,1,/get-salt,0,637,1776914641829,7001,1.092,429,0,
smoke,1,/get-salt,0,638,1776914641830,7008,1.208,429,0,
smoke,1,/get-salt,0,639,1776914641832,7005,1.137,200,1,
smoke,1,/get-salt,0,640,1776914641833,7009,1.258,429,0,
smoke,1,/get-salt,0,641,1776914641834,7010,1.191,429,0,
smoke,1,/get-salt,0,642,1776914641835,7009,1.225,429,0,
smoke,1,/get-salt,0,643,1776914641837,7006,1.412,200,1,
smoke,1,/get-salt,0,644,1776914641838,7008,1.229,429,0,
smoke,1,/get-salt,0,645,1776914641839,7007,1.179,429,0,
smoke,1,/get-salt,0,646,1776914641841,7004,1.35,429,0,
smoke,1,/get-salt,0,647,1776914641842,7006,1.199,200,1,
smoke,1,/get-salt,0,648,1776914641846,7010,4.735,429,0,
smoke,1,/get-salt,0,649,1776914641848,7004,1.317,429,0,
smoke,1,/get-salt,0,650,1776914641849,7005,1.412,200,1,
smoke,1,/get-salt,0,651,1776914641850,7008,1.248,429,0,
smoke,1,/get-salt,0,652,1776914641852,7003,1.128,429,0,
smoke,1,/get-salt,0,653,1776914641853,7004,0.983,429,0,
smoke,1,/get-salt,0,654,1776914641853,7003,0.881,429,0,
smoke,1,/get-salt,0,655,1776914641855,7002,1.191,429,0,
smoke,1,/get-salt,0,656,1776914641856,7009,1.082,429,0,
smoke,1,/get-salt,0,657,1776914641857,7003,0.92,429,0,
smoke,1,/get-salt,0,658,1776914641858,7007,1.085,429,0,
smoke,1,/get-salt,0,659,1776914641859,7010,1.221,429,0,
smoke,1,/get-salt,0,660,1776914641860,7003,1.06,429,0,
smoke,1,/get-salt,0,661,1776914641861,7003,1.046,429,0,
smoke,1,/get-salt,0,662,1776914641862,7007,1.044,429,0,
smoke,1,/get-salt,0,663,1776914641863,7010,1.006,429,0,
smoke,1,/get-salt,0,664,1776914641864,7002,1.186,429,0,
smoke,1,/get-salt,0,665,1776914641865,7008,1.075,429,0,
smoke,1,/get-salt,0,666,1776914641866,7008,0.912,429,0,
smoke,1,/get-salt,0,667,1776914641867,7002,0.992,429,0,
smoke,1,/get-salt,0,668,1776914641868,7010,0.977,429,0,
smoke,1,/get-salt,0,669,1776914641870,7001,1.329,429,0,
smoke,1,/get-salt,0,670,1776914641871,7002,1.3,429,0,
smoke,1,/get-salt,0,671,1776914641872,7005,1.365,200,1,
smoke,1,/get-salt,0,672,1776914641873,7001,1.112,429,0,
smoke,1,/get-salt,0,673,1776914641875,7010,1.329,429,0,
smoke,1,/get-salt,0,674,1776914641876,7008,1.115,429,0,
smoke,1,/get-salt,0,675,1776914641877,7003,1.116,429,0,
smoke,1,/get-salt,0,676,1776914641878,7002,1.112,429,0,
smoke,1,/get-salt,0,677,1776914641879,7002,0.876,429,0,
smoke,1,/get-salt,0,678,1776914641880,7010,1.12,429,0,
smoke,1,/get-salt,0,679,1776914641881,7001,1.078,429,0,
smoke,1,/get-salt,0,680,1776914641882,7010,0.885,429,0,
smoke,1,/get-salt,0,681,1776914641883,7002,1.107,429,0,
smoke,1,/get-salt,0,682,1776914641885,7007,1.373,429,0,
smoke,1,/get-salt,0,683,1776914641886,7002,0.987,429,0,
smoke,1,/get-salt,0,684,1776914641887,7003,1.096,429,0,
smoke,1,/get-salt,0,685,1776914641888,7001,1.022,429,0,
smoke,1,/get-salt,0,686,1776914641889,7004,1.087,429,0,
smoke,1,/get-salt,0,687,1776914641890,7010,1.206,429,0,
smoke,1,/get-salt,0,688,1776914641891,7009,1.261,429,0,
smoke,1,/get-salt,0,689,1776914641892,7008,1.093,429,0,
smoke,1,/get-salt,0,690,1776914641893,7001,1.068,429,0,
smoke,1,/get-salt,0,691,1776914641894,7008,0.901,429,0,
smoke,1,/get-salt,0,692,1776914641895,7007,1.114,429,0,
smoke,1,/get-salt,0,693,1776914641897,7003,1.126,429,0,
smoke,1,/get-salt,0,694,1776914641897,7003,0.876,429,0,
smoke,1,/get-salt,0,695,1776914641899,7002,1.18,429,0,
smoke,1,/get-salt,0,696,1776914641900,7004,1.309,429,0,
smoke,1,/get-salt,0,697,1776914641901,7009,1.322,429,0,
smoke,1,/get-salt,0,698,1776914641903,7003,1.242,429,0,
smoke,1,/get-salt,0,699,1776914641904,7010,1.19,429,0,
smoke,1,/get-salt,0,700,1776914641905,7009,1.12,429,0,
smoke,1,/get-salt,0,701,1776914641906,7007,1.097,429,0,
smoke,1,/get-salt,0,702,1776914641907,7004,1.352,429,0,
smoke,1,/get-salt,0,703,1776914641908,7004,1.012,429,0,
smoke,1,/get-salt,0,704,1776914641910,7003,1.341,429,0,
smoke,1,/get-salt,0,705,1776914641911,7006,1.371,200,1,
smoke,1,/get-salt,0,706,1776914641912,7004,0.984,429,0,
smoke,1,/get-salt,0,707,1776914641913,7004,0.866,429,0,
smoke,1,/get-salt,0,708,1776914641914,7002,1.112,429,0,
smoke,1,/get-salt,0,709,1776914641915,7008,1.31,429,0,
smoke,1,/get-salt,0,710,1776914641916,7008,0.99,429,0,
smoke,1,/get-salt,0,711,1776914641917,7008,0.883,429,0,
smoke,1,/get-salt,0,712,1776914641919,7007,1.279,429,0,
smoke,1,/get-salt,0,713,1776914641920,7001,1.184,429,0,
smoke,1,/get-salt,0,714,1776914641921,7010,1.266,429,0,
smoke,1,/get-salt,0,715,1776914641922,7001,0.943,429,0,
smoke,1,/get-salt,0,716,1776914641923,7008,1.099,429,0,
smoke,1,/get-salt,0,717,1776914641924,7005,1.323,200,1,
smoke,1,/get-salt,0,718,1776914641925,7007,1.079,429,0,
smoke,1,/get-salt,0,719,1776914641927,7006,1.291,200,1,
smoke,1,/get-salt,0,720,1776914641928,7007,0.922,429,0,
smoke,1,/get-salt,0,721,1776914641929,7008,1.007,429,0,
smoke,1,/get-salt,0,722,1776914641931,7003,1.879,429,0,
smoke,1,/get-salt,0,723,1776914641932,7002,1.137,429,0,
smoke,1,/get-salt,0,724,1776914641933,7002,0.894,429,0,
smoke,1,/get-salt,0,725,1776914641934,7005,1.279,200,1,
smoke,1,/get-salt,0,726,1776914641935,7003,1.052,429,0,
smoke,1,/get-salt,0,727,1776914641936,7005,1.507,200,1,
smoke,1,/get-salt,0,728,1776914641938,7001,1.344,429,0,
smoke,1,/get-salt,0,729,1776914641939,7003,1.257,429,0,
smoke,1,/get-salt,0,730,1776914641941,7010,1.438,429,0,
smoke,1,/get-salt,0,731,1776914641942,7002,1.271,429,0,
smoke,1,/get-salt,0,732,1776914641943,7009,1.334,429,0,
smoke,1,/get-salt,0,733,1776914641944,7006,1.233,429,0,
smoke,1,/get-salt,0,734,1776914641945,7009,0.962,429,0,
smoke,1,/get-salt,0,735,1776914641946,7008,1.135,429,0,
smoke,1,/get-salt,0,736,1776914641948,7002,1.049,429,0,
smoke,1,/get-salt,0,737,1776914641949,7006,0.98,429,0,
smoke,1,/get-salt,0,738,1776914641950,7001,1.15,429,0,
smoke,1,/get-salt,0,739,1776914641951,7001,0.974,429,0,
smoke,1,/get-salt,0,740,1776914641952,7005,1.247,429,0,
smoke,1,/get-salt,0,741,1776914641953,7007,1.212,429,0,
smoke,1,/get-salt,0,742,1776914641954,7010,1.167,429,0,
smoke,1,/get-salt,0,743,1776914641955,7008,1.116,429,0,
smoke,1,/get-salt,0,744,1776914641956,7008,1.039,429,0,
smoke,1,/get-salt,0,745,1776914641958,7006,1.1,429,0,
smoke,1,/get-salt,0,746,1776914641959,7002,1.106,429,0,
smoke,1,/get-salt,0,747,1776914641960,7008,0.944,429,0,
smoke,1,/get-salt,0,748,1776914641961,7009,1.171,429,0,
smoke,1,/get-salt,0,749,1776914641962,7008,0.923,429,0,
smoke,1,/get-salt,0,750,1776914641963,7010,1.101,429,0,
smoke,1,/get-salt,0,751,1776914641964,7005,1.15,429,0,
smoke,1,/get-salt,0,752,1776914641965,7010,0.91,429,0,
smoke,1,/get-salt,0,753,1776914641966,7009,0.987,429,0,
smoke,1,/get-salt,0,754,1776914641967,7010,0.883,429,0,
smoke,1,/get-salt,0,755,1776914641968,7008,1.046,429,0,
smoke,1,/get-salt,0,756,1776914641969,7009,1.154,429,0,
smoke,1,/get-salt,0,757,1776914641970,7003,1.444,429,0,
smoke,1,/get-salt,0,758,1776914641972,7010,1.252,429,0,
smoke,1,/get-salt,0,759,1776914641973,7005,1.365,429,0,
smoke,1,/get-salt,0,760,1776914641974,7004,1.271,429,0,
smoke,1,/get-salt,0,761,1776914641976,7001,1.251,429,0,
smoke,1,/get-salt,0,762,1776914641977,7007,1.305,429,0,
smoke,1,/get-salt,0,763,1776914641978,7007,1.056,429,0,
smoke,1,/get-salt,0,764,1776914641979,7009,1.271,429,0,
smoke,1,/get-salt,0,765,1776914641981,7001,1.397,429,0,
smoke,1,/get-salt,0,766,1776914641982,7008,1.318,429,0,
smoke,1,/get-salt,0,767,1776914641983,7004,1.248,429,0,
smoke,1,/get-salt,0,768,1776914641984,7008,1.026,429,0,
smoke,1,/get-salt,0,769,1776914641985,7009,1.236,429,0,
smoke,1,/get-salt,0,770,1776914641987,7007,1.247,429,0,
smoke,1,/get-salt,0,771,1776914641988,7006,1.335,429,0,
smoke,1,/get-salt,0,772,1776914641989,7008,1.13,429,0,
smoke,1,/get-salt,0,773,1776914641991,7010,1.445,429,0,
smoke,1,/get-salt,0,774,1776914641992,7002,1.313,429,0,
smoke,1,/get-salt,0,775,1776914641993,7002,1.026,429,0,
smoke,1,/get-salt,0,776,1776914641994,7001,1.227,429,0,
smoke,1,/get-salt,0,777,1776914641995,7010,1.208,429,0,
smoke,1,/get-salt,0,778,1776914642001,7006,5.225,429,0,
smoke,1,/get-salt,0,779,1776914642002,7007,1.391,429,0,
smoke,1,/get-salt,0,780,1776914642003,7007,0.852,429,0,
smoke,1,/get-salt,0,781,1776914642004,7005,1.248,429,0,
smoke,1,/get-salt,0,782,1776914642005,7001,1.08,429,0,
smoke,1,/get-salt,0,783,1776914642006,7001,0.885,429,0,
smoke,1,/get-salt,0,784,1776914642008,7003,1.339,429,0,
smoke,1,/get-salt,0,785,1776914642009,7004,1.18,429,0,
smoke,1,/get-salt,0,786,1776914642010,7007,1.144,429,0,
smoke,1,/get-salt,0,787,1776914642011,7003,1.142,429,0,
smoke,1,/get-salt,0,788,1776914642012,7005,1.23,429,0,
smoke,1,/get-salt,0,789,1776914642013,7009,1.132,429,0,
smoke,1,/get-salt,0,790,1776914642015,7008,1.118,429,0,
smoke,1,/get-salt,0,791,1776914642015,7009,0.891,429,0,
smoke,1,/get-salt,0,792,1776914642016,7008,0.952,429,0,
smoke,1,/get-salt,0,793,1776914642018,7001,1.142,429,0,
smoke,1,/get-salt,0,794,1776914642019,7003,1.091,429,0,
smoke,1,/get-salt,0,795,1776914642020,7005,1.12,429,0,
smoke,1,/get-salt,0,796,1776914642021,7005,1.028,429,0,
smoke,1,/get-salt,0,797,1776914642022,7001,0.98,429,0,
smoke,1,/get-salt,0,798,1776914642023,7005,1.074,429,0,
smoke,1,/get-salt,0,799,1776914642024,7006,1.156,429,0,
smoke,1,/get-salt,0,800,1776914642025,7006,0.827,429,0,
smoke,1,/get-salt,0,801,1776914642026,7001,1.196,429,0,
smoke,1,/get-salt,0,802,1776914642027,7009,1.223,429,0,
smoke,1,/get-salt,0,803,1776914642028,7008,1.069,429,0,
smoke,1,/get-salt,0,804,1776914642029,7010,1.087,429,0,
smoke,1,/get-salt,0,805,1776914642031,7004,1.152,429,0,
smoke,1,/get-salt,0,806,1776914642032,7003,1.089,429,0,
smoke,1,/get-salt,0,807,1776914642033,7004,0.897,429,0,
smoke,1,/get-salt,0,808,1776914642034,7007,1.145,429,0,
smoke,1,/get-salt,0,809,1776914642035,7002,1.171,429,0,
smoke,1,/get-salt,0,810,1776914642036,7009,1.056,429,0,
smoke,1,/get-salt,0,811,1776914642037,7010,1.135,429,0,
smoke,1,/get-salt,0,812,1776914642038,7008,1.202,429,0,
smoke,1,/get-salt,0,813,1776914642039,7008,0.82,429,0,
smoke,1,/get-salt,0,814,1776914642040,7001,1.177,429,0,
smoke,1,/get-salt,0,815,1776914642041,7009,1.055,429,0,
smoke,1,/get-salt,0,816,1776914642042,7008,0.941,429,0,
smoke,1,/get-salt,0,817,1776914642043,7003,1.098,429,0,
smoke,1,/get-salt,0,818,1776914642045,7007,1.197,429,0,
smoke,1,/get-salt,0,819,1776914642046,7001,1.191,429,0,
smoke,1,/get-salt,0,820,1776914642047,7010,1.275,429,0,
smoke,1,/get-salt,0,821,1776914642048,7009,1.38,429,0,
smoke,1,/get-salt,0,822,1776914642050,7005,1.554,429,0,
smoke,1,/get-salt,0,823,1776914642052,7009,1.473,429,0,
smoke,1,/get-salt,0,824,1776914642053,7007,1.426,429,0,
smoke,1,/get-salt,0,825,1776914642054,7003,1.537,429,0,
smoke,1,/get-salt,0,826,1776914642056,7001,1.535,429,0,
smoke,1,/get-salt,0,827,1776914642057,7010,1.094,429,0,
smoke,1,/get-salt,0,828,1776914642058,7001,0.908,429,0,
smoke,1,/get-salt,0,829,1776914642059,7009,1.081,429,0,
smoke,1,/get-salt,0,830,1776914642060,7003,1.172,429,0,
smoke,1,/get-salt,0,831,1776914642061,7009,0.903,429,0,
smoke,1,/get-salt,0,832,1776914642062,7010,0.99,429,0,
smoke,1,/get-salt,0,833,1776914642063,7010,0.804,429,0,
smoke,1,/get-salt,0,834,1776914642064,7009,1.153,429,0,
smoke,1,/get-salt,0,835,1776914642066,7005,1.617,429,0,
smoke,1,/get-salt,0,836,1776914642067,7009,1.199,429,0,
smoke,1,/get-salt,0,837,1776914642068,7004,1.153,429,0,
smoke,1,/get-salt,0,838,1776914642070,7006,1.356,429,0,
smoke,1,/get-salt,0,839,1776914642071,7008,1.493,429,0,
smoke,1,/get-salt,0,840,1776914642072,7009,1.352,429,0,
smoke,1,/get-salt,0,841,1776914642074,7007,1.56,429,0,
smoke,1,/get-salt,0,842,1776914642076,7003,1.632,429,0,
smoke,1,/get-salt,0,843,1776914642079,7007,3.881,429,0,
smoke,1,/get-salt,0,844,1776914642081,7007,1.732,429,0,
smoke,1,/get-salt,0,845,1776914642082,7003,1.25,429,0,
smoke,1,/get-salt,0,846,1776914642083,7007,0.978,429,0,
smoke,1,/get-salt,0,847,1776914642085,7001,1.144,429,0,
smoke,1,/get-salt,0,848,1776914642086,7002,1.422,429,0,
smoke,1,/get-salt,0,849,1776914642087,7003,1.37,429,0,
smoke,1,/get-salt,0,850,1776914642088,7003,1.063,429,0,
smoke,1,/get-salt,0,851,1776914642090,7009,1.238,429,0,
smoke,1,/get-salt,0,852,1776914642091,7005,1.129,429,0,
smoke,1,/get-salt,0,853,1776914642092,7001,1.148,429,0,
smoke,1,/get-salt,0,854,1776914642093,7002,1.128,429,0,
smoke,1,/get-salt,0,855,1776914642094,7008,1.056,429,0,
smoke,1,/get-salt,0,856,1776914642095,7006,1.088,429,0,
smoke,1,/get-salt,0,857,1776914642096,7003,1.067,429,0,
smoke,1,/get-salt,0,858,1776914642097,7005,1.02,429,0,
smoke,1,/get-salt,0,859,1776914642099,7004,1.149,429,0,
smoke,1,/get-salt,0,860,1776914642100,7010,1.045,429,0,
smoke,1,/get-salt,0,861,1776914642101,7009,1.148,429,0,
smoke,1,/get-salt,0,862,1776914642102,7002,1.028,429,0,
smoke,1,/get-salt,0,863,1776914642103,7009,0.843,429,0,
smoke,1,/get-salt,0,864,1776914642103,7002,0.811,429,0,
smoke,1,/get-salt,0,865,1776914642104,7010,0.954,429,0,
smoke,1,/get-salt,0,866,1776914642105,7007,1.055,429,0,
smoke,1,/get-salt,0,867,1776914642107,7006,1.211,429,0,
smoke,1,/get-salt,0,868,1776914642108,7008,1.205,429,0,
smoke,1,/get-salt,0,869,1776914642109,7003,1.344,429,0,
smoke,1,/get-salt,0,870,1776914642111,7007,1.311,429,0,
smoke,1,/get-salt,0,871,1776914642112,7005,1.281,429,0,
smoke,1,/get-salt,0,872,1776914642113,7006,1.28,429,0,
smoke,1,/get-salt,0,873,1776914642114,7001,1.343,429,0,
smoke,1,/get-salt,0,874,1776914642116,7010,1.366,429,0,
smoke,1,/get-salt,0,875,1776914642117,7010,0.985,429,0,
smoke,1,/get-salt,0,876,1776914642118,7003,1.235,429,0,
smoke,1,/get-salt,0,877,1776914642119,7010,1.062,429,0,
smoke,1,/get-salt,0,878,1776914642120,7008,1.105,429,0,
smoke,1,/get-salt,0,879,1776914642121,7007,1.043,429,0,
smoke,1,/get-salt,0,880,1776914642122,7010,1.011,429,0,
smoke,1,/get-salt,0,881,1776914642123,7005,1.037,429,0,
smoke,1,/get-salt,0,882,1776914642124,7002,1.034,429,0,
smoke,1,/get-salt,0,883,1776914642126,7004,1.142,429,0,
smoke,1,/get-salt,0,884,1776914642127,7001,1.067,429,0,
smoke,1,/get-salt,0,885,1776914642128,7003,1.148,429,0,
smoke,1,/get-salt,0,886,1776914642129,7005,0.995,429,0,
smoke,1,/get-salt,0,887,1776914642130,7010,1.136,429,0,
smoke,1,/get-salt,0,888,1776914642131,7005,0.833,429,0,
smoke,1,/get-salt,0,889,1776914642132,7010,0.943,429,0,
smoke,1,/get-salt,0,890,1776914642133,7008,1.026,429,0,
smoke,1,/get-salt,0,891,1776914642133,7008,0.775,429,0,
smoke,1,/get-salt,0,892,1776914642134,7005,0.89,429,0,
smoke,1,/get-salt,0,893,1776914642135,7004,1.042,429,0,
smoke,1,/get-salt,0,894,1776914642136,7010,1.004,429,0,
smoke,1,/get-salt,0,895,1776914642137,7004,0.81,429,0,
smoke,1,/get-salt,0,896,1776914642138,7009,1.035,429,0,
smoke,1,/get-salt,0,897,1776914642139,7003,1.153,429,0,
smoke,1,/get-salt,0,898,1776914642140,7009,0.992,429,0,
smoke,1,/get-salt,0,899,1776914642142,7002,1.201,429,0,
smoke,1,/get-salt,0,900,1776914642143,7010,1.093,429,0,
smoke,1,/get-salt,0,901,1776914642144,7006,1.213,429,0,
smoke,1,/get-salt,0,902,1776914642145,7003,1.112,429,0,
smoke,1,/get-salt,0,903,1776914642146,7002,1.083,429,0,
smoke,1,/get-salt,0,904,1776914642147,7004,1.126,429,0,
smoke,1,/get-salt,0,905,1776914642148,7001,1.023,429,0,
smoke,1,/get-salt,0,906,1776914642149,7002,0.968,429,0,
smoke,1,/get-salt,0,907,1776914642150,7008,1.115,429,0,
smoke,1,/get-salt,0,908,1776914642151,7002,0.91,429,0,
smoke,1,/get-salt,0,909,1776914642152,7009,1.018,429,0,
smoke,1,/get-salt,0,910,1776914642153,7001,0.927,429,0,
smoke,1,/get-salt,0,911,1776914642154,7003,1.164,429,0,
smoke,1,/get-salt,0,912,1776914642155,7008,0.952,429,0,
smoke,1,/get-salt,0,913,1776914642156,7008,0.773,429,0,
smoke,1,/get-salt,0,914,1776914642157,7008,0.75,429,0,
smoke,1,/get-salt,0,915,1776914642158,7004,1.121,429,0,
smoke,1,/get-salt,0,916,1776914642159,7006,1.152,429,0,
smoke,1,/get-salt,0,917,1776914642160,7003,1.065,429,0,
smoke,1,/get-salt,0,918,1776914642161,7005,1.083,429,0,
smoke,1,/get-salt,0,919,1776914642162,7007,1.031,429,0,
smoke,1,/get-salt,0,920,1776914642164,7002,1.152,429,0,
smoke,1,/get-salt,0,921,1776914642165,7008,1.056,429,0,
smoke,1,/get-salt,0,922,1776914642166,7008,0.897,429,0,
smoke,1,/get-salt,0,923,1776914642166,7008,0.821,429,0,
smoke,1,/get-salt,0,924,1776914642167,7002,1.033,429,0,
smoke,1,/get-salt,0,925,1776914642169,7009,1.345,429,0,
smoke,1,/get-salt,0,926,1776914642170,7001,1.272,429,0,
smoke,1,/get-salt,0,927,1776914642171,7008,1.161,429,0,
smoke,1,/get-salt,0,928,1776914642172,7007,1.202,429,0,
smoke,1,/get-salt,0,929,1776914642174,7010,1.309,429,0,
smoke,1,/get-salt,0,930,1776914642175,7003,1.329,429,0,
smoke,1,/get-salt,0,931,1776914642176,7004,1.143,429,0,
smoke,1,/get-salt,0,932,1776914642177,7009,1.147,429,0,
smoke,1,/get-salt,0,933,1776914642178,7009,0.914,429,0,
smoke,1,/get-salt,0,934,1776914642179,7007,1.099,429,0,
smoke,1,/get-salt,0,935,1776914642181,7010,1.25,429,0,
smoke,1,/get-salt,0,936,1776914642182,7006,1.131,429,0,
smoke,1,/get-salt,0,937,1776914642183,7006,0.97,429,0,
smoke,1,/get-salt,0,938,1776914642184,7002,1.062,429,0,
smoke,1,/get-salt,0,939,1776914642185,7006,0.941,429,0,
smoke,1,/get-salt,0,940,1776914642186,7001,1.181,429,0,
smoke,1,/get-salt,0,941,1776914642187,7004,1.043,429,0,
smoke,1,/get-salt,0,942,1776914642188,7004,0.748,429,0,
smoke,1,/get-salt,0,943,1776914642189,7010,0.978,429,0,
smoke,1,/get-salt,0,944,1776914642190,7008,1.069,429,0,
smoke,1,/get-salt,0,945,1776914642191,7005,1.107,429,0,
smoke,1,/get-salt,0,946,1776914642192,7005,0.74,429,0,
smoke,1,/get-salt,0,947,1776914642193,7002,1.01,429,0,
smoke,1,/get-salt,0,948,1776914642193,7002,0.77,429,0,
smoke,1,/get-salt,0,949,1776914642195,7006,1.16,429,0,
smoke,1,/get-salt,0,950,1776914642196,7008,0.987,429,0,
smoke,1,/get-salt,0,951,1776914642197,7002,1.022,429,0,
smoke,1,/get-salt,0,952,1776914642198,7009,1.188,429,0,
smoke,1,/get-salt,0,953,1776914642199,7002,1.019,429,0,
smoke,1,/get-salt,0,954,1776914642200,7008,1.106,429,0,
smoke,1,/get-salt,0,955,1776914642201,7006,1.361,429,0,
smoke,1,/get-salt,0,956,1776914642202,7002,1.2,429,0,
smoke,1,/get-salt,0,957,1776914642204,7003,1.322,429,0,
smoke,1,/get-salt,0,958,1776914642205,7004,1.311,429,0,
smoke,1,/get-salt,0,959,1776914642206,7005,1.196,429,0,
smoke,1,/get-salt,0,960,1776914642207,7006,1.071,429,0,
smoke,1,/get-salt,0,961,1776914642208,7006,0.78,429,0,
smoke,1,/get-salt,0,962,1776914642209,7004,0.91,429,0,
smoke,1,/get-salt,0,963,1776914642210,7001,1.146,429,0,
smoke,1,/get-salt,0,964,1776914642211,7009,1.05,429,0,
smoke,1,/get-salt,0,965,1776914642212,7009,0.92,429,0,
smoke,1,/get-salt,0,966,1776914642213,7002,1.12,429,0,
smoke,1,/get-salt,0,967,1776914642214,7010,1.032,429,0,
smoke,1,/get-salt,0,968,1776914642215,7002,0.811,429,0,
smoke,1,/get-salt,0,969,1776914642216,7007,1.012,429,0,
smoke,1,/get-salt,0,970,1776914642217,7009,0.901,429,0,
smoke,1,/get-salt,0,971,1776914642218,7009,0.792,429,0,
smoke,1,/get-salt,0,972,1776914642219,7003,1.364,429,0,
smoke,1,/get-salt,0,973,1776914642220,7001,1.191,429,0,
smoke,1,/get-salt,0,974,1776914642222,7003,1.383,429,0,
smoke,1,/get-salt,0,975,1776914642223,7003,0.958,429,0,
smoke,1,/get-salt,0,976,1776914642224,7005,1.117,429,0,
smoke,1,/get-salt,0,977,1776914642225,7005,1.021,429,0,
smoke,1,/get-salt,0,978,1776914642227,7001,1.581,429,0,
smoke,1,/get-salt,0,979,1776914642228,7001,1.431,429,0,
smoke,1,/get-salt,0,980,1776914642229,7010,1.169,429,0,
smoke,1,/get-salt,0,981,1776914642230,7004,1.167,429,0,
smoke,1,/get-salt,0,982,1776914642231,7010,0.857,429,0,
smoke,1,/get-salt,0,983,1776914642232,7007,1.018,429,0,
smoke,1,/get-salt,0,984,1776914642233,7006,1.034,429,0,
smoke,1,/get-salt,0,985,1776914642234,7007,0.8,429,0,
smoke,1,/get-salt,0,986,1776914642235,7009,1.044,429,0,
smoke,1,/get-salt,0,987,1776914642236,7007,0.793,429,0,
smoke,1,/get-salt,0,988,1776914642237,7005,1.049,429,0,
smoke,1,/get-salt,0,989,1776914642238,7005,0.755,429,0,
smoke,1,/get-salt,0,990,1776914642239,7004,1.002,429,0,
smoke,1,/get-salt,0,991,1776914642240,7007,0.854,429,0,
smoke,1,/get-salt,0,992,1776914642241,7005,0.923,429,0,
smoke,1,/get-salt,0,993,1776914642242,7001,1.132,429,0,
smoke,1,/get-salt,0,994,1776914642243,7004,1.02,429,0,
smoke,1,/get-salt,0,995,1776914642243,7004,0.768,429,0,
smoke,1,/get-salt,0,996,1776914642245,7002,1.036,429,0,
smoke,1,/get-salt,0,997,1776914642246,7007,0.99,429,0,
smoke,1,/get-salt,0,998,1776914642247,7001,1.1,429,0,
smoke,1,/get-salt,0,999,1776914642248,7008,1.01,429,0,
smoke,1,/get-salt,0,1000,1776914642249,7007,0.86,429,0,
smoke,1,/get-salt,0,1001,1776914642249,7001,0.912,429,0,
smoke,1,/get-salt,0,1002,1776914642251,7006,1.161,429,0,
smoke,1,/get-salt,0,1003,1776914642252,7008,0.902,429,0,
smoke,1,/get-salt,0,1004,1776914642253,7004,1.19,429,0,
smoke,1,/get-salt,0,1005,1776914642254,7010,1.015,429,0,
smoke,1,/get-salt,0,1006,1776914642255,7005,1.02,429,0,
smoke,1,/get-salt,0,1007,1776914642256,7001,1.131,429,0,
smoke,1,/get-salt,0,1008,1776914642257,7008,1.213,429,0,
smoke,1,/get-salt,0,1009,1776914642258,7005,1.185,429,0,
smoke,1,/get-salt,0,1010,1776914642259,7007,1.204,429,0,
smoke,1,/get-salt,0,1011,1776914642261,7001,1.089,429,0,
smoke,1,/get-salt,0,1012,1776914642262,7005,1.254,429,0,
smoke,1,/get-salt,0,1013,1776914642263,7002,1.252,429,0,
smoke,1,/get-salt,0,1014,1776914642264,7004,1.196,429,0,
smoke,1,/get-salt,0,1015,1776914642265,7002,0.951,429,0,
smoke,1,/get-salt,0,1016,1776914642266,7001,1.135,429,0,
smoke,1,/get-salt,0,1017,1776914642267,7001,0.872,429,0,
smoke,1,/get-salt,0,1018,1776914642268,7003,1.152,429,0,
smoke,1,/get-salt,0,1019,1776914642269,7009,1.003,429,0,
smoke,1,/get-salt,0,1020,1776914642270,7004,1.047,429,0,
smoke,1,/get-salt,0,1021,1776914642271,7001,0.882,429,0,
smoke,1,/get-salt,0,1022,1776914642272,7002,0.979,429,0,
smoke,1,/get-salt,0,1023,1776914642273,7006,1.131,429,0,
smoke,1,/get-salt,0,1024,1776914642275,7008,1.203,429,0,
smoke,1,/get-salt,0,1025,1776914642276,7003,1.118,429,0,
smoke,1,/get-salt,0,1026,1776914642277,7008,0.786,429,0,
smoke,1,/get-salt,0,1027,1776914642278,7004,1.002,429,0,
smoke,1,/get-salt,0,1028,1776914642279,7001,1.008,429,0,
smoke,1,/get-salt,0,1029,1776914642279,7001,0.716,429,0,
smoke,1,/get-salt,0,1030,1776914642280,7007,1.068,429,0,
smoke,1,/get-salt,0,1031,1776914642281,7008,0.9,429,0,
smoke,1,/get-salt,0,1032,1776914642282,7006,1.063,429,0,
smoke,1,/get-salt,0,1033,1776914642283,7001,0.867,429,0,
smoke,1,/get-salt,0,1034,1776914642284,7009,1.019,429,0,
smoke,1,/get-salt,0,1035,1776914642285,7006,0.897,429,0,
smoke,1,/get-salt,0,1036,1776914642286,7001,0.853,429,0,
smoke,1,/get-salt,0,1037,1776914642287,7007,1.011,429,0,
smoke,1,/get-salt,0,1038,1776914642288,7002,1.311,429,0,
smoke,1,/get-salt,0,1039,1776914642290,7005,1.176,429,0,
smoke,1,/get-salt,0,1040,1776914642291,7008,1.138,429,0,
smoke,1,/get-salt,0,1041,1776914642292,7009,1.048,429,0,
smoke,1,/get-salt,0,1042,1776914642293,7008,0.856,429,0,
smoke,1,/get-salt,0,1043,1776914642294,7010,1.04,429,0,
smoke,1,/get-salt,0,1044,1776914642295,7001,1.089,429,0,
smoke,1,/get-salt,0,1045,1776914642296,7005,1.148,429,0,
smoke,1,/get-salt,0,1046,1776914642297,7009,0.939,429,0,
smoke,1,/get-salt,0,1047,1776914642298,7009,0.829,429,0,
smoke,1,/get-salt,0,1048,1776914642298,7009,0.801,429,0,
smoke,1,/get-salt,0,1049,1776914642299,7008,0.982,429,0,
smoke,1,/get-salt,0,1050,1776914642301,7010,1.057,429,0,
smoke,1,/get-salt,0,1051,1776914642302,7002,1.18,429,0,
smoke,1,/get-salt,0,1052,1776914642303,7003,1.236,429,0,
smoke,1,/get-salt,0,1053,1776914642304,7010,0.954,429,0,
smoke,1,/get-salt,0,1054,1776914642305,7008,0.998,429,0,
smoke,1,/get-salt,0,1055,1776914642309,7006,3.992,429,0,
smoke,1,/get-salt,0,1056,1776914642310,7003,1.358,429,0,
smoke,1,/get-salt,0,1057,1776914642311,7002,1.175,429,0,
smoke,1,/get-salt,0,1058,1776914642313,7007,1.045,429,0,
smoke,1,/get-salt,0,1059,1776914642314,7001,1.001,429,0,
smoke,1,/get-salt,0,1060,1776914642315,7005,1.065,429,0,
smoke,1,/get-salt,0,1061,1776914642316,7002,0.929,429,0,
smoke,1,/get-salt,0,1062,1776914642316,7007,0.878,429,0,
smoke,1,/get-salt,0,1063,1776914642317,7010,1.047,429,0,
smoke,1,/get-salt,0,1064,1776914642318,7006,1.041,429,0,
smoke,1,/get-salt,0,1065,1776914642319,7010,0.817,429,0,
smoke,1,/get-salt,0,1066,1776914642320,7002,0.966,429,0,
smoke,1,/get-salt,0,1067,1776914642321,7007,0.9,429,0,
smoke,1,/get-salt,0,1068,1776914642322,7002,0.99,429,0,
smoke,1,/get-salt,0,1069,1776914642323,7009,1.153,429,0,
smoke,1,/get-salt,0,1070,1776914642324,7005,1.029,429,0,
smoke,1,/get-salt,0,1071,1776914642325,7007,0.979,429,0,
smoke,1,/get-salt,0,1072,1776914642326,7005,1.014,429,0,
smoke,1,/get-salt,0,1073,1776914642327,7005,0.931,429,0,
smoke,1,/get-salt,0,1074,1776914642328,7010,1.109,429,0,
smoke,1,/get-salt,0,1075,1776914642330,7009,1.261,429,0,
smoke,1,/get-salt,0,1076,1776914642331,7009,1.095,429,0,
smoke,1,/get-salt,0,1077,1776914642332,7004,1.202,429,0,
smoke,1,/get-salt,0,1078,1776914642333,7008,1.131,429,0,
smoke,1,/get-salt,0,1079,1776914642334,7006,1.172,429,0,
smoke,1,/get-salt,0,1080,1776914642336,7003,1.186,429,0,
smoke,1,/get-salt,0,1081,1776914642337,7002,1.034,429,0,
smoke,1,/get-salt,0,1082,1776914642338,7005,1.029,429,0,
smoke,1,/get-salt,0,1083,1776914642339,7006,1.03,429,0,
smoke,1,/get-salt,0,1084,1776914642340,7008,1.127,429,0,
smoke,1,/get-salt,0,1085,1776914642341,7007,1.179,429,0,
smoke,1,/get-salt,0,1086,1776914642342,7009,1.13,429,0,
smoke,1,/get-salt,0,1087,1776914642343,7010,1.108,429,0,
smoke,1,/get-salt,0,1088,1776914642344,7002,1.044,429,0,
smoke,1,/get-salt,0,1089,1776914642345,7007,0.942,429,0,
smoke,1,/get-salt,0,1090,1776914642346,7002,0.811,429,0,
smoke,1,/get-salt,0,1091,1776914642347,7003,1.048,429,0,
smoke,1,/get-salt,0,1092,1776914642348,7002,0.871,429,0,
smoke,1,/get-salt,0,1093,1776914642349,7009,1.127,429,0,
smoke,1,/get-salt,0,1094,1776914642350,7003,1.021,429,0,
smoke,1,/get-salt,0,1095,1776914642351,7008,1.122,429,0,
smoke,1,/get-salt,0,1096,1776914642352,7004,1.151,429,0,
smoke,1,/get-salt,0,1097,1776914642353,7003,1.055,429,0,
smoke,1,/get-salt,0,1098,1776914642355,7005,1.177,429,0,
smoke,1,/get-salt,0,1099,1776914642356,7005,0.904,429,0,
smoke,1,/get-salt,0,1100,1776914642357,7001,1.194,429,0,
smoke,1,/get-salt,0,1101,1776914642358,7009,1.107,429,0,
smoke,1,/get-salt,0,1102,1776914642359,7010,1.154,429,0,
smoke,1,/get-salt,0,1103,1776914642360,7010,1.075,429,0,
smoke,1,/get-salt,0,1104,1776914642361,7005,1.292,429,0,
smoke,1,/get-salt,0,1105,1776914642362,7007,1.126,429,0,
smoke,1,/get-salt,0,1106,1776914642364,7006,1.121,429,0,
smoke,1,/get-salt,0,1107,1776914642365,7009,1.097,429,0,
smoke,1,/get-salt,0,1108,1776914642366,7008,1.218,429,0,
smoke,1,/get-salt,0,1109,1776914642367,7008,0.878,429,0,
smoke,1,/get-salt,0,1110,1776914642368,7010,1.161,429,0,
smoke,1,/get-salt,0,1111,1776914642369,7002,1.202,429,0,
smoke,1,/get-salt,0,1112,1776914642371,7003,1.348,429,0,
smoke,1,/get-salt,0,1113,1776914642372,7009,1.414,429,0,
smoke,1,/get-salt,0,1114,1776914642373,7001,1.48,429,0,
smoke,1,/get-salt,0,1115,1776914642375,7010,1.293,429,0,
smoke,1,/get-salt,0,1116,1776914642376,7009,1.197,429,0,
smoke,1,/get-salt,0,1117,1776914642378,7002,2.034,429,0,
smoke,1,/get-salt,0,1118,1776914642379,7009,1.381,429,0,
smoke,1,/get-salt,0,1119,1776914642381,7003,1.577,429,0,
smoke,1,/get-salt,0,1120,1776914642382,7003,1.134,429,0,
smoke,1,/get-salt,0,1121,1776914642383,7008,1.042,429,0,
smoke,1,/get-salt,0,1122,1776914642384,7007,1.03,429,0,
smoke,1,/get-salt,0,1123,1776914642385,7008,0.897,429,0,
smoke,1,/get-salt,0,1124,1776914642386,7004,1.069,429,0,
smoke,1,/get-salt,0,1125,1776914642387,7010,1.13,429,0,
smoke,1,/get-salt,0,1126,1776914642388,7005,1.141,429,0,
smoke,1,/get-salt,0,1127,1776914642389,7007,0.982,429,0,
smoke,1,/get-salt,0,1128,1776914642390,7006,1.093,429,0,
smoke,1,/get-salt,0,1129,1776914642392,7001,1.015,429,0,
smoke,1,/get-salt,0,1130,1776914642393,7008,1.083,429,0,
smoke,1,/get-salt,0,1131,1776914642394,7004,1.065,429,0,
smoke,1,/get-salt,0,1132,1776914642395,7006,0.965,429,0,
smoke,1,/get-salt,0,1133,1776914642395,7008,0.865,429,0,
smoke,1,/get-salt,0,1134,1776914642397,7009,1.106,429,0,
smoke,1,/get-salt,0,1135,1776914642398,7006,0.928,429,0,
smoke,1,/get-salt,0,1136,1776914642399,7005,1.157,429,0,
smoke,1,/get-salt,0,1137,1776914642400,7006,0.849,429,0,
smoke,1,/get-salt,0,1138,1776914642401,7001,1.091,429,0,
smoke,1,/get-salt,0,1139,1776914642402,7001,0.857,429,0,
smoke,1,/get-salt,0,1140,1776914642402,7008,0.99,429,0,
smoke,1,/get-salt,0,1141,1776914642404,7007,1.025,429,0,
smoke,1,/get-salt,0,1142,1776914642404,7005,0.953,429,0,
smoke,1,/get-salt,0,1143,1776914642405,7006,0.943,429,0,
smoke,1,/get-salt,0,1144,1776914642406,7002,1.038,429,0,
smoke,1,/get-salt,0,1145,1776914642408,7009,1.09,429,0,
smoke,1,/get-salt,0,1146,1776914642409,7007,0.939,429,0,
smoke,1,/get-salt,0,1147,1776914642410,7001,1.047,429,0,
smoke,1,/get-salt,0,1148,1776914642411,7001,0.985,429,0,
smoke,1,/get-salt,0,1149,1776914642412,7008,0.991,429,0,
smoke,1,/get-salt,0,1150,1776914642413,7002,0.958,429,0,
smoke,1,/get-salt,0,1151,1776914642413,7001,0.945,429,0,
smoke,1,/get-salt,0,1152,1776914642415,7003,1.221,429,0,
smoke,1,/get-salt,0,1153,1776914642416,7003,0.888,429,0,
smoke,1,/get-salt,0,1154,1776914642417,7010,1.105,429,0,
smoke,1,/get-salt,0,1155,1776914642418,7005,1.026,429,0,
smoke,1,/get-salt,0,1156,1776914642419,7007,1.036,429,0,
smoke,1,/get-salt,0,1157,1776914642420,7005,0.815,429,0,
smoke,1,/get-salt,0,1158,1776914642421,7004,1.139,429,0,
smoke,1,/get-salt,0,1159,1776914642422,7003,1.215,429,0,
smoke,1,/get-salt,0,1160,1776914642423,7010,1.173,429,0,
smoke,1,/get-salt,0,1161,1776914642424,7005,0.968,429,0,
smoke,1,/get-salt,0,1162,1776914642425,7010,0.778,429,0,
smoke,1,/get-salt,0,1163,1776914642426,7009,1.1,429,0,
smoke,1,/get-salt,0,1164,1776914642427,7001,1.089,429,0,
smoke,1,/get-salt,0,1165,1776914642428,7009,0.892,429,0,
smoke,1,/get-salt,0,1166,1776914642429,7003,0.976,429,0,
smoke,1,/get-salt,0,1167,1776914642430,7007,1.142,429,0,
smoke,1,/get-salt,0,1168,1776914642431,7005,1.198,429,0,
smoke,1,/get-salt,0,1169,1776914642432,7005,0.877,429,0,
smoke,1,/get-salt,0,1170,1776914642433,7001,1.074,429,0,
smoke,1,/get-salt,0,1171,1776914642434,7002,1.17,429,0,
smoke,1,/get-salt,0,1172,1776914642435,7003,1.02,429,0,
smoke,1,/get-salt,0,1173,1776914642436,7005,0.92,429,0,
smoke,1,/get-salt,0,1174,1776914642437,7005,0.902,429,0,
smoke,1,/get-salt,0,1175,1776914642438,7001,1.068,429,0,
smoke,1,/get-salt,0,1176,1776914642439,7001,0.92,429,0,
smoke,1,/get-salt,0,1177,1776914642441,7004,1.295,429,0,
smoke,1,/get-salt,0,1178,1776914642442,7006,1.193,429,0,
smoke,1,/get-salt,0,1179,1776914642443,7008,1.148,429,0,
smoke,1,/get-salt,0,1180,1776914642444,7004,1.049,429,0,
smoke,1,/get-salt,0,1181,1776914642445,7001,1.08,429,0,
smoke,1,/get-salt,0,1182,1776914642446,7002,1.096,429,0,
smoke,1,/get-salt,0,1183,1776914642447,7007,1.16,429,0,
smoke,1,/get-salt,0,1184,1776914642448,7003,1.138,429,0,
smoke,1,/get-salt,0,1185,1776914642449,7003,0.889,429,0,
smoke,1,/get-salt,0,1186,1776914642451,7006,1.294,429,0,
smoke,1,/get-salt,0,1187,1776914642452,7009,1.098,429,0,
smoke,1,/get-salt,0,1188,1776914642453,7002,1.179,429,0,
smoke,1,/get-salt,0,1189,1776914642454,7009,0.878,429,0,
smoke,1,/get-salt,0,1190,1776914642455,7001,1.061,429,0,
smoke,1,/get-salt,0,1191,1776914642459,7005,4.356,429,0,
smoke,1,/get-salt,0,1192,1776914642461,7006,1.314,429,0,
smoke,1,/get-salt,0,1193,1776914642462,7003,1.093,429,0,
smoke,1,/get-salt,0,1194,1776914642463,7009,1.059,429,0,
smoke,1,/get-salt,0,1195,1776914642464,7001,1.207,429,0,
smoke,1,/get-salt,0,1196,1776914642465,7008,1.145,429,0,
smoke,1,/get-salt,0,1197,1776914642466,7004,1.187,429,0,
smoke,1,/get-salt,0,1198,1776914642467,7005,1.126,429,0,
smoke,1,/get-salt,0,1199,1776914642469,7006,1.106,429,0,
smoke,1,/get-salt,0,1200,1776914642470,7009,1.231,429,0,
smoke,1,/get-salt,0,1201,1776914642471,7004,1.166,429,0,
smoke,1,/get-salt,0,1202,1776914642472,7010,1.236,429,0,
smoke,1,/get-salt,0,1203,1776914642473,7010,1.021,429,0,
smoke,1,/get-salt,0,1204,1776914642474,7007,1.092,429,0,
smoke,1,/get-salt,0,1205,1776914642475,7004,1.02,429,0,
smoke,1,/get-salt,0,1206,1776914642476,7005,1.087,429,0,
smoke,1,/get-salt,0,1207,1776914642477,7001,1.015,429,0,
smoke,1,/get-salt,0,1208,1776914642478,7010,0.981,429,0,
smoke,1,/get-salt,0,1209,1776914642479,7005,0.919,429,0,
smoke,1,/get-salt,0,1210,1776914642480,7008,1.144,429,0,
smoke,1,/get-salt,0,1211,1776914642481,7008,0.905,429,0,
smoke,1,/get-salt,0,1212,1776914642482,7007,0.994,429,0,
smoke,1,/get-salt,0,1213,1776914642483,7002,0.961,429,0,
smoke,1,/get-salt,0,1214,1776914642484,7009,0.978,429,0,
smoke,1,/get-salt,0,1215,1776914642485,7005,1.098,429,0,
smoke,1,/get-salt,0,1216,1776914642486,7009,0.941,429,0,
smoke,1,/get-salt,0,1217,1776914642487,7009,0.857,429,0,
smoke,1,/get-salt,0,1218,1776914642488,7004,1.08,429,0,
smoke,1,/get-salt,0,1219,1776914642489,7006,1.084,429,0,
smoke,1,/get-salt,0,1220,1776914642491,7003,1.2,429,0,
smoke,1,/get-salt,0,1221,1776914642492,7007,1.249,429,0,
smoke,1,/get-salt,0,1222,1776914642493,7010,1.24,429,0,
smoke,1,/get-salt,0,1223,1776914642494,7007,0.925,429,0,
smoke,1,/get-salt,0,1224,1776914642495,7009,1.054,429,0,
smoke,1,/get-salt,0,1225,1776914642496,7007,0.734,429,0,
smoke,1,/get-salt,0,1226,1776914642497,7004,1.113,429,0,
smoke,1,/get-salt,0,1227,1776914642498,7010,0.88,429,0,
smoke,1,/get-salt,0,1228,1776914642499,7006,1.115,429,0,
smoke,1,/get-salt,0,1229,1776914642500,7006,0.852,429,0,
smoke,1,/get-salt,0,1230,1776914642501,7002,1.134,429,0,
smoke,1,/get-salt,0,1231,1776914642502,7003,1.054,429,0,
smoke,1,/get-salt,0,1232,1776914642503,7009,1.003,429,0,
smoke,1,/get-salt,0,1233,1776914642504,7007,1.056,429,0,
smoke,1,/get-salt,0,1234,1776914642505,7008,1.054,429,0,
smoke,1,/get-salt,0,1235,1776914642506,7007,0.861,429,0,
smoke,1,/get-salt,0,1236,1776914642507,7005,1.186,429,0,
smoke,1,/get-salt,0,1237,1776914642508,7005,0.898,429,0,
smoke,1,/get-salt,0,1238,1776914642509,7003,1.077,429,0,
smoke,1,/get-salt,0,1239,1776914642510,7002,1.182,429,0,
smoke,1,/get-salt,0,1240,1776914642511,7010,1.107,429,0,
smoke,1,/get-salt,0,1241,1776914642512,7002,1.01,429,0,
smoke,1,/get-salt,0,1242,1776914642514,7004,1.181,429,0,
smoke,1,/get-salt,0,1243,1776914642515,7007,1.139,429,0,
smoke,1,/get-salt,0,1244,1776914642516,7003,1.291,429,0,
smoke,1,/get-salt,0,1245,1776914642517,7004,1.09,429,0,
smoke,1,/get-salt,0,1246,1776914642518,7005,1.241,429,0,
smoke,1,/get-salt,0,1247,1776914642519,7003,1.027,429,0,
smoke,1,/get-salt,0,1248,1776914642521,7010,1.118,429,0,
smoke,1,/get-salt,0,1249,1776914642521,7003,0.925,429,0,
smoke,1,/get-salt,0,1250,1776914642523,7008,1.112,429,0,
smoke,1,/get-salt,0,1251,1776914642524,7006,1.112,429,0,
smoke,1,/get-salt,0,1252,1776914642525,7004,1.116,429,0,
smoke,1,/get-salt,0,1253,1776914642526,7004,0.849,429,0,
smoke,1,/get-salt,0,1254,1776914642527,7001,1.103,429,0,
smoke,1,/get-salt,0,1255,1776914642528,7010,1.147,429,0,
smoke,1,/get-salt,0,1256,1776914642529,7005,1.035,429,0,
smoke,1,/get-salt,0,1257,1776914642530,7003,1.062,429,0,
smoke,1,/get-salt,0,1258,1776914642531,7005,0.808,429,0,
smoke,1,/get-salt,0,1259,1776914642532,7007,1.072,429,0,
smoke,1,/get-salt,0,1260,1776914642533,7001,0.931,429,0,
smoke,1,/get-salt,0,1261,1776914642534,7001,0.685,429,0,
smoke,1,/get-salt,0,1262,1776914642535,7005,0.995,429,0,
smoke,1,/get-salt,0,1263,1776914642536,7007,0.918,429,0,
smoke,1,/get-salt,0,1264,1776914642537,7006,1.094,429,0,
smoke,1,/get-salt,0,1265,1776914642537,7007,0.861,429,0,
smoke,1,/get-salt,0,1266,1776914642538,7004,0.999,429,0,
smoke,1,/get-salt,0,1267,1776914642539,7003,0.992,429,0,
smoke,1,/get-salt,0,1268,1776914642541,7001,1.033,429,0,
smoke,1,/get-salt,0,1269,1776914642541,7001,0.844,429,0,
smoke,1,/get-salt,0,1270,1776914642542,7006,1.071,429,0,
smoke,1,/get-salt,0,1271,1776914642544,7009,1.099,429,0,
smoke,1,/get-salt,0,1272,1776914642545,7003,0.989,429,0,
smoke,1,/get-salt,0,1273,1776914642546,7007,1.05,429,0,
smoke,1,/get-salt,0,1274,1776914642547,7001,1.014,429,0,
smoke,1,/get-salt,0,1275,1776914642548,7002,1.051,429,0,
smoke,1,/get-salt,0,1276,1776914642549,7007,0.874,429,0,
smoke,1,/get-salt,0,1277,1776914642550,7004,0.994,429,0,
smoke,1,/get-salt,0,1278,1776914642550,7001,0.955,429,0,
smoke,1,/get-salt,0,1279,1776914642551,7008,0.962,429,0,
smoke,1,/get-salt,0,1280,1776914642552,7008,0.734,429,0,
smoke,1,/get-salt,0,1281,1776914642553,7007,0.976,429,0,
smoke,1,/get-salt,0,1282,1776914642554,7005,1.196,429,0,
smoke,1,/get-salt,0,1283,1776914642555,7004,0.968,429,0,
smoke,1,/get-salt,0,1284,1776914642556,7002,1.058,429,0,
smoke,1,/get-salt,0,1285,1776914642557,7007,0.983,429,0,
smoke,1,/get-salt,0,1286,1776914642559,7009,1.13,429,0,
smoke,1,/get-salt,0,1287,1776914642560,7008,1.004,429,0,
smoke,1,/get-salt,0,1288,1776914642561,7001,1.114,429,0,
smoke,1,/get-salt,0,1289,1776914642562,7003,1.161,429,0,
smoke,1,/get-salt,0,1290,1776914642563,7007,1.12,429,0,
smoke,1,/get-salt,0,1291,1776914642564,7005,1.09,429,0,
smoke,1,/get-salt,0,1292,1776914642565,7008,0.951,429,0,
smoke,1,/get-salt,0,1293,1776914642566,7006,1.016,429,0,
smoke,1,/get-salt,0,1294,1776914642567,7002,1.046,429,0,
smoke,1,/get-salt,0,1295,1776914642568,7009,1.025,429,0,
smoke,1,/get-salt,0,1296,1776914642569,7008,0.861,429,0,
smoke,1,/get-salt,0,1297,1776914642570,7008,0.714,429,0,
smoke,1,/get-salt,0,1298,1776914642571,7004,1.023,429,0,
smoke,1,/get-salt,0,1299,1776914642572,7010,0.988,429,0,
smoke,1,/get-salt,0,1300,1776914642573,7009,0.925,429,0,
smoke,1,/get-salt,0,1301,1776914642573,7004,0.864,429,0,
smoke,1,/get-salt,0,1302,1776914642574,7009,0.931,429,0,
smoke,1,/get-salt,0,1303,1776914642576,7003,1.148,429,0,
smoke,1,/get-salt,0,1304,1776914642577,7010,0.978,429,0,
smoke,1,/get-salt,0,1305,1776914642578,7007,1.094,429,0,
smoke,1,/get-salt,0,1306,1776914642579,7007,0.903,429,0,
smoke,1,/get-salt,0,1307,1776914642580,7005,1.085,429,0,
smoke,1,/get-salt,0,1308,1776914642581,7003,1.071,429,0,
smoke,1,/get-salt,0,1309,1776914642582,7003,1.467,429,0,
smoke,1,/get-salt,0,1310,1776914642583,7009,1.089,429,0,
smoke,1,/get-salt,0,1311,1776914642584,7003,0.761,429,0,
smoke,1,/get-salt,0,1312,1776914642585,7007,0.964,429,0,
smoke,1,/get-salt,0,1313,1776914642586,7006,1.053,429,0,
smoke,1,/get-salt,0,1314,1776914642587,7006,0.87,429,0,
smoke,1,/get-salt,0,1315,1776914642588,7005,0.989,429,0,
smoke,1,/get-salt,0,1316,1776914642589,7010,0.988,429,0,
smoke,1,/get-salt,0,1317,1776914642590,7004,1.095,429,0,
smoke,1,/get-salt,0,1318,1776914642591,7001,1.066,429,0,
smoke,1,/get-salt,0,1319,1776914642592,7005,0.921,429,0,
smoke,1,/get-salt,0,1320,1776914642593,7001,0.727,429,0,
smoke,1,/get-salt,0,1321,1776914642594,7005,0.765,429,0,
smoke,1,/get-salt,0,1322,1776914642595,7008,0.989,429,0,
smoke,1,/get-salt,0,1323,1776914642595,7010,0.907,429,0,
smoke,1,/get-salt,0,1324,1776914642596,7009,0.971,429,0,
smoke,1,/get-salt,0,1325,1776914642597,7002,0.974,429,0,
smoke,1,/get-salt,0,1326,1776914642598,7004,1.076,429,0,
smoke,1,/get-salt,0,1327,1776914642599,7004,0.83,429,0,
smoke,1,/get-salt,0,1328,1776914642600,7007,1.114,429,0,
smoke,1,/get-salt,0,1329,1776914642601,7007,0.734,429,0,
smoke,1,/get-salt,0,1330,1776914642602,7004,0.814,429,0,
smoke,1,/get-salt,0,1331,1776914642603,7007,0.721,429,0,
smoke,1,/get-salt,0,1332,1776914642604,7010,0.965,429,0,
smoke,1,/get-salt,0,1333,1776914642605,7002,1.111,429,0,
smoke,1,/get-salt,0,1334,1776914642606,7004,0.996,429,0,
smoke,1,/get-salt,0,1335,1776914642607,7002,0.881,429,0,
smoke,1,/get-salt,0,1336,1776914642608,7006,0.972,429,0,
smoke,1,/get-salt,0,1337,1776914642608,7002,0.876,429,0,
smoke,1,/get-salt,0,1338,1776914642609,7004,0.859,429,0,
smoke,1,/get-salt,0,1339,1776914642610,7007,1.104,429,0,
smoke,1,/get-salt,0,1340,1776914642611,7004,0.962,429,0,
smoke,1,/get-salt,0,1341,1776914642612,7003,0.978,429,0,
smoke,1,/get-salt,0,1342,1776914642613,7010,0.979,429,0,
smoke,1,/get-salt,0,1343,1776914642614,7004,0.795,429,0,
smoke,1,/get-salt,0,1344,1776914642615,7009,0.982,429,0,
smoke,1,/get-salt,0,1345,1776914642616,7002,1.049,429,0,
smoke,1,/get-salt,0,1346,1776914642617,7008,0.98,429,0,
smoke,1,/get-salt,0,1347,1776914642618,7004,0.794,429,0,
smoke,1,/get-salt,0,1348,1776914642619,7007,1.054,429,0,
smoke,1,/get-salt,0,1349,1776914642620,7009,1.002,429,0,
smoke,1,/get-salt,0,1350,1776914642621,7005,1.078,429,0,
smoke,1,/get-salt,0,1351,1776914642626,7008,4.501,429,0,
smoke,1,/get-salt,0,1352,1776914642627,7001,1.219,429,0,
smoke,1,/get-salt,0,1353,1776914642628,7008,0.96,429,0,
smoke,1,/get-salt,0,1354,1776914642629,7003,1.036,429,0,
smoke,1,/get-salt,0,1355,1776914642630,7008,0.729,429,0,
smoke,1,/get-salt,0,1356,1776914642631,7001,0.876,429,0,
smoke,1,/get-salt,0,1357,1776914642632,7005,1.061,429,0,
smoke,1,/get-salt,0,1358,1776914642632,7005,0.818,429,0,
smoke,1,/get-salt,0,1359,1776914642634,7010,1.09,429,0,
smoke,1,/get-salt,0,1360,1776914642634,7005,0.894,429,0,
smoke,1,/get-salt,0,1361,1776914642635,7007,0.978,429,0,
smoke,1,/get-salt,0,1362,1776914642636,7006,1.07,429,0,
smoke,1,/get-salt,0,1363,1776914642637,7010,0.936,429,0,
smoke,1,/get-salt,0,1364,1776914642638,7008,1.067,429,0,
smoke,1,/get-salt,0,1365,1776914642639,7010,0.802,429,0,
smoke,1,/get-salt,0,1366,1776914642640,7001,1.017,429,0,
smoke,1,/get-salt,0,1367,1776914642641,7003,1.066,429,0,
smoke,1,/get-salt,0,1368,1776914642642,7003,0.823,429,0,
smoke,1,/get-salt,0,1369,1776914642643,7007,0.994,429,0,
smoke,1,/get-salt,0,1370,1776914642644,7010,0.853,429,0,
smoke,1,/get-salt,0,1371,1776914642645,7010,0.683,429,0,
smoke,1,/get-salt,0,1372,1776914642646,7004,1.067,429,0,
smoke,1,/get-salt,0,1373,1776914642647,7008,1.084,429,0,
smoke,1,/get-salt,0,1374,1776914642648,7001,0.923,429,0,
smoke,1,/get-salt,0,1375,1776914642649,7005,1.118,429,0,
smoke,1,/get-salt,0,1376,1776914642650,7003,1.173,429,0,
smoke,1,/get-salt,0,1377,1776914642651,7002,1.031,429,0,
smoke,1,/get-salt,0,1378,1776914642652,7005,0.912,429,0,
smoke,1,/get-salt,0,1379,1776914642653,7004,1.175,429,0,
smoke,1,/get-salt,0,1380,1776914642654,7003,0.993,429,0,
smoke,1,/get-salt,0,1381,1776914642655,7004,0.891,429,0,
smoke,1,/get-salt,0,1382,1776914642656,7002,1.06,429,0,
smoke,1,/get-salt,0,1383,1776914642657,7010,1.064,429,0,
smoke,1,/get-salt,0,1384,1776914642658,7005,1.155,429,0,
smoke,1,/get-salt,0,1385,1776914642659,7010,0.885,429,0,
smoke,1,/get-salt,0,1386,1776914642660,7010,0.938,429,0,
smoke,1,/get-salt,0,1387,1776914642661,7003,1.041,429,0,
smoke,1,/get-salt,0,1388,1776914642662,7005,1.11,429,0,
smoke,1,/get-salt,0,1389,1776914642664,7002,1.118,429,0,
smoke,1,/get-salt,0,1390,1776914642665,7008,1.012,429,0,
smoke,1,/get-salt,0,1391,1776914642666,7007,1.003,429,0,
smoke,1,/get-salt,0,1392,1776914642666,7002,0.928,429,0,
smoke,1,/get-salt,0,1393,1776914642668,7009,1.079,429,0,
smoke,1,/get-salt,0,1394,1776914642668,7009,0.893,429,0,
smoke,1,/get-salt,0,1395,1776914642670,7005,1.096,429,0,
smoke,1,/get-salt,0,1396,1776914642671,7004,1.067,429,0,
smoke,1,/get-salt,0,1397,1776914642672,7001,1.018,429,0,
smoke,1,/get-salt,0,1398,1776914642673,7008,1.061,429,0,
smoke,1,/get-salt,0,1399,1776914642674,7009,1.056,429,0,
smoke,1,/get-salt,0,1400,1776914642675,7004,0.969,429,0,
smoke,1,/get-salt,0,1401,1776914642676,7008,0.87,429,0,
smoke,1,/get-salt,0,1402,1776914642677,7010,1.061,429,0,
smoke,1,/get-salt,0,1403,1776914642678,7005,1.139,429,0,
smoke,1,/get-salt,0,1404,1776914642679,7008,1.148,429,0,
smoke,1,/get-salt,0,1405,1776914642680,7005,1.046,429,0,
smoke,1,/get-salt,0,1406,1776914642681,7003,1.097,429,0,
smoke,1,/get-salt,0,1407,1776914642682,7003,0.848,429,0,
smoke,1,/get-salt,0,1408,1776914642683,7004,0.992,429,0,
smoke,1,/get-salt,0,1409,1776914642684,7009,0.998,429,0,
smoke,1,/get-salt,0,1410,1776914642685,7002,1.003,429,0,
smoke,1,/get-salt,0,1411,1776914642686,7006,1.023,429,0,
smoke,1,/get-salt,0,1412,1776914642687,7002,0.765,429,0,
smoke,1,/get-salt,0,1413,1776914642688,7010,1.126,429,0,
smoke,1,/get-salt,0,1414,1776914642689,7006,0.841,429,0,
smoke,1,/get-salt,0,1415,1776914642690,7009,1.04,429,0,
smoke,1,/get-salt,0,1416,1776914642691,7005,1.133,429,0,
smoke,1,/get-salt,0,1417,1776914642692,7008,1.046,429,0,
smoke,1,/get-salt,0,1418,1776914642693,7004,1.139,429,0,
smoke,1,/get-salt,0,1419,1776914642694,7003,1.168,429,0,
smoke,1,/get-salt,0,1420,1776914642695,7005,1.06,429,0,
smoke,1,/get-salt,0,1421,1776914642696,7006,1.056,429,0,
smoke,1,/get-salt,0,1422,1776914642697,7003,0.973,429,0,
smoke,1,/get-salt,0,1423,1776914642698,7002,1.057,429,0,
smoke,1,/get-salt,0,1424,1776914642699,7003,0.856,429,0,
smoke,1,/get-salt,0,1425,1776914642700,7005,0.974,429,0,
smoke,1,/get-salt,0,1426,1776914642701,7001,1.054,429,0,
smoke,1,/get-salt,0,1427,1776914642702,7005,0.825,429,0,
smoke,1,/get-salt,0,1428,1776914642703,7002,1.03,429,0,
smoke,1,/get-salt,0,1429,1776914642704,7010,0.997,429,0,
smoke,1,/get-salt,0,1430,1776914642705,7003,0.963,429,0,
smoke,1,/get-salt,0,1431,1776914642706,7007,1.028,429,0,
smoke,1,/get-salt,0,1432,1776914642707,7006,1.014,429,0,
smoke,1,/get-salt,0,1433,1776914642708,7006,0.739,429,0,
smoke,1,/get-salt,0,1434,1776914642709,7001,0.943,429,0,
smoke,1,/get-salt,0,1435,1776914642710,7003,0.93,429,0,
smoke,1,/get-salt,0,1436,1776914642711,7004,1.204,429,0,
smoke,1,/get-salt,0,1437,1776914642712,7007,1.025,429,0,
smoke,1,/get-salt,0,1438,1776914642713,7002,1.187,429,0,
smoke,1,/get-salt,0,1439,1776914642714,7010,1.147,429,0,
smoke,1,/get-salt,0,1440,1776914642715,7007,0.949,429,0,
smoke,1,/get-salt,0,1441,1776914642716,7003,0.967,429,0,
smoke,1,/get-salt,0,1442,1776914642717,7003,0.746,429,0,
smoke,1,/get-salt,0,1443,1776914642718,7001,0.972,429,0,
smoke,1,/get-salt,0,1444,1776914642719,7005,0.999,429,0,
smoke,1,/get-salt,0,1445,1776914642720,7005,0.806,429,0,
smoke,1,/get-salt,0,1446,1776914642721,7008,1.059,429,0,
smoke,1,/get-salt,0,1447,1776914642722,7003,1.056,429,0,
smoke,1,/get-salt,0,1448,1776914642723,7002,1.074,429,0,
smoke,1,/get-salt,0,1449,1776914642724,7009,1.068,429,0,
smoke,1,/get-salt,0,1450,1776914642725,7001,1.064,429,0,
smoke,1,/get-salt,0,1451,1776914642726,7010,1.08,429,0,
smoke,1,/get-salt,0,1452,1776914642727,7003,0.943,429,0,
smoke,1,/get-salt,0,1453,1776914642728,7002,1.012,429,0,
smoke,1,/get-salt,0,1454,1776914642729,7004,1.002,429,0,
smoke,1,/get-salt,0,1455,1776914642730,7001,1.007,429,0,
smoke,1,/get-salt,0,1456,1776914642731,7004,0.786,429,0,
smoke,1,/get-salt,0,1457,1776914642732,7003,0.857,429,0,
smoke,1,/get-salt,0,1458,1776914642733,7003,0.715,429,0,
smoke,1,/get-salt,0,1459,1776914642733,7003,0.786,429,0,
smoke,1,/get-salt,0,1460,1776914642735,7008,1.052,429,0,
smoke,1,/get-salt,0,1461,1776914642735,7007,0.962,429,0,
smoke,1,/get-salt,0,1462,1776914642736,7001,0.956,429,0,
smoke,1,/get-salt,0,1463,1776914642737,7003,0.834,429,0,
smoke,1,/get-salt,0,1464,1776914642738,7001,0.807,429,0,
smoke,1,/get-salt,0,1465,1776914642739,7002,1.085,429,0,
smoke,1,/get-salt,0,1466,1776914642740,7005,1.11,429,0,
smoke,1,/get-salt,0,1467,1776914642741,7002,0.938,429,0,
smoke,1,/get-salt,0,1468,1776914642742,7005,0.873,429,0,
smoke,1,/get-salt,0,1469,1776914642743,7009,1.066,429,0,
smoke,1,/get-salt,0,1470,1776914642744,7003,0.988,429,0,
smoke,1,/get-salt,0,1471,1776914642745,7006,1.008,429,0,
smoke,1,/get-salt,0,1472,1776914642746,7007,0.985,429,0,
smoke,1,/get-salt,0,1473,1776914642747,7002,1.098,429,0,
smoke,1,/get-salt,0,1474,1776914642748,7007,0.761,429,0,
smoke,1,/get-salt,0,1475,1776914642749,7008,1.033,429,0,
smoke,1,/get-salt,0,1476,1776914642750,7005,1.076,429,0,
smoke,1,/get-salt,0,1477,1776914642751,7007,0.837,429,0,
smoke,1,/get-salt,0,1478,1776914642752,7007,0.717,429,0,
smoke,1,/get-salt,0,1479,1776914642753,7006,0.94,429,0,
smoke,1,/get-salt,0,1480,1776914642754,7001,1.097,429,0,
smoke,1,/get-salt,0,1481,1776914642755,7005,1.06,429,0,
smoke,1,/get-salt,0,1482,1776914642756,7005,0.864,429,0,
smoke,1,/get-salt,0,1483,1776914642757,7005,0.828,429,0,
smoke,1,/get-salt,0,1484,1776914642757,7001,0.927,429,0,
smoke,1,/get-salt,0,1485,1776914642758,7003,1.026,429,0,
smoke,1,/get-salt,0,1486,1776914642759,7003,0.745,429,0,
smoke,1,/get-salt,0,1487,1776914642760,7010,1.099,429,0,
smoke,1,/get-salt,0,1488,1776914642761,7004,1.023,429,0,
smoke,1,/get-salt,0,1489,1776914642762,7010,0.879,429,0,
smoke,1,/get-salt,0,1490,1776914642763,7008,1.055,429,0,
smoke,1,/get-salt,0,1491,1776914642764,7007,0.997,429,0,
smoke,1,/get-salt,0,1492,1776914642765,7009,0.987,429,0,
smoke,1,/get-salt,0,1493,1776914642766,7007,0.78,429,0,
smoke,1,/get-salt,0,1494,1776914642768,7009,1.496,429,0,
smoke,1,/get-salt,0,1495,1776914642773,7003,5.479,429,0,
smoke,1,/get-salt,0,1496,1776914642774,7004,1.255,429,0,
smoke,1,/get-salt,0,1497,1776914642775,7004,0.728,429,0,
smoke,1,/get-salt,0,1498,1776914642776,7001,0.957,429,0,
smoke,1,/get-salt,0,1499,1776914642777,7010,0.966,429,0,
smoke,1,/get-salt,0,1500,1776914642778,7001,0.714,429,0,
smoke,1,/get-salt,0,1501,1776914642779,7004,0.827,429,0,
smoke,1,/get-salt,0,1502,1776914642780,7003,1.003,429,0,
smoke,1,/get-salt,0,1503,1776914642781,7006,1.045,429,0,
smoke,1,/get-salt,0,1504,1776914642781,7001,0.905,429,0,
smoke,1,/get-salt,0,1505,1776914642783,7008,1.204,429,0,
smoke,1,/get-salt,0,1506,1776914642784,7008,0.906,429,0,
smoke,1,/get-salt,0,1507,1776914642785,7007,1.055,429,0,
smoke,1,/get-salt,0,1508,1776914642786,7003,1.03,429,0,
smoke,1,/get-salt,0,1509,1776914642787,7005,1.045,429,0,
smoke,1,/get-salt,0,1510,1776914642788,7007,0.819,429,0,
smoke,1,/get-salt,0,1511,1776914642788,7005,0.906,429,0,
smoke,1,/get-salt,0,1512,1776914642790,7010,1.116,429,0,
smoke,1,/get-salt,0,1513,1776914642791,7006,1.211,429,0,
smoke,1,/get-salt,0,1514,1776914642792,7001,0.96,429,0,
smoke,1,/get-salt,0,1515,1776914642793,7005,0.902,429,0,
smoke,1,/get-salt,0,1516,1776914642794,7008,0.961,429,0,
smoke,1,/get-salt,0,1517,1776914642795,7009,0.987,429,0,
smoke,1,/get-salt,0,1518,1776914642795,7005,0.825,429,0,
smoke,1,/get-salt,0,1519,1776914642796,7009,0.749,429,0,
smoke,1,/get-salt,0,1520,1776914642797,7004,1.102,429,0,
smoke,1,/get-salt,0,1521,1776914642798,7004,0.873,429,0,
smoke,1,/get-salt,0,1522,1776914642799,7008,0.952,429,0,
smoke,1,/get-salt,0,1523,1776914642800,7008,0.799,429,0,
smoke,1,/get-salt,0,1524,1776914642801,7002,0.998,429,0,
smoke,1,/get-salt,0,1525,1776914642802,7001,0.996,429,0,
smoke,1,/get-salt,0,1526,1776914642803,7008,0.89,429,0,
smoke,1,/get-salt,0,1527,1776914642804,7004,1.043,429,0,
smoke,1,/get-salt,0,1528,1776914642805,7008,0.821,429,0,
smoke,1,/get-salt,0,1529,1776914642806,7008,0.82,429,0,
smoke,1,/get-salt,0,1530,1776914642807,7006,1.203,429,0,
smoke,1,/get-salt,0,1531,1776914642808,7002,1.135,429,0,
smoke,1,/get-salt,0,1532,1776914642809,7010,1.06,429,0,
smoke,1,/get-salt,0,1533,1776914642810,7006,1.064,429,0,
smoke,1,/get-salt,0,1534,1776914642811,7006,0.904,429,0,
smoke,1,/get-salt,0,1535,1776914642812,7004,1.1,429,0,
smoke,1,/get-salt,0,1536,1776914642813,7005,1.074,429,0,
smoke,1,/get-salt,0,1537,1776914642814,7003,1.116,429,0,
smoke,1,/get-salt,0,1538,1776914642815,7001,1.063,429,0,
smoke,1,/get-salt,0,1539,1776914642816,7003,0.875,429,0,
smoke,1,/get-salt,0,1540,1776914642817,7005,0.906,429,0,
smoke,1,/get-salt,0,1541,1776914642818,7009,1.292,429,0,
smoke,1,/get-salt,0,1542,1776914642819,7007,1.116,429,0,
smoke,1,/get-salt,0,1543,1776914642821,7003,1.118,429,0,
smoke,1,/get-salt,0,1544,1776914642822,7008,1.061,429,0,
smoke,1,/get-salt,0,1545,1776914642823,7004,1.212,429,0,
smoke,1,/get-salt,0,1546,1776914642824,7009,1.243,429,0,
smoke,1,/get-salt,0,1547,1776914642826,7003,1.406,429,0,
smoke,1,/get-salt,0,1548,1776914642827,7001,1.527,429,0,
smoke,1,/get-salt,0,1549,1776914642828,7007,1.083,429,0,
smoke,1,/get-salt,0,1550,1776914642829,7008,1.009,429,0,
smoke,1,/get-salt,0,1551,1776914642830,7001,0.994,429,0,
smoke,1,/get-salt,0,1552,1776914642831,7005,0.998,429,0,
smoke,1,/get-salt,0,1553,1776914642832,7009,1.051,429,0,
smoke,1,/get-salt,0,1554,1776914642833,7003,1.054,429,0,
smoke,1,/get-salt,0,1555,1776914642834,7002,1.096,429,0,
smoke,1,/get-salt,0,1556,1776914642835,7009,0.871,429,0,
smoke,1,/get-salt,0,1557,1776914642836,7005,0.823,429,0,
smoke,1,/get-salt,0,1558,1776914642837,7007,1.097,429,0,
smoke,1,/get-salt,0,1559,1776914642838,7004,1.081,429,0,
smoke,1,/get-salt,0,1560,1776914642839,7009,0.983,429,0,
smoke,1,/get-salt,0,1561,1776914642840,7001,1.141,429,0,
smoke,1,/get-salt,0,1562,1776914642841,7004,0.95,429,0,
smoke,1,/get-salt,0,1563,1776914642842,7009,1.015,429,0,
smoke,1,/get-salt,0,1564,1776914642843,7010,1.056,429,0,
smoke,1,/get-salt,0,1565,1776914642844,7005,0.973,429,0,
smoke,1,/get-salt,0,1566,1776914642845,7006,1.06,429,0,
smoke,1,/get-salt,0,1567,1776914642847,7007,1.117,429,0,
smoke,1,/get-salt,0,1568,1776914642848,7008,0.989,429,0,
smoke,1,/get-salt,0,1569,1776914642849,7003,1.053,429,0,
smoke,1,/get-salt,0,1570,1776914642849,7008,0.721,429,0,
smoke,1,/get-salt,0,1571,1776914642850,7004,1.107,429,0,
smoke,1,/get-salt,0,1572,1776914642852,7002,1.111,429,0,
smoke,1,/get-salt,0,1573,1776914642853,7007,1.007,429,0,
smoke,1,/get-salt,0,1574,1776914642854,7009,1.059,429,0,
smoke,1,/get-salt,0,1575,1776914642855,7007,0.865,429,0,
smoke,1,/get-salt,0,1576,1776914642856,7004,1.012,429,0,
smoke,1,/get-salt,0,1577,1776914642857,7010,1.051,429,0,
smoke,1,/get-salt,0,1578,1776914642858,7002,1.064,429,0,
smoke,1,/get-salt,0,1579,1776914642859,7005,1.145,429,0,
smoke,1,/get-salt,0,1580,1776914642860,7009,1.221,429,0,
smoke,1,/get-salt,0,1581,1776914642861,7007,1.053,429,0,
smoke,1,/get-salt,0,1582,1776914642862,7002,1.066,429,0,
smoke,1,/get-salt,0,1583,1776914642863,7009,0.973,429,0,
smoke,1,/get-salt,0,1584,1776914642864,7007,0.831,429,0,
smoke,1,/get-salt,0,1585,1776914642865,7006,0.972,429,0,
smoke,1,/get-salt,0,1586,1776914642866,7002,0.87,429,0,
smoke,1,/get-salt,0,1587,1776914642867,7003,1.033,429,0,
smoke,1,/get-salt,0,1588,1776914642868,7004,0.925,429,0,
smoke,1,/get-salt,0,1589,1776914642869,7010,1.152,429,0,
smoke,1,/get-salt,0,1590,1776914642870,7001,1.07,429,0,
smoke,1,/get-salt,0,1591,1776914642871,7001,0.857,429,0,
smoke,1,/get-salt,0,1592,1776914642872,7005,1.084,429,0,
smoke,1,/get-salt,0,1593,1776914642873,7010,0.952,429,0,
smoke,1,/get-salt,0,1594,1776914642874,7007,1.061,429,0,
smoke,1,/get-salt,0,1595,1776914642875,7003,1.108,429,0,
smoke,1,/get-salt,0,1596,1776914642876,7003,0.895,429,0,
smoke,1,/get-salt,0,1597,1776914642877,7002,1.053,429,0,
smoke,1,/get-salt,0,1598,1776914642878,7007,0.925,429,0,
smoke,1,/get-salt,0,1599,1776914642879,7006,1.068,429,0,
smoke,1,/get-salt,0,1600,1776914642880,7007,0.92,429,0,
smoke,1,/get-salt,0,1601,1776914642881,7002,0.905,429,0,
smoke,1,/get-salt,0,1602,1776914642882,7007,0.733,429,0,
smoke,1,/get-salt,0,1603,1776914642883,7009,1.034,429,0,
smoke,1,/get-salt,0,1604,1776914642884,7007,1.016,429,0,
smoke,1,/get-salt,0,1605,1776914642885,7006,0.95,429,0,
smoke,1,/get-salt,0,1606,1776914642886,7005,0.971,429,0,
smoke,1,/get-salt,0,1607,1776914642887,7008,1.025,429,0,
smoke,1,/get-salt,0,1608,1776914642888,7002,1.071,429,0,
smoke,1,/get-salt,0,1609,1776914642888,7008,0.767,429,0,
smoke,1,/get-salt,0,1610,1776914642889,7008,0.723,429,0,
smoke,1,/get-salt,0,1611,1776914642890,7009,1.046,429,0,
smoke,1,/get-salt,0,1612,1776914642891,7001,1.037,429,0,
smoke,1,/get-salt,0,1613,1776914642892,7007,1.088,429,0,
smoke,1,/get-salt,0,1614,1776914642893,7007,0.767,429,0,
smoke,1,/get-salt,0,1615,1776914642894,7008,0.9,429,0,
smoke,1,/get-salt,0,1616,1776914642895,7007,0.706,429,0,
smoke,1,/get-salt,0,1617,1776914642896,7005,0.949,429,0,
smoke,1,/get-salt,0,1618,1776914642897,7002,0.943,429,0,
smoke,1,/get-salt,0,1619,1776914642897,7002,0.719,429,0,
smoke,1,/get-salt,0,1620,1776914642898,7007,0.787,429,0,
smoke,1,/get-salt,0,1621,1776914642899,7010,0.969,429,0,
smoke,1,/get-salt,0,1622,1776914642900,7008,0.962,429,0,
smoke,1,/get-salt,0,1623,1776914642901,7006,0.988,429,0,
smoke,1,/get-salt,0,1624,1776914642902,7010,0.798,429,0,
smoke,1,/get-salt,0,1625,1776914642903,7002,1.042,429,0,
smoke,1,/get-salt,0,1626,1776914642904,7005,0.948,429,0,
smoke,1,/get-salt,0,1627,1776914642905,7008,0.851,429,0,
smoke,1,/get-salt,0,1628,1776914642906,7003,0.958,429,0,
smoke,1,/get-salt,0,1629,1776914642906,7003,0.734,429,0,
smoke,1,/get-salt,0,1630,1776914642907,7001,0.948,429,0,
smoke,1,/get-salt,0,1631,1776914642908,7002,0.898,429,0,
smoke,1,/get-salt,0,1632,1776914642909,7004,0.96,429,0,
smoke,1,/get-salt,0,1633,1776914642910,7008,1.045,429,0,
smoke,1,/get-salt,0,1634,1776914642911,7010,1.07,429,0,
smoke,1,/get-salt,0,1635,1776914642912,7003,1.027,429,0,
smoke,1,/get-salt,0,1636,1776914642914,7006,1.133,429,0,
smoke,1,/get-salt,0,1637,1776914642915,7005,0.953,429,0,
smoke,1,/get-salt,0,1638,1776914642915,7009,0.949,429,0,
smoke,1,/get-salt,0,1639,1776914642916,7009,0.705,429,0,
smoke,1,/get-salt,0,1640,1776914642917,7008,0.914,429,0,
smoke,1,/get-salt,0,1641,1776914642918,7002,0.966,429,0,
smoke,1,/get-salt,0,1642,1776914642919,7009,0.74,429,0,
smoke,1,/get-salt,0,1643,1776914642920,7006,1.011,429,0,
smoke,1,/get-salt,0,1644,1776914642921,7007,1.147,429,0,
smoke,1,/get-salt,0,1645,1776914642922,7005,1.068,429,0,
smoke,1,/get-salt,0,1646,1776914642923,7006,0.948,429,0,
smoke,1,/get-salt,0,1647,1776914642924,7006,0.74,429,0,
smoke,1,/get-salt,0,1648,1776914642925,7007,0.806,429,0,
smoke,1,/get-salt,0,1649,1776914642926,7001,0.955,429,0,
smoke,1,/get-salt,0,1650,1776914642926,7004,0.954,429,0,
smoke,1,/get-salt,0,1651,1776914642928,7010,1.044,429,0,
smoke,1,/get-salt,0,1652,1776914642928,7004,0.875,429,0,
smoke,1,/get-salt,0,1653,1776914642929,7004,0.802,429,0,
smoke,1,/get-salt,0,1654,1776914642930,7010,0.885,429,0,
smoke,1,/get-salt,0,1655,1776914642931,7007,0.897,429,0,
smoke,1,/get-salt,0,1656,1776914642932,7004,0.739,429,0,
smoke,1,/get-salt,0,1657,1776914642933,7006,0.927,429,0,
smoke,1,/get-salt,0,1658,1776914642937,7001,4.264,429,0,
smoke,1,/get-salt,0,1659,1776914642938,7001,1.19,429,0,
smoke,1,/get-salt,0,1660,1776914642939,7007,0.99,429,0,
smoke,1,/get-salt,0,1661,1776914642940,7001,0.835,429,0,
smoke,1,/get-salt,0,1662,1776914642941,7003,1.524,429,0,
smoke,1,/get-salt,0,1663,1776914642943,7008,1.003,429,0,
smoke,1,/get-salt,0,1664,1776914642944,7009,1.027,429,0,
smoke,1,/get-salt,0,1665,1776914642944,7009,0.742,429,0,
smoke,1,/get-salt,0,1666,1776914642945,7010,0.964,429,0,
smoke,1,/get-salt,0,1667,1776914642946,7005,0.957,429,0,
smoke,1,/get-salt,0,1668,1776914642947,7008,0.923,429,0,
smoke,1,/get-salt,0,1669,1776914642948,7010,0.796,429,0,
smoke,1,/get-salt,0,1670,1776914642949,7005,0.746,429,0,
smoke,1,/get-salt,0,1671,1776914642950,7006,1.021,429,0,
smoke,1,/get-salt,0,1672,1776914642951,7009,1.053,429,0,
smoke,1,/get-salt,0,1673,1776914642951,7009,0.726,429,0,
smoke,1,/get-salt,0,1674,1776914642952,7009,0.702,429,0,
smoke,1,/get-salt,0,1675,1776914642953,7001,0.976,429,0,
smoke,1,/get-salt,0,1676,1776914642954,7006,0.983,429,0,
smoke,1,/get-salt,0,1677,1776914642955,7005,0.979,429,0,
smoke,1,/get-salt,0,1678,1776914642956,7010,0.922,429,0,
smoke,1,/get-salt,0,1679,1776914642957,7007,0.933,429,0,
smoke,1,/get-salt,0,1680,1776914642958,7003,0.931,429,0,
smoke,1,/get-salt,0,1681,1776914642959,7008,0.953,429,0,
smoke,1,/get-salt,0,1682,1776914642960,7005,0.94,429,0,
smoke,1,/get-salt,0,1683,1776914642961,7006,1.105,429,0,
smoke,1,/get-salt,0,1684,1776914642962,7005,0.861,429,0,
smoke,1,/get-salt,0,1685,1776914642963,7010,0.956,429,0,
smoke,1,/get-salt,0,1686,1776914642964,7002,1.63,429,0,
smoke,1,/get-salt,0,1687,1776914642965,7002,0.715,429,0,
smoke,1,/get-salt,0,1688,1776914642966,7003,0.938,429,0,
smoke,1,/get-salt,0,1689,1776914642967,7004,0.97,429,0,
smoke,1,/get-salt,0,1690,1776914642968,7007,0.951,429,0,
smoke,1,/get-salt,0,1691,1776914642969,7010,0.923,429,0,
smoke,1,/get-salt,0,1692,1776914642970,7010,0.676,429,0,
smoke,1,/get-salt,0,1693,1776914642971,7009,1.011,429,0,
smoke,1,/get-salt,0,1694,1776914642972,7002,0.922,429,0,
smoke,1,/get-salt,0,1695,1776914642972,7009,0.747,429,0,
smoke,1,/get-salt,0,1696,1776914642973,7001,0.981,429,0,
smoke,1,/get-salt,0,1697,1776914642974,7003,0.924,429,0,
smoke,1,/get-salt,0,1698,1776914642975,7006,1.015,429,0,
smoke,1,/get-salt,0,1699,1776914642976,7002,0.858,429,0,
smoke,1,/get-salt,0,1700,1776914642977,7002,0.651,429,0,
smoke,1,/get-salt,0,1701,1776914642978,7010,0.908,429,0,
smoke,1,/get-salt,0,1702,1776914642979,7001,0.911,429,0,
smoke,1,/get-salt,0,1703,1776914642980,7007,1.012,429,0,
smoke,1,/get-salt,0,1704,1776914642981,7001,0.948,429,0,
smoke,1,/get-salt,0,1705,1776914642982,7009,1.019,429,0,
smoke,1,/get-salt,0,1706,1776914642983,7005,0.997,429,0,
smoke,1,/get-salt,0,1707,1776914642983,7001,0.941,429,0,
smoke,1,/get-salt,0,1708,1776914642984,7002,0.947,429,0,
smoke,1,/get-salt,0,1709,1776914642986,7006,1.081,429,0,
smoke,1,/get-salt,0,1710,1776914642987,7003,1.026,429,0,
smoke,1,/get-salt,0,1711,1776914642987,7008,0.942,429,0,
smoke,1,/get-salt,0,1712,1776914642988,7008,0.721,429,0,
smoke,1,/get-salt,0,1713,1776914642989,7003,1.086,429,0,
smoke,1,/get-salt,0,1714,1776914642991,7007,1.233,429,0,
smoke,1,/get-salt,0,1715,1776914642992,7010,1.047,429,0,
smoke,1,/get-salt,0,1716,1776914642993,7009,0.97,429,0,
smoke,1,/get-salt,0,1717,1776914642993,7007,0.855,429,0,
smoke,1,/get-salt,0,1718,1776914642994,7002,1.045,429,0,
smoke,1,/get-salt,0,1719,1776914642996,7001,1.208,429,0,
smoke,1,/get-salt,0,1720,1776914642997,7008,1.086,429,0,
smoke,1,/get-salt,0,1721,1776914642998,7007,0.987,429,0,
smoke,1,/get-salt,0,1722,1776914642999,7010,0.951,429,0,
smoke,1,/get-salt,0,1723,1776914643000,7001,1.632,429,0,
smoke,1,/get-salt,0,1724,1776914643001,7010,1.043,429,0,
smoke,1,/get-salt,0,1725,1776914643002,7006,1.023,429,0,
smoke,1,/get-salt,0,1726,1776914643003,7005,0.982,429,0,
smoke,1,/get-salt,0,1727,1776914643004,7003,1.058,429,0,
smoke,1,/get-salt,0,1728,1776914643006,7004,1.152,429,0,
smoke,1,/get-salt,0,1729,1776914643007,7009,1.142,429,0,
smoke,1,/get-salt,0,1730,1776914643008,7006,0.93,429,0,
smoke,1,/get-salt,0,1731,1776914643009,7005,0.907,429,0,
smoke,1,/get-salt,0,1732,1776914643010,7007,1.065,429,0,
smoke,1,/get-salt,0,1733,1776914643011,7004,1.019,429,0,
smoke,1,/get-salt,0,1734,1776914643012,7004,0.809,429,0,
smoke,1,/get-salt,0,1735,1776914643013,7003,1.162,429,0,
smoke,1,/get-salt,0,1736,1776914643014,7005,1.001,429,0,
smoke,1,/get-salt,0,1737,1776914643015,7002,1.146,429,0,
smoke,1,/get-salt,0,1738,1776914643016,7002,0.793,429,0,
smoke,1,/get-salt,0,1739,1776914643017,7001,1.071,429,0,
smoke,1,/get-salt,0,1740,1776914643018,7004,1.005,429,0,
smoke,1,/get-salt,0,1741,1776914643019,7006,1.168,429,0,
smoke,1,/get-salt,0,1742,1776914643020,7005,1.091,429,0,
smoke,1,/get-salt,0,1743,1776914643021,7001,0.971,429,0,
smoke,1,/get-salt,0,1744,1776914643022,7007,1.042,429,0,
smoke,1,/get-salt,0,1745,1776914643023,7005,1.058,429,0,
smoke,1,/get-salt,0,1746,1776914643024,7007,0.947,429,0,
smoke,1,/get-salt,0,1747,1776914643025,7006,0.931,429,0,
smoke,1,/get-salt,0,1748,1776914643026,7010,0.954,429,0,
smoke,1,/get-salt,0,1749,1776914643027,7005,0.856,429,0,
smoke,1,/get-salt,0,1750,1776914643028,7002,0.967,429,0,
smoke,1,/get-salt,0,1751,1776914643029,7006,0.822,429,0,
smoke,1,/get-salt,0,1752,1776914643030,7007,0.956,429,0,
smoke,1,/get-salt,0,1753,1776914643031,7001,1.025,429,0,
smoke,1,/get-salt,0,1754,1776914643031,7007,0.82,429,0,
smoke,1,/get-salt,0,1755,1776914643032,7002,0.864,429,0,
smoke,1,/get-salt,0,1756,1776914643033,7008,1.086,429,0,
smoke,1,/get-salt,0,1757,1776914643034,7001,0.879,429,0,
smoke,1,/get-salt,0,1758,1776914643035,7006,1.029,429,0,
smoke,1,/get-salt,0,1759,1776914643036,7009,0.967,429,0,
smoke,1,/get-salt,0,1760,1776914643037,7008,0.843,429,0,
smoke,1,/get-salt,0,1761,1776914643038,7001,0.858,429,0,
smoke,1,/get-salt,0,1762,1776914643039,7002,0.934,429,0,
smoke,1,/get-salt,0,1763,1776914643040,7007,1.069,429,0,
smoke,1,/get-salt,0,1764,1776914643041,7008,0.91,429,0,
smoke,1,/get-salt,0,1765,1776914643042,7006,1.052,429,0,
smoke,1,/get-salt,0,1766,1776914643043,7008,0.728,429,0,
smoke,1,/get-salt,0,1767,1776914643044,7010,1.014,429,0,
smoke,1,/get-salt,0,1768,1776914643045,7006,0.865,429,0,
smoke,1,/get-salt,0,1769,1776914643045,7007,0.904,429,0,
smoke,1,/get-salt,0,1770,1776914643047,7005,1.053,429,0,
smoke,1,/get-salt,0,1771,1776914643047,7007,0.74,429,0,
smoke,1,/get-salt,0,1772,1776914643048,7003,1.072,429,0,
smoke,1,/get-salt,0,1773,1776914643049,7010,1.031,429,0,
smoke,1,/get-salt,0,1774,1776914643050,7008,1.028,429,0,
smoke,1,/get-salt,0,1775,1776914643051,7004,1.045,429,0,
smoke,1,/get-salt,0,1776,1776914643052,7002,1.028,429,0,
smoke,1,/get-salt,0,1777,1776914643053,7007,0.971,429,0,
smoke,1,/get-salt,0,1778,1776914643055,7009,1.12,429,0,
smoke,1,/get-salt,0,1779,1776914643056,7010,1.016,429,0,
smoke,1,/get-salt,0,1780,1776914643057,7002,0.922,429,0,
smoke,1,/get-salt,0,1781,1776914643057,7010,0.831,429,0,
smoke,1,/get-salt,0,1782,1776914643058,7007,0.906,429,0,
smoke,1,/get-salt,0,1783,1776914643059,7005,1.051,429,0,
smoke,1,/get-salt,0,1784,1776914643060,7001,1.099,429,0,
smoke,1,/get-salt,0,1785,1776914643061,7010,0.935,429,0,
smoke,1,/get-salt,0,1786,1776914643062,7004,1.053,429,0,
smoke,1,/get-salt,0,1787,1776914643063,7001,0.785,429,0,
smoke,1,/get-salt,0,1788,1776914643064,7007,0.969,429,0,
smoke,1,/get-salt,0,1789,1776914643065,7001,0.749,429,0,
smoke,1,/get-salt,0,1790,1776914643066,7004,0.863,429,0,
smoke,1,/get-salt,0,1791,1776914643067,7004,0.811,429,0,
smoke,1,/get-salt,0,1792,1776914643068,7008,0.966,429,0,
smoke,1,/get-salt,0,1793,1776914643068,7001,0.775,429,0,
smoke,1,/get-salt,0,1794,1776914643069,7007,0.839,429,0,
smoke,1,/get-salt,0,1795,1776914643070,7005,1.093,429,0,
smoke,1,/get-salt,0,1796,1776914643071,7001,0.779,429,0,
smoke,1,/get-salt,0,1797,1776914643072,7009,1.023,429,0,
smoke,1,/get-salt,0,1798,1776914643073,7004,0.969,429,0,
smoke,1,/get-salt,0,1799,1776914643074,7004,0.773,429,0,
smoke,1,/get-salt,0,1800,1776914643075,7001,0.872,429,0,
smoke,1,/get-salt,0,1801,1776914643076,7001,0.828,429,0,
smoke,1,/get-salt,0,1802,1776914643080,7006,4.614,429,0,
smoke,1,/get-salt,0,1803,1776914643081,7002,1.173,429,0,
smoke,1,/get-salt,0,1804,1776914643082,7005,0.975,429,0,
smoke,1,/get-salt,0,1805,1776914643083,7003,0.972,429,0,
smoke,1,/get-salt,0,1806,1776914643084,7003,0.7,429,0,
smoke,1,/get-salt,0,1807,1776914643085,7007,0.942,429,0,
smoke,1,/get-salt,0,1808,1776914643086,7001,1.006,429,0,
smoke,1,/get-salt,0,1809,1776914643087,7008,1.027,429,0,
smoke,1,/get-salt,0,1810,1776914643088,7006,0.955,429,0,
smoke,1,/get-salt,0,1811,1776914643089,7009,0.953,429,0,
smoke,1,/get-salt,0,1812,1776914643090,7006,0.735,429,0,
smoke,1,/get-salt,0,1813,1776914643091,7001,0.939,429,0,
smoke,1,/get-salt,0,1814,1776914643091,7007,0.892,429,0,
smoke,1,/get-salt,0,1815,1776914643092,7009,0.823,429,0,
smoke,1,/get-salt,0,1816,1776914643093,7007,0.846,429,0,
smoke,1,/get-salt,0,1817,1776914643094,7005,1.239,429,0,
smoke,1,/get-salt,0,1818,1776914643095,7009,0.952,429,0,
smoke,1,/get-salt,0,1819,1776914643096,7006,1.049,429,0,
smoke,1,/get-salt,0,1820,1776914643097,7004,0.989,429,0,
smoke,1,/get-salt,0,1821,1776914643098,7004,0.718,429,0,
smoke,1,/get-salt,0,1822,1776914643099,7009,0.814,429,0,
smoke,1,/get-salt,0,1823,1776914643100,7002,1.308,429,0,
smoke,1,/get-salt,0,1824,1776914643101,7003,1.194,429,0,
smoke,1,/get-salt,0,1825,1776914643102,7009,1.015,429,0,
smoke,1,/get-salt,0,1826,1776914643103,7003,0.921,429,0,
smoke,1,/get-salt,0,1827,1776914643105,7008,1.311,429,0,
smoke,1,/get-salt,0,1828,1776914643106,7001,1.004,429,0,
smoke,1,/get-salt,0,1829,1776914643107,7002,1.039,429,0,
smoke,1,/get-salt,0,1830,1776914643108,7005,1.05,429,0,
smoke,1,/get-salt,0,1831,1776914643109,7001,0.783,429,0,
smoke,1,/get-salt,0,1832,1776914643110,7010,1.043,429,0,
smoke,1,/get-salt,0,1833,1776914643111,7005,0.925,429,0,
smoke,1,/get-salt,0,1834,1776914643112,7009,1.033,429,0,
smoke,1,/get-salt,0,1835,1776914643113,7003,1.033,429,0,
smoke,1,/get-salt,0,1836,1776914643114,7006,1.041,429,0,
smoke,1,/get-salt,0,1837,1776914643115,7006,0.854,429,0,
smoke,1,/get-salt,0,1838,1776914643116,7008,1.084,429,0,
smoke,1,/get-salt,0,1839,1776914643117,7005,0.998,429,0,
smoke,1,/get-salt,0,1840,1776914643117,7008,0.733,429,0,
smoke,1,/get-salt,0,1841,1776914643118,7007,0.962,429,0,
smoke,1,/get-salt,0,1842,1776914643119,7010,1.032,429,0,
smoke,1,/get-salt,0,1843,1776914643120,7006,0.989,429,0,
smoke,1,/get-salt,0,1844,1776914643121,7008,0.822,429,0,
smoke,1,/get-salt,0,1845,1776914643122,7002,1.032,429,0,
smoke,1,/get-salt,0,1846,1776914643123,7002,0.791,429,0,
smoke,1,/get-salt,0,1847,1776914643124,7008,0.696,429,0,
smoke,1,/get-salt,0,1848,1776914643125,7007,0.881,429,0,
smoke,1,/get-salt,0,1849,1776914643125,7007,0.7,429,0,
smoke,1,/get-salt,0,1850,1776914643126,7003,1.014,429,0,
smoke,1,/get-salt,0,1851,1776914643127,7005,1.038,429,0,
smoke,1,/get-salt,0,1852,1776914643128,7007,0.727,429,0,
smoke,1,/get-salt,0,1853,1776914643129,7005,0.799,429,0,
smoke,1,/get-salt,0,1854,1776914643130,7002,0.917,429,0,
smoke,1,/get-salt,0,1855,1776914643131,7010,0.982,429,0,
smoke,1,/get-salt,0,1856,1776914643132,7003,0.88,429,0,
smoke,1,/get-salt,0,1857,1776914643133,7008,0.982,429,0,
smoke,1,/get-salt,0,1858,1776914643133,7003,0.711,429,0,
smoke,1,/get-salt,0,1859,1776914643134,7007,0.981,429,0,
smoke,1,/get-salt,0,1860,1776914643135,7003,0.723,429,0,
smoke,1,/get-salt,0,1861,1776914643136,7004,0.945,429,0,
smoke,1,/get-salt,0,1862,1776914643137,7010,0.881,429,0,
smoke,1,/get-salt,0,1863,1776914643138,7005,0.941,429,0,
smoke,1,/get-salt,0,1864,1776914643139,7001,0.924,429,0,
smoke,1,/get-salt,0,1865,1776914643140,7007,0.986,429,0,
smoke,1,/get-salt,0,1866,1776914643141,7005,0.919,429,0,
smoke,1,/get-salt,0,1867,1776914643142,7002,1.015,429,0,
smoke,1,/get-salt,0,1868,1776914643143,7005,0.866,429,0,
smoke,1,/get-salt,0,1869,1776914643144,7008,1.126,429,0,
smoke,1,/get-salt,0,1870,1776914643145,7010,1.011,429,0,
smoke,1,/get-salt,0,1871,1776914643146,7006,0.98,429,0,
smoke,1,/get-salt,0,1872,1776914643146,7006,0.732,429,0,
smoke,1,/get-salt,0,1873,1776914643147,7004,1.025,429,0,
smoke,1,/get-salt,0,1874,1776914643149,7005,1.031,429,0,
smoke,1,/get-salt,0,1875,1776914643150,7001,1.074,429,0,
smoke,1,/get-salt,0,1876,1776914643151,7005,0.888,429,0,
smoke,1,/get-salt,0,1877,1776914643151,7005,0.84,429,0,
smoke,1,/get-salt,0,1878,1776914643152,7002,1.08,429,0,
smoke,1,/get-salt,0,1879,1776914643153,7010,0.955,429,0,
smoke,1,/get-salt,0,1880,1776914643154,7003,1.027,429,0,
smoke,1,/get-salt,0,1881,1776914643155,7008,1.031,429,0,
smoke,1,/get-salt,0,1882,1776914643156,7001,0.947,429,0,
smoke,1,/get-salt,0,1883,1776914643157,7008,0.748,429,0,
smoke,1,/get-salt,0,1884,1776914643158,7010,0.829,429,0,
smoke,1,/get-salt,0,1885,1776914643159,7001,0.85,429,0,
smoke,1,/get-salt,0,1886,1776914643160,7010,0.89,429,0,
smoke,1,/get-salt,0,1887,1776914643161,7009,1.067,429,0,
smoke,1,/get-salt,0,1888,1776914643162,7009,0.832,429,0,
smoke,1,/get-salt,0,1889,1776914643163,7005,1.036,429,0,
smoke,1,/get-salt,0,1890,1776914643164,7008,0.933,429,0,
smoke,1,/get-salt,0,1891,1776914643164,7005,0.849,429,0,
smoke,1,/get-salt,0,1892,1776914643166,7002,1.068,429,0,
smoke,1,/get-salt,0,1893,1776914643167,7006,1.008,429,0,
smoke,1,/get-salt,0,1894,1776914643168,7009,0.981,429,0,
smoke,1,/get-salt,0,1895,1776914643169,7003,1.017,429,0,
smoke,1,/get-salt,0,1896,1776914643170,7010,0.948,429,0,
smoke,1,/get-salt,0,1897,1776914643171,7008,1.105,429,0,
smoke,1,/get-salt,0,1898,1776914643171,7008,0.703,429,0,
smoke,1,/get-salt,0,1899,1776914643172,7003,0.837,429,0,
smoke,1,/get-salt,0,1900,1776914643173,7010,0.796,429,0,
smoke,1,/get-salt,0,1901,1776914643174,7005,1.032,429,0,
smoke,1,/get-salt,0,1902,1776914643175,7003,0.862,429,0,
smoke,1,/get-salt,0,1903,1776914643176,7001,1.044,429,0,
smoke,1,/get-salt,0,1904,1776914643177,7008,1.05,429,0,
smoke,1,/get-salt,0,1905,1776914643178,7008,0.847,429,0,
smoke,1,/get-salt,0,1906,1776914643179,7003,1.043,429,0,
smoke,1,/get-salt,0,1907,1776914643180,7009,1.043,429,0,
smoke,1,/get-salt,0,1908,1776914643181,7009,0.788,429,0,
smoke,1,/get-salt,0,1909,1776914643182,7001,1,429,0,
smoke,1,/get-salt,0,1910,1776914643183,7004,1.041,429,0,
smoke,1,/get-salt,0,1911,1776914643184,7004,0.816,429,0,
smoke,1,/get-salt,0,1912,1776914643185,7009,0.969,429,0,
smoke,1,/get-salt,0,1913,1776914643185,7008,0.917,429,0,
smoke,1,/get-salt,0,1914,1776914643186,7003,0.989,429,0,
smoke,1,/get-salt,0,1915,1776914643187,7001,0.989,429,0,
smoke,1,/get-salt,0,1916,1776914643188,7004,0.984,429,0,
smoke,1,/get-salt,0,1917,1776914643189,7006,1.047,429,0,
smoke,1,/get-salt,0,1918,1776914643191,7007,1.046,429,0,
smoke,1,/get-salt,0,1919,1776914643192,7010,0.953,429,0,
smoke,1,/get-salt,0,1920,1776914643193,7002,0.997,429,0,
smoke,1,/get-salt,0,1921,1776914643193,7010,0.713,429,0,
smoke,1,/get-salt,0,1922,1776914643194,7009,1.134,429,0,
smoke,1,/get-salt,0,1923,1776914643195,7003,0.938,429,0,
smoke,1,/get-salt,0,1924,1776914643196,7001,1.032,429,0,
smoke,1,/get-salt,0,1925,1776914643197,7004,1.021,429,0,
smoke,1,/get-salt,0,1926,1776914643198,7007,1.032,429,0,
smoke,1,/get-salt,0,1927,1776914643199,7009,0.978,429,0,
smoke,1,/get-salt,0,1928,1776914643200,7005,1.067,429,0,
smoke,1,/get-salt,0,1929,1776914643201,7008,0.933,429,0,
smoke,1,/get-salt,0,1930,1776914643202,7009,0.888,429,0,
smoke,1,/get-salt,0,1931,1776914643203,7001,1.001,429,0,
smoke,1,/get-salt,0,1932,1776914643204,7009,0.798,429,0,
smoke,1,/get-salt,0,1933,1776914643205,7009,0.763,429,0,
smoke,1,/get-salt,0,1934,1776914643206,7008,0.747,429,0,
smoke,1,/get-salt,0,1935,1776914643206,7008,0.692,429,0,
smoke,1,/get-salt,0,1936,1776914643207,7010,0.922,429,0,
smoke,1,/get-salt,0,1937,1776914643208,7006,1.033,429,0,
smoke,1,/get-salt,0,1938,1776914643209,7010,0.73,429,0,
smoke,1,/get-salt,0,1939,1776914643210,7003,1.003,429,0,
smoke,1,/get-salt,0,1940,1776914643211,7004,1.015,429,0,
smoke,1,/get-salt,0,1941,1776914643212,7005,1.071,429,0,
smoke,1,/get-salt,0,1942,1776914643213,7003,0.904,429,0,
smoke,1,/get-salt,0,1943,1776914643214,7010,0.974,429,0,
smoke,1,/get-salt,0,1944,1776914643215,7001,1.075,429,0,
smoke,1,/get-salt,0,1945,1776914643216,7006,0.947,429,0,
smoke,1,/get-salt,0,1946,1776914643217,7006,0.723,429,0,
smoke,1,/get-salt,0,1947,1776914643218,7005,0.998,429,0,
smoke,1,/get-salt,0,1948,1776914643219,7002,0.964,429,0,
smoke,1,/get-salt,0,1949,1776914643220,7004,1.239,429,0,
smoke,1,/get-salt,0,1950,1776914643221,7003,1.08,429,0,
smoke,1,/get-salt,0,1951,1776914643222,7008,1.022,429,0,
smoke,1,/get-salt,0,1952,1776914643223,7004,0.911,429,0,
smoke,1,/get-salt,0,1953,1776914643224,7005,1.106,429,0,
smoke,1,/get-salt,0,1954,1776914643225,7008,0.889,429,0,
smoke,1,/get-salt,0,1955,1776914643226,7004,1.019,429,0,
smoke,1,/get-salt,0,1956,1776914643227,7003,1.031,429,0,
smoke,1,/get-salt,0,1957,1776914643228,7006,1.048,429,0,
smoke,1,/get-salt,0,1958,1776914643229,7007,0.938,429,0,
smoke,1,/get-salt,0,1959,1776914643230,7009,0.976,429,0,
smoke,1,/get-salt,0,1960,1776914643231,7009,0.68,429,0,
smoke,1,/get-salt,0,1961,1776914643231,7006,0.755,429,0,
smoke,1,/get-salt,0,1962,1776914643232,7010,1.053,429,0,
smoke,1,/get-salt,0,1963,1776914643233,7010,0.811,429,0,
smoke,1,/get-salt,0,1964,1776914643234,7005,0.962,429,0,
smoke,1,/get-salt,0,1965,1776914643235,7010,0.784,429,0,
smoke,1,/get-salt,0,1966,1776914643240,7001,4.937,429,0,
smoke,1,/get-salt,0,1967,1776914643242,7003,1.605,429,0,
smoke,1,/get-salt,0,1968,1776914643243,7005,1.61,429,0,
smoke,1,/get-salt,0,1969,1776914643247,7009,3.974,429,0,
smoke,1,/get-salt,0,1970,1776914643249,7006,1.386,429,0,
smoke,1,/get-salt,0,1971,1776914643250,7005,0.953,429,0,
smoke,1,/get-salt,0,1972,1776914643251,7010,1.069,429,0,
smoke,1,/get-salt,0,1973,1776914643252,7009,0.944,429,0,
smoke,1,/get-salt,0,1974,1776914643252,7010,0.791,429,0,
smoke,1,/get-salt,0,1975,1776914643253,7005,0.788,429,0,
smoke,1,/get-salt,0,1976,1776914643254,7005,0.644,429,0,
smoke,1,/get-salt,0,1977,1776914643255,7002,0.921,429,0,
smoke,1,/get-salt,0,1978,1776914643256,7003,0.911,429,0,
smoke,1,/get-salt,0,1979,1776914643257,7001,0.969,429,0,
smoke,1,/get-salt,0,1980,1776914643258,7004,1.02,429,0,
smoke,1,/get-salt,0,1981,1776914643259,7006,0.955,429,0,
smoke,1,/get-salt,0,1982,1776914643260,7008,1.014,429,0,
smoke,1,/get-salt,0,1983,1776914643261,7001,0.985,429,0,
smoke,1,/get-salt,0,1984,1776914643262,7005,0.926,429,0,
smoke,1,/get-salt,0,1985,1776914643262,7004,0.888,429,0,
smoke,1,/get-salt,0,1986,1776914643263,7005,0.716,429,0,
smoke,1,/get-salt,0,1987,1776914643264,7008,0.999,429,0,
smoke,1,/get-salt,0,1988,1776914643265,7010,0.948,429,0,
smoke,1,/get-salt,0,1989,1776914643266,7004,0.89,429,0,
smoke,1,/get-salt,0,1990,1776914643267,7010,0.703,429,0,
smoke,1,/get-salt,0,1991,1776914643268,7007,0.958,429,0,
smoke,1,/get-salt,0,1992,1776914643269,7009,0.94,429,0,
smoke,1,/get-salt,0,1993,1776914643269,7007,0.731,429,0,
smoke,1,/get-salt,0,1994,1776914643270,7007,0.849,429,0,
smoke,1,/get-salt,0,1995,1776914643271,7001,1.077,429,0,
smoke,1,/get-salt,0,1996,1776914643272,7003,0.956,429,0,
smoke,1,/get-salt,0,1997,1776914643273,7003,1.144,429,0,
smoke,1,/get-salt,0,1998,1776914643274,7006,1.086,429,0,
smoke,1,/get-salt,0,1999,1776914643275,7001,0.967,429,0,
smoke,1,/get-salt,0,2000,1776914643276,7009,0.918,429,0,
smoke,1,/get-salt,0,2001,1776914643277,7009,0.696,429,0,
smoke,1,/get-salt,0,2002,1776914643278,7002,0.991,429,0,
smoke,1,/get-salt,0,2003,1776914643279,7006,0.922,429,0,
smoke,1,/get-salt,0,2004,1776914643280,7008,0.984,429,0,
smoke,1,/get-salt,0,2005,1776914643281,7010,0.959,429,0,
smoke,1,/get-salt,0,2006,1776914643282,7007,0.935,429,0,
smoke,1,/get-salt,0,2007,1776914643283,7001,1.048,429,0,
smoke,1,/get-salt,0,2008,1776914643284,7010,0.737,429,0,
smoke,1,/get-salt,0,2009,1776914643285,7002,0.947,429,0,
smoke,1,/get-salt,0,2010,1776914643285,7008,0.863,429,0,
smoke,1,/get-salt,0,2011,1776914643286,7007,0.835,429,0,
smoke,1,/get-salt,0,2012,1776914643287,7010,0.784,429,0,
smoke,1,/get-salt,0,2013,1776914643288,7007,0.689,429,0,
smoke,1,/get-salt,0,2014,1776914643288,7007,0.675,429,0,
smoke,1,/get-salt,0,2015,1776914643289,7005,0.928,429,0,
smoke,1,/get-salt,0,2016,1776914643290,7009,0.998,429,0,
smoke,1,/get-salt,0,2017,1776914643291,7002,0.961,429,0,
smoke,1,/get-salt,0,2018,1776914643292,7008,0.908,429,0,
smoke,1,/get-salt,0,2019,1776914643293,7010,0.854,429,0,
smoke,1,/get-salt,0,2020,1776914643294,7001,1.027,429,0,
smoke,1,/get-salt,0,2021,1776914643295,7004,1.055,429,0,
smoke,1,/get-salt,0,2022,1776914643296,7010,0.923,429,0,
smoke,1,/get-salt,0,2023,1776914643297,7007,1.059,429,0,
smoke,1,/get-salt,0,2024,1776914643298,7008,1.064,429,0,
smoke,1,/get-salt,0,2025,1776914643299,7001,0.983,429,0,
smoke,1,/get-salt,0,2026,1776914643300,7008,0.764,429,0,
smoke,1,/get-salt,0,2027,1776914643301,7001,0.768,429,0,
smoke,1,/get-salt,0,2028,1776914643302,7010,0.852,429,0,
smoke,1,/get-salt,0,2029,1776914643302,7001,0.842,429,0,
smoke,1,/get-salt,0,2030,1776914643303,7004,1.001,429,0,
smoke,1,/get-salt,0,2031,1776914643304,7010,0.974,429,0,
smoke,1,/get-salt,0,2032,1776914643305,7002,1.022,429,0,
smoke,1,/get-salt,0,2033,1776914643307,7009,1.116,429,0,
smoke,1,/get-salt,0,2034,1776914643308,7007,1.011,429,0,
smoke,1,/get-salt,0,2035,1776914643309,7005,1.153,429,0,
smoke,1,/get-salt,0,2036,1776914643310,7009,0.993,429,0,
smoke,1,/get-salt,0,2037,1776914643311,7002,1.002,429,0,
smoke,1,/get-salt,0,2038,1776914643312,7003,0.943,429,0,
smoke,1,/get-salt,0,2039,1776914643312,7003,0.664,429,0,
smoke,1,/get-salt,0,2040,1776914643313,7002,0.789,429,0,
smoke,1,/get-salt,0,2041,1776914643314,7005,0.912,429,0,
smoke,1,/get-salt,0,2042,1776914643315,7009,0.856,429,0,
smoke,1,/get-salt,0,2043,1776914643316,7008,0.931,429,0,
smoke,1,/get-salt,0,2044,1776914643317,7003,0.756,429,0,
smoke,1,/get-salt,0,2045,1776914643317,7008,0.715,429,0,
smoke,1,/get-salt,0,2046,1776914643318,7006,1.047,429,0,
smoke,1,/get-salt,0,2047,1776914643320,7002,1.66,429,0,
smoke,1,/get-salt,0,2048,1776914643321,7004,1.038,429,0,
smoke,1,/get-salt,0,2049,1776914643322,7002,0.808,429,0,
smoke,1,/get-salt,0,2050,1776914643323,7004,0.779,429,0,
smoke,1,/get-salt,0,2051,1776914643323,7004,0.782,429,0,
smoke,1,/get-salt,0,2052,1776914643325,7007,1.033,429,0,
smoke,1,/get-salt,0,2053,1776914643325,7004,0.847,429,0,
smoke,1,/get-salt,0,2054,1776914643326,7006,1.102,429,0,
smoke,1,/get-salt,0,2055,1776914643327,7003,0.947,429,0,
smoke,1,/get-salt,0,2056,1776914643328,7010,1.023,429,0,
smoke,1,/get-salt,0,2057,1776914643329,7004,0.881,429,0,
smoke,1,/get-salt,0,2058,1776914643330,7006,0.944,429,0,
smoke,1,/get-salt,0,2059,1776914643331,7001,1.044,429,0,
smoke,1,/get-salt,0,2060,1776914643332,7002,1.004,429,0,
smoke,1,/get-salt,0,2061,1776914643333,7002,0.768,429,0,
smoke,1,/get-salt,0,2062,1776914643334,7006,0.857,429,0,
smoke,1,/get-salt,0,2063,1776914643335,7001,0.853,429,0,
smoke,1,/get-salt,0,2064,1776914643336,7007,1.056,429,0,
smoke,1,/get-salt,0,2065,1776914643337,7003,0.892,429,0,
smoke,1,/get-salt,0,2066,1776914643338,7001,0.842,429,0,
smoke,1,/get-salt,0,2067,1776914643339,7010,1.026,429,0,
smoke,1,/get-salt,0,2068,1776914643339,7001,0.786,429,0,
smoke,1,/get-salt,0,2069,1776914643340,7008,0.989,429,0,
smoke,1,/get-salt,0,2070,1776914643341,7007,0.964,429,0,
smoke,1,/get-salt,0,2071,1776914643342,7005,0.973,429,0,
smoke,1,/get-salt,0,2072,1776914643343,7002,0.992,429,0,
smoke,1,/get-salt,0,2073,1776914643344,7001,1.002,429,0,
smoke,1,/get-salt,0,2074,1776914643345,7009,1.035,429,0,
smoke,1,/get-salt,0,2075,1776914643347,7003,1.103,429,0,
smoke,1,/get-salt,0,2076,1776914643347,7007,0.927,429,0,
smoke,1,/get-salt,0,2077,1776914643348,7005,1.007,429,0,
smoke,1,/get-salt,0,2078,1776914643349,7003,0.776,429,0,
smoke,1,/get-salt,0,2079,1776914643350,7001,0.946,429,0,
smoke,1,/get-salt,0,2080,1776914643351,7006,1.002,429,0,
smoke,1,/get-salt,0,2081,1776914643352,7008,1.007,429,0,
smoke,1,/get-salt,0,2082,1776914643353,7008,0.799,429,0,
smoke,1,/get-salt,0,2083,1776914643354,7005,0.943,429,0,
smoke,1,/get-salt,0,2084,1776914643355,7005,0.789,429,0,
smoke,1,/get-salt,0,2085,1776914643356,7003,0.863,429,0,
smoke,1,/get-salt,0,2086,1776914643357,7007,0.891,429,0,
smoke,1,/get-salt,0,2087,1776914643357,7010,0.925,429,0,
smoke,1,/get-salt,0,2088,1776914643358,7007,0.714,429,0,
smoke,1,/get-salt,0,2089,1776914643359,7006,0.92,429,0,
smoke,1,/get-salt,0,2090,1776914643360,7007,0.762,429,0,
smoke,1,/get-salt,0,2091,1776914643361,7006,0.725,429,0,
smoke,1,/get-salt,0,2092,1776914643362,7001,0.933,429,0,
smoke,1,/get-salt,0,2093,1776914643362,7006,0.781,429,0,
smoke,1,/get-salt,0,2094,1776914643363,7008,1.037,429,0,
smoke,1,/get-salt,0,2095,1776914643364,7006,0.761,429,0,
smoke,1,/get-salt,0,2096,1776914643365,7006,0.656,429,0,
smoke,1,/get-salt,0,2097,1776914643365,7006,0.666,429,0,
smoke,1,/get-salt,0,2098,1776914643366,7002,0.938,429,0,
smoke,1,/get-salt,0,2099,1776914643367,7001,0.937,429,0,
smoke,1,/get-salt,0,2100,1776914643368,7002,0.985,429,0,
smoke,1,/get-salt,0,2101,1776914643369,7003,0.942,429,0,
smoke,1,/get-salt,0,2102,1776914643370,7002,0.864,429,0,
smoke,1,/get-salt,0,2103,1776914643371,7009,1.101,429,0,
smoke,1,/get-salt,0,2104,1776914643372,7005,1.027,429,0,
smoke,1,/get-salt,0,2105,1776914643373,7006,0.952,429,0,
smoke,1,/get-salt,0,2106,1776914643374,7002,0.808,429,0,
smoke,1,/get-salt,0,2107,1776914643375,7003,0.9,429,0,
smoke,1,/get-salt,0,2108,1776914643376,7001,0.865,429,0,
smoke,1,/get-salt,0,2109,1776914643377,7006,0.795,429,0,
smoke,1,/get-salt,0,2110,1776914643378,7007,0.913,429,0,
smoke,1,/get-salt,0,2111,1776914643378,7007,0.703,429,0,
smoke,1,/get-salt,0,2112,1776914643379,7005,0.979,429,0,
smoke,1,/get-salt,0,2113,1776914643380,7007,0.763,429,0,
smoke,1,/get-salt,0,2114,1776914643381,7008,1.011,429,0,
smoke,1,/get-salt,0,2115,1776914643382,7007,0.686,429,0,
smoke,1,/get-salt,0,2116,1776914643383,7010,0.959,429,0,
smoke,1,/get-salt,0,2117,1776914643383,7010,0.818,429,0,
smoke,1,/get-salt,0,2118,1776914643385,7003,1.081,429,0,
smoke,1,/get-salt,0,2119,1776914643385,7002,0.922,429,0,
smoke,1,/get-salt,0,2120,1776914643386,7003,0.761,429,0,
smoke,1,/get-salt,0,2121,1776914643387,7007,0.897,429,0,
smoke,1,/get-salt,0,2122,1776914643388,7007,0.656,429,0,
smoke,1,/get-salt,0,2123,1776914643389,7002,0.738,429,0,
smoke,1,/get-salt,0,2124,1776914643389,7010,0.939,429,0,
smoke,1,/get-salt,0,2125,1776914643391,7009,1.1,429,0,
smoke,1,/get-salt,0,2126,1776914643392,7008,1.019,429,0,
smoke,1,/get-salt,0,2127,1776914643392,7009,0.725,429,0,
smoke,1,/get-salt,0,2128,1776914643393,7006,0.956,429,0,
smoke,1,/get-salt,0,2129,1776914643394,7003,0.909,429,0,
smoke,1,/get-salt,0,2130,1776914643395,7007,0.914,429,0,
smoke,1,/get-salt,0,2131,1776914643396,7007,0.656,429,0,
smoke,1,/get-salt,0,2132,1776914643397,7004,0.942,429,0,
smoke,1,/get-salt,0,2133,1776914643398,7002,0.904,429,0,
smoke,1,/get-salt,0,2134,1776914643399,7006,0.891,429,0,
smoke,1,/get-salt,0,2135,1776914643399,7007,0.786,429,0,
smoke,1,/get-salt,0,2136,1776914643400,7009,0.984,429,0,
smoke,1,/get-salt,0,2137,1776914643401,7003,0.915,429,0,
smoke,1,/get-salt,0,2138,1776914643402,7005,1.046,429,0,
smoke,1,/get-salt,0,2139,1776914643403,7005,0.795,429,0,
smoke,1,/get-salt,0,2140,1776914643404,7004,0.907,429,0,
smoke,1,/get-salt,0,2141,1776914643405,7006,0.959,429,0,
smoke,1,/get-salt,0,2142,1776914643406,7007,0.872,429,0,
smoke,1,/get-salt,0,2143,1776914643407,7005,0.91,429,0,
smoke,1,/get-salt,0,2144,1776914643408,7006,0.78,429,0,
smoke,1,/get-salt,0,2145,1776914643408,7005,0.803,429,0,
smoke,1,/get-salt,0,2146,1776914643409,7008,0.935,429,0,
smoke,1,/get-salt,0,2147,1776914643410,7008,0.744,429,0,
smoke,1,/get-salt,0,2148,1776914643411,7007,0.814,429,0,
smoke,1,/get-salt,0,2149,1776914643412,7009,0.905,429,0,
smoke,1,/get-salt,0,2150,1776914643413,7003,0.911,429,0,
smoke,1,/get-salt,0,2151,1776914643413,7009,0.731,429,0,
smoke,1,/get-salt,0,2152,1776914643414,7002,0.932,429,0,
smoke,1,/get-salt,0,2153,1776914643415,7007,0.813,429,0,
smoke,1,/get-salt,0,2154,1776914643416,7006,0.894,429,0,
smoke,1,/get-salt,0,2155,1776914643417,7003,0.755,429,0,
smoke,1,/get-salt,0,2156,1776914643418,7007,0.719,429,0,
smoke,1,/get-salt,0,2157,1776914643418,7006,0.768,429,0,
smoke,1,/get-salt,0,2158,1776914643419,7008,0.901,429,0,
smoke,1,/get-salt,0,2159,1776914643420,7007,0.828,429,0,
smoke,1,/get-salt,0,2160,1776914643421,7009,0.896,429,0,
smoke,1,/get-salt,0,2161,1776914643422,7001,0.908,429,0,
smoke,1,/get-salt,0,2162,1776914643423,7007,0.762,429,0,
smoke,1,/get-salt,0,2163,1776914643424,7005,1.022,429,0,
smoke,1,/get-salt,0,2164,1776914643425,7005,0.883,429,0,
smoke,1,/get-salt,0,2165,1776914643427,7009,2.94,429,0,
smoke,1,/get-salt,0,2166,1776914643429,7008,1.185,429,0,
smoke,1,/get-salt,0,2167,1776914643430,7007,1.176,429,0,
smoke,1,/get-salt,0,2168,1776914643431,7010,1.135,429,0,
smoke,1,/get-salt,0,2169,1776914643432,7007,0.836,429,0,
smoke,1,/get-salt,0,2170,1776914643433,7010,0.852,429,0,
smoke,1,/get-salt,0,2171,1776914643434,7003,0.984,429,0,
smoke,1,/get-salt,0,2172,1776914643435,7002,1.021,429,0,
smoke,1,/get-salt,0,2173,1776914643436,7006,1.008,429,0,
smoke,1,/get-salt,0,2174,1776914643436,7006,0.765,429,0,
smoke,1,/get-salt,0,2175,1776914643437,7005,0.964,429,0,
smoke,1,/get-salt,0,2176,1776914643438,7010,0.967,429,0,
smoke,1,/get-salt,0,2177,1776914643439,7002,1.025,429,0,
smoke,1,/get-salt,0,2178,1776914643440,7008,1.059,429,0,
smoke,1,/get-salt,0,2179,1776914643441,7008,0.802,429,0,
smoke,1,/get-salt,0,2180,1776914643442,7007,0.947,429,0,
smoke,1,/get-salt,0,2181,1776914643443,7003,0.94,429,0,
smoke,1,/get-salt,0,2182,1776914643444,7004,1.068,429,0,
smoke,1,/get-salt,0,2183,1776914643445,7010,1.009,429,0,
smoke,1,/get-salt,0,2184,1776914643446,7006,0.966,429,0,
smoke,1,/get-salt,0,2185,1776914643447,7007,0.86,429,0,
smoke,1,/get-salt,0,2186,1776914643448,7006,0.698,429,0,
smoke,1,/get-salt,0,2187,1776914643449,7005,0.943,429,0,
smoke,1,/get-salt,0,2188,1776914643450,7009,1.053,429,0,
smoke,1,/get-salt,0,2189,1776914643451,7007,0.852,429,0,
smoke,1,/get-salt,0,2190,1776914643452,7010,0.927,429,0,
smoke,1,/get-salt,0,2191,1776914643453,7002,0.955,429,0,
smoke,1,/get-salt,0,2192,1776914643453,7007,0.788,429,0,
smoke,1,/get-salt,0,2193,1776914643454,7001,0.948,429,0,
smoke,1,/get-salt,0,2194,1776914643455,7006,0.935,429,0,
smoke,1,/get-salt,0,2195,1776914643456,7008,1.013,429,0,
smoke,1,/get-salt,0,2196,1776914643457,7008,0.782,429,0,
smoke,1,/get-salt,0,2197,1776914643458,7008,0.739,429,0,
smoke,1,/get-salt,0,2198,1776914643459,7005,0.976,429,0,
smoke,1,/get-salt,0,2199,1776914643460,7010,0.987,429,0,
smoke,1,/get-salt,0,2200,1776914643461,7004,1.049,429,0,
smoke,1,/get-salt,0,2201,1776914643462,7003,1.043,429,0,
smoke,1,/get-salt,0,2202,1776914643463,7005,0.906,429,0,
smoke,1,/get-salt,0,2203,1776914643464,7001,0.939,429,0,
smoke,1,/get-salt,0,2204,1776914643465,7010,0.946,429,0,
smoke,1,/get-salt,0,2205,1776914643466,7008,0.915,429,0,
smoke,1,/get-salt,0,2206,1776914643466,7004,0.924,429,0,
smoke,1,/get-salt,0,2207,1776914643467,7009,0.942,429,0,
smoke,1,/get-salt,0,2208,1776914643468,7002,0.998,429,0,
smoke,1,/get-salt,0,2209,1776914643469,7003,0.994,429,0,
smoke,1,/get-salt,0,2210,1776914643470,7001,1.002,429,0,
smoke,1,/get-salt,0,2211,1776914643471,7010,0.916,429,0,
smoke,1,/get-salt,0,2212,1776914643472,7001,0.712,429,0,
smoke,1,/get-salt,0,2213,1776914643473,7007,0.963,429,0,
smoke,1,/get-salt,0,2214,1776914643474,7008,1.095,429,0,
smoke,1,/get-salt,0,2215,1776914643475,7005,1.06,429,0,
smoke,1,/get-salt,0,2216,1776914643476,7007,0.885,429,0,
smoke,1,/get-salt,0,2217,1776914643477,7005,0.873,429,0,
smoke,1,/get-salt,0,2218,1776914643478,7006,1.048,429,0,
smoke,1,/get-salt,0,2219,1776914643479,7006,0.699,429,0,
smoke,1,/get-salt,0,2220,1776914643480,7002,1.199,429,0,
smoke,1,/get-salt,0,2221,1776914643481,7001,1.049,429,0,
smoke,1,/get-salt,0,2222,1776914643482,7010,1.051,429,0,
smoke,1,/get-salt,0,2223,1776914643483,7008,1.088,429,0,
smoke,1,/get-salt,0,2224,1776914643484,7002,0.964,429,0,
smoke,1,/get-salt,0,2225,1776914643485,7006,1.135,429,0,
smoke,1,/get-salt,0,2226,1776914643486,7010,0.847,429,0,
smoke,1,/get-salt,0,2227,1776914643487,7009,0.947,429,0,
smoke,1,/get-salt,0,2228,1776914643488,7005,0.941,429,0,
smoke,1,/get-salt,0,2229,1776914643489,7008,0.901,429,0,
smoke,1,/get-salt,0,2230,1776914643490,7009,0.798,429,0,
smoke,1,/get-salt,0,2231,1776914643491,7005,0.84,429,0,
smoke,1,/get-salt,0,2232,1776914643491,7001,0.931,429,0,
smoke,1,/get-salt,0,2233,1776914643492,7009,0.758,429,0,
smoke,1,/get-salt,0,2234,1776914643493,7006,0.929,429,0,
smoke,1,/get-salt,0,2235,1776914643494,7004,0.966,429,0,
smoke,1,/get-salt,0,2236,1776914643495,7009,0.758,429,0,
smoke,1,/get-salt,0,2237,1776914643496,7007,0.927,429,0,
smoke,1,/get-salt,0,2238,1776914643497,7008,0.938,429,0,
smoke,1,/get-salt,0,2239,1776914643498,7001,0.861,429,0,
smoke,1,/get-salt,0,2240,1776914643499,7002,1.012,429,0,
smoke,1,/get-salt,0,2241,1776914643500,7004,0.888,429,0,
smoke,1,/get-salt,0,2242,1776914643501,7006,0.987,429,0,
smoke,1,/get-salt,0,2243,1776914643501,7005,0.947,429,0,
smoke,1,/get-salt,0,2244,1776914643502,7010,0.969,429,0,
smoke,1,/get-salt,0,2245,1776914643503,7007,0.912,429,0,
smoke,1,/get-salt,0,2246,1776914643504,7008,0.916,429,0,
smoke,1,/get-salt,0,2247,1776914643505,7009,1.048,429,0,
smoke,1,/get-salt,0,2248,1776914643506,7007,0.785,429,0,
smoke,1,/get-salt,0,2249,1776914643507,7008,0.734,429,0,
smoke,1,/get-salt,0,2250,1776914643508,7010,0.823,429,0,
smoke,1,/get-salt,0,2251,1776914643509,7003,1.014,429,0,
smoke,1,/get-salt,0,2252,1776914643510,7004,0.99,429,0,
smoke,1,/get-salt,0,2253,1776914643511,7002,1.066,429,0,
smoke,1,/get-salt,0,2254,1776914643512,7001,0.927,429,0,
smoke,1,/get-salt,0,2255,1776914643513,7007,0.92,429,0,
smoke,1,/get-salt,0,2256,1776914643514,7005,0.933,429,0,
smoke,1,/get-salt,0,2257,1776914643515,7008,0.962,429,0,
smoke,1,/get-salt,0,2258,1776914643515,7002,0.919,429,0,
smoke,1,/get-salt,0,2259,1776914643516,7008,0.717,429,0,
smoke,1,/get-salt,0,2260,1776914643517,7004,0.911,429,0,
smoke,1,/get-salt,0,2261,1776914643518,7007,0.839,429,0,
smoke,1,/get-salt,0,2262,1776914643519,7004,0.719,429,0,
smoke,1,/get-salt,0,2263,1776914643519,7008,0.747,429,0,
smoke,1,/get-salt,0,2264,1776914643520,7010,0.996,429,0,
smoke,1,/get-salt,0,2265,1776914643521,7006,0.949,429,0,
smoke,1,/get-salt,0,2266,1776914643522,7007,0.83,429,0,
smoke,1,/get-salt,0,2267,1776914643523,7002,0.976,429,0,
smoke,1,/get-salt,0,2268,1776914643524,7006,0.928,429,0,
smoke,1,/get-salt,0,2269,1776914643525,7001,0.987,429,0,
smoke,1,/get-salt,0,2270,1776914643526,7003,0.995,429,0,
smoke,1,/get-salt,0,2271,1776914643527,7001,0.863,429,0,
smoke,1,/get-salt,0,2272,1776914643528,7005,0.942,429,0,
smoke,1,/get-salt,0,2273,1776914643529,7009,0.894,429,0,
smoke,1,/get-salt,0,2274,1776914643530,7004,0.96,429,0,
smoke,1,/get-salt,0,2275,1776914643531,7008,0.994,429,0,
smoke,1,/get-salt,0,2276,1776914643532,7007,0.942,429,0,
smoke,1,/get-salt,0,2277,1776914643533,7001,0.945,429,0,
smoke,1,/get-salt,0,2278,1776914643534,7005,0.895,429,0,
smoke,1,/get-salt,0,2279,1776914643535,7003,1.004,429,0,
smoke,1,/get-salt,0,2280,1776914643535,7005,0.717,429,0,
smoke,1,/get-salt,0,2281,1776914643536,7003,0.744,429,0,
smoke,1,/get-salt,0,2282,1776914643537,7007,0.803,429,0,
smoke,1,/get-salt,0,2283,1776914643538,7002,1.09,429,0,
smoke,1,/get-salt,0,2284,1776914643539,7003,0.837,429,0,
smoke,1,/get-salt,0,2285,1776914643540,7010,1.168,429,0,
smoke,1,/get-salt,0,2286,1776914643541,7003,0.78,429,0,
smoke,1,/get-salt,0,2287,1776914643542,7008,1.082,429,0,
smoke,1,/get-salt,0,2288,1776914643543,7007,0.923,429,0,
smoke,1,/get-salt,0,2289,1776914643544,7009,0.935,429,0,
smoke,1,/get-salt,0,2290,1776914643545,7001,1.025,429,0,
smoke,1,/get-salt,0,2291,1776914643546,7005,0.936,429,0,
smoke,1,/get-salt,0,2292,1776914643546,7001,0.793,429,0,
smoke,1,/get-salt,0,2293,1776914643547,7002,1.032,429,0,
smoke,1,/get-salt,0,2294,1776914643548,7005,0.723,429,0,
smoke,1,/get-salt,0,2295,1776914643549,7003,0.991,429,0,
smoke,1,/get-salt,0,2296,1776914643550,7006,1.017,429,0,
smoke,1,/get-salt,0,2297,1776914643551,7002,0.888,429,0,
smoke,1,/get-salt,0,2298,1776914643552,7008,0.937,429,0,
smoke,1,/get-salt,0,2299,1776914643556,7005,3.841,429,0,
smoke,1,/get-salt,0,2300,1776914643557,7002,1.19,429,0,
smoke,1,/get-salt,0,2301,1776914643558,7005,0.923,429,0,
smoke,1,/get-salt,0,2302,1776914643559,7007,0.961,429,0,
smoke,1,/get-salt,0,2303,1776914643560,7005,0.719,429,0,
smoke,1,/get-salt,0,2304,1776914643561,7001,1.042,429,0,
smoke,1,/get-salt,0,2305,1776914643562,7010,0.947,429,0,
smoke,1,/get-salt,0,2306,1776914643563,7003,1.007,429,0,
smoke,1,/get-salt,0,2307,1776914643564,7005,0.82,429,0,
smoke,1,/get-salt,0,2308,1776914643564,7008,0.946,429,0,
smoke,1,/get-salt,0,2309,1776914643565,7009,0.943,429,0,
smoke,1,/get-salt,0,2310,1776914643566,7002,0.993,429,0,
smoke,1,/get-salt,0,2311,1776914643567,7004,0.951,429,0,
smoke,1,/get-salt,0,2312,1776914643568,7002,0.782,429,0,
smoke,1,/get-salt,0,2313,1776914643569,7005,0.849,429,0,
smoke,1,/get-salt,0,2314,1776914643570,7007,1.005,429,0,
smoke,1,/get-salt,0,2315,1776914643571,7005,0.744,429,0,
smoke,1,/get-salt,0,2316,1776914643571,7007,0.731,429,0,
smoke,1,/get-salt,0,2317,1776914643572,7005,0.72,429,0,
smoke,1,/get-salt,0,2318,1776914643573,7005,0.691,429,0,
smoke,1,/get-salt,0,2319,1776914643574,7006,1.046,429,0,
smoke,1,/get-salt,0,2320,1776914643575,7004,1.076,429,0,
smoke,1,/get-salt,0,2321,1776914643576,7004,0.765,429,0,
smoke,1,/get-salt,0,2322,1776914643577,7010,1.086,429,0,
smoke,1,/get-salt,0,2323,1776914643578,7004,0.695,429,0,
smoke,1,/get-salt,0,2324,1776914643579,7005,0.904,429,0,
smoke,1,/get-salt,0,2325,1776914643579,7009,0.933,429,0,
smoke,1,/get-salt,0,2326,1776914643580,7007,1.015,429,0,
smoke,1,/get-salt,0,2327,1776914643581,7002,0.986,429,0,
smoke,1,/get-salt,0,2328,1776914643582,7001,1.025,429,0,
smoke,1,/get-salt,0,2329,1776914643584,7006,1.03,429,0,
smoke,1,/get-salt,0,2330,1776914643584,7002,0.838,429,0,
smoke,1,/get-salt,0,2331,1776914643585,7006,0.813,429,0,
smoke,1,/get-salt,0,2332,1776914643586,7004,1.154,429,0,
smoke,1,/get-salt,0,2333,1776914643587,7006,0.857,429,0,
smoke,1,/get-salt,0,2334,1776914643588,7004,0.73,429,0,
smoke,1,/get-salt,0,2335,1776914643589,7002,0.874,429,0,
smoke,1,/get-salt,0,2336,1776914643590,7002,0.789,429,0,
smoke,1,/get-salt,0,2337,1776914643591,7005,1.003,429,0,
smoke,1,/get-salt,0,2338,1776914643591,7002,0.771,429,0,
smoke,1,/get-salt,0,2339,1776914643592,7001,0.987,429,0,
smoke,1,/get-salt,0,2340,1776914643593,7006,0.952,429,0,
smoke,1,/get-salt,0,2341,1776914643594,7010,1.006,429,0,
smoke,1,/get-salt,0,2342,1776914643595,7003,0.998,429,0,
smoke,1,/get-salt,0,2343,1776914643596,7005,0.889,429,0,
smoke,1,/get-salt,0,2344,1776914643597,7002,0.935,429,0,
smoke,1,/get-salt,0,2345,1776914643598,7008,0.961,429,0,
smoke,1,/get-salt,0,2346,1776914643599,7001,0.982,429,0,
smoke,1,/get-salt,0,2347,1776914643600,7003,0.983,429,0,
smoke,1,/get-salt,0,2348,1776914643601,7009,0.944,429,0,
smoke,1,/get-salt,0,2349,1776914643602,7007,0.966,429,0,
smoke,1,/get-salt,0,2350,1776914643603,7010,0.945,429,0,
smoke,1,/get-salt,0,2351,1776914643604,7004,0.934,429,0,
smoke,1,/get-salt,0,2352,1776914643605,7004,0.675,429,0,
smoke,1,/get-salt,0,2353,1776914643606,7006,1.015,429,0,
smoke,1,/get-salt,0,2354,1776914643607,7002,1.005,429,0,
smoke,1,/get-salt,0,2355,1776914643608,7005,0.943,429,0,
smoke,1,/get-salt,0,2356,1776914643609,7001,1.013,429,0,
smoke,1,/get-salt,0,2357,1776914643609,7002,0.851,429,0,
smoke,1,/get-salt,0,2358,1776914643610,7003,1.01,429,0,
smoke,1,/get-salt,0,2359,1776914643611,7002,0.789,429,0,
smoke,1,/get-salt,0,2360,1776914643612,7010,0.929,429,0,
smoke,1,/get-salt,0,2361,1776914643613,7004,0.918,429,0,
smoke,1,/get-salt,0,2362,1776914643614,7003,0.921,429,0,
smoke,1,/get-salt,0,2363,1776914643615,7008,1.01,429,0,
smoke,1,/get-salt,0,2364,1776914643616,7004,0.783,429,0,
smoke,1,/get-salt,0,2365,1776914643617,7003,0.749,429,0,
smoke,1,/get-salt,0,2366,1776914643618,7007,1.042,429,0,
smoke,1,/get-salt,0,2367,1776914643619,7001,1.069,429,0,
smoke,1,/get-salt,0,2368,1776914643620,7007,0.876,429,0,
smoke,1,/get-salt,0,2369,1776914643621,7006,1,429,0,
smoke,1,/get-salt,0,2370,1776914643621,7006,0.698,429,0,
smoke,1,/get-salt,0,2371,1776914643622,7006,0.666,429,0,
smoke,1,/get-salt,0,2372,1776914643623,7007,0.756,429,0,
smoke,1,/get-salt,0,2373,1776914643624,7010,0.921,429,0,
smoke,1,/get-salt,0,2374,1776914643624,7007,0.769,429,0,
smoke,1,/get-salt,0,2375,1776914643626,7001,1.213,429,0,
smoke,1,/get-salt,0,2376,1776914643626,7001,0.832,429,0,
smoke,1,/get-salt,0,2377,1776914643627,7003,0.947,429,0,
smoke,1,/get-salt,0,2378,1776914643628,7006,0.919,429,0,
smoke,1,/get-salt,0,2379,1776914643629,7003,0.681,429,0,
smoke,1,/get-salt,0,2380,1776914643630,7005,1.021,429,0,
smoke,1,/get-salt,0,2381,1776914643631,7009,0.947,429,0,
smoke,1,/get-salt,0,2382,1776914643632,7002,0.99,429,0,
smoke,1,/get-salt,0,2383,1776914643633,7005,0.745,429,0,
smoke,1,/get-salt,0,2384,1776914643634,7006,0.839,429,0,
smoke,1,/get-salt,0,2385,1776914643634,7002,0.803,429,0,
smoke,1,/get-salt,0,2386,1776914643635,7002,0.763,429,0,
smoke,1,/get-salt,0,2387,1776914643636,7002,0.909,429,0,
smoke,1,/get-salt,0,2388,1776914643637,7010,1.008,429,0,
smoke,1,/get-salt,0,2389,1776914643638,7003,1.002,429,0,
smoke,1,/get-salt,0,2390,1776914643639,7006,0.914,429,0,
smoke,1,/get-salt,0,2391,1776914643640,7002,0.944,429,0,
smoke,1,/get-salt,0,2392,1776914643641,7007,1.178,429,0,
smoke,1,/get-salt,0,2393,1776914643642,7007,0.7,429,0,
smoke,1,/get-salt,0,2394,1776914643643,7004,1.028,429,0,
smoke,1,/get-salt,0,2395,1776914643644,7010,1.012,429,0,
smoke,1,/get-salt,0,2396,1776914643645,7007,0.716,429,0,
smoke,1,/get-salt,0,2397,1776914643645,7007,0.686,429,0,
smoke,1,/get-salt,0,2398,1776914643646,7005,0.953,429,0,
smoke,1,/get-salt,0,2399,1776914643647,7005,0.712,429,0,
smoke,1,/get-salt,0,2400,1776914643648,7005,0.671,429,0,
smoke,1,/get-salt,0,2401,1776914643649,7006,0.945,429,0,
smoke,1,/get-salt,0,2402,1776914643649,7004,0.953,429,0,
smoke,1,/get-salt,0,2403,1776914643651,7001,1.043,429,0,
smoke,1,/get-salt,0,2404,1776914643652,7002,1.007,429,0,
smoke,1,/get-salt,0,2405,1776914643652,7006,0.821,429,0,
smoke,1,/get-salt,0,2406,1776914643653,7005,1.068,429,0,
smoke,1,/get-salt,0,2407,1776914643654,7005,0.823,429,0,
smoke,1,/get-salt,0,2408,1776914643655,7007,1.085,429,0,
smoke,1,/get-salt,0,2409,1776914643656,7009,1.066,429,0,
smoke,1,/get-salt,0,2410,1776914643657,7005,0.872,429,0,
smoke,1,/get-salt,0,2411,1776914643658,7006,1.035,429,0,
smoke,1,/get-salt,0,2412,1776914643659,7003,1.016,429,0,
smoke,1,/get-salt,0,2413,1776914643660,7007,1.1,429,0,
smoke,1,/get-salt,0,2414,1776914643661,7007,0.804,429,0,
smoke,1,/get-salt,0,2415,1776914643662,7009,1.066,429,0,
smoke,1,/get-salt,0,2416,1776914643663,7007,0.795,429,0,
smoke,1,/get-salt,0,2417,1776914643664,7007,0.77,429,0,
smoke,1,/get-salt,0,2418,1776914643665,7002,1.004,429,0,
smoke,1,/get-salt,0,2419,1776914643666,7004,1.022,429,0,
smoke,1,/get-salt,0,2420,1776914643667,7004,0.698,429,0,
smoke,1,/get-salt,0,2421,1776914643668,7006,0.941,429,0,
smoke,1,/get-salt,0,2422,1776914643669,7005,1.013,429,0,
smoke,1,/get-salt,0,2423,1776914643670,7008,1.061,429,0,
smoke,1,/get-salt,0,2424,1776914643671,7001,1.081,429,0,
smoke,1,/get-salt,0,2425,1776914643672,7008,0.972,429,0,
smoke,1,/get-salt,0,2426,1776914643673,7004,1.168,429,0,
smoke,1,/get-salt,0,2427,1776914643674,7009,1.06,429,0,
smoke,1,/get-salt,0,2428,1776914643675,7001,0.958,429,0,
smoke,1,/get-salt,0,2429,1776914643676,7001,0.748,429,0,
smoke,1,/get-salt,0,2430,1776914643677,7005,0.92,429,0,
smoke,1,/get-salt,0,2431,1776914643678,7006,0.953,429,0,
smoke,1,/get-salt,0,2432,1776914643679,7010,0.96,429,0,
smoke,1,/get-salt,0,2433,1776914643679,7005,0.772,429,0,
smoke,1,/get-salt,0,2434,1776914643680,7008,1.033,429,0,
smoke,1,/get-salt,0,2435,1776914643681,7004,0.941,429,0,
smoke,1,/get-salt,0,2436,1776914643682,7010,0.831,429,0,
smoke,1,/get-salt,0,2437,1776914643683,7008,0.784,429,0,
smoke,1,/get-salt,0,2438,1776914643684,7009,0.897,429,0,
smoke,1,/get-salt,0,2439,1776914643685,7003,0.932,429,0,
smoke,1,/get-salt,0,2440,1776914643686,7001,0.921,429,0,
smoke,1,/get-salt,0,2441,1776914643686,7009,0.764,429,0,
smoke,1,/get-salt,0,2442,1776914643688,7005,1.081,429,0,
smoke,1,/get-salt,0,2443,1776914643689,7004,1.164,429,0,
smoke,1,/get-salt,0,2444,1776914643690,7009,0.908,429,0,
smoke,1,/get-salt,0,2445,1776914643691,7006,1.053,429,0,
smoke,1,/get-salt,0,2446,1776914643692,7001,0.882,429,0,
smoke,1,/get-salt,0,2447,1776914643692,7007,0.925,429,0,
smoke,1,/get-salt,0,2448,1776914643693,7005,0.954,429,0,
smoke,1,/get-salt,0,2449,1776914643694,7003,0.969,429,0,
smoke,1,/get-salt,0,2450,1776914643695,7002,0.941,429,0,
smoke,1,/get-salt,0,2451,1776914643696,7006,0.876,429,0,
smoke,1,/get-salt,0,2452,1776914643697,7001,0.865,429,0,
smoke,1,/get-salt,0,2453,1776914643698,7007,0.864,429,0,
smoke,1,/get-salt,0,2454,1776914643699,7006,0.762,429,0,
smoke,1,/get-salt,0,2455,1776914643702,7003,3.657,429,0,
smoke,1,/get-salt,0,2456,1776914643704,7002,1.26,429,0,
smoke,1,/get-salt,0,2457,1776914643705,7006,1.049,429,0,
smoke,1,/get-salt,0,2458,1776914643706,7005,1.09,429,0,
smoke,1,/get-salt,0,2459,1776914643707,7008,1.035,429,0,
smoke,1,/get-salt,0,2460,1776914643708,7004,1.022,429,0,
smoke,1,/get-salt,0,2461,1776914643709,7003,0.954,429,0,
smoke,1,/get-salt,0,2462,1776914643710,7010,1.028,429,0,
smoke,1,/get-salt,0,2463,1776914643711,7002,0.957,429,0,
smoke,1,/get-salt,0,2464,1776914643712,7009,0.914,429,0,
smoke,1,/get-salt,0,2465,1776914643713,7001,0.886,429,0,
smoke,1,/get-salt,0,2466,1776914643713,7004,0.869,429,0,
smoke,1,/get-salt,0,2467,1776914643714,7008,0.906,429,0,
smoke,1,/get-salt,0,2468,1776914643715,7004,0.698,429,0,
smoke,1,/get-salt,0,2469,1776914643716,7007,0.937,429,0,
smoke,1,/get-salt,0,2470,1776914643717,7007,0.696,429,0,
smoke,1,/get-salt,0,2471,1776914643718,7009,0.908,429,0,
smoke,1,/get-salt,0,2472,1776914643718,7007,0.748,429,0,
smoke,1,/get-salt,0,2473,1776914643719,7010,1.005,429,0,
smoke,1,/get-salt,0,2474,1776914643721,7005,1.153,429,0,
smoke,1,/get-salt,0,2475,1776914643722,7003,1.044,429,0,
smoke,1,/get-salt,0,2476,1776914643723,7002,1.05,429,0,
smoke,1,/get-salt,0,2477,1776914643724,7010,1.021,429,0,
smoke,1,/get-salt,0,2478,1776914643725,7003,0.972,429,0,
smoke,1,/get-salt,0,2479,1776914643726,7006,1.022,429,0,
smoke,1,/get-salt,0,2480,1776914643727,7001,1.026,429,0,
smoke,1,/get-salt,0,2481,1776914643727,7001,0.771,429,0,
smoke,1,/get-salt,0,2482,1776914643728,7003,0.9,429,0,
smoke,1,/get-salt,0,2483,1776914643729,7006,0.865,429,0,
smoke,1,/get-salt,0,2484,1776914643730,7007,1.027,429,0,
smoke,1,/get-salt,0,2485,1776914643731,7010,1.048,429,0,
smoke,1,/get-salt,0,2486,1776914643732,7006,0.915,429,0,
smoke,1,/get-salt,0,2487,1776914643733,7006,0.818,429,0,
smoke,1,/get-salt,0,2488,1776914643734,7010,0.841,429,0,
smoke,1,/get-salt,0,2489,1776914643735,7009,0.982,429,0,
smoke,1,/get-salt,0,2490,1776914643736,7002,0.897,429,0,
smoke,1,/get-salt,0,2491,1776914643737,7006,0.911,429,0,
smoke,1,/get-salt,0,2492,1776914643738,7004,0.967,429,0,
smoke,1,/get-salt,0,2493,1776914643739,7009,0.849,429,0,
smoke,1,/get-salt,0,2494,1776914643740,7003,1.012,429,0,
smoke,1,/get-salt,0,2495,1776914643740,7003,0.831,429,0,
smoke,1,/get-salt,0,2496,1776914643741,7005,0.992,429,0,
smoke,1,/get-salt,0,2497,1776914643742,7003,0.886,429,0,
smoke,1,/get-salt,0,2498,1776914643743,7005,0.832,429,0,
smoke,1,/get-salt,0,2499,1776914643744,7007,1.091,429,0,
smoke,1,/get-salt,0,2500,1776914643745,7009,0.961,429,0,
smoke,1,/get-salt,0,2501,1776914643746,7001,1.034,429,0,
smoke,1,/get-salt,0,2502,1776914643747,7008,1.013,429,0,
smoke,1,/get-salt,0,2503,1776914643748,7010,1.058,429,0,
smoke,1,/get-salt,0,2504,1776914643749,7005,1.031,429,0,
smoke,1,/get-salt,0,2505,1776914643750,7005,0.895,429,0,
smoke,1,/get-salt,0,2506,1776914643751,7004,1.045,429,0,
smoke,1,/get-salt,0,2507,1776914643752,7002,0.941,429,0,
smoke,1,/get-salt,0,2508,1776914643753,7004,0.729,429,0,
smoke,1,/get-salt,0,2509,1776914643754,7008,0.982,429,0,
smoke,1,/get-salt,0,2510,1776914643755,7010,0.898,429,0,
smoke,1,/get-salt,0,2511,1776914643756,7001,0.939,429,0,
smoke,1,/get-salt,0,2512,1776914643757,7009,0.948,429,0,
smoke,1,/get-salt,0,2513,1776914643758,7008,0.876,429,0,
smoke,1,/get-salt,0,2514,1776914643758,7008,0.829,429,0,
smoke,1,/get-salt,0,2515,1776914643760,7007,1.167,429,0,
smoke,1,/get-salt,0,2516,1776914643761,7010,1.051,429,0,
smoke,1,/get-salt,0,2517,1776914643762,7003,1.325,429,0,
smoke,1,/get-salt,0,2518,1776914643763,7002,1.377,429,0,
smoke,1,/get-salt,0,2519,1776914643765,7007,1.199,429,0,
smoke,1,/get-salt,0,2520,1776914643766,7008,1.014,429,0,
smoke,1,/get-salt,0,2521,1776914643767,7010,1.015,429,0,
smoke,1,/get-salt,0,2522,1776914643768,7009,0.996,429,0,
smoke,1,/get-salt,0,2523,1776914643768,7010,0.796,429,0,
smoke,1,/get-salt,0,2524,1776914643769,7004,1.028,429,0,
smoke,1,/get-salt,0,2525,1776914643770,7009,0.896,429,0,
smoke,1,/get-salt,0,2526,1776914643771,7003,0.98,429,0,
smoke,1,/get-salt,0,2527,1776914643772,7008,0.961,429,0,
smoke,1,/get-salt,0,2528,1776914643773,7008,0.664,429,0,
smoke,1,/get-salt,0,2529,1776914643774,7001,0.921,429,0,
smoke,1,/get-salt,0,2530,1776914643775,7002,0.897,429,0,
smoke,1,/get-salt,0,2531,1776914643776,7007,0.926,429,0,
smoke,1,/get-salt,0,2532,1776914643776,7002,0.682,429,0,
smoke,1,/get-salt,0,2533,1776914643777,7007,0.746,429,0,
smoke,1,/get-salt,0,2534,1776914643778,7005,1.187,429,0,
smoke,1,/get-salt,0,2535,1776914643779,7010,1.103,429,0,
smoke,1,/get-salt,0,2536,1776914643780,7010,0.86,429,0,
smoke,1,/get-salt,0,2537,1776914643781,7007,0.929,429,0,
smoke,1,/get-salt,0,2538,1776914643782,7008,0.983,429,0,
smoke,1,/get-salt,0,2539,1776914643783,7006,1.052,429,0,
smoke,1,/get-salt,0,2540,1776914643784,7003,1.028,429,0,
smoke,1,/get-salt,0,2541,1776914643785,7002,1.062,429,0,
smoke,1,/get-salt,0,2542,1776914643786,7009,1.056,429,0,
smoke,1,/get-salt,0,2543,1776914643787,7007,1.009,429,0,
smoke,1,/get-salt,0,2544,1776914643788,7002,0.921,429,0,
smoke,1,/get-salt,0,2545,1776914643789,7006,1.011,429,0,
smoke,1,/get-salt,0,2546,1776914643790,7002,0.839,429,0,
smoke,1,/get-salt,0,2547,1776914643791,7001,1.004,429,0,
smoke,1,/get-salt,0,2548,1776914643792,7006,0.877,429,0,
smoke,1,/get-salt,0,2549,1776914643793,7009,1.013,429,0,
smoke,1,/get-salt,0,2550,1776914643794,7008,1.003,429,0,
smoke,1,/get-salt,0,2551,1776914643795,7002,0.876,429,0,
smoke,1,/get-salt,0,2552,1776914643796,7003,0.975,429,0,
smoke,1,/get-salt,0,2553,1776914643797,7004,0.938,429,0,
smoke,1,/get-salt,0,2554,1776914643798,7006,0.998,429,0,
smoke,1,/get-salt,0,2555,1776914643799,7001,1.06,429,0,
smoke,1,/get-salt,0,2556,1776914643800,7002,1.028,429,0,
smoke,1,/get-salt,0,2557,1776914643801,7006,0.902,429,0,
smoke,1,/get-salt,0,2558,1776914643802,7010,1.016,429,0,
smoke,1,/get-salt,0,2559,1776914643803,7003,0.936,429,0,
smoke,1,/get-salt,0,2560,1776914643804,7008,0.998,429,0,
smoke,1,/get-salt,0,2561,1776914643805,7004,0.904,429,0,
smoke,1,/get-salt,0,2562,1776914643806,7008,0.772,429,0,
smoke,1,/get-salt,0,2563,1776914643807,7006,0.967,429,0,
smoke,1,/get-salt,0,2564,1776914643808,7007,1.007,429,0,
smoke,1,/get-salt,0,2565,1776914643808,7007,0.811,429,0,
smoke,1,/get-salt,0,2566,1776914643809,7001,1.033,429,0,
smoke,1,/get-salt,0,2567,1776914643810,7007,0.844,429,0,
smoke,1,/get-salt,0,2568,1776914643811,7005,1.105,429,0,
smoke,1,/get-salt,0,2569,1776914643812,7002,0.954,429,0,
smoke,1,/get-salt,0,2570,1776914643813,7002,0.658,429,0,
smoke,1,/get-salt,0,2571,1776914643814,7009,1.013,429,0,
smoke,1,/get-salt,0,2572,1776914643815,7002,0.684,429,0,
smoke,1,/get-salt,0,2573,1776914643815,7002,0.739,429,0,
smoke,1,/get-salt,0,2574,1776914643816,7009,0.765,429,0,
smoke,1,/get-salt,0,2575,1776914643817,7004,1.015,429,0,
smoke,1,/get-salt,0,2576,1776914643818,7009,0.703,429,0,
smoke,1,/get-salt,0,2577,1776914643819,7009,0.666,429,0,
smoke,1,/get-salt,0,2578,1776914643820,7008,0.903,429,0,
smoke,1,/get-salt,0,2579,1776914643821,7010,0.994,429,0,
smoke,1,/get-salt,0,2580,1776914643821,7005,0.917,429,0,
smoke,1,/get-salt,0,2581,1776914643822,7006,0.954,429,0,
smoke,1,/get-salt,0,2582,1776914643823,7010,0.75,429,0,
smoke,1,/get-salt,0,2583,1776914643824,7004,0.996,429,0,
smoke,1,/get-salt,0,2584,1776914643825,7003,0.996,429,0,
smoke,1,/get-salt,0,2585,1776914643826,7010,0.907,429,0,
smoke,1,/get-salt,0,2586,1776914643827,7010,0.768,429,0,
smoke,1,/get-salt,0,2587,1776914643828,7003,0.825,429,0,
smoke,1,/get-salt,0,2588,1776914643829,7004,0.898,429,0,
smoke,1,/get-salt,0,2589,1776914643829,7003,0.831,429,0,
smoke,1,/get-salt,0,2590,1776914643831,7008,1.125,429,0,
smoke,1,/get-salt,0,2591,1776914643832,7007,1.014,429,0,
smoke,1,/get-salt,0,2592,1776914643832,7005,0.929,429,0,
smoke,1,/get-salt,0,2593,1776914643833,7006,0.94,429,0,
smoke,1,/get-salt,0,2594,1776914643834,7002,1.009,429,0,
smoke,1,/get-salt,0,2595,1776914643835,7002,0.768,429,0,
smoke,1,/get-salt,0,2596,1776914643836,7004,1,429,0,
smoke,1,/get-salt,0,2597,1776914643837,7005,0.807,429,0,
smoke,1,/get-salt,0,2598,1776914643838,7008,0.882,429,0,
smoke,1,/get-salt,0,2599,1776914643842,7001,3.852,429,0,
smoke,1,/get-salt,0,2600,1776914643843,7004,1.267,429,0,
smoke,1,/get-salt,0,2601,1776914643844,7004,0.763,429,0,
smoke,1,/get-salt,0,2602,1776914643845,7005,0.932,429,0,
smoke,1,/get-salt,0,2603,1776914643846,7010,1.002,429,0,
smoke,1,/get-salt,0,2604,1776914643847,7006,0.953,429,0,
smoke,1,/get-salt,0,2605,1776914643847,7005,0.714,429,0,
smoke,1,/get-salt,0,2606,1776914643848,7004,0.861,429,0,
smoke,1,/get-salt,0,2607,1776914643849,7004,0.765,429,0,
smoke,1,/get-salt,0,2608,1776914643850,7002,1.05,429,0,
smoke,1,/get-salt,0,2609,1776914643851,7001,0.938,429,0,
smoke,1,/get-salt,0,2610,1776914643852,7007,0.92,429,0,
smoke,1,/get-salt,0,2611,1776914643853,7003,0.991,429,0,
smoke,1,/get-salt,0,2612,1776914643854,7004,0.909,429,0,
smoke,1,/get-salt,0,2613,1776914643855,7010,1.012,429,0,
smoke,1,/get-salt,0,2614,1776914643856,7007,0.85,429,0,
smoke,1,/get-salt,0,2615,1776914643857,7010,0.842,429,0,
smoke,1,/get-salt,0,2616,1776914643857,7010,0.786,429,0,
smoke,1,/get-salt,0,2617,1776914643858,7004,0.914,429,0,
smoke,1,/get-salt,0,2618,1776914643859,7002,0.98,429,0,
smoke,1,/get-salt,0,2619,1776914643860,7001,0.982,429,0,
smoke,1,/get-salt,0,2620,1776914643861,7007,0.872,429,0,
smoke,1,/get-salt,0,2621,1776914643862,7005,0.905,429,0,
smoke,1,/get-salt,0,2622,1776914643863,7003,0.981,429,0,
smoke,1,/get-salt,0,2623,1776914643864,7008,0.945,429,0,
smoke,1,/get-salt,0,2624,1776914643865,7007,0.75,429,0,
smoke,1,/get-salt,0,2625,1776914643866,7003,0.805,429,0,
smoke,1,/get-salt,0,2626,1776914643866,7005,0.912,429,0,
smoke,1,/get-salt,0,2627,1776914643867,7003,0.847,429,0,
smoke,1,/get-salt,0,2628,1776914643868,7009,1.048,429,0,
smoke,1,/get-salt,0,2629,1776914643869,7005,0.779,429,0,
smoke,1,/get-salt,0,2630,1776914643870,7004,1.051,429,0,
smoke,1,/get-salt,0,2631,1776914643871,7009,0.794,429,0,
smoke,1,/get-salt,0,2632,1776914643872,7008,0.989,429,0,
smoke,1,/get-salt,0,2633,1776914643873,7004,0.843,429,0,
smoke,1,/get-salt,0,2634,1776914643874,7004,0.792,429,0,
smoke,1,/get-salt,0,2635,1776914643875,7005,1.032,429,0,
smoke,1,/get-salt,0,2636,1776914643876,7001,1.047,429,0,
smoke,1,/get-salt,0,2637,1776914643877,7009,0.911,429,0,
smoke,1,/get-salt,0,2638,1776914643878,7006,0.952,429,0,
smoke,1,/get-salt,0,2639,1776914643878,7001,0.754,429,0,
smoke,1,/get-salt,0,2640,1776914643879,7004,0.978,429,0,
smoke,1,/get-salt,0,2641,1776914643880,7001,0.846,429,0,
smoke,1,/get-salt,0,2642,1776914643881,7005,1.015,429,0,
smoke,1,/get-salt,0,2643,1776914643882,7007,1.001,429,0,
smoke,1,/get-salt,0,2644,1776914643883,7002,0.933,429,0,
smoke,1,/get-salt,0,2645,1776914643884,7009,0.991,429,0,
smoke,1,/get-salt,0,2646,1776914643885,7006,0.983,429,0,
smoke,1,/get-salt,0,2647,1776914643886,7007,0.85,429,0,
smoke,1,/get-salt,0,2648,1776914643887,7004,1.127,429,0,
smoke,1,/get-salt,0,2649,1776914643888,7006,0.88,429,0,
smoke,1,/get-salt,0,2650,1776914643889,7005,1.032,429,0,
smoke,1,/get-salt,0,2651,1776914643890,7002,1.046,429,0,
smoke,1,/get-salt,0,2652,1776914643891,7006,0.905,429,0,
smoke,1,/get-salt,0,2653,1776914643892,7005,0.854,429,0,
smoke,1,/get-salt,0,2654,1776914643893,7003,0.951,429,0,
smoke,1,/get-salt,0,2655,1776914643894,7009,1.005,429,0,
smoke,1,/get-salt,0,2656,1776914643895,7010,0.957,429,0,
smoke,1,/get-salt,0,2657,1776914643896,7004,0.927,429,0,
smoke,1,/get-salt,0,2658,1776914643897,7005,0.948,429,0,
smoke,1,/get-salt,0,2659,1776914643897,7003,0.853,429,0,
smoke,1,/get-salt,0,2660,1776914643898,7010,0.837,429,0,
smoke,1,/get-salt,0,2661,1776914643899,7010,0.642,429,0,
smoke,1,/get-salt,0,2662,1776914643900,7007,0.971,429,0,
smoke,1,/get-salt,0,2663,1776914643901,7009,0.98,429,0,
smoke,1,/get-salt,0,2664,1776914643902,7008,1.036,429,0,
smoke,1,/get-salt,0,2665,1776914643903,7004,0.922,429,0,
smoke,1,/get-salt,0,2666,1776914643904,7002,0.959,429,0,
smoke,1,/get-salt,0,2667,1776914643905,7002,0.74,429,0,
smoke,1,/get-salt,0,2668,1776914643905,7008,0.821,429,0,
smoke,1,/get-salt,0,2669,1776914643906,7008,0.836,429,0,
smoke,1,/get-salt,0,2670,1776914643907,7005,1.005,429,0,
smoke,1,/get-salt,0,2671,1776914643908,7009,0.956,429,0,
smoke,1,/get-salt,0,2672,1776914643909,7009,0.78,429,0,
smoke,1,/get-salt,0,2673,1776914643910,7005,0.754,429,0,
smoke,1,/get-salt,0,2674,1776914643911,7002,0.881,429,0,
smoke,1,/get-salt,0,2675,1776914643911,7002,0.628,429,0,
smoke,1,/get-salt,0,2676,1776914643912,7004,0.971,429,0,
smoke,1,/get-salt,0,2677,1776914643913,7004,0.772,429,0,
smoke,1,/get-salt,0,2678,1776914643914,7005,0.944,429,0,
smoke,1,/get-salt,0,2679,1776914643915,7009,0.827,429,0,
smoke,1,/get-salt,0,2680,1776914643916,7002,0.782,429,0,
smoke,1,/get-salt,0,2681,1776914643917,7001,1.662,429,0,
smoke,1,/get-salt,0,2682,1776914643918,7001,0.674,429,0,
smoke,1,/get-salt,0,2683,1776914643919,7007,0.904,429,0,
smoke,1,/get-salt,0,2684,1776914643920,7002,0.808,429,0,
smoke,1,/get-salt,0,2685,1776914643920,7002,0.815,429,0,
smoke,1,/get-salt,0,2686,1776914643921,7001,0.819,429,0,
smoke,1,/get-salt,0,2687,1776914643922,7006,0.955,429,0,
smoke,1,/get-salt,0,2688,1776914643923,7005,0.976,429,0,
smoke,1,/get-salt,0,2689,1776914643924,7010,0.946,429,0,
smoke,1,/get-salt,0,2690,1776914643925,7002,0.916,429,0,
smoke,1,/get-salt,0,2691,1776914643926,7006,0.805,429,0,
smoke,1,/get-salt,0,2692,1776914643927,7003,0.902,429,0,
smoke,1,/get-salt,0,2693,1776914643928,7008,0.909,429,0,
smoke,1,/get-salt,0,2694,1776914643929,7009,1.007,429,0,
smoke,1,/get-salt,0,2695,1776914643930,7007,0.943,429,0,
smoke,1,/get-salt,0,2696,1776914643931,7008,0.802,429,0,
smoke,1,/get-salt,0,2697,1776914643931,7001,0.899,429,0,
smoke,1,/get-salt,0,2698,1776914643932,7004,0.958,429,0,
smoke,1,/get-salt,0,2699,1776914643933,7005,0.986,429,0,
smoke,1,/get-salt,0,2700,1776914643934,7009,1.021,429,0,
smoke,1,/get-salt,0,2701,1776914643935,7001,0.931,429,0,
smoke,1,/get-salt,0,2702,1776914643936,7010,1.147,429,0,
smoke,1,/get-salt,0,2703,1776914643938,7006,1.092,429,0,
smoke,1,/get-salt,0,2704,1776914643938,7006,0.772,429,0,
smoke,1,/get-salt,0,2705,1776914643939,7002,0.997,429,0,
smoke,1,/get-salt,0,2706,1776914643940,7003,1.096,429,0,
smoke,1,/get-salt,0,2707,1776914643941,7005,1.007,429,0,
smoke,1,/get-salt,0,2708,1776914643942,7006,0.89,429,0,
smoke,1,/get-salt,0,2709,1776914643943,7009,1.045,429,0,
smoke,1,/get-salt,0,2710,1776914643944,7009,0.779,429,0,
smoke,1,/get-salt,0,2711,1776914643945,7010,0.966,429,0,
smoke,1,/get-salt,0,2712,1776914643946,7002,1.023,429,0,
smoke,1,/get-salt,0,2713,1776914643947,7004,0.958,429,0,
smoke,1,/get-salt,0,2714,1776914643948,7010,0.769,429,0,
smoke,1,/get-salt,0,2715,1776914643949,7009,0.875,429,0,
smoke,1,/get-salt,0,2716,1776914643950,7002,0.856,429,0,
smoke,1,/get-salt,0,2717,1776914643950,7002,0.777,429,0,
smoke,1,/get-salt,0,2718,1776914643951,7008,0.915,429,0,
smoke,1,/get-salt,0,2719,1776914643952,7009,0.844,429,0,
smoke,1,/get-salt,0,2720,1776914643953,7002,0.715,429,0,
smoke,1,/get-salt,0,2721,1776914643954,7006,0.902,429,0,
smoke,1,/get-salt,0,2722,1776914643955,7002,0.701,429,0,
smoke,1,/get-salt,0,2723,1776914643955,7010,0.916,429,0,
smoke,1,/get-salt,0,2724,1776914643956,7010,0.685,429,0,
smoke,1,/get-salt,0,2725,1776914643957,7005,0.993,429,0,
smoke,1,/get-salt,0,2726,1776914643958,7009,0.917,429,0,
smoke,1,/get-salt,0,2727,1776914643959,7001,1.089,429,0,
smoke,1,/get-salt,0,2728,1776914643960,7006,1.086,429,0,
smoke,1,/get-salt,0,2729,1776914643961,7006,0.772,429,0,
smoke,1,/get-salt,0,2730,1776914643962,7007,0.983,429,0,
smoke,1,/get-salt,0,2731,1776914643963,7003,1.091,429,0,
smoke,1,/get-salt,0,2732,1776914643964,7008,0.917,429,0,
smoke,1,/get-salt,0,2733,1776914643965,7010,0.914,429,0,
smoke,1,/get-salt,0,2734,1776914643966,7004,0.897,429,0,
smoke,1,/get-salt,0,2735,1776914643967,7006,0.942,429,0,
smoke,1,/get-salt,0,2736,1776914643968,7004,0.857,429,0,
smoke,1,/get-salt,0,2737,1776914643969,7002,0.912,429,0,
smoke,1,/get-salt,0,2738,1776914643969,7003,0.864,429,0,
smoke,1,/get-salt,0,2739,1776914643970,7007,1.01,429,0,
smoke,1,/get-salt,0,2740,1776914643974,7001,3.959,429,0,
smoke,1,/get-salt,0,2741,1776914643976,7010,1.182,429,0,
smoke,1,/get-salt,0,2742,1776914643977,7004,0.951,429,0,
smoke,1,/get-salt,0,2743,1776914643977,7008,0.903,429,0,
smoke,1,/get-salt,0,2744,1776914643978,7001,0.958,429,0,
smoke,1,/get-salt,0,2745,1776914643979,7004,0.803,429,0,
smoke,1,/get-salt,0,2746,1776914643980,7006,1.159,429,0,
smoke,1,/get-salt,0,2747,1776914643981,7004,0.787,429,0,
smoke,1,/get-salt,0,2748,1776914643982,7009,1.008,429,0,
smoke,1,/get-salt,0,2749,1776914643983,7003,0.919,429,0,
smoke,1,/get-salt,0,2750,1776914643984,7006,0.806,429,0,
smoke,1,/get-salt,0,2751,1776914643985,7009,0.791,429,0,
smoke,1,/get-salt,0,2752,1776914643986,7007,1.065,429,0,
smoke,1,/get-salt,0,2753,1776914643987,7003,0.939,429,0,
smoke,1,/get-salt,0,2754,1776914643988,7003,0.788,429,0,
smoke,1,/get-salt,0,2755,1776914643988,7008,0.917,429,0,
smoke,1,/get-salt,0,2756,1776914643989,7006,0.893,429,0,
smoke,1,/get-salt,0,2757,1776914643990,7004,1.002,429,0,
smoke,1,/get-salt,0,2758,1776914643991,7010,0.938,429,0,
smoke,1,/get-salt,0,2759,1776914643992,7009,1.075,429,0,
smoke,1,/get-salt,0,2760,1776914643993,7005,0.999,429,0,
smoke,1,/get-salt,0,2761,1776914643994,7002,1.019,429,0,
smoke,1,/get-salt,0,2762,1776914643995,7005,0.854,429,0,
smoke,1,/get-salt,0,2763,1776914643996,7003,1.015,429,0,
smoke,1,/get-salt,0,2764,1776914643997,7004,1.07,429,0,
smoke,1,/get-salt,0,2765,1776914643998,7003,0.797,429,0,
smoke,1,/get-salt,0,2766,1776914643999,7010,1.223,429,0,
smoke,1,/get-salt,0,2767,1776914644001,7002,1.312,429,0,
smoke,1,/get-salt,0,2768,1776914644007,7003,6.575,429,0,
smoke,1,/get-salt,0,2769,1776914644014,7001,6.812,429,0,
smoke,1,/get-salt,0,2770,1776914644015,7004,1.356,429,0,
smoke,1,/get-salt,0,2771,1776914644019,7002,3.731,429,0,
smoke,1,/get-salt,0,2772,1776914644021,7006,1.976,429,0,
smoke,1,/get-salt,0,2773,1776914644022,7006,1.022,429,0,
smoke,1,/get-salt,0,2774,1776914644023,7007,1.257,429,0,
smoke,1,/get-salt,0,2775,1776914644026,7006,2.109,429,0,
smoke,1,/get-salt,0,2776,1776914644027,7002,1.029,429,0,
smoke,1,/get-salt,0,2777,1776914644028,7003,1.214,429,0,
smoke,1,/get-salt,0,2778,1776914644029,7005,1.067,429,0,
smoke,1,/get-salt,0,2779,1776914644030,7003,0.817,429,0,
smoke,1,/get-salt,0,2780,1776914644031,7004,1.093,429,0,
smoke,1,/get-salt,0,2781,1776914644032,7004,0.776,429,0,
smoke,1,/get-salt,0,2782,1776914644032,7005,0.892,429,0,
smoke,1,/get-salt,0,2783,1776914644033,7008,0.947,429,0,
smoke,1,/get-salt,0,2784,1776914644034,7003,0.949,429,0,
smoke,1,/get-salt,0,2785,1776914644035,7007,0.922,429,0,
smoke,1,/get-salt,0,2786,1776914644036,7007,0.659,429,0,
smoke,1,/get-salt,0,2787,1776914644037,7001,0.971,429,0,
smoke,1,/get-salt,0,2788,1776914644038,7010,1.045,429,0,
smoke,1,/get-salt,0,2789,1776914644039,7010,0.67,429,0,
smoke,1,/get-salt,0,2790,1776914644040,7008,0.915,429,0,
smoke,1,/get-salt,0,2791,1776914644041,7003,0.945,429,0,
smoke,1,/get-salt,0,2792,1776914644042,7002,1.03,429,0,
smoke,1,/get-salt,0,2793,1776914644043,7001,0.993,429,0,
smoke,1,/get-salt,0,2794,1776914644044,7006,1.036,429,0,
smoke,1,/get-salt,0,2795,1776914644044,7008,0.9,429,0,
smoke,1,/get-salt,0,2796,1776914644046,7005,1.005,429,0,
smoke,1,/get-salt,0,2797,1776914644046,7006,0.866,429,0,
smoke,1,/get-salt,0,2798,1776914644047,7008,0.71,429,0,
smoke,1,/get-salt,0,2799,1776914644048,7009,1.075,429,0,
smoke,1,/get-salt,0,2800,1776914644049,7005,0.87,429,0,
smoke,1,/get-salt,0,2801,1776914644050,7005,0.763,429,0,
smoke,1,/get-salt,0,2802,1776914644051,7002,0.913,429,0,
smoke,1,/get-salt,0,2803,1776914644052,7007,0.895,429,0,
smoke,1,/get-salt,0,2804,1776914644052,7009,0.835,429,0,
smoke,1,/get-salt,0,2805,1776914644053,7007,0.692,429,0,
smoke,1,/get-salt,0,2806,1776914644054,7008,0.826,429,0,
smoke,1,/get-salt,0,2807,1776914644055,7004,0.922,429,0,
smoke,1,/get-salt,0,2808,1776914644056,7007,0.678,429,0,
smoke,1,/get-salt,0,2809,1776914644057,7005,0.967,429,0,
smoke,1,/get-salt,0,2810,1776914644057,7005,0.779,429,0,
smoke,1,/get-salt,0,2811,1776914644058,7005,0.777,429,0,
smoke,1,/get-salt,0,2812,1776914644059,7009,0.901,429,0,
smoke,1,/get-salt,0,2813,1776914644060,7002,1.008,429,0,
smoke,1,/get-salt,0,2814,1776914644061,7004,0.96,429,0,
smoke,1,/get-salt,0,2815,1776914644062,7006,0.957,429,0,
smoke,1,/get-salt,0,2816,1776914644063,7001,1.044,429,0,
smoke,1,/get-salt,0,2817,1776914644064,7005,0.948,429,0,
smoke,1,/get-salt,0,2818,1776914644065,7002,0.937,429,0,
smoke,1,/get-salt,0,2819,1776914644066,7004,0.924,429,0,
smoke,1,/get-salt,0,2820,1776914644067,7004,1.065,429,0,
smoke,1,/get-salt,0,2821,1776914644068,7007,1.214,429,0,
smoke,1,/get-salt,0,2822,1776914644069,7009,1.082,429,0,
smoke,1,/get-salt,0,2823,1776914644070,7001,1.114,429,0,
smoke,1,/get-salt,0,2824,1776914644071,7002,1.001,429,0,
smoke,1,/get-salt,0,2825,1776914644072,7010,0.936,429,0,
smoke,1,/get-salt,0,2826,1776914644073,7010,0.668,429,0,
smoke,1,/get-salt,0,2827,1776914644074,7004,0.975,429,0,
smoke,1,/get-salt,0,2828,1776914644075,7006,1.027,429,0,
smoke,1,/get-salt,0,2829,1776914644076,7003,0.891,429,0,
smoke,1,/get-salt,0,2830,1776914644077,7002,0.925,429,0,
smoke,1,/get-salt,0,2831,1776914644078,7006,0.833,429,0,
smoke,1,/get-salt,0,2832,1776914644078,7003,0.807,429,0,
smoke,1,/get-salt,0,2833,1776914644079,7001,1.005,429,0,
smoke,1,/get-salt,0,2834,1776914644080,7010,0.93,429,0,
smoke,1,/get-salt,0,2835,1776914644081,7002,0.984,429,0,
smoke,1,/get-salt,0,2836,1776914644082,7007,1.008,429,0,
smoke,1,/get-salt,0,2837,1776914644083,7009,0.914,429,0,
smoke,1,/get-salt,0,2838,1776914644084,7009,0.664,429,0,
smoke,1,/get-salt,0,2839,1776914644085,7007,0.67,429,0,
smoke,1,/get-salt,0,2840,1776914644086,7001,0.918,429,0,
smoke,1,/get-salt,0,2841,1776914644086,7007,0.762,429,0,
smoke,1,/get-salt,0,2842,1776914644087,7003,1.042,429,0,
smoke,1,/get-salt,0,2843,1776914644088,7007,0.802,429,0,
smoke,1,/get-salt,0,2844,1776914644089,7007,0.752,429,0,
smoke,1,/get-salt,0,2845,1776914644090,7006,1.028,429,0,
smoke,1,/get-salt,0,2846,1776914644091,7002,0.957,429,0,
smoke,1,/get-salt,0,2847,1776914644092,7003,0.873,429,0,
smoke,1,/get-salt,0,2848,1776914644093,7006,0.78,429,0,
smoke,1,/get-salt,0,2849,1776914644094,7009,0.981,429,0,
smoke,1,/get-salt,0,2850,1776914644094,7003,0.897,429,0,
smoke,1,/get-salt,0,2851,1776914644095,7010,0.962,429,0,
smoke,1,/get-salt,0,2852,1776914644096,7009,0.831,429,0,
smoke,1,/get-salt,0,2853,1776914644097,7003,0.811,429,0,
smoke,1,/get-salt,0,2854,1776914644098,7004,0.992,429,0,
smoke,1,/get-salt,0,2855,1776914644099,7008,0.994,429,0,
smoke,1,/get-salt,0,2856,1776914644100,7004,0.807,429,0,
smoke,1,/get-salt,0,2857,1776914644101,7009,0.863,429,0,
smoke,1,/get-salt,0,2858,1776914644102,7004,0.789,429,0,
smoke,1,/get-salt,0,2859,1776914644102,7006,0.939,429,0,
smoke,1,/get-salt,0,2860,1776914644103,7009,0.808,429,0,
smoke,1,/get-salt,0,2861,1776914644104,7008,0.917,429,0,
smoke,1,/get-salt,0,2862,1776914644105,7009,0.798,429,0,
smoke,1,/get-salt,0,2863,1776914644106,7001,0.924,429,0,
smoke,1,/get-salt,0,2864,1776914644107,7009,0.859,429,0,
smoke,1,/get-salt,0,2865,1776914644108,7009,0.804,429,0,
smoke,1,/get-salt,0,2866,1776914644109,7003,1.021,429,0,
smoke,1,/get-salt,0,2867,1776914644110,7010,0.999,429,0,
smoke,1,/get-salt,0,2868,1776914644111,7002,1.04,429,0,
smoke,1,/get-salt,0,2869,1776914644112,7008,0.874,429,0,
smoke,1,/get-salt,0,2870,1776914644112,7008,0.655,429,0,
smoke,1,/get-salt,0,2871,1776914644113,7006,1.021,429,0,
smoke,1,/get-salt,0,2872,1776914644114,7009,0.927,429,0,
smoke,1,/get-salt,0,2873,1776914644115,7004,0.943,429,0,
smoke,1,/get-salt,0,2874,1776914644116,7009,0.668,429,0,
smoke,1,/get-salt,0,2875,1776914644117,7006,0.914,429,0,
smoke,1,/get-salt,0,2876,1776914644118,7002,0.968,429,0,
smoke,1,/get-salt,0,2877,1776914644118,7002,0.762,429,0,
smoke,1,/get-salt,0,2878,1776914644119,7001,0.972,429,0,
smoke,1,/get-salt,0,2879,1776914644120,7010,0.98,429,0,
smoke,1,/get-salt,0,2880,1776914644121,7003,0.909,429,0,
smoke,1,/get-salt,0,2881,1776914644122,7001,0.842,429,0,
smoke,1,/get-salt,0,2882,1776914644123,7002,0.922,429,0,
smoke,1,/get-salt,0,2883,1776914644124,7006,1.031,429,0,
smoke,1,/get-salt,0,2884,1776914644125,7007,0.881,429,0,
smoke,1,/get-salt,0,2885,1776914644126,7007,0.647,429,0,
smoke,1,/get-salt,0,2886,1776914644129,7010,3.704,429,0,
smoke,1,/get-salt,0,2887,1776914644131,7002,1.222,429,0,
smoke,1,/get-salt,0,2888,1776914644131,7007,0.921,429,0,
smoke,1,/get-salt,0,2889,1776914644132,7003,0.914,429,0,
smoke,1,/get-salt,0,2890,1776914644133,7003,0.691,429,0,
smoke,1,/get-salt,0,2891,1776914644134,7007,0.698,429,0,
smoke,1,/get-salt,0,2892,1776914644135,7002,0.847,429,0,
smoke,1,/get-salt,0,2893,1776914644135,7002,0.722,429,0,
smoke,1,/get-salt,0,2894,1776914644136,7003,0.726,429,0,
smoke,1,/get-salt,0,2895,1776914644137,7010,0.916,429,0,
smoke,1,/get-salt,0,2896,1776914644138,7001,0.983,429,0,
smoke,1,/get-salt,0,2897,1776914644139,7010,0.753,429,0,
smoke,1,/get-salt,0,2898,1776914644140,7004,1.034,429,0,
smoke,1,/get-salt,0,2899,1776914644141,7001,0.799,429,0,
smoke,1,/get-salt,0,2900,1776914644141,7001,0.671,429,0,
smoke,1,/get-salt,0,2901,1776914644142,7002,0.89,429,0,
smoke,1,/get-salt,0,2902,1776914644143,7002,0.651,429,0,
smoke,1,/get-salt,0,2903,1776914644144,7009,1.018,429,0,
smoke,1,/get-salt,0,2904,1776914644145,7003,1.005,429,0,
smoke,1,/get-salt,0,2905,1776914644146,7005,1.041,429,0,
smoke,1,/get-salt,0,2906,1776914644147,7010,1.178,429,0,
smoke,1,/get-salt,0,2907,1776914644148,7010,0.994,429,0,
smoke,1,/get-salt,0,2908,1776914644149,7002,1.094,429,0,
smoke,1,/get-salt,0,2909,1776914644150,7003,1.127,429,0,
smoke,1,/get-salt,0,2910,1776914644151,7008,1.014,429,0,
smoke,1,/get-salt,0,2911,1776914644152,7005,0.995,429,0,
smoke,1,/get-salt,0,2912,1776914644153,7001,0.957,429,0,
smoke,1,/get-salt,0,2913,1776914644154,7005,0.805,429,0,
smoke,1,/get-salt,0,2914,1776914644155,7006,0.983,429,0,
smoke,1,/get-salt,0,2915,1776914644156,7008,0.886,429,0,
smoke,1,/get-salt,0,2916,1776914644157,7003,0.903,429,0,
smoke,1,/get-salt,0,2917,1776914644158,7008,0.747,429,0,
smoke,1,/get-salt,0,2918,1776914644159,7007,0.99,429,0,
smoke,1,/get-salt,0,2919,1776914644159,7003,0.691,429,0,
smoke,1,/get-salt,0,2920,1776914644160,7007,0.797,429,0,
smoke,1,/get-salt,0,2921,1776914644161,7010,0.989,429,0,
smoke,1,/get-salt,0,2922,1776914644162,7007,0.761,429,0,
smoke,1,/get-salt,0,2923,1776914644163,7007,0.764,429,0,
smoke,1,/get-salt,0,2924,1776914644163,7007,0.732,429,0,
smoke,1,/get-salt,0,2925,1776914644164,7001,0.926,429,0,
smoke,1,/get-salt,0,2926,1776914644165,7007,0.759,429,0,
smoke,1,/get-salt,0,2927,1776914644166,7004,1.008,429,0,
smoke,1,/get-salt,0,2928,1776914644167,7009,1.023,429,0,
smoke,1,/get-salt,0,2929,1776914644168,7001,0.769,429,0,
smoke,1,/get-salt,0,2930,1776914644169,7004,0.887,429,0,
smoke,1,/get-salt,0,2931,1776914644170,7002,1.161,429,0,
smoke,1,/get-salt,0,2932,1776914644171,7004,0.896,429,0,
smoke,1,/get-salt,0,2933,1776914644172,7005,1.05,429,0,
smoke,1,/get-salt,0,2934,1776914644173,7004,0.805,429,0,
smoke,1,/get-salt,0,2935,1776914644174,7006,1.034,429,0,
smoke,1,/get-salt,0,2936,1776914644175,7006,0.827,429,0,
smoke,1,/get-salt,0,2937,1776914644176,7007,1.064,429,0,
smoke,1,/get-salt,0,2938,1776914644177,7004,0.967,429,0,
smoke,1,/get-salt,0,2939,1776914644178,7005,0.999,429,0,
smoke,1,/get-salt,0,2940,1776914644179,7003,0.954,429,0,
smoke,1,/get-salt,0,2941,1776914644180,7001,0.913,429,0,
smoke,1,/get-salt,0,2942,1776914644181,7006,1.014,429,0,
smoke,1,/get-salt,0,2943,1776914644181,7008,0.941,429,0,
smoke,1,/get-salt,0,2944,1776914644182,7004,0.981,429,0,
smoke,1,/get-salt,0,2945,1776914644183,7008,0.717,429,0,
smoke,1,/get-salt,0,2946,1776914644184,7001,0.916,429,0,
smoke,1,/get-salt,0,2947,1776914644185,7001,0.986,429,0,
smoke,1,/get-salt,0,2948,1776914644186,7007,1.218,429,0,
smoke,1,/get-salt,0,2949,1776914644188,7005,1.624,429,0,
smoke,1,/get-salt,0,2950,1776914644190,7010,1.954,429,0,
smoke,1,/get-salt,0,2951,1776914644192,7007,1.884,429,0,
smoke,1,/get-salt,0,2952,1776914644196,7004,4.235,429,0,
smoke,1,/get-salt,0,2953,1776914644197,7004,1.077,429,0,
smoke,1,/get-salt,0,2954,1776914644198,7007,1.033,429,0,
smoke,1,/get-salt,0,2955,1776914644199,7008,1.288,429,0,
smoke,1,/get-salt,0,2956,1776914644202,7005,2.46,429,0,
smoke,1,/get-salt,0,2957,1776914644203,7008,0.979,429,0,
smoke,1,/get-salt,0,2958,1776914644204,7001,1.04,429,0,
smoke,1,/get-salt,0,2959,1776914644205,7010,0.935,429,0,
smoke,1,/get-salt,0,2960,1776914644206,7005,0.98,429,0,
smoke,1,/get-salt,0,2961,1776914644207,7006,1.042,429,0,
smoke,1,/get-salt,0,2962,1776914644208,7005,0.772,429,0,
smoke,1,/get-salt,0,2963,1776914644209,7009,1.023,429,0,
smoke,1,/get-salt,0,2964,1776914644210,7003,1.003,429,0,
smoke,1,/get-salt,0,2965,1776914644211,7008,0.943,429,0,
smoke,1,/get-salt,0,2966,1776914644211,7003,0.715,429,0,
smoke,1,/get-salt,0,2967,1776914644212,7005,0.815,429,0,
smoke,1,/get-salt,0,2968,1776914644213,7006,0.888,429,0,
smoke,1,/get-salt,0,2969,1776914644214,7002,0.888,429,0,
smoke,1,/get-salt,0,2970,1776914644215,7007,1.064,429,0,
smoke,1,/get-salt,0,2971,1776914644216,7006,0.936,429,0,
smoke,1,/get-salt,0,2972,1776914644217,7002,0.839,429,0,
smoke,1,/get-salt,0,2973,1776914644218,7009,0.959,429,0,
smoke,1,/get-salt,0,2974,1776914644219,7006,0.89,429,0,
smoke,1,/get-salt,0,2975,1776914644220,7003,0.985,429,0,
smoke,1,/get-salt,0,2976,1776914644221,7009,0.888,429,0,
smoke,1,/get-salt,0,2977,1776914644222,7002,0.975,429,0,
smoke,1,/get-salt,0,2978,1776914644223,7008,1.063,429,0,
smoke,1,/get-salt,0,2979,1776914644224,7007,0.949,429,0,
smoke,1,/get-salt,0,2980,1776914644225,7003,0.948,429,0,
smoke,1,/get-salt,0,2981,1776914644225,7007,0.813,429,0,
smoke,1,/get-salt,0,2982,1776914644227,7004,1.226,429,0,
smoke,1,/get-salt,0,2983,1776914644228,7002,1.003,429,0,
smoke,1,/get-salt,0,2984,1776914644229,7001,1,429,0,
smoke,1,/get-salt,0,2985,1776914644230,7005,1.095,429,0,
smoke,1,/get-salt,0,2986,1776914644231,7002,1.002,429,0,
smoke,1,/get-salt,0,2987,1776914644232,7003,1.179,429,0,
smoke,1,/get-salt,0,2988,1776914644233,7003,0.753,429,0,
smoke,1,/get-salt,0,2989,1776914644234,7007,0.955,429,0,
smoke,1,/get-salt,0,2990,1776914644235,7005,0.928,429,0,
smoke,1,/get-salt,0,2991,1776914644235,7001,0.878,429,0,
smoke,1,/get-salt,0,2992,1776914644236,7009,0.988,429,0,
smoke,1,/get-salt,0,2993,1776914644237,7004,0.93,429,0,
smoke,1,/get-salt,0,2994,1776914644238,7004,0.757,429,0,
smoke,1,/get-salt,0,2995,1776914644239,7005,0.817,429,0,
smoke,1,/get-salt,0,2996,1776914644240,7006,1.069,429,0,
smoke,1,/get-salt,0,2997,1776914644241,7004,0.723,429,0,
smoke,1,/get-salt,0,2998,1776914644242,7002,0.995,429,0,
smoke,1,/get-salt,0,2999,1776914644243,7008,1.017,429,0,
smoke,1,/get-salt,0,3000,1776914644244,7008,0.775,429,0,
smoke,1,/get-salt,0,3001,1776914644244,7001,0.96,429,0,
smoke,1,/get-salt,0,3002,1776914644245,7010,0.91,429,0,
smoke,1,/get-salt,0,3003,1776914644246,7004,0.899,429,0,
smoke,1,/get-salt,0,3004,1776914644247,7008,0.798,429,0,
smoke,1,/get-salt,0,3005,1776914644248,7003,0.996,429,0,
smoke,1,/get-salt,0,3006,1776914644249,7009,1.001,429,0,
smoke,1,/get-salt,0,3007,1776914644250,7003,0.825,429,0,
smoke,1,/get-salt,0,3008,1776914644251,7007,1.026,429,0,
smoke,1,/get-salt,0,3009,1776914644252,7005,0.922,429,0,
smoke,1,/get-salt,0,3010,1776914644253,7005,0.645,429,0,
smoke,1,/get-salt,0,3011,1776914644253,7003,0.803,429,0,
smoke,1,/get-salt,0,3012,1776914644254,7003,0.752,429,0,
smoke,1,/get-salt,0,3013,1776914644255,7001,0.912,429,0,
smoke,1,/get-salt,0,3014,1776914644256,7010,0.913,429,0,
smoke,1,/get-salt,0,3015,1776914644257,7003,0.757,429,0,
smoke,1,/get-salt,0,3016,1776914644258,7008,1.016,429,0,
smoke,1,/get-salt,0,3017,1776914644259,7001,0.907,429,0,
smoke,1,/get-salt,0,3018,1776914644260,7007,0.957,429,0,
smoke,1,/get-salt,0,3019,1776914644261,7010,0.939,429,0,
smoke,1,/get-salt,0,3020,1776914644262,7009,1.068,429,0,
smoke,1,/get-salt,0,3021,1776914644263,7008,0.935,429,0,
smoke,1,/get-salt,0,3022,1776914644263,7007,0.826,429,0,
smoke,1,/get-salt,0,3023,1776914644264,7005,0.939,429,0,
smoke,1,/get-salt,0,3024,1776914644265,7003,0.92,429,0,
smoke,1,/get-salt,0,3025,1776914644266,7001,1.007,429,0,
smoke,1,/get-salt,0,3026,1776914644267,7004,1.081,429,0,
smoke,1,/get-salt,0,3027,1776914644268,7001,0.879,429,0,
smoke,1,/get-salt,0,3028,1776914644269,7003,0.881,429,0,
smoke,1,/get-salt,0,3029,1776914644270,7004,0.919,429,0,
smoke,1,/get-salt,0,3030,1776914644274,7010,4.295,429,0,
smoke,1,/get-salt,0,3031,1776914644275,7005,1.123,429,0,
smoke,1,/get-salt,0,3032,1776914644276,7009,0.948,429,0,
smoke,1,/get-salt,0,3033,1776914644277,7004,0.956,429,0,
smoke,1,/get-salt,0,3034,1776914644278,7005,0.75,429,0,
smoke,1,/get-salt,0,3035,1776914644279,7002,1.012,429,0,
smoke,1,/get-salt,0,3036,1776914644280,7002,0.837,429,0,
smoke,1,/get-salt,0,3037,1776914644281,7001,1.001,429,0,
smoke,1,/get-salt,0,3038,1776914644282,7006,1.007,429,0,
smoke,1,/get-salt,0,3039,1776914644283,7007,0.912,429,0,
smoke,1,/get-salt,0,3040,1776914644284,7004,0.867,429,0,
smoke,1,/get-salt,0,3041,1776914644285,7001,0.827,429,0,
smoke,1,/get-salt,0,3042,1776914644285,7001,0.654,429,0,
smoke,1,/get-salt,0,3043,1776914644286,7010,0.887,429,0,
smoke,1,/get-salt,0,3044,1776914644287,7006,0.824,429,0,
smoke,1,/get-salt,0,3045,1776914644288,7010,0.658,429,0,
smoke,1,/get-salt,0,3046,1776914644289,7009,0.901,429,0,
smoke,1,/get-salt,0,3047,1776914644289,7008,0.885,429,0,
smoke,1,/get-salt,0,3048,1776914644291,7002,1.079,429,0,
smoke,1,/get-salt,0,3049,1776914644291,7008,0.724,429,0,
smoke,1,/get-salt,0,3050,1776914644292,7002,0.756,429,0,
smoke,1,/get-salt,0,3051,1776914644293,7009,0.762,429,0,
smoke,1,/get-salt,0,3052,1776914644294,7002,0.757,429,0,
smoke,1,/get-salt,0,3053,1776914644294,7006,0.898,429,0,
smoke,1,/get-salt,0,3054,1776914644295,7007,0.921,429,0,
smoke,1,/get-salt,0,3055,1776914644296,7004,0.926,429,0,
smoke,1,/get-salt,0,3056,1776914644297,7004,0.663,429,0,
smoke,1,/get-salt,0,3057,1776914644298,7002,0.809,429,0,
smoke,1,/get-salt,0,3058,1776914644299,7008,0.875,429,0,
smoke,1,/get-salt,0,3059,1776914644299,7009,0.84,429,0,
smoke,1,/get-salt,0,3060,1776914644300,7002,0.82,429,0,
smoke,1,/get-salt,0,3061,1776914644301,7003,0.922,429,0,
smoke,1,/get-salt,0,3062,1776914644302,7006,0.94,429,0,
smoke,1,/get-salt,0,3063,1776914644303,7010,1.158,429,0,
smoke,1,/get-salt,0,3064,1776914644304,7007,1.02,429,0,
smoke,1,/get-salt,0,3065,1776914644305,7010,1.05,429,0,
smoke,1,/get-salt,0,3066,1776914644306,7003,1.041,429,0,
smoke,1,/get-salt,0,3067,1776914644307,7007,1.019,429,0,
smoke,1,/get-salt,0,3068,1776914644308,7010,0.901,429,0,
smoke,1,/get-salt,0,3069,1776914644309,7006,0.932,429,0,
smoke,1,/get-salt,0,3070,1776914644310,7009,1.003,429,0,
smoke,1,/get-salt,0,3071,1776914644311,7010,0.805,429,0,
smoke,1,/get-salt,0,3072,1776914644312,7007,0.943,429,0,
smoke,1,/get-salt,0,3073,1776914644313,7005,0.957,429,0,
smoke,1,/get-salt,0,3074,1776914644314,7010,0.794,429,0,
smoke,1,/get-salt,0,3075,1776914644315,7001,0.947,429,0,
smoke,1,/get-salt,0,3076,1776914644316,7004,0.926,429,0,
smoke,1,/get-salt,0,3077,1776914644317,7006,0.907,429,0,
smoke,1,/get-salt,0,3078,1776914644317,7004,0.698,429,0,
smoke,1,/get-salt,0,3079,1776914644318,7010,0.843,429,0,
smoke,1,/get-salt,0,3080,1776914644319,7008,0.931,429,0,
smoke,1,/get-salt,0,3081,1776914644320,7007,1.041,429,0,
smoke,1,/get-salt,0,3082,1776914644321,7001,0.872,429,0,
smoke,1,/get-salt,0,3083,1776914644322,7006,0.874,429,0,
smoke,1,/get-salt,0,3084,1776914644323,7002,0.983,429,0,
smoke,1,/get-salt,0,3085,1776914644324,7001,0.692,429,0,
smoke,1,/get-salt,0,3086,1776914644324,7007,0.846,429,0,
smoke,1,/get-salt,0,3087,1776914644325,7007,0.769,429,0,
smoke,1,/get-salt,0,3088,1776914644326,7004,0.911,429,0,
smoke,1,/get-salt,0,3089,1776914644327,7002,0.847,429,0,
smoke,1,/get-salt,0,3090,1776914644328,7008,0.858,429,0,
smoke,1,/get-salt,0,3091,1776914644329,7005,0.911,429,0,
smoke,1,/get-salt,0,3092,1776914644330,7009,0.93,429,0,
smoke,1,/get-salt,0,3093,1776914644330,7008,0.763,429,0,
smoke,1,/get-salt,0,3094,1776914644331,7007,0.914,429,0,
smoke,1,/get-salt,0,3095,1776914644332,7007,0.75,429,0,
smoke,1,/get-salt,0,3096,1776914644333,7001,0.858,429,0,
smoke,1,/get-salt,0,3097,1776914644334,7009,0.781,429,0,
smoke,1,/get-salt,0,3098,1776914644335,7007,0.776,429,0,
smoke,1,/get-salt,0,3099,1776914644336,7010,0.988,429,0,
smoke,1,/get-salt,0,3100,1776914644336,7009,0.72,429,0,
smoke,1,/get-salt,0,3101,1776914644337,7006,0.937,429,0,
smoke,1,/get-salt,0,3102,1776914644338,7003,1.03,429,0,
smoke,1,/get-salt,0,3103,1776914644339,7004,0.922,429,0,
smoke,1,/get-salt,0,3104,1776914644340,7002,1.007,429,0,
smoke,1,/get-salt,0,3105,1776914644341,7007,0.965,429,0,
smoke,1,/get-salt,0,3106,1776914644342,7004,0.751,429,0,
smoke,1,/get-salt,0,3107,1776914644343,7008,0.895,429,0,
smoke,1,/get-salt,0,3108,1776914644344,7001,0.909,429,0,
smoke,1,/get-salt,0,3109,1776914644345,7002,0.927,429,0,
smoke,1,/get-salt,0,3110,1776914644346,7010,1.047,429,0,
smoke,1,/get-salt,0,3111,1776914644347,7003,0.982,429,0,
smoke,1,/get-salt,0,3112,1776914644347,7001,0.827,429,0,
smoke,1,/get-salt,0,3113,1776914644348,7005,0.915,429,0,
smoke,1,/get-salt,0,3114,1776914644349,7008,0.872,429,0,
smoke,1,/get-salt,0,3115,1776914644350,7008,0.768,429,0,
smoke,1,/get-salt,0,3116,1776914644351,7001,0.777,429,0,
smoke,1,/get-salt,0,3117,1776914644352,7006,1.159,429,0,
smoke,1,/get-salt,0,3118,1776914644353,7005,0.866,429,0,
smoke,1,/get-salt,0,3119,1776914644354,7008,0.784,429,0,
smoke,1,/get-salt,0,3120,1776914644355,7006,0.88,429,0,
smoke,1,/get-salt,0,3121,1776914644356,7009,1.053,429,0,
smoke,1,/get-salt,0,3122,1776914644357,7001,0.957,429,0,
smoke,1,/get-salt,0,3123,1776914644358,7008,0.938,429,0,
smoke,1,/get-salt,0,3124,1776914644358,7003,0.954,429,0,
smoke,1,/get-salt,0,3125,1776914644359,7009,0.812,429,0,
smoke,1,/get-salt,0,3126,1776914644360,7004,1.072,429,0,
smoke,1,/get-salt,0,3127,1776914644361,7008,0.83,429,0,
smoke,1,/get-salt,0,3128,1776914644362,7007,0.982,429,0,
smoke,1,/get-salt,0,3129,1776914644363,7010,1.155,429,0,
smoke,1,/get-salt,0,3130,1776914644364,7004,0.921,429,0,
smoke,1,/get-salt,0,3131,1776914644365,7002,0.976,429,0,
smoke,1,/get-salt,0,3132,1776914644366,7002,0.754,429,0,
smoke,1,/get-salt,0,3133,1776914644367,7002,0.733,429,0,
smoke,1,/get-salt,0,3134,1776914644368,7009,1.027,429,0,
smoke,1,/get-salt,0,3135,1776914644369,7006,1.06,429,0,
smoke,1,/get-salt,0,3136,1776914644370,7010,1.088,429,0,
smoke,1,/get-salt,0,3137,1776914644371,7003,0.996,429,0,
smoke,1,/get-salt,0,3138,1776914644372,7003,0.64,429,0,
smoke,1,/get-salt,0,3139,1776914644372,7010,0.731,429,0,
smoke,1,/get-salt,0,3140,1776914644373,7005,0.942,429,0,
smoke,1,/get-salt,0,3141,1776914644374,7009,0.891,429,0,
smoke,1,/get-salt,0,3142,1776914644375,7010,0.707,429,0,
smoke,1,/get-salt,0,3143,1776914644376,7010,0.66,429,0,
smoke,1,/get-salt,0,3144,1776914644376,7004,0.918,429,0,
smoke,1,/get-salt,0,3145,1776914644377,7009,0.735,429,0,
smoke,1,/get-salt,0,3146,1776914644378,7010,0.652,429,0,
smoke,1,/get-salt,0,3147,1776914644379,7003,0.852,429,0,
smoke,1,/get-salt,0,3148,1776914644380,7006,0.894,429,0,
smoke,1,/get-salt,0,3149,1776914644380,7006,0.768,429,0,
smoke,1,/get-salt,0,3150,1776914644381,7001,0.924,429,0,
smoke,1,/get-salt,0,3151,1776914644382,7009,0.829,429,0,
smoke,1,/get-salt,0,3152,1776914644383,7009,0.654,429,0,
smoke,1,/get-salt,0,3153,1776914644383,7001,0.695,429,0,
smoke,1,/get-salt,0,3154,1776914644384,7006,0.747,429,0,
smoke,1,/get-salt,0,3155,1776914644385,7004,0.89,429,0,
smoke,1,/get-salt,0,3156,1776914644386,7010,0.897,429,0,
smoke,1,/get-salt,0,3157,1776914644387,7010,0.654,429,0,
smoke,1,/get-salt,0,3158,1776914644387,7010,0.776,429,0,
smoke,1,/get-salt,0,3159,1776914644388,7006,0.815,429,0,
smoke,1,/get-salt,0,3160,1776914644389,7003,1.11,429,0,
smoke,1,/get-salt,0,3161,1776914644390,7001,1.072,429,0,
smoke,1,/get-salt,0,3162,1776914644391,7010,1.023,429,0,
smoke,1,/get-salt,0,3163,1776914644393,7008,1.054,429,0,
smoke,1,/get-salt,0,3164,1776914644393,7004,0.949,429,0,
smoke,1,/get-salt,0,3165,1776914644394,7009,1.016,429,0,
smoke,1,/get-salt,0,3166,1776914644395,7010,0.921,429,0,
smoke,1,/get-salt,0,3167,1776914644396,7002,1.051,429,0,
smoke,1,/get-salt,0,3168,1776914644397,7002,0.804,429,0,
smoke,1,/get-salt,0,3169,1776914644398,7010,0.804,429,0,
smoke,1,/get-salt,0,3170,1776914644399,7001,1.011,429,0,
smoke,1,/get-salt,0,3171,1776914644400,7008,1.056,429,0,
smoke,1,/get-salt,0,3172,1776914644401,7004,1.033,429,0,
smoke,1,/get-salt,0,3173,1776914644402,7006,1.06,429,0,
smoke,1,/get-salt,0,3174,1776914644403,7001,0.946,429,0,
smoke,1,/get-salt,0,3175,1776914644404,7002,1.113,429,0,
smoke,1,/get-salt,0,3176,1776914644405,7001,0.818,429,0,
smoke,1,/get-salt,0,3177,1776914644406,7007,1.038,429,0,
smoke,1,/get-salt,0,3178,1776914644412,7009,5.397,429,0,
smoke,1,/get-salt,0,3179,1776914644415,7009,3.478,429,0,
smoke,1,/get-salt,0,3180,1776914644419,7006,3.735,429,0,
smoke,1,/get-salt,0,3181,1776914644420,7009,1.184,429,0,
smoke,1,/get-salt,0,3182,1776914644421,7006,0.973,429,0,
smoke,1,/get-salt,0,3183,1776914644422,7005,0.94,429,0,
smoke,1,/get-salt,0,3184,1776914644423,7003,0.976,429,0,
smoke,1,/get-salt,0,3185,1776914644424,7008,0.936,429,0,
smoke,1,/get-salt,0,3186,1776914644425,7010,0.974,429,0,
smoke,1,/get-salt,0,3187,1776914644426,7005,0.872,429,0,
smoke,1,/get-salt,0,3188,1776914644427,7004,1.002,429,0,
smoke,1,/get-salt,0,3189,1776914644427,7004,0.771,429,0,
smoke,1,/get-salt,0,3190,1776914644428,7008,0.847,429,0,
smoke,1,/get-salt,0,3191,1776914644429,7007,0.994,429,0,
smoke,1,/get-salt,0,3192,1776914644430,7001,1.027,429,0,
smoke,1,/get-salt,0,3193,1776914644431,7007,0.777,429,0,
smoke,1,/get-salt,0,3194,1776914644432,7003,1.025,429,0,
smoke,1,/get-salt,0,3195,1776914644433,7005,1.13,429,0,
smoke,1,/get-salt,0,3196,1776914644434,7003,0.888,429,0,
smoke,1,/get-salt,0,3197,1776914644435,7003,0.768,429,0,
smoke,1,/get-salt,0,3198,1776914644436,7008,0.991,429,0,
smoke,1,/get-salt,0,3199,1776914644437,7004,1.039,429,0,
smoke,1,/get-salt,0,3200,1776914644438,7009,1.264,429,0,
smoke,1,/get-salt,0,3201,1776914644439,7001,1.013,429,0,
smoke,1,/get-salt,0,3202,1776914644440,7009,0.932,429,0,
smoke,1,/get-salt,0,3203,1776914644441,7009,0.72,429,0,
smoke,1,/get-salt,0,3204,1776914644442,7006,0.88,429,0,
smoke,1,/get-salt,0,3205,1776914644443,7005,0.967,429,0,
smoke,1,/get-salt,0,3206,1776914644444,7006,0.722,429,0,
smoke,1,/get-salt,0,3207,1776914644444,7010,0.95,429,0,
smoke,1,/get-salt,0,3208,1776914644445,7010,0.69,429,0,
smoke,1,/get-salt,0,3209,1776914644446,7010,0.746,429,0,
smoke,1,/get-salt,0,3210,1776914644447,7001,1.01,429,0,
smoke,1,/get-salt,0,3211,1776914644448,7003,0.984,429,0,
smoke,1,/get-salt,0,3212,1776914644449,7008,0.969,429,0,
smoke,1,/get-salt,0,3213,1776914644450,7003,0.734,429,0,
smoke,1,/get-salt,0,3214,1776914644450,7010,0.856,429,0,
smoke,1,/get-salt,0,3215,1776914644451,7003,0.76,429,0,
smoke,1,/get-salt,0,3216,1776914644452,7007,0.913,429,0,
smoke,1,/get-salt,0,3217,1776914644453,7008,0.869,429,0,
smoke,1,/get-salt,0,3218,1776914644454,7010,0.735,429,0,
smoke,1,/get-salt,0,3219,1776914644455,7004,0.943,429,0,
smoke,1,/get-salt,0,3220,1776914644455,7004,0.678,429,0,
smoke,1,/get-salt,0,3221,1776914644456,7005,0.905,429,0,
smoke,1,/get-salt,0,3222,1776914644457,7005,0.667,429,0,
smoke,1,/get-salt,0,3223,1776914644458,7004,0.664,429,0,
smoke,1,/get-salt,0,3224,1776914644458,7004,0.653,429,0,
smoke,1,/get-salt,0,3225,1776914644459,7010,0.749,429,0,
smoke,1,/get-salt,0,3226,1776914644460,7010,0.645,429,0,
smoke,1,/get-salt,0,3227,1776914644461,7002,1.024,429,0,
smoke,1,/get-salt,0,3228,1776914644462,7001,1.029,429,0,
smoke,1,/get-salt,0,3229,1776914644463,7010,0.98,429,0,
smoke,1,/get-salt,0,3230,1776914644464,7003,0.991,429,0,
smoke,1,/get-salt,0,3231,1776914644465,7009,0.992,429,0,
smoke,1,/get-salt,0,3232,1776914644466,7006,1.075,429,0,
smoke,1,/get-salt,0,3233,1776914644467,7001,0.955,429,0,
smoke,1,/get-salt,0,3234,1776914644468,7008,1.064,429,0,
smoke,1,/get-salt,0,3235,1776914644469,7009,0.915,429,0,
smoke,1,/get-salt,0,3236,1776914644470,7004,1.06,429,0,
smoke,1,/get-salt,0,3237,1776914644471,7010,0.94,429,0,
smoke,1,/get-salt,0,3238,1776914644472,7001,0.915,429,0,
smoke,1,/get-salt,0,3239,1776914644473,7007,0.915,429,0,
smoke,1,/get-salt,0,3240,1776914644473,7001,0.763,429,0,
smoke,1,/get-salt,0,3241,1776914644474,7005,0.939,429,0,
smoke,1,/get-salt,0,3242,1776914644475,7010,0.776,429,0,
smoke,1,/get-salt,0,3243,1776914644476,7007,0.72,429,0,
smoke,1,/get-salt,0,3244,1776914644477,7005,0.719,429,0,
smoke,1,/get-salt,0,3245,1776914644477,7001,0.843,429,0,
smoke,1,/get-salt,0,3246,1776914644478,7007,0.707,429,0,
smoke,1,/get-salt,0,3247,1776914644479,7005,0.69,429,0,
smoke,1,/get-salt,0,3248,1776914644480,7009,0.985,429,0,
smoke,1,/get-salt,0,3249,1776914644481,7008,0.976,429,0,
smoke,1,/get-salt,0,3250,1776914644482,7003,0.981,429,0,
smoke,1,/get-salt,0,3251,1776914644483,7006,1.04,429,0,
smoke,1,/get-salt,0,3252,1776914644484,7006,0.774,429,0,
smoke,1,/get-salt,0,3253,1776914644484,7008,0.796,429,0,
smoke,1,/get-salt,0,3254,1776914644485,7008,0.746,429,0,
smoke,1,/get-salt,0,3255,1776914644486,7001,0.943,429,0,
smoke,1,/get-salt,0,3256,1776914644487,7009,0.935,429,0,
smoke,1,/get-salt,0,3257,1776914644488,7001,0.734,429,0,
smoke,1,/get-salt,0,3258,1776914644489,7005,0.888,429,0,
smoke,1,/get-salt,0,3259,1776914644490,7010,0.907,429,0,
smoke,1,/get-salt,0,3260,1776914644491,7004,1.005,429,0,
smoke,1,/get-salt,0,3261,1776914644491,7009,0.886,429,0,
smoke,1,/get-salt,0,3262,1776914644492,7004,0.78,429,0,
smoke,1,/get-salt,0,3263,1776914644493,7008,0.94,429,0,
smoke,1,/get-salt,0,3264,1776914644494,7006,0.982,429,0,
smoke,1,/get-salt,0,3265,1776914644495,7008,0.793,429,0,
smoke,1,/get-salt,0,3266,1776914644496,7002,0.962,429,0,
smoke,1,/get-salt,0,3267,1776914644497,7002,0.673,429,0,
smoke,1,/get-salt,0,3268,1776914644497,7009,0.883,429,0,
smoke,1,/get-salt,0,3269,1776914644498,7007,0.938,429,0,
smoke,1,/get-salt,0,3270,1776914644499,7007,0.663,429,0,
smoke,1,/get-salt,0,3271,1776914644500,7007,0.644,429,0,
smoke,1,/get-salt,0,3272,1776914644501,7008,0.888,429,0,
smoke,1,/get-salt,0,3273,1776914644502,7004,0.968,429,0,
smoke,1,/get-salt,0,3274,1776914644502,7008,0.827,429,0,
smoke,1,/get-salt,0,3275,1776914644503,7003,1.001,429,0,
smoke,1,/get-salt,0,3276,1776914644504,7009,0.95,429,0,
smoke,1,/get-salt,0,3277,1776914644505,7006,1.004,429,0,
smoke,1,/get-salt,0,3278,1776914644506,7010,0.929,429,0,
smoke,1,/get-salt,0,3279,1776914644507,7002,0.988,429,0,
smoke,1,/get-salt,0,3280,1776914644508,7002,0.779,429,0,
smoke,1,/get-salt,0,3281,1776914644509,7008,0.952,429,0,
smoke,1,/get-salt,0,3282,1776914644510,7003,0.976,429,0,
smoke,1,/get-salt,0,3283,1776914644511,7006,0.887,429,0,
smoke,1,/get-salt,0,3284,1776914644512,7006,0.641,429,0,
smoke,1,/get-salt,0,3285,1776914644512,7006,0.683,429,0,
smoke,1,/get-salt,0,3286,1776914644513,7008,0.742,429,0,
smoke,1,/get-salt,0,3287,1776914644514,7007,0.879,429,0,
smoke,1,/get-salt,0,3288,1776914644515,7004,1.043,429,0,
smoke,1,/get-salt,0,3289,1776914644516,7006,0.841,429,0,
smoke,1,/get-salt,0,3290,1776914644517,7009,0.985,429,0,
smoke,1,/get-salt,0,3291,1776914644518,7003,1.008,429,0,
smoke,1,/get-salt,0,3292,1776914644519,7009,0.789,429,0,
smoke,1,/get-salt,0,3293,1776914644520,7008,0.943,429,0,
smoke,1,/get-salt,0,3294,1776914644520,7004,0.995,429,0,
smoke,1,/get-salt,0,3295,1776914644521,7003,0.875,429,0,
smoke,1,/get-salt,0,3296,1776914644522,7002,0.944,429,0,
smoke,1,/get-salt,0,3297,1776914644523,7004,0.806,429,0,
smoke,1,/get-salt,0,3298,1776914644524,7002,0.66,429,0,
smoke,1,/get-salt,0,3299,1776914644524,7002,0.671,429,0,
smoke,1,/get-salt,0,3300,1776914644525,7008,0.878,429,0,
smoke,1,/get-salt,0,3301,1776914644526,7007,0.908,429,0,
smoke,1,/get-salt,0,3302,1776914644527,7002,0.714,429,0,
smoke,1,/get-salt,0,3303,1776914644528,7008,0.726,429,0,
smoke,1,/get-salt,0,3304,1776914644528,7008,0.747,429,0,
smoke,1,/get-salt,0,3305,1776914644529,7002,0.788,429,0,
smoke,1,/get-salt,0,3306,1776914644530,7003,1.075,429,0,
smoke,1,/get-salt,0,3307,1776914644531,7002,0.773,429,0,
smoke,1,/get-salt,0,3308,1776914644532,7003,0.794,429,0,
smoke,1,/get-salt,0,3309,1776914644533,7010,0.89,429,0,
smoke,1,/get-salt,0,3310,1776914644534,7005,0.922,429,0,
smoke,1,/get-salt,0,3311,1776914644534,7010,0.701,429,0,
smoke,1,/get-salt,0,3312,1776914644535,7005,0.674,429,0,
smoke,1,/get-salt,0,3313,1776914644536,7002,0.776,429,0,
smoke,1,/get-salt,0,3314,1776914644537,7006,1.006,429,0,
smoke,1,/get-salt,0,3315,1776914644538,7009,1.029,429,0,
smoke,1,/get-salt,0,3316,1776914644539,7003,1.117,429,0,
smoke,1,/get-salt,0,3317,1776914644540,7004,1.136,429,0,
smoke,1,/get-salt,0,3318,1776914644541,7003,0.876,429,0,
smoke,1,/get-salt,0,3319,1776914644542,7008,0.979,429,0,
smoke,1,/get-salt,0,3320,1776914644543,7004,0.92,429,0,
smoke,1,/get-salt,0,3321,1776914644544,7008,0.74,429,0,
smoke,1,/get-salt,0,3322,1776914644545,7005,0.927,429,0,
smoke,1,/get-salt,0,3323,1776914644546,7006,0.982,429,0,
smoke,1,/get-salt,0,3324,1776914644546,7008,0.826,429,0,
smoke,1,/get-salt,0,3325,1776914644548,7009,1.092,429,0,
smoke,1,/get-salt,0,3326,1776914644549,7007,0.98,429,0,
smoke,1,/get-salt,0,3327,1776914644549,7007,0.765,429,0,
smoke,1,/get-salt,0,3328,1776914644550,7003,1.123,429,0,
smoke,1,/get-salt,0,3329,1776914644551,7007,0.818,429,0,
smoke,1,/get-salt,0,3330,1776914644552,7004,1.001,429,0,
smoke,1,/get-salt,0,3331,1776914644553,7006,0.994,429,0,
smoke,1,/get-salt,0,3332,1776914644554,7010,1.049,429,0,
smoke,1,/get-salt,0,3333,1776914644555,7004,0.942,429,0,
smoke,1,/get-salt,0,3334,1776914644556,7001,1.058,429,0,
smoke,1,/get-salt,0,3335,1776914644557,7010,0.82,429,0,
smoke,1,/get-salt,0,3336,1776914644558,7003,1.155,429,0,
smoke,1,/get-salt,0,3337,1776914644559,7006,1.025,429,0,
smoke,1,/get-salt,0,3338,1776914644560,7004,0.964,429,0,
smoke,1,/get-salt,0,3339,1776914644561,7003,0.807,429,0,
smoke,1,/get-salt,0,3340,1776914644562,7007,0.902,429,0,
smoke,1,/get-salt,0,3341,1776914644563,7003,0.734,429,0,
smoke,1,/get-salt,0,3342,1776914644563,7007,0.681,429,0,
smoke,1,/get-salt,0,3343,1776914644564,7008,0.954,429,0,
smoke,1,/get-salt,0,3344,1776914644565,7005,0.921,429,0,
smoke,1,/get-salt,0,3345,1776914644566,7008,0.682,429,0,
smoke,1,/get-salt,0,3346,1776914644567,7006,0.902,429,0,
smoke,1,/get-salt,0,3347,1776914644568,7009,0.884,429,0,
smoke,1,/get-salt,0,3348,1776914644569,7010,1.032,429,0,
smoke,1,/get-salt,0,3349,1776914644570,7007,0.999,429,0,
smoke,1,/get-salt,0,3350,1776914644571,7004,1.067,429,0,
smoke,1,/get-salt,0,3351,1776914644572,7002,1.012,429,0,
smoke,1,/get-salt,0,3352,1776914644573,7004,0.666,429,0,
smoke,1,/get-salt,0,3353,1776914644573,7001,0.904,429,0,
smoke,1,/get-salt,0,3354,1776914644574,7009,1.019,429,0,
smoke,1,/get-salt,0,3355,1776914644576,7003,1.064,429,0,
smoke,1,/get-salt,0,3356,1776914644576,7001,0.913,429,0,
smoke,1,/get-salt,0,3357,1776914644578,7002,1.124,429,0,
smoke,1,/get-salt,0,3358,1776914644579,7006,1.106,429,0,
smoke,1,/get-salt,0,3359,1776914644580,7004,1.049,429,0,
smoke,1,/get-salt,0,3360,1776914644581,7001,0.983,429,0,
smoke,1,/get-salt,0,3361,1776914644582,7007,0.921,429,0,
smoke,1,/get-salt,0,3362,1776914644583,7010,0.912,429,0,
smoke,1,/get-salt,0,3363,1776914644584,7009,1.034,429,0,
smoke,1,/get-salt,0,3364,1776914644584,7010,0.686,429,0,
smoke,1,/get-salt,0,3365,1776914644585,7007,0.736,429,0,
smoke,1,/get-salt,0,3366,1776914644586,7007,0.624,429,0,
smoke,1,/get-salt,0,3367,1776914644587,7006,0.959,429,0,
smoke,1,/get-salt,0,3368,1776914644588,7001,0.944,429,0,
smoke,1,/get-salt,0,3369,1776914644588,7001,0.759,429,0,
smoke,1,/get-salt,0,3370,1776914644589,7002,1.03,429,0,
smoke,1,/get-salt,0,3371,1776914644590,7007,0.949,429,0,
smoke,1,/get-salt,0,3372,1776914644591,7008,0.982,429,0,
smoke,1,/get-salt,0,3373,1776914644592,7007,0.78,429,0,
smoke,1,/get-salt,0,3374,1776914644593,7001,0.924,429,0,
smoke,1,/get-salt,0,3375,1776914644594,7009,0.961,429,0,
smoke,1,/get-salt,0,3376,1776914644595,7002,0.99,429,0,
smoke,1,/get-salt,0,3377,1776914644598,7005,2.913,429,0,
smoke,1,/get-salt,0,3378,1776914644599,7002,1.21,429,0,
smoke,1,/get-salt,0,3379,1776914644600,7008,1.01,429,0,
smoke,1,/get-salt,0,3380,1776914644601,7008,0.75,429,0,
smoke,1,/get-salt,0,3381,1776914644602,7002,0.787,429,0,
smoke,1,/get-salt,0,3382,1776914644603,7007,0.977,429,0,
smoke,1,/get-salt,0,3383,1776914644603,7002,0.769,429,0,
smoke,1,/get-salt,0,3384,1776914644604,7010,0.916,429,0,
smoke,1,/get-salt,0,3385,1776914644605,7003,1.027,429,0,
smoke,1,/get-salt,0,3386,1776914644606,7004,1.008,429,0,
smoke,1,/get-salt,0,3387,1776914644607,7010,0.707,429,0,
smoke,1,/get-salt,0,3388,1776914644608,7004,0.729,429,0,
smoke,1,/get-salt,0,3389,1776914644609,7004,0.76,429,0,
smoke,1,/get-salt,0,3390,1776914644609,7010,0.643,429,0,
smoke,1,/get-salt,0,3391,1776914644610,7003,0.892,429,0,
smoke,1,/get-salt,0,3392,1776914644611,7008,0.963,429,0,
smoke,1,/get-salt,0,3393,1776914644612,7005,1.085,429,0,
smoke,1,/get-salt,0,3394,1776914644613,7003,0.852,429,0,
smoke,1,/get-salt,0,3395,1776914644614,7006,0.91,429,0,
smoke,1,/get-salt,0,3396,1776914644615,7008,0.781,429,0,
smoke,1,/get-salt,0,3397,1776914644616,7006,1.201,429,0,
smoke,1,/get-salt,0,3398,1776914644617,7007,1.093,429,0,
smoke,1,/get-salt,0,3399,1776914644618,7002,1.059,429,0,
smoke,1,/get-salt,0,3400,1776914644619,7002,0.735,429,0,
smoke,1,/get-salt,0,3401,1776914644620,7010,0.936,429,0,
smoke,1,/get-salt,0,3402,1776914644621,7003,0.939,429,0,
smoke,1,/get-salt,0,3403,1776914644622,7005,0.936,429,0,
smoke,1,/get-salt,0,3404,1776914644623,7007,0.867,429,0,
smoke,1,/get-salt,0,3405,1776914644623,7005,0.699,429,0,
smoke,1,/get-salt,0,3406,1776914644624,7004,0.915,429,0,
smoke,1,/get-salt,0,3407,1776914644625,7009,0.911,429,0,
smoke,1,/get-salt,0,3408,1776914644626,7001,1.161,429,0,
smoke,1,/get-salt,0,3409,1776914644627,7005,0.901,429,0,
smoke,1,/get-salt,0,3410,1776914644628,7002,1.021,429,0,
smoke,1,/get-salt,0,3411,1776914644629,7007,0.895,429,0,
smoke,1,/get-salt,0,3412,1776914644630,7006,1.094,429,0,
smoke,1,/get-salt,0,3413,1776914644631,7002,0.889,429,0,
smoke,1,/get-salt,0,3414,1776914644632,7008,0.918,429,0,
smoke,1,/get-salt,0,3415,1776914644633,7010,0.916,429,0,
smoke,1,/get-salt,0,3416,1776914644634,7008,0.703,429,0,
smoke,1,/get-salt,0,3417,1776914644635,7005,0.926,429,0,
smoke,1,/get-salt,0,3418,1776914644635,7007,0.868,429,0,
smoke,1,/get-salt,0,3419,1776914644636,7008,0.695,429,0,
smoke,1,/get-salt,0,3420,1776914644637,7005,0.679,429,0,
smoke,1,/get-salt,0,3421,1776914644638,7010,0.787,429,0,
smoke,1,/get-salt,0,3422,1776914644638,7007,0.775,429,0,
smoke,1,/get-salt,0,3423,1776914644639,7007,0.659,429,0,
smoke,1,/get-salt,0,3424,1776914644640,7009,1.008,429,0,
smoke,1,/get-salt,0,3425,1776914644641,7001,0.911,429,0,
smoke,1,/get-salt,0,3426,1776914644642,7010,0.761,429,0,
smoke,1,/get-salt,0,3427,1776914644642,7001,0.705,429,0,
smoke,1,/get-salt,0,3428,1776914644643,7006,0.915,429,0,
smoke,1,/get-salt,0,3429,1776914644644,7006,0.721,429,0,
smoke,1,/get-salt,0,3430,1776914644645,7003,1.025,429,0,
smoke,1,/get-salt,0,3431,1776914644646,7003,0.785,429,0,
smoke,1,/get-salt,0,3432,1776914644647,7003,0.769,429,0,
smoke,1,/get-salt,0,3433,1776914644648,7004,0.958,429,0,
smoke,1,/get-salt,0,3434,1776914644649,7006,0.928,429,0,
smoke,1,/get-salt,0,3435,1776914644650,7002,1.037,429,0,
smoke,1,/get-salt,0,3436,1776914644651,7008,1.122,429,0,
smoke,1,/get-salt,0,3437,1776914644652,7007,0.974,429,0,
smoke,1,/get-salt,0,3438,1776914644653,7009,0.972,429,0,
smoke,1,/get-salt,0,3439,1776914644654,7003,1.042,429,0,
smoke,1,/get-salt,0,3440,1776914644655,7005,0.996,429,0,
smoke,1,/get-salt,0,3441,1776914644656,7004,0.976,429,0,
smoke,1,/get-salt,0,3442,1776914644656,7005,0.759,429,0,
smoke,1,/get-salt,0,3443,1776914644657,7002,1.005,429,0,
smoke,1,/get-salt,0,3444,1776914644658,7001,0.929,429,0,
smoke,1,/get-salt,0,3445,1776914644659,7003,0.945,429,0,
smoke,1,/get-salt,0,3446,1776914644660,7010,1.022,429,0,
smoke,1,/get-salt,0,3447,1776914644661,7010,0.867,429,0,
smoke,1,/get-salt,0,3448,1776914644662,7004,1.007,429,0,
smoke,1,/get-salt,0,3449,1776914644663,7003,0.925,429,0,
smoke,1,/get-salt,0,3450,1776914644664,7006,0.989,429,0,
smoke,1,/get-salt,0,3451,1776914644665,7008,1.025,429,0,
smoke,1,/get-salt,0,3452,1776914644666,7004,0.98,429,0,
smoke,1,/get-salt,0,3453,1776914644667,7004,0.801,429,0,
smoke,1,/get-salt,0,3454,1776914644668,7006,0.905,429,0,
smoke,1,/get-salt,0,3455,1776914644669,7007,1.049,429,0,
smoke,1,/get-salt,0,3456,1776914644670,7004,0.863,429,0,
smoke,1,/get-salt,0,3457,1776914644671,7010,1.103,429,0,
smoke,1,/get-salt,0,3458,1776914644672,7008,0.902,429,0,
smoke,1,/get-salt,0,3459,1776914644673,7003,0.95,429,0,
smoke,1,/get-salt,0,3460,1776914644674,7009,0.899,429,0,
smoke,1,/get-salt,0,3461,1776914644674,7009,0.649,429,0,
smoke,1,/get-salt,0,3462,1776914644675,7005,0.901,429,0,
smoke,1,/get-salt,0,3463,1776914644676,7001,0.926,429,0,
smoke,1,/get-salt,0,3464,1776914644677,7008,0.804,429,0,
smoke,1,/get-salt,0,3465,1776914644678,7002,0.915,429,0,
smoke,1,/get-salt,0,3466,1776914644679,7001,0.709,429,0,
smoke,1,/get-salt,0,3467,1776914644679,7005,0.872,429,0,
smoke,1,/get-salt,0,3468,1776914644681,7003,1.05,429,0,
smoke,1,/get-salt,0,3469,1776914644681,7001,0.786,429,0,
smoke,1,/get-salt,0,3470,1776914644682,7007,0.935,429,0,
smoke,1,/get-salt,0,3471,1776914644683,7009,0.901,429,0,
smoke,1,/get-salt,0,3472,1776914644684,7005,0.864,429,0,
smoke,1,/get-salt,0,3473,1776914644685,7001,0.734,429,0,
smoke,1,/get-salt,0,3474,1776914644686,7004,0.962,429,0,
smoke,1,/get-salt,0,3475,1776914644686,7001,0.712,429,0,
smoke,1,/get-salt,0,3476,1776914644687,7007,0.844,429,0,
smoke,1,/get-salt,0,3477,1776914644688,7005,0.783,429,0,
smoke,1,/get-salt,0,3478,1776914644689,7001,0.737,429,0,
smoke,1,/get-salt,0,3479,1776914644690,7001,0.807,429,0,
smoke,1,/get-salt,0,3480,1776914644691,7010,1.025,429,0,
smoke,1,/get-salt,0,3481,1776914644692,7004,1.122,429,0,
smoke,1,/get-salt,0,3482,1776914644693,7009,1.02,429,0,
smoke,1,/get-salt,0,3483,1776914644694,7004,0.771,429,0,
smoke,1,/get-salt,0,3484,1776914644694,7007,0.908,429,0,
smoke,1,/get-salt,0,3485,1776914644695,7006,0.933,429,0,
smoke,1,/get-salt,0,3486,1776914644696,7006,0.671,429,0,
smoke,1,/get-salt,0,3487,1776914644697,7009,0.906,429,0,
smoke,1,/get-salt,0,3488,1776914644698,7003,0.928,429,0,
smoke,1,/get-salt,0,3489,1776914644699,7006,0.748,429,0,
smoke,1,/get-salt,0,3490,1776914644699,7009,0.697,429,0,
smoke,1,/get-salt,0,3491,1776914644700,7009,0.737,429,0,
smoke,1,/get-salt,0,3492,1776914644701,7010,0.984,429,0,
smoke,1,/get-salt,0,3493,1776914644702,7009,0.714,429,0,
smoke,1,/get-salt,0,3494,1776914644703,7006,0.852,429,0,
smoke,1,/get-salt,0,3495,1776914644704,7008,0.893,429,0,
smoke,1,/get-salt,0,3496,1776914644705,7001,1.018,429,0,
smoke,1,/get-salt,0,3497,1776914644706,7002,1.005,429,0,
smoke,1,/get-salt,0,3498,1776914644707,7004,0.901,429,0,
smoke,1,/get-salt,0,3499,1776914644708,7010,0.984,429,0,
smoke,1,/get-salt,0,3500,1776914644709,7007,1.011,429,0,
smoke,1,/get-salt,0,3501,1776914644709,7002,0.897,429,0,
smoke,1,/get-salt,0,3502,1776914644710,7002,0.842,429,0,
smoke,1,/get-salt,0,3503,1776914644711,7002,0.733,429,0,
smoke,1,/get-salt,0,3504,1776914644712,7010,0.804,429,0,
smoke,1,/get-salt,0,3505,1776914644716,7010,3.702,429,0,
smoke,1,/get-salt,0,3506,1776914644717,7007,1.089,429,0,
smoke,1,/get-salt,0,3507,1776914644718,7002,1.007,429,0,
smoke,1,/get-salt,0,3508,1776914644719,7004,0.916,429,0,
smoke,1,/get-salt,0,3509,1776914644720,7003,0.958,429,0,
smoke,1,/get-salt,0,3510,1776914644721,7006,1.02,429,0,
smoke,1,/get-salt,0,3511,1776914644722,7001,0.991,429,0,
smoke,1,/get-salt,0,3512,1776914644722,7006,0.782,429,0,
smoke,1,/get-salt,0,3513,1776914644723,7003,0.787,429,0,
smoke,1,/get-salt,0,3514,1776914644724,7009,0.914,429,0,
smoke,1,/get-salt,0,3515,1776914644725,7009,0.621,429,0,
smoke,1,/get-salt,0,3516,1776914644726,7001,0.853,429,0,
smoke,1,/get-salt,0,3517,1776914644727,7010,0.998,429,0,
smoke,1,/get-salt,0,3518,1776914644727,7004,0.892,429,0,
smoke,1,/get-salt,0,3519,1776914644728,7001,0.828,429,0,
smoke,1,/get-salt,0,3520,1776914644729,7004,0.667,429,0,
smoke,1,/get-salt,0,3521,1776914644730,7002,1.027,429,0,
smoke,1,/get-salt,0,3522,1776914644731,7008,0.871,429,0,
smoke,1,/get-salt,0,3523,1776914644732,7005,0.927,429,0,
smoke,1,/get-salt,0,3524,1776914644733,7001,0.889,429,0,
smoke,1,/get-salt,0,3525,1776914644734,7006,0.97,429,0,
smoke,1,/get-salt,0,3526,1776914644735,7007,0.915,429,0,
smoke,1,/get-salt,0,3527,1776914644735,7001,0.804,429,0,
smoke,1,/get-salt,0,3528,1776914644736,7006,0.8,429,0,
smoke,1,/get-salt,0,3529,1776914644737,7003,0.941,429,0,
smoke,1,/get-salt,0,3530,1776914644738,7005,0.835,429,0,
smoke,1,/get-salt,0,3531,1776914644739,7005,0.649,429,0,
smoke,1,/get-salt,0,3532,1776914644740,7010,0.955,429,0,
smoke,1,/get-salt,0,3533,1776914644740,7001,0.928,429,0,
smoke,1,/get-salt,0,3534,1776914644741,7009,0.916,429,0,
smoke,1,/get-salt,0,3535,1776914644742,7001,0.77,429,0,
smoke,1,/get-salt,0,3536,1776914644743,7009,0.658,429,0,
smoke,1,/get-salt,0,3537,1776914644744,7006,0.934,429,0,
smoke,1,/get-salt,0,3538,1776914644745,7008,0.901,429,0,
smoke,1,/get-salt,0,3539,1776914644746,7007,0.879,429,0,
smoke,1,/get-salt,0,3540,1776914644746,7005,0.912,429,0,
smoke,1,/get-salt,0,3541,1776914644747,7005,0.693,429,0,
smoke,1,/get-salt,0,3542,1776914644749,7010,1.758,429,0,
smoke,1,/get-salt,0,3543,1776914644750,7004,1.136,429,0,
smoke,1,/get-salt,0,3544,1776914644751,7006,0.938,429,0,
smoke,1,/get-salt,0,3545,1776914644752,7010,0.969,429,0,
smoke,1,/get-salt,0,3546,1776914644753,7010,0.716,429,0,
smoke,1,/get-salt,0,3547,1776914644754,7009,0.885,429,0,
smoke,1,/get-salt,0,3548,1776914644754,7006,0.741,429,0,
smoke,1,/get-salt,0,3549,1776914644755,7010,0.752,429,0,
smoke,1,/get-salt,0,3550,1776914644756,7004,0.87,429,0,
smoke,1,/get-salt,0,3551,1776914644757,7005,0.88,429,0,
smoke,1,/get-salt,0,3552,1776914644758,7003,0.956,429,0,
smoke,1,/get-salt,0,3553,1776914644759,7009,0.913,429,0,
smoke,1,/get-salt,0,3554,1776914644760,7004,0.821,429,0,
smoke,1,/get-salt,0,3555,1776914644761,7006,0.991,429,0,
smoke,1,/get-salt,0,3556,1776914644762,7002,1.01,429,0,
smoke,1,/get-salt,0,3557,1776914644763,7001,1.054,429,0,
smoke,1,/get-salt,0,3558,1776914644764,7009,1.015,429,0,
smoke,1,/get-salt,0,3559,1776914644765,7003,1.054,429,0,
smoke,1,/get-salt,0,3560,1776914644765,7003,0.782,429,0,
smoke,1,/get-salt,0,3561,1776914644766,7003,0.685,429,0,
smoke,1,/get-salt,0,3562,1776914644767,7008,0.921,429,0,
smoke,1,/get-salt,0,3563,1776914644768,7009,0.941,429,0,
smoke,1,/get-salt,0,3564,1776914644769,7010,0.935,429,0,
smoke,1,/get-salt,0,3565,1776914644770,7003,0.89,429,0,
smoke,1,/get-salt,0,3566,1776914644771,7004,1.077,429,0,
smoke,1,/get-salt,0,3567,1776914644772,7009,1.019,429,0,
smoke,1,/get-salt,0,3568,1776914644773,7002,1.007,429,0,
smoke,1,/get-salt,0,3569,1776914644774,7006,0.985,429,0,
smoke,1,/get-salt,0,3570,1776914644775,7010,0.876,429,0,
smoke,1,/get-salt,0,3571,1776914644776,7007,1.046,429,0,
smoke,1,/get-salt,0,3572,1776914644777,7005,0.89,429,0,
smoke,1,/get-salt,0,3573,1776914644778,7007,0.788,429,0,
smoke,1,/get-salt,0,3574,1776914644778,7010,0.777,429,0,
smoke,1,/get-salt,0,3575,1776914644779,7003,0.938,429,0,
smoke,1,/get-salt,0,3576,1776914644780,7002,0.94,429,0,
smoke,1,/get-salt,0,3577,1776914644781,7002,0.686,429,0,
smoke,1,/get-salt,0,3578,1776914644782,7003,0.71,429,0,
smoke,1,/get-salt,0,3579,1776914644783,7004,0.942,429,0,
smoke,1,/get-salt,0,3580,1776914644783,7001,0.914,429,0,
smoke,1,/get-salt,0,3581,1776914644784,7010,0.848,429,0,
smoke,1,/get-salt,0,3582,1776914644785,7003,0.883,429,0,
smoke,1,/get-salt,0,3583,1776914644786,7006,0.919,429,0,
smoke,1,/get-salt,0,3584,1776914644787,7003,0.878,429,0,
smoke,1,/get-salt,0,3585,1776914644788,7006,0.757,429,0,
smoke,1,/get-salt,0,3586,1776914644789,7010,0.979,429,0,
smoke,1,/get-salt,0,3587,1776914644790,7006,0.808,429,0,
smoke,1,/get-salt,0,3588,1776914644791,7005,0.951,429,0,
smoke,1,/get-salt,0,3589,1776914644791,7005,0.665,429,0,
smoke,1,/get-salt,0,3590,1776914644792,7004,0.915,429,0,
smoke,1,/get-salt,0,3591,1776914644793,7003,1.011,429,0,
smoke,1,/get-salt,0,3592,1776914644794,7003,0.772,429,0,
smoke,1,/get-salt,0,3593,1776914644795,7010,0.907,429,0,
smoke,1,/get-salt,0,3594,1776914644796,7009,0.905,429,0,
smoke,1,/get-salt,0,3595,1776914644797,7007,0.911,429,0,
smoke,1,/get-salt,0,3596,1776914644798,7001,0.938,429,0,
smoke,1,/get-salt,0,3597,1776914644799,7006,0.985,429,0,
smoke,1,/get-salt,0,3598,1776914644800,7003,0.957,429,0,
smoke,1,/get-salt,0,3599,1776914644800,7004,0.965,429,0,
smoke,1,/get-salt,0,3600,1776914644801,7005,0.937,429,0,
smoke,1,/get-salt,0,3601,1776914644802,7009,0.903,429,0,
smoke,1,/get-salt,0,3602,1776914644803,7010,1.009,429,0,
smoke,1,/get-salt,0,3603,1776914644804,7002,1.091,429,0,
smoke,1,/get-salt,0,3604,1776914644806,7003,1.172,429,0,
smoke,1,/get-salt,0,3605,1776914644807,7008,1.182,429,0,
smoke,1,/get-salt,0,3606,1776914644808,7007,0.974,429,0,
smoke,1,/get-salt,0,3607,1776914644808,7008,0.688,429,0,
smoke,1,/get-salt,0,3608,1776914644809,7005,0.859,429,0,
smoke,1,/get-salt,0,3609,1776914644810,7003,1.008,429,0,
smoke,1,/get-salt,0,3610,1776914644811,7004,0.925,429,0,
smoke,1,/get-salt,0,3611,1776914644812,7002,0.983,429,0,
smoke,1,/get-salt,0,3612,1776914644813,7006,0.919,429,0,
smoke,1,/get-salt,0,3613,1776914644814,7005,0.849,429,0,
smoke,1,/get-salt,0,3614,1776914644815,7001,0.944,429,0,
smoke,1,/get-salt,0,3615,1776914644816,7003,0.851,429,0,
smoke,1,/get-salt,0,3616,1776914644817,7003,0.647,429,0,
smoke,1,/get-salt,0,3617,1776914644817,7010,0.953,429,0,
smoke,1,/get-salt,0,3618,1776914644818,7006,0.844,429,0,
smoke,1,/get-salt,0,3619,1776914644819,7009,0.899,429,0,
smoke,1,/get-salt,0,3620,1776914644820,7003,0.966,429,0,
smoke,1,/get-salt,0,3621,1776914644821,7004,0.989,429,0,
smoke,1,/get-salt,0,3622,1776914644822,7010,0.917,429,0,
smoke,1,/get-salt,0,3623,1776914644823,7005,0.906,429,0,
smoke,1,/get-salt,0,3624,1776914644824,7008,0.882,429,0,
smoke,1,/get-salt,0,3625,1776914644825,7009,0.826,429,0,
smoke,1,/get-salt,0,3626,1776914644826,7010,0.792,429,0,
smoke,1,/get-salt,0,3627,1776914644826,7006,0.905,429,0,
smoke,1,/get-salt,0,3628,1776914644827,7009,0.676,429,0,
smoke,1,/get-salt,0,3629,1776914644828,7008,0.722,429,0,
smoke,1,/get-salt,0,3630,1776914644829,7008,0.776,429,0,
smoke,1,/get-salt,0,3631,1776914644830,7002,1.086,429,0,
smoke,1,/get-salt,0,3632,1776914644831,7008,0.879,429,0,
smoke,1,/get-salt,0,3633,1776914644832,7001,1.038,429,0,
smoke,1,/get-salt,0,3634,1776914644833,7004,0.961,429,0,
smoke,1,/get-salt,0,3635,1776914644834,7002,0.951,429,0,
smoke,1,/get-salt,0,3636,1776914644834,7008,0.825,429,0,
smoke,1,/get-salt,0,3637,1776914644835,7010,0.947,429,0,
smoke,1,/get-salt,0,3638,1776914644836,7003,0.926,429,0,
smoke,1,/get-salt,0,3639,1776914644837,7010,0.744,429,0,
smoke,1,/get-salt,0,3640,1776914644838,7005,0.886,429,0,
smoke,1,/get-salt,0,3641,1776914644839,7010,0.722,429,0,
smoke,1,/get-salt,0,3642,1776914644840,7004,0.912,429,0,
smoke,1,/get-salt,0,3643,1776914644840,7010,0.783,429,0,
smoke,1,/get-salt,0,3644,1776914644841,7009,0.915,429,0,
smoke,1,/get-salt,0,3645,1776914644842,7010,0.731,429,0,
smoke,1,/get-salt,0,3646,1776914644843,7003,0.844,429,0,
smoke,1,/get-salt,0,3647,1776914644844,7003,0.691,429,0,
smoke,1,/get-salt,0,3648,1776914644845,7002,1.013,429,0,
smoke,1,/get-salt,0,3649,1776914644845,7007,0.919,429,0,
smoke,1,/get-salt,0,3650,1776914644846,7006,0.948,429,0,
smoke,1,/get-salt,0,3651,1776914644848,7010,1.13,429,0,
smoke,1,/get-salt,0,3652,1776914644848,7010,0.854,429,0,
smoke,1,/get-salt,0,3653,1776914644849,7004,0.964,429,0,
smoke,1,/get-salt,0,3654,1776914644850,7010,0.794,429,0,
smoke,1,/get-salt,0,3655,1776914644854,7008,3.634,429,0,
smoke,1,/get-salt,0,3656,1776914644855,7001,1.238,429,0,
smoke,1,/get-salt,0,3657,1776914644856,7002,1.108,429,0,
smoke,1,/get-salt,0,3658,1776914644857,7005,0.976,429,0,
smoke,1,/get-salt,0,3659,1776914644858,7006,0.99,429,0,
smoke,1,/get-salt,0,3660,1776914644859,7005,0.825,429,0,
smoke,1,/get-salt,0,3661,1776914644860,7007,0.968,429,0,
smoke,1,/get-salt,0,3662,1776914644861,7009,0.89,429,0,
smoke,1,/get-salt,0,3663,1776914644862,7008,0.9,429,0,
smoke,1,/get-salt,0,3664,1776914644863,7010,0.983,429,0,
smoke,1,/get-salt,0,3665,1776914644863,7009,0.746,429,0,
smoke,1,/get-salt,0,3666,1776914644864,7008,0.699,429,0,
smoke,1,/get-salt,0,3667,1776914644865,7007,0.802,429,0,
smoke,1,/get-salt,0,3668,1776914644866,7009,0.693,429,0,
smoke,1,/get-salt,0,3669,1776914644867,7004,1.063,429,0,
smoke,1,/get-salt,0,3670,1776914644868,7006,1.044,429,0,
smoke,1,/get-salt,0,3671,1776914644869,7001,1.116,429,0,
smoke,1,/get-salt,0,3672,1776914644870,7007,0.895,429,0,
smoke,1,/get-salt,0,3673,1776914644871,7009,0.894,429,0,
smoke,1,/get-salt,0,3674,1776914644872,7010,0.93,429,0,
smoke,1,/get-salt,0,3675,1776914644872,7010,0.73,429,0,
smoke,1,/get-salt,0,3676,1776914644874,7002,1.218,429,0,
smoke,1,/get-salt,0,3677,1776914644875,7004,1.112,429,0,
smoke,1,/get-salt,0,3678,1776914644876,7001,1.035,429,0,
smoke,1,/get-salt,0,3679,1776914644877,7008,0.96,429,0,
smoke,1,/get-salt,0,3680,1776914644878,7002,0.901,429,0,
smoke,1,/get-salt,0,3681,1776914644878,7002,0.73,429,0,
smoke,1,/get-salt,0,3682,1776914644879,7008,0.772,429,0,
smoke,1,/get-salt,0,3683,1776914644880,7006,1.017,429,0,
smoke,1,/get-salt,0,3684,1776914644881,7009,0.973,429,0,
smoke,1,/get-salt,0,3685,1776914644882,7007,0.901,429,0,
smoke,1,/get-salt,0,3686,1776914644883,7007,0.652,429,0,
smoke,1,/get-salt,0,3687,1776914644883,7007,0.645,429,0,
smoke,1,/get-salt,0,3688,1776914644884,7007,0.618,429,0,
smoke,1,/get-salt,0,3689,1776914644885,7007,0.611,429,0,
smoke,1,/get-salt,0,3690,1776914644885,7005,0.898,429,0,
smoke,1,/get-salt,0,3691,1776914644886,7003,0.958,429,0,
smoke,1,/get-salt,0,3692,1776914644887,7003,0.688,429,0,
smoke,1,/get-salt,0,3693,1776914644888,7002,0.952,429,0,
smoke,1,/get-salt,0,3694,1776914644889,7003,0.697,429,0,
smoke,1,/get-salt,0,3695,1776914644890,7001,0.973,429,0,
smoke,1,/get-salt,0,3696,1776914644891,7005,0.899,429,0,
smoke,1,/get-salt,0,3697,1776914644891,7001,0.763,429,0,
smoke,1,/get-salt,0,3698,1776914644892,7007,0.881,429,0,
smoke,1,/get-salt,0,3699,1776914644893,7002,0.893,429,0,
smoke,1,/get-salt,0,3700,1776914644894,7006,1.137,429,0,
smoke,1,/get-salt,0,3701,1776914644895,7007,0.811,429,0,
smoke,1,/get-salt,0,3702,1776914644896,7010,0.957,429,0,
smoke,1,/get-salt,0,3703,1776914644897,7007,0.625,429,0,
smoke,1,/get-salt,0,3704,1776914644898,7009,0.88,429,0,
smoke,1,/get-salt,0,3705,1776914644898,7008,0.883,429,0,
smoke,1,/get-salt,0,3706,1776914644899,7006,0.856,429,0,
smoke,1,/get-salt,0,3707,1776914644900,7010,0.911,429,0,
smoke,1,/get-salt,0,3708,1776914644901,7005,0.902,429,0,
smoke,1,/get-salt,0,3709,1776914644902,7002,0.996,429,0,
smoke,1,/get-salt,0,3710,1776914644903,7004,0.984,429,0,
smoke,1,/get-salt,0,3711,1776914644904,7002,0.795,429,0,
smoke,1,/get-salt,0,3712,1776914644905,7006,0.784,429,0,
smoke,1,/get-salt,0,3713,1776914644906,7010,0.876,429,0,
smoke,1,/get-salt,0,3714,1776914644906,7005,0.843,429,0,
smoke,1,/get-salt,0,3715,1776914644907,7009,0.892,429,0,
smoke,1,/get-salt,0,3716,1776914644908,7006,0.761,429,0,
smoke,1,/get-salt,0,3717,1776914644909,7001,1.068,429,0,
smoke,1,/get-salt,0,3718,1776914644910,7010,0.952,429,0,
smoke,1,/get-salt,0,3719,1776914644911,7010,0.767,429,0,
smoke,1,/get-salt,0,3720,1776914644912,7003,0.9,429,0,
smoke,1,/get-salt,0,3721,1776914644913,7002,0.992,429,0,
smoke,1,/get-salt,0,3722,1776914644914,7003,0.703,429,0,
smoke,1,/get-salt,0,3723,1776914644914,7006,0.88,429,0,
smoke,1,/get-salt,0,3724,1776914644915,7001,0.939,429,0,
smoke,1,/get-salt,0,3725,1776914644916,7001,0.77,429,0,
smoke,1,/get-salt,0,3726,1776914644917,7002,0.832,429,0,
smoke,1,/get-salt,0,3727,1776914644918,7004,0.968,429,0,
smoke,1,/get-salt,0,3728,1776914644919,7010,0.912,429,0,
smoke,1,/get-salt,0,3729,1776914644920,7004,0.74,429,0,
smoke,1,/get-salt,0,3730,1776914644920,7004,0.726,429,0,
smoke,1,/get-salt,0,3731,1776914644922,7007,1.167,429,0,
smoke,1,/get-salt,0,3732,1776914644923,7005,0.994,429,0,
smoke,1,/get-salt,0,3733,1776914644924,7002,0.997,429,0,
smoke,1,/get-salt,0,3734,1776914644924,7007,0.877,429,0,
smoke,1,/get-salt,0,3735,1776914644925,7007,0.734,429,0,
smoke,1,/get-salt,0,3736,1776914644926,7008,0.896,429,0,
smoke,1,/get-salt,0,3737,1776914644927,7004,0.911,429,0,
smoke,1,/get-salt,0,3738,1776914644928,7002,0.833,429,0,
smoke,1,/get-salt,0,3739,1776914644929,7004,0.945,429,0,
smoke,1,/get-salt,0,3740,1776914644930,7006,1.004,429,0,
smoke,1,/get-salt,0,3741,1776914644931,7005,0.947,429,0,
smoke,1,/get-salt,0,3742,1776914644932,7003,1.004,429,0,
smoke,1,/get-salt,0,3743,1776914644933,7004,1.029,429,0,
smoke,1,/get-salt,0,3744,1776914644933,7004,0.67,429,0,
smoke,1,/get-salt,0,3745,1776914644934,7003,0.861,429,0,
smoke,1,/get-salt,0,3746,1776914644935,7008,1.039,429,0,
smoke,1,/get-salt,0,3747,1776914644936,7008,0.648,429,0,
smoke,1,/get-salt,0,3748,1776914644937,7006,0.861,429,0,
smoke,1,/get-salt,0,3749,1776914644938,7007,0.955,429,0,
smoke,1,/get-salt,0,3750,1776914644939,7008,0.735,429,0,
smoke,1,/get-salt,0,3751,1776914644939,7006,0.701,429,0,
smoke,1,/get-salt,0,3752,1776914644940,7004,0.901,429,0,
smoke,1,/get-salt,0,3753,1776914644941,7002,0.969,429,0,
smoke,1,/get-salt,0,3754,1776914644942,7003,0.881,429,0,
smoke,1,/get-salt,0,3755,1776914644943,7006,0.75,429,0,
smoke,1,/get-salt,0,3756,1776914644944,7008,0.797,429,0,
smoke,1,/get-salt,0,3757,1776914644944,7003,0.706,429,0,
smoke,1,/get-salt,0,3758,1776914644945,7008,0.667,429,0,
smoke,1,/get-salt,0,3759,1776914644946,7003,0.638,429,0,
smoke,1,/get-salt,0,3760,1776914644947,7007,0.949,429,0,
smoke,1,/get-salt,0,3761,1776914644948,7001,1.011,429,0,
smoke,1,/get-salt,0,3762,1776914644948,7002,0.922,429,0,
smoke,1,/get-salt,0,3763,1776914644949,7005,1.034,429,0,
smoke,1,/get-salt,0,3764,1776914644950,7007,0.978,429,0,
smoke,1,/get-salt,0,3765,1776914644951,7008,0.935,429,0,
smoke,1,/get-salt,0,3766,1776914644952,7002,0.824,429,0,
smoke,1,/get-salt,0,3767,1776914644953,7003,0.974,429,0,
smoke,1,/get-salt,0,3768,1776914644954,7008,0.858,429,0,
smoke,1,/get-salt,0,3769,1776914644955,7009,0.911,429,0,
smoke,1,/get-salt,0,3770,1776914644956,7005,0.939,429,0,
smoke,1,/get-salt,0,3771,1776914644957,7001,1.001,429,0,
smoke,1,/get-salt,0,3772,1776914644958,7006,0.984,429,0,
smoke,1,/get-salt,0,3773,1776914644959,7008,0.877,429,0,
smoke,1,/get-salt,0,3774,1776914644960,7003,0.968,429,0,
smoke,1,/get-salt,0,3775,1776914644961,7007,1.012,429,0,
smoke,1,/get-salt,0,3776,1776914644962,7006,0.833,429,0,
smoke,1,/get-salt,0,3777,1776914644962,7007,0.764,429,0,
smoke,1,/get-salt,0,3778,1776914644963,7008,0.844,429,0,
smoke,1,/get-salt,0,3779,1776914644964,7004,0.984,429,0,
smoke,1,/get-salt,0,3780,1776914644965,7001,0.929,429,0,
smoke,1,/get-salt,0,3781,1776914644966,7010,0.985,429,0,
smoke,1,/get-salt,0,3782,1776914644967,7003,0.93,429,0,
smoke,1,/get-salt,0,3783,1776914644968,7001,0.754,429,0,
smoke,1,/get-salt,0,3784,1776914644969,7003,0.671,429,0,
smoke,1,/get-salt,0,3785,1776914644969,7005,0.894,429,0,
smoke,1,/get-salt,0,3786,1776914644970,7006,1.08,429,0,
smoke,1,/get-salt,0,3787,1776914644971,7001,0.895,429,0,
smoke,1,/get-salt,0,3788,1776914644972,7003,0.796,429,0,
smoke,1,/get-salt,0,3789,1776914644973,7008,0.955,429,0,
smoke,1,/get-salt,0,3790,1776914644974,7006,0.811,429,0,
smoke,1,/get-salt,0,3791,1776914644975,7009,0.985,429,0,
smoke,1,/get-salt,0,3792,1776914644976,7002,0.874,429,0,
smoke,1,/get-salt,0,3793,1776914644977,7007,0.969,429,0,
smoke,1,/get-salt,0,3794,1776914644978,7007,0.755,429,0,
smoke,1,/get-salt,0,3795,1776914644978,7003,0.885,429,0,
smoke,1,/get-salt,0,3796,1776914644979,7007,0.745,429,0,
smoke,1,/get-salt,0,3797,1776914644983,7008,3.774,429,0,
smoke,1,/get-salt,0,3798,1776914644984,7001,1.13,429,0,
smoke,1,/get-salt,0,3799,1776914644985,7001,0.654,429,0,
smoke,1,/get-salt,0,3800,1776914644986,7002,0.902,429,0,
smoke,1,/get-salt,0,3801,1776914644987,7008,0.903,429,0,
smoke,1,/get-salt,0,3802,1776914644987,7008,0.654,429,0,
smoke,1,/get-salt,0,3803,1776914644988,7006,0.963,429,0,
smoke,1,/get-salt,0,3804,1776914644989,7006,0.75,429,0,
smoke,1,/get-salt,0,3805,1776914644990,7003,1.006,429,0,
smoke,1,/get-salt,0,3806,1776914644991,7003,0.743,429,0,
smoke,1,/get-salt,0,3807,1776914644991,7003,0.719,429,0,
smoke,1,/get-salt,0,3808,1776914644992,7002,0.83,429,0,
smoke,1,/get-salt,0,3809,1776914644993,7003,0.73,429,0,
smoke,1,/get-salt,0,3810,1776914644994,7010,0.922,429,0,
smoke,1,/get-salt,0,3811,1776914644995,7008,0.823,429,0,
smoke,1,/get-salt,0,3812,1776914644995,7010,0.684,429,0,
smoke,1,/get-salt,0,3813,1776914644996,7009,0.895,429,0,
smoke,1,/get-salt,0,3814,1776914644997,7003,0.828,429,0,
smoke,1,/get-salt,0,3815,1776914644998,7006,0.966,429,0,
smoke,1,/get-salt,0,3816,1776914644999,7010,0.785,429,0,
smoke,1,/get-salt,0,3817,1776914645000,7006,0.735,429,0,
smoke,1,/get-salt,0,3818,1776914645001,7004,1.001,429,0,
smoke,1,/get-salt,0,3819,1776914645002,7003,0.846,429,0,
smoke,1,/get-salt,0,3820,1776914645002,7001,0.957,429,0,
smoke,1,/get-salt,0,3821,1776914645003,7002,0.919,429,0,
smoke,1,/get-salt,0,3822,1776914645004,7008,0.941,429,0,
smoke,1,/get-salt,0,3823,1776914645005,7007,0.981,429,0,
smoke,1,/get-salt,0,3824,1776914645006,7007,0.752,429,0,
smoke,1,/get-salt,0,3825,1776914645007,7004,0.884,429,0,
smoke,1,/get-salt,0,3826,1776914645008,7001,0.812,429,0,
smoke,1,/get-salt,0,3827,1776914645009,7002,0.791,429,0,
smoke,1,/get-salt,0,3828,1776914645009,7005,0.911,429,0,
smoke,1,/get-salt,0,3829,1776914645010,7003,0.997,429,0,
smoke,1,/get-salt,0,3830,1776914645011,7005,0.708,429,0,
smoke,1,/get-salt,0,3831,1776914645012,7009,1.003,429,0,
smoke,1,/get-salt,0,3832,1776914645013,7006,0.935,429,0,
smoke,1,/get-salt,0,3833,1776914645014,7006,0.633,429,0,
smoke,1,/get-salt,0,3834,1776914645015,7007,0.952,429,0,
smoke,1,/get-salt,0,3835,1776914645015,7005,0.756,429,0,
smoke,1,/get-salt,0,3836,1776914645016,7008,0.941,429,0,
smoke,1,/get-salt,0,3837,1776914645017,7003,0.91,429,0,
smoke,1,/get-salt,0,3838,1776914645018,7008,0.749,429,0,
smoke,1,/get-salt,0,3839,1776914645019,7009,0.914,429,0,
smoke,1,/get-salt,0,3840,1776914645020,7001,0.994,429,0,
smoke,1,/get-salt,0,3841,1776914645021,7001,0.65,429,0,
smoke,1,/get-salt,0,3842,1776914645021,7008,0.776,429,0,
smoke,1,/get-salt,0,3843,1776914645022,7008,0.739,429,0,
smoke,1,/get-salt,0,3844,1776914645023,7006,0.893,429,0,
smoke,1,/get-salt,0,3845,1776914645024,7004,0.887,429,0,
smoke,1,/get-salt,0,3846,1776914645025,7003,0.995,429,0,
smoke,1,/get-salt,0,3847,1776914645026,7008,0.863,429,0,
smoke,1,/get-salt,0,3848,1776914645027,7004,0.871,429,0,
smoke,1,/get-salt,0,3849,1776914645028,7010,0.921,429,0,
smoke,1,/get-salt,0,3850,1776914645028,7008,0.768,429,0,
smoke,1,/get-salt,0,3851,1776914645029,7007,1.02,429,0,
smoke,1,/get-salt,0,3852,1776914645030,7006,0.987,429,0,
smoke,1,/get-salt,0,3853,1776914645031,7007,0.853,429,0,
smoke,1,/get-salt,0,3854,1776914645032,7008,0.923,429,0,
smoke,1,/get-salt,0,3855,1776914645033,7008,0.763,429,0,
smoke,1,/get-salt,0,3856,1776914645034,7003,0.992,429,0,
smoke,1,/get-salt,0,3857,1776914645035,7010,0.976,429,0,
smoke,1,/get-salt,0,3858,1776914645036,7007,0.951,429,0,
smoke,1,/get-salt,0,3859,1776914645037,7002,0.886,429,0,
smoke,1,/get-salt,0,3860,1776914645038,7004,0.975,429,0,
smoke,1,/get-salt,0,3861,1776914645039,7004,0.763,429,0,
smoke,1,/get-salt,0,3862,1776914645039,7010,0.879,429,0,
smoke,1,/get-salt,0,3863,1776914645041,7001,1.109,429,0,
smoke,1,/get-salt,0,3864,1776914645042,7005,0.992,429,0,
smoke,1,/get-salt,0,3865,1776914645043,7002,0.984,429,0,
smoke,1,/get-salt,0,3866,1776914645043,7010,0.894,429,0,
smoke,1,/get-salt,0,3867,1776914645044,7010,0.761,429,0,
smoke,1,/get-salt,0,3868,1776914645045,7003,0.998,429,0,
smoke,1,/get-salt,0,3869,1776914645046,7006,0.914,429,0,
smoke,1,/get-salt,0,3870,1776914645047,7007,0.871,429,0,
smoke,1,/get-salt,0,3871,1776914645048,7006,0.677,429,0,
smoke,1,/get-salt,0,3872,1776914645049,7005,0.986,429,0,
smoke,1,/get-salt,0,3873,1776914645050,7003,0.952,429,0,
smoke,1,/get-salt,0,3874,1776914645051,7002,1.007,429,0,
smoke,1,/get-salt,0,3875,1776914645051,7002,0.866,429,0,
smoke,1,/get-salt,0,3876,1776914645053,7008,1.062,429,0,
smoke,1,/get-salt,0,3877,1776914645053,7006,0.906,429,0,
smoke,1,/get-salt,0,3878,1776914645054,7007,0.896,429,0,
smoke,1,/get-salt,0,3879,1776914645055,7006,0.726,429,0,
smoke,1,/get-salt,0,3880,1776914645056,7004,0.889,429,0,
smoke,1,/get-salt,0,3881,1776914645057,7004,0.63,429,0,
smoke,1,/get-salt,0,3882,1776914645057,7008,0.841,429,0,
smoke,1,/get-salt,0,3883,1776914645058,7002,1.048,429,0,
smoke,1,/get-salt,0,3884,1776914645059,7006,0.974,429,0,
smoke,1,/get-salt,0,3885,1776914645060,7006,0.795,429,0,
smoke,1,/get-salt,0,3886,1776914645061,7006,0.735,429,0,
smoke,1,/get-salt,0,3887,1776914645062,7008,1.037,429,0,
smoke,1,/get-salt,0,3888,1776914645063,7007,0.939,429,0,
smoke,1,/get-salt,0,3889,1776914645064,7003,1.119,429,0,
smoke,1,/get-salt,0,3890,1776914645065,7006,0.876,429,0,
smoke,1,/get-salt,0,3891,1776914645066,7007,0.806,429,0,
smoke,1,/get-salt,0,3892,1776914645067,7004,0.93,429,0,
smoke,1,/get-salt,0,3893,1776914645068,7009,0.916,429,0,
smoke,1,/get-salt,0,3894,1776914645069,7001,1.039,429,0,
smoke,1,/get-salt,0,3895,1776914645070,7007,0.962,429,0,
smoke,1,/get-salt,0,3896,1776914645070,7007,0.759,429,0,
smoke,1,/get-salt,0,3897,1776914645071,7002,0.97,429,0,
smoke,1,/get-salt,0,3898,1776914645072,7002,0.739,429,0,
smoke,1,/get-salt,0,3899,1776914645073,7001,0.961,429,0,
smoke,1,/get-salt,0,3900,1776914645074,7005,0.971,429,0,
smoke,1,/get-salt,0,3901,1776914645075,7001,0.855,429,0,
smoke,1,/get-salt,0,3902,1776914645076,7002,0.964,429,0,
smoke,1,/get-salt,0,3903,1776914645077,7007,1.085,429,0,
smoke,1,/get-salt,0,3904,1776914645078,7001,1.203,429,0,
smoke,1,/get-salt,0,3905,1776914645079,7005,1.138,429,0,
smoke,1,/get-salt,0,3906,1776914645080,7004,1.111,429,0,
smoke,1,/get-salt,0,3907,1776914645082,7010,1.09,429,0,
smoke,1,/get-salt,0,3908,1776914645083,7001,1.097,429,0,
smoke,1,/get-salt,0,3909,1776914645084,7001,0.893,429,0,
smoke,1,/get-salt,0,3910,1776914645085,7007,1.074,429,0,
smoke,1,/get-salt,0,3911,1776914645086,7002,1.042,429,0,
smoke,1,/get-salt,0,3912,1776914645087,7006,0.981,429,0,
smoke,1,/get-salt,0,3913,1776914645087,7006,0.668,429,0,
smoke,1,/get-salt,0,3914,1776914645088,7008,0.911,429,0,
smoke,1,/get-salt,0,3915,1776914645089,7009,0.953,429,0,
smoke,1,/get-salt,0,3916,1776914645090,7005,1.13,429,0,
smoke,1,/get-salt,0,3917,1776914645091,7008,1.064,429,0,
smoke,1,/get-salt,0,3918,1776914645093,7003,1.104,429,0,
smoke,1,/get-salt,0,3919,1776914645093,7008,0.903,429,0,
smoke,1,/get-salt,0,3920,1776914645095,7007,1.087,429,0,
smoke,1,/get-salt,0,3921,1776914645096,7006,1.013,429,0,
smoke,1,/get-salt,0,3922,1776914645097,7007,0.973,429,0,
smoke,1,/get-salt,0,3923,1776914645097,7006,0.869,429,0,
smoke,1,/get-salt,0,3924,1776914645098,7005,0.939,429,0,
smoke,1,/get-salt,0,3925,1776914645099,7009,0.924,429,0,
smoke,1,/get-salt,0,3926,1776914645100,7004,1.027,429,0,
smoke,1,/get-salt,0,3927,1776914645101,7004,0.719,429,0,
smoke,1,/get-salt,0,3928,1776914645102,7008,0.926,429,0,
smoke,1,/get-salt,0,3929,1776914645103,7009,0.96,429,0,
smoke,1,/get-salt,0,3930,1776914645104,7001,1.052,429,0,
smoke,1,/get-salt,0,3931,1776914645105,7002,1.017,429,0,
smoke,1,/get-salt,0,3932,1776914645106,7005,0.972,429,0,
smoke,1,/get-salt,0,3933,1776914645107,7001,1.058,429,0,
smoke,1,/get-salt,0,3934,1776914645108,7003,0.992,429,0,
smoke,1,/get-salt,0,3935,1776914645109,7001,0.89,429,0,
smoke,1,/get-salt,0,3936,1776914645110,7005,1.085,429,0,
smoke,1,/get-salt,0,3937,1776914645111,7008,0.97,429,0,
smoke,1,/get-salt,0,3938,1776914645112,7008,0.652,429,0,
smoke,1,/get-salt,0,3939,1776914645113,7007,0.981,429,0,
smoke,1,/get-salt,0,3940,1776914645113,7008,0.752,429,0,
smoke,1,/get-salt,0,3941,1776914645114,7009,0.961,429,0,
smoke,1,/get-salt,0,3942,1776914645115,7006,0.927,429,0,
smoke,1,/get-salt,0,3943,1776914645116,7003,0.983,429,0,
smoke,1,/get-salt,0,3944,1776914645120,7004,3.819,429,0,
smoke,1,/get-salt,0,3945,1776914645121,7003,1.203,429,0,
smoke,1,/get-salt,0,3946,1776914645122,7009,0.998,429,0,
smoke,1,/get-salt,0,3947,1776914645123,7010,0.964,429,0,
smoke,1,/get-salt,0,3948,1776914645124,7006,0.928,429,0,
smoke,1,/get-salt,0,3949,1776914645125,7010,0.786,429,0,
smoke,1,/get-salt,0,3950,1776914645126,7010,0.634,429,0,
smoke,1,/get-salt,0,3951,1776914645126,7010,0.676,429,0,
smoke,1,/get-salt,0,3952,1776914645127,7002,1.042,429,0,
smoke,1,/get-salt,0,3953,1776914645128,7008,0.961,429,0,
smoke,1,/get-salt,0,3954,1776914645129,7004,0.911,429,0,
smoke,1,/get-salt,0,3955,1776914645130,7008,0.768,429,0,
smoke,1,/get-salt,0,3956,1776914645131,7005,1.015,429,0,
smoke,1,/get-salt,0,3957,1776914645132,7005,0.853,429,0,
smoke,1,/get-salt,0,3958,1776914645133,7007,1.03,429,0,
smoke,1,/get-salt,0,3959,1776914645134,7001,1.069,429,0,
smoke,1,/get-salt,0,3960,1776914645135,7007,0.914,429,0,
smoke,1,/get-salt,0,3961,1776914645136,7009,0.98,429,0,
smoke,1,/get-salt,0,3962,1776914645137,7002,1.132,429,0,
smoke,1,/get-salt,0,3963,1776914645138,7004,0.905,429,0,
smoke,1,/get-salt,0,3964,1776914645139,7004,0.656,429,0,
smoke,1,/get-salt,0,3965,1776914645140,7010,0.921,429,0,
smoke,1,/get-salt,0,3966,1776914645141,7006,0.983,429,0,
smoke,1,/get-salt,0,3967,1776914645141,7009,0.904,429,0,
smoke,1,/get-salt,0,3968,1776914645142,7005,0.965,429,0,
smoke,1,/get-salt,0,3969,1776914645143,7010,0.878,429,0,
smoke,1,/get-salt,0,3970,1776914645144,7010,0.68,429,0,
smoke,1,/get-salt,0,3971,1776914645145,7003,0.952,429,0,
smoke,1,/get-salt,0,3972,1776914645146,7009,0.832,429,0,
smoke,1,/get-salt,0,3973,1776914645147,7006,0.907,429,0,
smoke,1,/get-salt,0,3974,1776914645148,7008,0.89,429,0,
smoke,1,/get-salt,0,3975,1776914645149,7002,1.023,429,0,
smoke,1,/get-salt,0,3976,1776914645150,7007,0.979,429,0,
smoke,1,/get-salt,0,3977,1776914645151,7004,1.095,429,0,
smoke,1,/get-salt,0,3978,1776914645152,7001,1.825,429,0,
smoke,1,/get-salt,0,3979,1776914645154,7003,1.042,429,0,
smoke,1,/get-salt,0,3980,1776914645154,7001,0.859,429,0,
smoke,1,/get-salt,0,3981,1776914645155,7004,0.962,429,0,
smoke,1,/get-salt,0,3982,1776914645156,7002,0.946,429,0,
smoke,1,/get-salt,0,3983,1776914645157,7003,0.958,429,0,
smoke,1,/get-salt,0,3984,1776914645158,7010,0.957,429,0,
smoke,1,/get-salt,0,3985,1776914645159,7004,0.995,429,0,
smoke,1,/get-salt,0,3986,1776914645160,7007,1.054,429,0,
smoke,1,/get-salt,0,3987,1776914645161,7007,0.705,429,0,
smoke,1,/get-salt,0,3988,1776914645162,7002,1.015,429,0,
smoke,1,/get-salt,0,3989,1776914645163,7003,0.995,429,0,
smoke,1,/get-salt,0,3990,1776914645164,7001,0.967,429,0,
smoke,1,/get-salt,0,3991,1776914645165,7006,0.994,429,0,
smoke,1,/get-salt,0,3992,1776914645166,7008,1.045,429,0,
smoke,1,/get-salt,0,3993,1776914645167,7009,1.021,429,0,
smoke,1,/get-salt,0,3994,1776914645168,7003,0.98,429,0,
smoke,1,/get-salt,0,3995,1776914645169,7006,0.914,429,0,
smoke,1,/get-salt,0,3996,1776914645170,7003,0.823,429,0,
smoke,1,/get-salt,0,3997,1776914645171,7003,0.867,429,0,
smoke,1,/get-salt,0,3998,1776914645172,7007,0.897,429,0,
smoke,1,/get-salt,0,3999,1776914645172,7003,0.893,429,0,
smoke,1,/get-salt,0,4000,1776914645173,7004,0.942,429,0,
smoke,1,/get-salt,0,4001,1776914645174,7001,0.919,429,0,
smoke,1,/get-salt,0,4002,1776914645175,7006,0.921,429,0,
smoke,1,/get-salt,0,4003,1776914645176,7006,0.672,429,0,
smoke,1,/get-salt,0,4004,1776914645177,7003,1.018,429,0,
smoke,1,/get-salt,0,4005,1776914645178,7003,0.799,429,0,
smoke,1,/get-salt,0,4006,1776914645179,7008,1.155,429,0,
smoke,1,/get-salt,0,4007,1776914645180,7002,1.205,429,0,
smoke,1,/get-salt,0,4008,1776914645181,7001,0.982,429,0,
smoke,1,/get-salt,0,4009,1776914645182,7009,0.918,429,0,
smoke,1,/get-salt,0,4010,1776914645183,7002,0.976,429,0,
smoke,1,/get-salt,0,4011,1776914645184,7009,0.758,429,0,
smoke,1,/get-salt,0,4012,1776914645185,7002,0.839,429,0,
smoke,1,/get-salt,0,4013,1776914645186,7006,0.974,429,0,
smoke,1,/get-salt,0,4014,1776914645187,7001,1.001,429,0,
smoke,1,/get-salt,0,4015,1776914645188,7006,0.942,429,0,
smoke,1,/get-salt,0,4016,1776914645189,7009,0.975,429,0,
smoke,1,/get-salt,0,4017,1776914645190,7001,1.149,429,0,
smoke,1,/get-salt,0,4018,1776914645191,7004,1.093,429,0,
smoke,1,/get-salt,0,4019,1776914645192,7007,1.001,429,0,
smoke,1,/get-salt,0,4020,1776914645193,7007,0.925,429,0,
smoke,1,/get-salt,0,4021,1776914645194,7004,1.055,429,0,
smoke,1,/get-salt,0,4022,1776914645195,7001,1.153,429,0,
smoke,1,/get-salt,0,4023,1776914645196,7004,0.842,429,0,
smoke,1,/get-salt,0,4024,1776914645196,7004,0.67,429,0,
smoke,1,/get-salt,0,4025,1776914645197,7006,0.949,429,0,
smoke,1,/get-salt,0,4026,1776914645198,7009,0.974,429,0,
smoke,1,/get-salt,0,4027,1776914645199,7007,0.986,429,0,
smoke,1,/get-salt,0,4028,1776914645200,7003,1.058,429,0,
smoke,1,/get-salt,0,4029,1776914645201,7010,1.055,429,0,
smoke,1,/get-salt,0,4030,1776914645202,7003,0.969,429,0,
smoke,1,/get-salt,0,4031,1776914645203,7002,1.017,429,0,
smoke,1,/get-salt,0,4032,1776914645204,7005,1.007,429,0,
smoke,1,/get-salt,0,4033,1776914645205,7009,0.989,429,0,
smoke,1,/get-salt,0,4034,1776914645207,7002,1.024,429,0,
smoke,1,/get-salt,0,4035,1776914645208,7006,0.996,429,0,
smoke,1,/get-salt,0,4036,1776914645208,7006,0.743,429,0,
smoke,1,/get-salt,0,4037,1776914645209,7005,0.954,429,0,
smoke,1,/get-salt,0,4038,1776914645210,7010,1.057,429,0,
smoke,1,/get-salt,0,4039,1776914645211,7008,0.953,429,0,
smoke,1,/get-salt,0,4040,1776914645212,7008,0.613,429,0,
smoke,1,/get-salt,0,4041,1776914645213,7007,0.921,429,0,
smoke,1,/get-salt,0,4042,1776914645214,7001,0.919,429,0,
smoke,1,/get-salt,0,4043,1776914645215,7008,0.818,429,0,
smoke,1,/get-salt,0,4044,1776914645215,7002,0.956,429,0,
smoke,1,/get-salt,0,4045,1776914645217,7003,1.288,429,0,
smoke,1,/get-salt,0,4046,1776914645218,7003,0.967,429,0,
smoke,1,/get-salt,0,4047,1776914645219,7009,1.149,429,0,
smoke,1,/get-salt,0,4048,1776914645220,7005,1.049,429,0,
smoke,1,/get-salt,0,4049,1776914645221,7003,1.028,429,0,
smoke,1,/get-salt,0,4050,1776914645222,7004,1.033,429,0,
smoke,1,/get-salt,0,4051,1776914645223,7003,0.938,429,0,
smoke,1,/get-salt,0,4052,1776914645224,7007,0.889,429,0,
smoke,1,/get-salt,0,4053,1776914645225,7003,0.847,429,0,
smoke,1,/get-salt,0,4054,1776914645226,7010,0.989,429,0,
smoke,1,/get-salt,0,4055,1776914645227,7001,0.976,429,0,
smoke,1,/get-salt,0,4056,1776914645228,7008,0.9,429,0,
smoke,1,/get-salt,0,4057,1776914645229,7007,0.961,429,0,
smoke,1,/get-salt,0,4058,1776914645229,7007,0.735,429,0,
smoke,1,/get-salt,0,4059,1776914645230,7004,1.144,429,0,
smoke,1,/get-salt,0,4060,1776914645231,7006,0.965,429,0,
smoke,1,/get-salt,0,4061,1776914645232,7003,0.933,429,0,
smoke,1,/get-salt,0,4062,1776914645233,7007,0.917,429,0,
smoke,1,/get-salt,0,4063,1776914645234,7006,1.042,429,0,
smoke,1,/get-salt,0,4064,1776914645235,7005,1.107,429,0,
smoke,1,/get-salt,0,4065,1776914645236,7009,0.95,429,0,
smoke,1,/get-salt,0,4066,1776914645237,7003,1.104,429,0,
smoke,1,/get-salt,0,4067,1776914645239,7005,1.059,429,0,
smoke,1,/get-salt,0,4068,1776914645240,7004,0.98,429,0,
smoke,1,/get-salt,0,4069,1776914645241,7003,1.058,429,0,
smoke,1,/get-salt,0,4070,1776914645242,7006,1.059,429,0,
smoke,1,/get-salt,0,4071,1776914645243,7005,1.064,429,0,
smoke,1,/get-salt,0,4072,1776914645244,7009,0.964,429,0,
smoke,1,/get-salt,0,4073,1776914645244,7009,0.637,429,0,
smoke,1,/get-salt,0,4074,1776914645245,7003,1.009,429,0,
smoke,1,/get-salt,0,4075,1776914645246,7010,1.034,429,0,
smoke,1,/get-salt,0,4076,1776914645247,7003,0.924,429,0,
smoke,1,/get-salt,0,4077,1776914645248,7007,1.06,429,0,
smoke,1,/get-salt,0,4078,1776914645249,7003,0.95,429,0,
smoke,1,/get-salt,0,4079,1776914645250,7007,1.023,429,0,
smoke,1,/get-salt,0,4080,1776914645251,7008,1.047,429,0,
smoke,1,/get-salt,0,4081,1776914645252,7009,1.037,429,0,
smoke,1,/get-salt,0,4082,1776914645253,7005,0.926,429,0,
smoke,1,/get-salt,0,4083,1776914645254,7005,0.674,429,0,
smoke,1,/get-salt,0,4084,1776914645258,7007,3.626,429,0,
smoke,1,/get-salt,0,4085,1776914645259,7009,1.309,429,0,
smoke,1,/get-salt,0,4086,1776914645260,7005,1.206,429,0,
smoke,1,/get-salt,0,4087,1776914645261,7004,1.172,429,0,
smoke,1,/get-salt,0,4088,1776914645262,7005,0.951,429,0,
smoke,1,/get-salt,0,4089,1776914645263,7001,1.108,429,0,
smoke,1,/get-salt,0,4090,1776914645264,7005,0.844,429,0,
smoke,1,/get-salt,0,4091,1776914645265,7005,0.679,429,0,
smoke,1,/get-salt,0,4092,1776914645266,7010,0.911,429,0,
smoke,1,/get-salt,0,4093,1776914645267,7009,1.083,429,0,
smoke,1,/get-salt,0,4094,1776914645268,7009,0.728,429,0,
smoke,1,/get-salt,0,4095,1776914645269,7002,0.941,429,0,
smoke,1,/get-salt,0,4096,1776914645269,7010,0.763,429,0,
smoke,1,/get-salt,0,4097,1776914645271,7006,1.216,429,0,
smoke,1,/get-salt,0,4098,1776914645272,7003,1.042,429,0,
smoke,1,/get-salt,0,4099,1776914645273,7009,0.968,429,0,
smoke,1,/get-salt,0,4100,1776914645274,7004,0.99,429,0,
smoke,1,/get-salt,0,4101,1776914645275,7008,1.009,429,0,
smoke,1,/get-salt,0,4102,1776914645275,7008,0.756,429,0,
smoke,1,/get-salt,0,4103,1776914645276,7009,0.978,429,0,
smoke,1,/get-salt,0,4104,1776914645277,7008,0.9,429,0,
smoke,1,/get-salt,0,4105,1776914645278,7008,0.79,429,0,
smoke,1,/get-salt,0,4106,1776914645279,7005,1.001,429,0,
smoke,1,/get-salt,0,4107,1776914645280,7006,1.093,429,0,
smoke,1,/get-salt,0,4108,1776914645281,7004,1.072,429,0,
smoke,1,/get-salt,0,4109,1776914645282,7008,1.026,429,0,
smoke,1,/get-salt,0,4110,1776914645283,7005,0.965,429,0,
smoke,1,/get-salt,0,4111,1776914645284,7010,0.988,429,0,
smoke,1,/get-salt,0,4112,1776914645285,7006,0.929,429,0,
smoke,1,/get-salt,0,4113,1776914645286,7006,0.654,429,0,
smoke,1,/get-salt,0,4114,1776914645287,7009,0.903,429,0,
smoke,1,/get-salt,0,4115,1776914645288,7006,0.74,429,0,
smoke,1,/get-salt,0,4116,1776914645288,7005,0.953,429,0,
smoke,1,/get-salt,0,4117,1776914645289,7005,0.757,429,0,
smoke,1,/get-salt,0,4118,1776914645290,7005,0.782,429,0,
smoke,1,/get-salt,0,4119,1776914645291,7001,0.96,429,0,
smoke,1,/get-salt,0,4120,1776914645292,7009,0.973,429,0,
smoke,1,/get-salt,0,4121,1776914645293,7002,0.971,429,0,
smoke,1,/get-salt,0,4122,1776914645294,7008,1.042,429,0,
smoke,1,/get-salt,0,4123,1776914645295,7008,0.75,429,0,
smoke,1,/get-salt,0,4124,1776914645296,7009,0.94,429,0,
smoke,1,/get-salt,0,4125,1776914645296,7008,0.778,429,0,
smoke,1,/get-salt,0,4126,1776914645297,7005,0.899,429,0,
smoke,1,/get-salt,0,4127,1776914645298,7003,1.053,429,0,
smoke,1,/get-salt,0,4128,1776914645299,7004,0.991,429,0,
smoke,1,/get-salt,0,4129,1776914645300,7009,1.012,429,0,
smoke,1,/get-salt,0,4130,1776914645301,7003,0.98,429,0,
smoke,1,/get-salt,0,4131,1776914645302,7003,0.818,429,0,
smoke,1,/get-salt,0,4132,1776914645303,7008,0.981,429,0,
smoke,1,/get-salt,0,4133,1776914645304,7001,0.914,429,0,
smoke,1,/get-salt,0,4134,1776914645305,7007,1.003,429,0,
smoke,1,/get-salt,0,4135,1776914645306,7007,0.771,429,0,
smoke,1,/get-salt,0,4136,1776914645307,7002,0.966,429,0,
smoke,1,/get-salt,0,4137,1776914645308,7003,1.031,429,0,
smoke,1,/get-salt,0,4138,1776914645309,7004,0.996,429,0,
smoke,1,/get-salt,0,4139,1776914645310,7006,1.041,429,0,
smoke,1,/get-salt,0,4140,1776914645311,7002,1.096,429,0,
smoke,1,/get-salt,0,4141,1776914645312,7009,1.074,429,0,
smoke,1,/get-salt,0,4142,1776914645313,7005,1.151,429,0,
smoke,1,/get-salt,0,4143,1776914645314,7002,1.093,429,0,
smoke,1,/get-salt,0,4144,1776914645315,7009,1,429,0,
smoke,1,/get-salt,0,4145,1776914645316,7006,1.006,429,0,
smoke,1,/get-salt,0,4146,1776914645317,7007,1.017,429,0,
smoke,1,/get-salt,0,4147,1776914645318,7004,1.018,429,0,
smoke,1,/get-salt,0,4148,1776914645320,7005,1.041,429,0,
smoke,1,/get-salt,0,4149,1776914645321,7001,1.049,429,0,
smoke,1,/get-salt,0,4150,1776914645322,7004,1.045,429,0,
smoke,1,/get-salt,0,4151,1776914645323,7003,1.099,429,0,
smoke,1,/get-salt,0,4152,1776914645324,7003,0.81,429,0,
smoke,1,/get-salt,0,4153,1776914645324,7003,0.787,429,0,
smoke,1,/get-salt,0,4154,1776914645325,7004,0.953,429,0,
smoke,1,/get-salt,0,4155,1776914645326,7004,0.744,429,0,
smoke,1,/get-salt,0,4156,1776914645327,7008,0.972,429,0,
smoke,1,/get-salt,0,4157,1776914645328,7004,0.773,429,0,
smoke,1,/get-salt,0,4158,1776914645329,7005,1.028,429,0,
smoke,1,/get-salt,0,4159,1776914645330,7001,0.947,429,0,
smoke,1,/get-salt,0,4160,1776914645331,7010,1.074,429,0,
smoke,1,/get-salt,0,4161,1776914645332,7006,1.057,429,0,
smoke,1,/get-salt,0,4162,1776914645333,7004,1.013,429,0,
smoke,1,/get-salt,0,4163,1776914645334,7002,0.975,429,0,
smoke,1,/get-salt,0,4164,1776914645335,7008,1.026,429,0,
smoke,1,/get-salt,0,4165,1776914645336,7005,1.023,429,0,
smoke,1,/get-salt,0,4166,1776914645337,7008,0.852,429,0,
smoke,1,/get-salt,0,4167,1776914645338,7007,1.017,429,0,
smoke,1,/get-salt,0,4168,1776914645339,7003,1.114,429,0,
smoke,1,/get-salt,0,4169,1776914645340,7009,1.026,429,0,
smoke,1,/get-salt,0,4170,1776914645341,7003,0.936,429,0,
smoke,1,/get-salt,0,4171,1776914645342,7006,0.99,429,0,
smoke,1,/get-salt,0,4172,1776914645343,7005,1.037,429,0,
smoke,1,/get-salt,0,4173,1776914645344,7003,1.03,429,0,
smoke,1,/get-salt,0,4174,1776914645345,7009,1.068,429,0,
smoke,1,/get-salt,0,4175,1776914645346,7003,0.91,429,0,
smoke,1,/get-salt,0,4176,1776914645347,7002,1.119,429,0,
smoke,1,/get-salt,0,4177,1776914645348,7010,0.929,429,0,
smoke,1,/get-salt,0,4178,1776914645349,7006,0.93,429,0,
smoke,1,/get-salt,0,4179,1776914645350,7002,1.069,429,0,
smoke,1,/get-salt,0,4180,1776914645351,7009,0.979,429,0,
smoke,1,/get-salt,0,4181,1776914645352,7004,0.928,429,0,
smoke,1,/get-salt,0,4182,1776914645353,7010,0.877,429,0,
smoke,1,/get-salt,0,4183,1776914645353,7010,0.673,429,0,
smoke,1,/get-salt,0,4184,1776914645354,7003,0.936,429,0,
smoke,1,/get-salt,0,4185,1776914645355,7004,0.822,429,0,
smoke,1,/get-salt,0,4186,1776914645356,7003,0.74,429,0,
smoke,1,/get-salt,0,4187,1776914645358,7003,1.528,429,0,
smoke,1,/get-salt,0,4188,1776914645359,7009,0.995,429,0,
smoke,1,/get-salt,0,4189,1776914645359,7008,0.87,429,0,
smoke,1,/get-salt,0,4190,1776914645360,7009,0.868,429,0,
smoke,1,/get-salt,0,4191,1776914645361,7005,0.929,429,0,
smoke,1,/get-salt,0,4192,1776914645362,7001,0.955,429,0,
smoke,1,/get-salt,0,4193,1776914645363,7003,0.932,429,0,
smoke,1,/get-salt,0,4194,1776914645364,7004,0.868,429,0,
smoke,1,/get-salt,0,4195,1776914645365,7004,0.618,429,0,
smoke,1,/get-salt,0,4196,1776914645366,7010,1.036,429,0,
smoke,1,/get-salt,0,4197,1776914645367,7007,1.151,429,0,
smoke,1,/get-salt,0,4198,1776914645368,7008,0.986,429,0,
smoke,1,/get-salt,0,4199,1776914645369,7003,1.155,429,0,
smoke,1,/get-salt,0,4200,1776914645370,7004,1.189,429,0,
smoke,1,/get-salt,0,4201,1776914645371,7009,1.103,429,0,
smoke,1,/get-salt,0,4202,1776914645372,7007,0.989,429,0,
smoke,1,/get-salt,0,4203,1776914645373,7003,1.036,429,0,
smoke,1,/get-salt,0,4204,1776914645374,7004,0.973,429,0,
smoke,1,/get-salt,0,4205,1776914645375,7004,0.753,429,0,
smoke,1,/get-salt,0,4206,1776914645376,7005,1.002,429,0,
smoke,1,/get-salt,0,4207,1776914645377,7006,0.994,429,0,
smoke,1,/get-salt,0,4208,1776914645378,7005,0.991,429,0,
smoke,1,/get-salt,0,4209,1776914645379,7002,1.001,429,0,
smoke,1,/get-salt,0,4210,1776914645380,7009,1.038,429,0,
smoke,1,/get-salt,0,4211,1776914645381,7007,1.019,429,0,
smoke,1,/get-salt,0,4212,1776914645382,7002,0.997,429,0,
smoke,1,/get-salt,0,4213,1776914645383,7006,0.906,429,0,
smoke,1,/get-salt,0,4214,1776914645384,7006,0.8,429,0,
smoke,1,/get-salt,0,4215,1776914645385,7003,1.038,429,0,
smoke,1,/get-salt,0,4216,1776914645386,7010,1.015,429,0,
smoke,1,/get-salt,0,4217,1776914645387,7009,0.932,429,0,
smoke,1,/get-salt,0,4218,1776914645388,7008,0.987,429,0,
smoke,1,/get-salt,0,4219,1776914645389,7006,0.937,429,0,
smoke,1,/get-salt,0,4220,1776914645390,7010,0.861,429,0,
smoke,1,/get-salt,0,4221,1776914645390,7006,0.864,429,0,
smoke,1,/get-salt,0,4222,1776914645391,7003,0.993,429,0,
smoke,1,/get-salt,0,4223,1776914645392,7009,0.971,429,0,
smoke,1,/get-salt,0,4224,1776914645393,7008,1.016,429,0,
smoke,1,/get-salt,0,4225,1776914645394,7002,1.046,429,0,
smoke,1,/get-salt,0,4226,1776914645395,7004,0.981,429,0,
smoke,1,/get-salt,0,4227,1776914645396,7008,0.89,429,0,
smoke,1,/get-salt,0,4228,1776914645397,7002,0.807,429,0,
smoke,1,/get-salt,0,4229,1776914645398,7001,0.986,429,0,
smoke,1,/get-salt,0,4230,1776914645399,7006,0.94,429,0,
smoke,1,/get-salt,0,4231,1776914645400,7001,0.833,429,0,
smoke,1,/get-salt,0,4232,1776914645401,7007,0.887,429,0,
smoke,1,/get-salt,0,4233,1776914645405,7007,3.817,429,0,
smoke,1,/get-salt,0,4234,1776914645406,7003,1.25,429,0,
smoke,1,/get-salt,0,4235,1776914645407,7004,1.009,429,0,
smoke,1,/get-salt,0,4236,1776914645408,7005,0.977,429,0,
smoke,1,/get-salt,0,4237,1776914645409,7004,0.753,429,0,
smoke,1,/get-salt,0,4238,1776914645410,7003,0.885,429,0,
smoke,1,/get-salt,0,4239,1776914645411,7001,0.988,429,0,
smoke,1,/get-salt,0,4240,1776914645411,7009,0.929,429,0,
smoke,1,/get-salt,0,4241,1776914645412,7010,0.897,429,0,
smoke,1,/get-salt,0,4242,1776914645413,7004,0.996,429,0,
smoke,1,/get-salt,0,4243,1776914645414,7009,0.919,429,0,
smoke,1,/get-salt,0,4244,1776914645415,7001,0.99,429,0,
smoke,1,/get-salt,0,4245,1776914645416,7005,0.992,429,0,
smoke,1,/get-salt,0,4246,1776914645417,7003,0.993,429,0,
smoke,1,/get-salt,0,4247,1776914645418,7002,0.987,429,0,
smoke,1,/get-salt,0,4248,1776914645419,7003,0.761,429,0,
smoke,1,/get-salt,0,4249,1776914645420,7006,1.004,429,0,
smoke,1,/get-salt,0,4250,1776914645421,7002,0.797,429,0,
smoke,1,/get-salt,0,4251,1776914645422,7002,0.692,429,0,
smoke,1,/get-salt,0,4252,1776914645422,7003,0.872,429,0,
smoke,1,/get-salt,0,4253,1776914645423,7005,1.014,429,0,
smoke,1,/get-salt,0,4254,1776914645424,7004,1.005,429,0,
smoke,1,/get-salt,0,4255,1776914645425,7006,0.903,429,0,
smoke,1,/get-salt,0,4256,1776914645426,7001,1.001,429,0,
smoke,1,/get-salt,0,4257,1776914645427,7003,0.979,429,0,
smoke,1,/get-salt,0,4258,1776914645428,7002,0.971,429,0,
smoke,1,/get-salt,0,4259,1776914645429,7006,0.839,429,0,
smoke,1,/get-salt,0,4260,1776914645430,7007,0.983,429,0,
smoke,1,/get-salt,0,4261,1776914645431,7005,1.03,429,0,
smoke,1,/get-salt,0,4262,1776914645432,7004,1.001,429,0,
smoke,1,/get-salt,0,4263,1776914645433,7001,0.992,429,0,
smoke,1,/get-salt,0,4264,1776914645434,7001,0.777,429,0,
smoke,1,/get-salt,0,4265,1776914645435,7004,0.81,429,0,
smoke,1,/get-salt,0,4266,1776914645436,7006,0.96,429,0,
smoke,1,/get-salt,0,4267,1776914645437,7010,0.986,429,0,
smoke,1,/get-salt,0,4268,1776914645438,7009,0.974,429,0,
smoke,1,/get-salt,0,4269,1776914645439,7002,0.957,429,0,
smoke,1,/get-salt,0,4270,1776914645440,7004,0.973,429,0,
smoke,1,/get-salt,0,4271,1776914645441,7009,0.908,429,0,
smoke,1,/get-salt,0,4272,1776914645441,7009,0.77,429,0,
smoke,1,/get-salt,0,4273,1776914645442,7004,0.885,429,0,
smoke,1,/get-salt,0,4274,1776914645443,7008,1.008,429,0,
smoke,1,/get-salt,0,4275,1776914645444,7009,0.839,429,0,
smoke,1,/get-salt,0,4276,1776914645445,7009,0.725,429,0,
smoke,1,/get-salt,0,4277,1776914645446,7010,0.892,429,0,
smoke,1,/get-salt,0,4278,1776914645447,7004,0.924,429,0,
smoke,1,/get-salt,0,4279,1776914645448,7002,0.977,429,0,
smoke,1,/get-salt,0,4280,1776914645449,7006,1.01,429,0,
smoke,1,/get-salt,0,4281,1776914645450,7001,1.007,429,0,
smoke,1,/get-salt,0,4282,1776914645451,7003,1.148,429,0,
smoke,1,/get-salt,0,4283,1776914645452,7008,1.046,429,0,
smoke,1,/get-salt,0,4284,1776914645453,7009,1,429,0,
smoke,1,/get-salt,0,4285,1776914645454,7010,0.958,429,0,
smoke,1,/get-salt,0,4286,1776914645455,7002,1.221,429,0,
smoke,1,/get-salt,0,4287,1776914645456,7002,0.758,429,0,
smoke,1,/get-salt,0,4288,1776914645457,7009,1.045,429,0,
smoke,1,/get-salt,0,4289,1776914645458,7005,1.035,429,0,
smoke,1,/get-salt,0,4290,1776914645459,7008,1.093,429,0,
smoke,1,/get-salt,0,4291,1776914645460,7001,1.086,429,0,
smoke,1,/get-salt,0,4292,1776914645461,7001,0.689,429,0,
smoke,1,/get-salt,0,4293,1776914645462,7007,0.902,429,0,
smoke,1,/get-salt,0,4294,1776914645463,7006,0.959,429,0,
smoke,1,/get-salt,0,4295,1776914645464,7002,0.964,429,0,
smoke,1,/get-salt,0,4296,1776914645464,7006,0.746,429,0,
smoke,1,/get-salt,0,4297,1776914645465,7008,0.982,429,0,
smoke,1,/get-salt,0,4298,1776914645466,7010,1.046,429,0,
smoke,1,/get-salt,0,4299,1776914645467,7008,0.899,429,0,
smoke,1,/get-salt,0,4300,1776914645468,7010,0.836,429,0,
smoke,1,/get-salt,0,4301,1776914645469,7004,0.985,429,0,
smoke,1,/get-salt,0,4302,1776914645470,7007,0.94,429,0,
smoke,1,/get-salt,0,4303,1776914645471,7003,1.077,429,0,
smoke,1,/get-salt,0,4304,1776914645472,7005,0.971,429,0,
smoke,1,/get-salt,0,4305,1776914645473,7002,0.897,429,0,
smoke,1,/get-salt,0,4306,1776914645474,7002,0.666,429,0,
smoke,1,/get-salt,0,4307,1776914645475,7004,1.039,429,0,
smoke,1,/get-salt,0,4308,1776914645476,7008,1.006,429,0,
smoke,1,/get-salt,0,4309,1776914645477,7005,1.203,429,0,
smoke,1,/get-salt,0,4310,1776914645478,7003,1.055,429,0,
smoke,1,/get-salt,0,4311,1776914645479,7004,1.021,429,0,
smoke,1,/get-salt,0,4312,1776914645480,7008,1.028,429,0,
smoke,1,/get-salt,0,4313,1776914645481,7003,0.982,429,0,
smoke,1,/get-salt,0,4314,1776914645482,7003,0.763,429,0,
smoke,1,/get-salt,0,4315,1776914645483,7004,1.104,429,0,
smoke,1,/get-salt,0,4316,1776914645484,7009,1.1,429,0,
smoke,1,/get-salt,0,4317,1776914645485,7004,0.968,429,0,
smoke,1,/get-salt,0,4318,1776914645486,7003,1.016,429,0,
smoke,1,/get-salt,0,4319,1776914645487,7008,0.989,429,0,
smoke,1,/get-salt,0,4320,1776914645488,7004,0.957,429,0,
smoke,1,/get-salt,0,4321,1776914645489,7005,0.948,429,0,
smoke,1,/get-salt,0,4322,1776914645490,7008,0.986,429,0,
smoke,1,/get-salt,0,4323,1776914645491,7006,1.037,429,0,
smoke,1,/get-salt,0,4324,1776914645492,7006,0.788,429,0,
smoke,1,/get-salt,0,4325,1776914645492,7006,0.772,429,0,
smoke,1,/get-salt,0,4326,1776914645493,7010,0.965,429,0,
smoke,1,/get-salt,0,4327,1776914645494,7001,1.018,429,0,
smoke,1,/get-salt,0,4328,1776914645495,7008,0.974,429,0,
smoke,1,/get-salt,0,4329,1776914645496,7009,0.906,429,0,
smoke,1,/get-salt,0,4330,1776914645497,7009,0.816,429,0,
smoke,1,/get-salt,0,4331,1776914645498,7008,0.866,429,0,
smoke,1,/get-salt,0,4332,1776914645499,7010,1.223,429,0,
smoke,1,/get-salt,0,4333,1776914645500,7004,1.125,429,0,
smoke,1,/get-salt,0,4334,1776914645501,7003,1.053,429,0,
smoke,1,/get-salt,0,4335,1776914645502,7001,0.988,429,0,
smoke,1,/get-salt,0,4336,1776914645503,7001,0.878,429,0,
smoke,1,/get-salt,0,4337,1776914645504,7003,1.014,429,0,
smoke,1,/get-salt,0,4338,1776914645505,7005,1.051,429,0,
smoke,1,/get-salt,0,4339,1776914645506,7006,0.974,429,0,
smoke,1,/get-salt,0,4340,1776914645507,7005,0.825,429,0,
smoke,1,/get-salt,0,4341,1776914645508,7010,0.998,429,0,
smoke,1,/get-salt,0,4342,1776914645509,7010,0.692,429,0,
smoke,1,/get-salt,0,4343,1776914645510,7007,1.036,429,0,
smoke,1,/get-salt,0,4344,1776914645511,7004,1.109,429,0,
smoke,1,/get-salt,0,4345,1776914645512,7007,0.925,429,0,
smoke,1,/get-salt,0,4346,1776914645513,7006,0.957,429,0,
smoke,1,/get-salt,0,4347,1776914645514,7009,1.066,429,0,
smoke,1,/get-salt,0,4348,1776914645515,7004,1.012,429,0,
smoke,1,/get-salt,0,4349,1776914645516,7005,1.064,429,0,
smoke,1,/get-salt,0,4350,1776914645517,7005,0.882,429,0,
smoke,1,/get-salt,0,4351,1776914645518,7008,1.063,429,0,
smoke,1,/get-salt,0,4352,1776914645519,7010,1.052,429,0,
smoke,1,/get-salt,0,4353,1776914645520,7010,0.833,429,0,
smoke,1,/get-salt,0,4354,1776914645521,7004,1.058,429,0,
smoke,1,/get-salt,0,4355,1776914645522,7004,0.705,429,0,
smoke,1,/get-salt,0,4356,1776914645523,7007,1.018,429,0,
smoke,1,/get-salt,0,4357,1776914645524,7005,0.989,429,0,
smoke,1,/get-salt,0,4358,1776914645525,7009,0.928,429,0,
smoke,1,/get-salt,0,4359,1776914645526,7007,0.926,429,0,
smoke,1,/get-salt,0,4360,1776914645527,7010,0.967,429,0,
smoke,1,/get-salt,0,4361,1776914645528,7006,1.024,429,0,
smoke,1,/get-salt,0,4362,1776914645529,7007,0.998,429,0,
smoke,1,/get-salt,0,4363,1776914645530,7001,1.076,429,0,
smoke,1,/get-salt,0,4364,1776914645531,7006,1.03,429,0,
smoke,1,/get-salt,0,4365,1776914645532,7007,0.932,429,0,
smoke,1,/get-salt,0,4366,1776914645533,7010,0.868,429,0,
smoke,1,/get-salt,0,4367,1776914645533,7005,0.915,429,0,
smoke,1,/get-salt,0,4368,1776914645534,7009,0.93,429,0,
smoke,1,/get-salt,0,4369,1776914645535,7009,0.651,429,0,
smoke,1,/get-salt,0,4370,1776914645536,7008,0.87,429,0,
smoke,1,/get-salt,0,4371,1776914645537,7008,0.636,429,0,
smoke,1,/get-salt,0,4372,1776914645538,7002,1.044,429,0,
smoke,1,/get-salt,0,4373,1776914645539,7007,1.045,429,0,
smoke,1,/get-salt,0,4374,1776914645540,7001,1.05,429,0,
smoke,1,/get-salt,0,4375,1776914645541,7003,1.109,429,0,
smoke,1,/get-salt,0,4376,1776914645542,7008,0.873,429,0,
smoke,1,/get-salt,0,4377,1776914645542,7003,0.765,429,0,
smoke,1,/get-salt,0,4378,1776914645543,7010,0.899,429,0,
smoke,1,/get-salt,0,4379,1776914645544,7005,0.923,429,0,
smoke,1,/get-salt,0,4380,1776914645549,7001,5.181,429,0,
smoke,1,/get-salt,0,4381,1776914645551,7003,1.785,429,0,
smoke,1,/get-salt,0,4382,1776914645553,7002,1.677,429,0,
smoke,1,/get-salt,0,4383,1776914645557,7007,4.317,429,0,
smoke,1,/get-salt,0,4384,1776914645559,7004,1.315,429,0,
smoke,1,/get-salt,0,4385,1776914645560,7002,1.209,429,0,
smoke,1,/get-salt,0,4386,1776914645561,7005,1.122,429,0,
smoke,1,/get-salt,0,4387,1776914645562,7005,0.851,429,0,
smoke,1,/get-salt,0,4388,1776914645563,7006,1.224,429,0,
smoke,1,/get-salt,0,4389,1776914645564,7008,1.076,429,0,
smoke,1,/get-salt,0,4390,1776914645565,7005,1.01,429,0,
smoke,1,/get-salt,0,4391,1776914645566,7003,0.976,429,0,
smoke,1,/get-salt,0,4392,1776914645567,7001,0.965,429,0,
smoke,1,/get-salt,0,4393,1776914645568,7010,1.092,429,0,
smoke,1,/get-salt,0,4394,1776914645569,7004,1.053,429,0,
smoke,1,/get-salt,0,4395,1776914645570,7006,1.113,429,0,
smoke,1,/get-salt,0,4396,1776914645571,7007,1.01,429,0,
smoke,1,/get-salt,0,4397,1776914645572,7007,0.746,429,0,
smoke,1,/get-salt,0,4398,1776914645573,7005,1.05,429,0,
smoke,1,/get-salt,0,4399,1776914645574,7003,1.025,429,0,
smoke,1,/get-salt,0,4400,1776914645575,7001,1.071,429,0,
smoke,1,/get-salt,0,4401,1776914645576,7008,1.003,429,0,
smoke,1,/get-salt,0,4402,1776914645577,7001,0.926,429,0,
smoke,1,/get-salt,0,4403,1776914645578,7001,0.849,429,0,
smoke,1,/get-salt,0,4404,1776914645579,7002,0.945,429,0,
smoke,1,/get-salt,0,4405,1776914645580,7005,0.962,429,0,
smoke,1,/get-salt,0,4406,1776914645581,7009,0.881,429,0,
smoke,1,/get-salt,0,4407,1776914645582,7001,0.953,429,0,
smoke,1,/get-salt,0,4408,1776914645583,7001,0.801,429,0,
smoke,1,/get-salt,0,4409,1776914645583,7004,0.886,429,0,
smoke,1,/get-salt,0,4410,1776914645585,7006,1.026,429,0,
smoke,1,/get-salt,0,4411,1776914645586,7008,0.993,429,0,
smoke,1,/get-salt,0,4412,1776914645586,7006,0.818,429,0,
smoke,1,/get-salt,0,4413,1776914645587,7008,0.774,429,0,
smoke,1,/get-salt,0,4414,1776914645588,7002,0.935,429,0,
smoke,1,/get-salt,0,4415,1776914645589,7010,0.962,429,0,
smoke,1,/get-salt,0,4416,1776914645590,7006,0.934,429,0,
smoke,1,/get-salt,0,4417,1776914645591,7005,1.017,429,0,
smoke,1,/get-salt,0,4418,1776914645592,7003,0.967,429,0,
smoke,1,/get-salt,0,4419,1776914645593,7009,0.959,429,0,
smoke,1,/get-salt,0,4420,1776914645594,7002,1.044,429,0,
smoke,1,/get-salt,0,4421,1776914645595,7006,0.84,429,0,
smoke,1,/get-salt,0,4422,1776914645595,7006,0.651,429,0,
smoke,1,/get-salt,0,4423,1776914645596,7006,0.618,429,0,
smoke,1,/get-salt,0,4424,1776914645597,7008,0.851,429,0,
smoke,1,/get-salt,0,4425,1776914645598,7007,0.953,429,0,
smoke,1,/get-salt,0,4426,1776914645599,7003,0.945,429,0,
smoke,1,/get-salt,0,4427,1776914645600,7008,0.735,429,0,
smoke,1,/get-salt,0,4428,1776914645600,7008,0.77,429,0,
smoke,1,/get-salt,0,4429,1776914645601,7006,0.923,429,0,
smoke,1,/get-salt,0,4430,1776914645602,7004,1.07,429,0,
smoke,1,/get-salt,0,4431,1776914645603,7003,0.971,429,0,
smoke,1,/get-salt,0,4432,1776914645604,7006,0.822,429,0,
smoke,1,/get-salt,0,4433,1776914645605,7003,0.807,429,0,
smoke,1,/get-salt,0,4434,1776914645606,7009,1.022,429,0,
smoke,1,/get-salt,0,4435,1776914645607,7003,0.744,429,0,
smoke,1,/get-salt,0,4436,1776914645608,7008,0.849,429,0,
smoke,1,/get-salt,0,4437,1776914645608,7007,0.865,429,0,
smoke,1,/get-salt,0,4438,1776914645609,7001,1.009,429,0,
smoke,1,/get-salt,0,4439,1776914645611,7005,1.079,429,0,
smoke,1,/get-salt,0,4440,1776914645612,7007,1.032,429,0,
smoke,1,/get-salt,0,4441,1776914645613,7008,1.002,429,0,
smoke,1,/get-salt,0,4442,1776914645614,7005,0.969,429,0,
smoke,1,/get-salt,0,4443,1776914645614,7004,0.94,429,0,
smoke,1,/get-salt,0,4444,1776914645615,7007,0.923,429,0,
smoke,1,/get-salt,0,4445,1776914645616,7001,1.044,429,0,
smoke,1,/get-salt,0,4446,1776914645617,7001,0.842,429,0,
smoke,1,/get-salt,0,4447,1776914645618,7006,1.095,429,0,
smoke,1,/get-salt,0,4448,1776914645619,7008,0.95,429,0,
smoke,1,/get-salt,0,4449,1776914645620,7008,0.81,429,0,
smoke,1,/get-salt,0,4450,1776914645621,7005,0.965,429,0,
smoke,1,/get-salt,0,4451,1776914645622,7001,1.011,429,0,
smoke,1,/get-salt,0,4452,1776914645623,7009,1.121,429,0,
smoke,1,/get-salt,0,4453,1776914645624,7006,1.041,429,0,
smoke,1,/get-salt,0,4454,1776914645625,7004,0.998,429,0,
smoke,1,/get-salt,0,4455,1776914645626,7006,0.974,429,0,
smoke,1,/get-salt,0,4456,1776914645627,7007,1.009,429,0,
smoke,1,/get-salt,0,4457,1776914645628,7004,1.002,429,0,
smoke,1,/get-salt,0,4458,1776914645629,7001,0.982,429,0,
smoke,1,/get-salt,0,4459,1776914645630,7009,1.103,429,0,
smoke,1,/get-salt,0,4460,1776914645631,7006,0.998,429,0,
smoke,1,/get-salt,0,4461,1776914645632,7005,0.976,429,0,
smoke,1,/get-salt,0,4462,1776914645633,7002,1.008,429,0,
smoke,1,/get-salt,0,4463,1776914645634,7010,1.007,429,0,
smoke,1,/get-salt,0,4464,1776914645635,7005,0.888,429,0,
smoke,1,/get-salt,0,4465,1776914645636,7007,0.999,429,0,
smoke,1,/get-salt,0,4466,1776914645637,7006,0.858,429,0,
smoke,1,/get-salt,0,4467,1776914645638,7006,0.612,429,0,
smoke,1,/get-salt,0,4468,1776914645639,7002,0.923,429,0,
smoke,1,/get-salt,0,4469,1776914645640,7009,0.945,429,0,
smoke,1,/get-salt,0,4470,1776914645641,7006,0.852,429,0,
smoke,1,/get-salt,0,4471,1776914645641,7004,0.947,429,0,
smoke,1,/get-salt,0,4472,1776914645642,7005,0.965,429,0,
smoke,1,/get-salt,0,4473,1776914645643,7006,0.693,429,0,
smoke,1,/get-salt,0,4474,1776914645644,7010,0.958,429,0,
smoke,1,/get-salt,0,4475,1776914645645,7008,0.872,429,0,
smoke,1,/get-salt,0,4476,1776914645646,7007,0.982,429,0,
smoke,1,/get-salt,0,4477,1776914645647,7008,0.674,429,0,
smoke,1,/get-salt,0,4478,1776914645648,7003,0.968,429,0,
smoke,1,/get-salt,0,4479,1776914645649,7002,1.123,429,0,
smoke,1,/get-salt,0,4480,1776914645650,7010,1.187,429,0,
smoke,1,/get-salt,0,4481,1776914645651,7002,0.953,429,0,
smoke,1,/get-salt,0,4482,1776914645652,7003,0.929,429,0,
smoke,1,/get-salt,0,4483,1776914645653,7001,0.93,429,0,
smoke,1,/get-salt,0,4484,1776914645653,7003,0.687,429,0,
smoke,1,/get-salt,0,4485,1776914645654,7010,0.881,429,0,
smoke,1,/get-salt,0,4486,1776914645655,7010,0.661,429,0,
smoke,1,/get-salt,0,4487,1776914645656,7004,0.983,429,0,
smoke,1,/get-salt,0,4488,1776914645657,7004,0.726,429,0,
smoke,1,/get-salt,0,4489,1776914645658,7003,0.823,429,0,
smoke,1,/get-salt,0,4490,1776914645658,7001,0.902,429,0,
smoke,1,/get-salt,0,4491,1776914645659,7002,0.969,429,0,
smoke,1,/get-salt,0,4492,1776914645661,7003,1.204,429,0,
smoke,1,/get-salt,0,4493,1776914645662,7005,0.94,429,0,
smoke,1,/get-salt,0,4494,1776914645662,7006,0.914,429,0,
smoke,1,/get-salt,0,4495,1776914645663,7005,0.756,429,0,
smoke,1,/get-salt,0,4496,1776914645664,7007,1.047,429,0,
smoke,1,/get-salt,0,4497,1776914645665,7002,0.975,429,0,
smoke,1,/get-salt,0,4498,1776914645666,7008,1.099,429,0,
smoke,1,/get-salt,0,4499,1776914645667,7004,1.005,429,0,
smoke,1,/get-salt,0,4500,1776914645669,7006,1.2,429,0,
smoke,1,/get-salt,0,4501,1776914645670,7002,1.171,429,0,
smoke,1,/get-salt,0,4502,1776914645671,7009,1.083,429,0,
smoke,1,/get-salt,0,4503,1776914645672,7003,1.074,429,0,
smoke,1,/get-salt,0,4504,1776914645673,7008,0.88,429,0,
smoke,1,/get-salt,0,4505,1776914645674,7007,0.917,429,0,
smoke,1,/get-salt,0,4506,1776914645675,7008,0.759,429,0,
smoke,1,/get-salt,0,4507,1776914645675,7006,0.944,429,0,
smoke,1,/get-salt,0,4508,1776914645676,7003,0.949,429,0,
smoke,1,/get-salt,0,4509,1776914645677,7007,0.826,429,0,
smoke,1,/get-salt,0,4510,1776914645678,7004,0.919,429,0,
smoke,1,/get-salt,0,4511,1776914645679,7004,0.651,429,0,
smoke,1,/get-salt,0,4512,1776914645680,7001,0.979,429,0,
smoke,1,/get-salt,0,4513,1776914645681,7006,0.991,429,0,
smoke,1,/get-salt,0,4514,1776914645682,7003,0.986,429,0,
smoke,1,/get-salt,0,4515,1776914645683,7007,0.964,429,0,
smoke,1,/get-salt,0,4516,1776914645684,7005,1.014,429,0,
smoke,1,/get-salt,0,4517,1776914645685,7010,0.976,429,0,
smoke,1,/get-salt,0,4518,1776914645686,7003,0.895,429,0,
smoke,1,/get-salt,0,4519,1776914645686,7010,0.776,429,0,
smoke,1,/get-salt,0,4520,1776914645687,7010,0.741,429,0,
smoke,1,/get-salt,0,4521,1776914645688,7007,0.931,429,0,
smoke,1,/get-salt,0,4522,1776914645689,7004,0.946,429,0,
smoke,1,/get-salt,0,4523,1776914645690,7006,0.976,429,0,
smoke,1,/get-salt,0,4524,1776914645691,7004,0.761,429,0,
smoke,1,/get-salt,0,4525,1776914645692,7002,0.975,429,0,
smoke,1,/get-salt,0,4526,1776914645693,7003,0.92,429,0,
smoke,1,/get-salt,0,4527,1776914645694,7008,0.955,429,0,
smoke,1,/get-salt,0,4528,1776914645695,7005,0.982,429,0,
smoke,1,/get-salt,0,4529,1776914645695,7008,0.769,429,0,
smoke,1,/get-salt,0,4530,1776914645696,7002,0.922,429,0,
smoke,1,/get-salt,0,4531,1776914645697,7001,0.951,429,0,
smoke,1,/get-salt,0,4532,1776914645698,7002,0.731,429,0,
smoke,1,/get-salt,0,4533,1776914645699,7005,0.924,429,0,
smoke,1,/get-salt,0,4534,1776914645700,7003,1.001,429,0,
smoke,1,/get-salt,0,4535,1776914645701,7004,0.974,429,0,
smoke,1,/get-salt,0,4536,1776914645702,7009,0.982,429,0,
smoke,1,/get-salt,0,4537,1776914645703,7004,0.775,429,0,
smoke,1,/get-salt,0,4538,1776914645704,7010,0.919,429,0,
smoke,1,/get-salt,0,4539,1776914645705,7008,1.002,429,0,
smoke,1,/get-salt,0,4540,1776914645705,7010,0.783,429,0,
smoke,1,/get-salt,0,4541,1776914645706,7007,1.072,429,0,
smoke,1,/get-salt,0,4542,1776914645707,7003,0.977,429,0,
smoke,1,/get-salt,0,4543,1776914645708,7002,0.989,429,0,
smoke,1,/get-salt,0,4544,1776914645709,7003,0.84,429,0,
smoke,1,/get-salt,0,4545,1776914645710,7002,0.85,429,0,
smoke,1,/get-salt,0,4546,1776914645711,7003,0.869,429,0,
smoke,1,/get-salt,0,4547,1776914645712,7008,0.974,429,0,
smoke,1,/get-salt,0,4548,1776914645713,7003,0.9,429,0,
smoke,1,/get-salt,0,4549,1776914645714,7006,0.929,429,0,
smoke,1,/get-salt,0,4550,1776914645715,7006,0.757,429,0,
smoke,1,/get-salt,0,4551,1776914645715,7006,0.73,429,0,
smoke,1,/get-salt,0,4552,1776914645716,7008,0.974,429,0,
smoke,1,/get-salt,0,4553,1776914645717,7009,1.042,429,0,
smoke,1,/get-salt,0,4554,1776914645718,7003,1.128,429,0,
smoke,1,/get-salt,0,4555,1776914645720,7005,1.01,429,0,
smoke,1,/get-salt,0,4556,1776914645721,7004,1.035,429,0,
smoke,1,/get-salt,0,4557,1776914645722,7009,1.004,429,0,
smoke,1,/get-salt,0,4558,1776914645723,7008,0.96,429,0,
smoke,1,/get-salt,0,4559,1776914645724,7003,1.066,429,0,
smoke,1,/get-salt,0,4560,1776914645725,7002,0.968,429,0,
smoke,1,/get-salt,0,4561,1776914645726,7001,0.975,429,0,
smoke,1,/get-salt,0,4562,1776914645727,7009,1.056,429,0,
smoke,1,/get-salt,0,4563,1776914645728,7010,1.037,429,0,
smoke,1,/get-salt,0,4564,1776914645729,7007,0.935,429,0,
smoke,1,/get-salt,0,4565,1776914645730,7004,0.995,429,0,
smoke,1,/get-salt,0,4566,1776914645731,7007,0.993,429,0,
smoke,1,/get-salt,0,4567,1776914645732,7009,1.013,429,0,
smoke,1,/get-salt,0,4568,1776914645733,7010,0.942,429,0,
smoke,1,/get-salt,0,4569,1776914645734,7007,0.984,429,0,
smoke,1,/get-salt,0,4570,1776914645734,7007,0.821,429,0,
smoke,1,/get-salt,0,4571,1776914645735,7009,0.966,429,0,
smoke,1,/get-salt,0,4572,1776914645736,7001,0.969,429,0,
smoke,1,/get-salt,0,4573,1776914645737,7010,0.921,429,0,
smoke,1,/get-salt,0,4574,1776914645740,7006,3.188,429,0,
smoke,1,/get-salt,0,4575,1776914645742,7002,1.231,429,0,
smoke,1,/get-salt,0,4576,1776914645743,7001,0.985,429,0,
smoke,1,/get-salt,0,4577,1776914645743,7001,0.711,429,0,
smoke,1,/get-salt,0,4578,1776914645744,7007,0.942,429,0,
smoke,1,/get-salt,0,4579,1776914645745,7006,0.95,429,0,
smoke,1,/get-salt,0,4580,1776914645746,7001,0.793,429,0,
smoke,1,/get-salt,0,4581,1776914645747,7002,0.994,429,0,
smoke,1,/get-salt,0,4582,1776914645748,7003,1.02,429,0,
smoke,1,/get-salt,0,4583,1776914645749,7001,0.903,429,0,
smoke,1,/get-salt,0,4584,1776914645750,7004,1.124,429,0,
smoke,1,/get-salt,0,4585,1776914645751,7008,1.047,429,0,
smoke,1,/get-salt,0,4586,1776914645752,7002,0.969,429,0,
smoke,1,/get-salt,0,4587,1776914645753,7010,0.911,429,0,
smoke,1,/get-salt,0,4588,1776914645754,7008,0.718,429,0,
smoke,1,/get-salt,0,4589,1776914645755,7003,0.939,429,0,
smoke,1,/get-salt,0,4590,1776914645755,7008,0.651,429,0,
smoke,1,/get-salt,0,4591,1776914645756,7007,0.862,429,0,
smoke,1,/get-salt,0,4592,1776914645757,7007,0.608,429,0,
smoke,1,/get-salt,0,4593,1776914645757,7007,0.636,429,0,
smoke,1,/get-salt,0,4594,1776914645758,7004,1.023,429,0,
smoke,1,/get-salt,0,4595,1776914645759,7001,0.953,429,0,
smoke,1,/get-salt,0,4596,1776914645760,7010,0.971,429,0,
smoke,1,/get-salt,0,4597,1776914645761,7004,0.768,429,0,
smoke,1,/get-salt,0,4598,1776914645762,7006,0.903,429,0,
smoke,1,/get-salt,0,4599,1776914645763,7006,0.674,429,0,
smoke,1,/get-salt,0,4600,1776914645764,7005,0.9,429,0,
smoke,1,/get-salt,0,4601,1776914645765,7001,0.844,429,0,
smoke,1,/get-salt,0,4602,1776914645765,7002,0.888,429,0,
smoke,1,/get-salt,0,4603,1776914645766,7006,0.753,429,0,
smoke,1,/get-salt,0,4604,1776914645767,7002,0.653,429,0,
smoke,1,/get-salt,0,4605,1776914645768,7005,0.753,429,0,
smoke,1,/get-salt,0,4606,1776914645768,7010,0.908,429,0,
smoke,1,/get-salt,0,4607,1776914645769,7008,0.976,429,0,
smoke,1,/get-salt,0,4608,1776914645770,7005,0.907,429,0,
smoke,1,/get-salt,0,4609,1776914645771,7002,0.932,429,0,
smoke,1,/get-salt,0,4610,1776914645772,7002,0.651,429,0,
smoke,1,/get-salt,0,4611,1776914645773,7002,0.592,429,0,
smoke,1,/get-salt,0,4612,1776914645773,7002,0.602,429,0,
smoke,1,/get-salt,0,4613,1776914645774,7009,0.953,429,0,
smoke,1,/get-salt,0,4614,1776914645775,7005,0.824,429,0,
smoke,1,/get-salt,0,4615,1776914645776,7007,0.867,429,0,
smoke,1,/get-salt,0,4616,1776914645777,7006,0.89,429,0,
smoke,1,/get-salt,0,4617,1776914645778,7002,0.819,429,0,
smoke,1,/get-salt,0,4618,1776914645778,7005,0.812,429,0,
smoke,1,/get-salt,0,4619,1776914645779,7003,0.903,429,0,
smoke,1,/get-salt,0,4620,1776914645780,7003,0.74,429,0,
smoke,1,/get-salt,0,4621,1776914645781,7004,0.87,429,0,
smoke,1,/get-salt,0,4622,1776914645782,7010,0.854,429,0,
smoke,1,/get-salt,0,4623,1776914645783,7002,0.94,429,0,
smoke,1,/get-salt,0,4624,1776914645784,7009,0.963,429,0,
smoke,1,/get-salt,0,4625,1776914645784,7002,0.823,429,0,
smoke,1,/get-salt,0,4626,1776914645786,7007,1.033,429,0,
smoke,1,/get-salt,0,4627,1776914645786,7009,0.915,429,0,
smoke,1,/get-salt,0,4628,1776914645787,7007,0.823,429,0,
smoke,1,/get-salt,0,4629,1776914645788,7005,0.918,429,0,
smoke,1,/get-salt,0,4630,1776914645789,7005,0.619,429,0,
smoke,1,/get-salt,0,4631,1776914645790,7004,0.941,429,0,
smoke,1,/get-salt,0,4632,1776914645791,7007,0.856,429,0,
smoke,1,/get-salt,0,4633,1776914645792,7008,1.045,429,0,
smoke,1,/get-salt,0,4634,1776914645792,7008,0.66,429,0,
smoke,1,/get-salt,0,4635,1776914645793,7007,0.783,429,0,
smoke,1,/get-salt,0,4636,1776914645794,7008,0.647,429,0,
smoke,1,/get-salt,0,4637,1776914645794,7007,0.716,429,0,
smoke,1,/get-salt,0,4638,1776914645795,7002,0.998,429,0,
smoke,1,/get-salt,0,4639,1776914645796,7007,0.787,429,0,
smoke,1,/get-salt,0,4640,1776914645797,7001,0.962,429,0,
smoke,1,/get-salt,0,4641,1776914645798,7005,0.902,429,0,
smoke,1,/get-salt,0,4642,1776914645799,7001,0.851,429,0,
smoke,1,/get-salt,0,4643,1776914645800,7003,1.075,429,0,
smoke,1,/get-salt,0,4644,1776914645801,7010,1.026,429,0,
smoke,1,/get-salt,0,4645,1776914645802,7010,0.731,429,0,
smoke,1,/get-salt,0,4646,1776914645803,7006,0.95,429,0,
smoke,1,/get-salt,0,4647,1776914645804,7006,0.816,429,0,
smoke,1,/get-salt,0,4648,1776914645805,7002,0.924,429,0,
smoke,1,/get-salt,0,4649,1776914645805,7002,0.645,429,0,
smoke,1,/get-salt,0,4650,1776914645806,7003,1.002,429,0,
smoke,1,/get-salt,0,4651,1776914645807,7005,1.067,429,0,
smoke,1,/get-salt,0,4652,1776914645808,7004,0.996,429,0,
smoke,1,/get-salt,0,4653,1776914645809,7007,1.096,429,0,
smoke,1,/get-salt,0,4654,1776914645810,7003,1.048,429,0,
smoke,1,/get-salt,0,4655,1776914645811,7004,0.918,429,0,
smoke,1,/get-salt,0,4656,1776914645812,7005,0.896,429,0,
smoke,1,/get-salt,0,4657,1776914645813,7006,0.932,429,0,
smoke,1,/get-salt,0,4658,1776914645814,7004,0.772,429,0,
smoke,1,/get-salt,0,4659,1776914645815,7004,0.649,429,0,
smoke,1,/get-salt,0,4660,1776914645815,7005,0.777,429,0,
smoke,1,/get-salt,0,4661,1776914645816,7009,0.892,429,0,
smoke,1,/get-salt,0,4662,1776914645817,7010,0.988,429,0,
smoke,1,/get-salt,0,4663,1776914645818,7002,0.939,429,0,
smoke,1,/get-salt,0,4664,1776914645819,7001,1.006,429,0,
smoke,1,/get-salt,0,4665,1776914645820,7010,0.903,429,0,
smoke,1,/get-salt,0,4666,1776914645821,7003,0.919,429,0,
smoke,1,/get-salt,0,4667,1776914645822,7007,0.915,429,0,
smoke,1,/get-salt,0,4668,1776914645823,7006,0.945,429,0,
smoke,1,/get-salt,0,4669,1776914645824,7008,0.988,429,0,
smoke,1,/get-salt,0,4670,1776914645825,7006,0.813,429,0,
smoke,1,/get-salt,0,4671,1776914645826,7007,0.97,429,0,
smoke,1,/get-salt,0,4672,1776914645827,7002,0.965,429,0,
smoke,1,/get-salt,0,4673,1776914645827,7002,0.672,429,0,
smoke,1,/get-salt,0,4674,1776914645828,7004,0.923,429,0,
smoke,1,/get-salt,0,4675,1776914645829,7001,0.969,429,0,
smoke,1,/get-salt,0,4676,1776914645830,7007,0.986,429,0,
smoke,1,/get-salt,0,4677,1776914645831,7006,0.948,429,0,
smoke,1,/get-salt,0,4678,1776914645832,7005,1.031,429,0,
smoke,1,/get-salt,0,4679,1776914645833,7002,0.941,429,0,
smoke,1,/get-salt,0,4680,1776914645834,7007,0.864,429,0,
smoke,1,/get-salt,0,4681,1776914645835,7003,0.939,429,0,
smoke,1,/get-salt,0,4682,1776914645836,7004,0.909,429,0,
smoke,1,/get-salt,0,4683,1776914645837,7003,0.699,429,0,
smoke,1,/get-salt,0,4684,1776914645837,7005,0.879,429,0,
smoke,1,/get-salt,0,4685,1776914645838,7008,0.988,429,0,
smoke,1,/get-salt,0,4686,1776914645839,7005,0.75,429,0,
smoke,1,/get-salt,0,4687,1776914645840,7009,0.974,429,0,
smoke,1,/get-salt,0,4688,1776914645841,7001,0.977,429,0,
smoke,1,/get-salt,0,4689,1776914645842,7008,0.823,429,0,
smoke,1,/get-salt,0,4690,1776914645843,7010,0.976,429,0,
smoke,1,/get-salt,0,4691,1776914645844,7009,0.823,429,0,
smoke,1,/get-salt,0,4692,1776914645845,7009,0.71,429,0,
smoke,1,/get-salt,0,4693,1776914645845,7001,0.964,429,0,
smoke,1,/get-salt,0,4694,1776914645846,7005,0.908,429,0,
smoke,1,/get-salt,0,4695,1776914645847,7002,0.95,429,0,
smoke,1,/get-salt,0,4696,1776914645848,7002,0.682,429,0,
smoke,1,/get-salt,0,4697,1776914645849,7001,0.866,429,0,
smoke,1,/get-salt,0,4698,1776914645850,7008,0.918,429,0,
smoke,1,/get-salt,0,4699,1776914645854,7005,3.746,429,0,
smoke,1,/get-salt,0,4700,1776914645855,7004,1.124,429,0,
smoke,1,/get-salt,0,4701,1776914645856,7002,0.96,429,0,
smoke,1,/get-salt,0,4702,1776914645856,7002,0.65,429,0,
smoke,1,/get-salt,0,4703,1776914645857,7004,0.751,429,0,
smoke,1,/get-salt,0,4704,1776914645858,7006,0.881,429,0,
smoke,10,/get-salt,0,0,1776914648877,7005,5.518,429,0,
smoke,10,/get-salt,0,1,1776914648883,7001,6.34,429,0,
smoke,10,/get-salt,0,2,1776914648887,7003,4.275,429,0,
smoke,10,/get-salt,0,3,1776914648891,7008,4.264,429,0,
smoke,10,/get-salt,0,4,1776914648895,7004,3.576,429,0,
smoke,10,/get-salt,0,5,1776914648898,7001,2.563,429,0,
smoke,10,/get-salt,0,6,1776914648901,7007,3.579,429,0,
smoke,10,/get-salt,0,7,1776914648905,7001,3.503,429,0,
smoke,10,/get-salt,0,8,1776914648909,7010,4.656,429,0,
smoke,10,/get-salt,0,9,1776914648914,7005,4.394,429,0,
smoke,10,/get-salt,0,10,1776914648921,7005,7.295,429,0,
smoke,10,/get-salt,0,11,1776914648926,7001,4.534,429,0,
smoke,10,/get-salt,0,12,1776914648930,7006,4.116,429,0,
smoke,10,/get-salt,0,13,1776914648934,7009,3.828,429,0,
smoke,10,/get-salt,0,14,1776914648937,7010,3.777,429,0,
smoke,10,/get-salt,0,15,1776914648942,7007,4.569,429,0,
smoke,10,/get-salt,0,16,1776914648947,7004,4.686,429,0,
smoke,10,/get-salt,0,17,1776914648952,7009,5.211,429,0,
smoke,10,/get-salt,0,18,1776914648956,7006,4.354,429,0,
smoke,10,/get-salt,0,19,1776914648960,7006,4.078,429,0,
smoke,10,/get-salt,0,20,1776914648972,7005,11.508,429,0,
smoke,10,/get-salt,0,21,1776914648976,7008,4.42,429,0,
smoke,10,/get-salt,0,22,1776914648981,7010,4.638,429,0,
smoke,10,/get-salt,0,23,1776914648985,7007,4.585,429,0,
smoke,10,/get-salt,0,24,1776914648990,7004,4.607,429,0,
smoke,10,/get-salt,0,25,1776914648994,7005,4.145,429,0,
smoke,10,/get-salt,0,26,1776914649002,7007,7.716,429,0,
smoke,10,/get-salt,0,27,1776914649005,7002,3.412,429,0,
smoke,10,/get-salt,0,28,1776914649010,7002,4.359,429,0,
smoke,10,/get-salt,0,29,1776914649014,7004,4.064,429,0,
smoke,10,/get-salt,0,30,1776914649018,7002,4.692,429,0,
smoke,10,/get-salt,0,31,1776914649023,7004,4.555,429,0,
smoke,10,/get-salt,0,32,1776914649036,7002,12.572,429,0,
smoke,10,/get-salt,0,33,1776914649040,7003,4.814,429,0,
smoke,10,/get-salt,0,34,1776914649045,7005,4.432,429,0,
smoke,10,/get-salt,0,35,1776914649049,7003,4.621,429,0,
smoke,10,/get-salt,0,36,1776914649054,7005,4.483,429,0,
smoke,10,/get-salt,0,37,1776914649059,7002,4.626,429,0,
smoke,10,/get-salt,0,38,1776914649063,7002,4.493,429,0,
smoke,10,/get-salt,0,39,1776914649068,7004,4.45,429,0,
smoke,10,/get-salt,0,40,1776914649076,7003,7.98,429,0,
smoke,10,/get-salt,0,41,1776914649080,7004,4.06,429,0,
smoke,10,/get-salt,0,42,1776914649084,7004,4.357,429,0,
smoke,10,/get-salt,0,43,1776914649088,7010,4.24,429,0,
smoke,10,/get-salt,0,44,1776914649093,7010,4.715,429,0,
smoke,10,/get-salt,0,45,1776914649097,7001,3.963,429,0,
smoke,10,/get-salt,0,46,1776914649101,7003,4.249,429,0,
smoke,10,/get-salt,0,47,1776914649105,7006,3.844,429,0,
smoke,10,/get-salt,0,48,1776914649109,7001,4.265,429,0,
smoke,10,/get-salt,0,49,1776914649113,7004,3.503,429,0,
smoke,10,/get-salt,0,50,1776914649116,7009,3.634,429,0,
smoke,10,/get-salt,0,51,1776914649121,7009,4.664,429,0,
smoke,10,/get-salt,0,52,1776914649126,7008,4.564,429,0,
smoke,10,/get-salt,0,53,1776914649129,7010,3.583,429,0,
smoke,10,/get-salt,0,54,1776914649133,7003,3.993,429,0,
smoke,10,/get-salt,0,55,1776914649137,7007,3.73,429,0,
smoke,10,/get-salt,0,56,1776914649141,7003,4.04,429,0,
smoke,10,/get-salt,0,57,1776914649148,7006,7.27,429,0,
smoke,10,/get-salt,0,58,1776914649159,7010,10.581,429,0,
smoke,10,/get-salt,0,59,1776914649163,7010,4.216,429,0,
smoke,10,/get-salt,0,60,1776914649167,7010,3.781,429,0,
smoke,10,/get-salt,0,61,1776914649171,7008,4.247,429,0,
smoke,10,/get-salt,0,62,1776914649176,7008,4.697,429,0,
smoke,10,/get-salt,0,63,1776914649181,7009,4.883,429,0,
smoke,10,/get-salt,0,64,1776914649185,7003,4.679,429,0,
smoke,10,/get-salt,0,65,1776914649189,7009,3.817,429,0,
smoke,10,/get-salt,0,66,1776914649193,7010,3.877,429,0,
smoke,10,/get-salt,0,67,1776914649197,7007,3.973,429,0,
smoke,10,/get-salt,0,68,1776914649201,7005,3.974,429,0,
smoke,10,/get-salt,0,69,1776914649205,7003,4.08,429,0,
smoke,10,/get-salt,0,70,1776914649210,7009,4.581,429,0,
smoke,10,/get-salt,0,71,1776914649219,7006,9.205,429,0,
smoke,10,/get-salt,0,72,1776914649225,7002,5.739,429,0,
smoke,10,/get-salt,0,73,1776914649229,7007,4.726,429,0,
smoke,10,/get-salt,0,74,1776914649235,7009,5.35,429,0,
smoke,10,/get-salt,0,75,1776914649239,7002,4.347,429,0,
smoke,10,/get-salt,0,76,1776914649243,7007,4.278,429,0,
smoke,10,/get-salt,0,77,1776914649248,7006,5.03,429,0,
smoke,10,/get-salt,0,78,1776914649254,7006,5.13,429,0,
smoke,10,/get-salt,0,79,1776914649259,7008,5.865,429,0,
smoke,10,/get-salt,0,80,1776914649263,7002,3.744,429,0,
smoke,10,/get-salt,0,81,1776914649267,7001,3.68,429,0,
smoke,10,/get-salt,0,82,1776914649272,7005,5.052,429,0,
smoke,10,/get-salt,0,83,1776914649277,7010,4.594,429,0,
smoke,10,/get-salt,0,84,1776914649281,7001,4.187,429,0,
smoke,10,/get-salt,0,85,1776914649285,7010,4.341,429,0,
smoke,10,/get-salt,0,86,1776914649293,7005,8.312,429,0,
smoke,10,/get-salt,0,87,1776914649300,7005,6.699,429,0,
smoke,10,/get-salt,0,88,1776914649311,7003,10.937,429,0,
smoke,10,/get-salt,0,89,1776914649315,7002,4.337,429,0,
smoke,10,/get-salt,0,90,1776914649319,7008,4.075,429,0,
smoke,10,/get-salt,0,91,1776914649324,7009,4.204,429,0,
smoke,10,/get-salt,0,92,1776914649327,7008,3.569,429,0,
smoke,10,/get-salt,0,93,1776914649332,7009,4.323,429,0,
smoke,10,/get-salt,0,94,1776914649336,7004,4.511,429,0,
smoke,10,/get-salt,0,95,1776914649341,7002,4.955,429,0,
smoke,10,/get-salt,0,96,1776914649345,7004,4.235,429,0,
smoke,10,/get-salt,0,97,1776914649350,7009,4.338,429,0,
smoke,10,/get-salt,0,98,1776914649353,7010,3.791,429,0,
smoke,10,/get-salt,0,99,1776914649358,7009,4.192,429,0,
smoke,10,/get-salt,0,100,1776914649362,7002,4.645,429,0,
smoke,10,/get-salt,0,101,1776914649365,7009,2.796,429,0,
smoke,10,/get-salt,0,102,1776914649369,7006,4.329,429,0,
smoke,10,/get-salt,0,103,1776914649374,7002,4.276,429,0,
smoke,10,/get-salt,0,104,1776914649378,7006,3.814,429,0,
smoke,10,/get-salt,0,105,1776914649382,7003,4.051,429,0,
smoke,10,/get-salt,0,106,1776914649386,7004,3.96,429,0,
smoke,10,/get-salt,0,107,1776914649390,7010,4.012,429,0,
smoke,10,/get-salt,0,108,1776914649397,7008,7.028,429,0,
smoke,10,/get-salt,0,109,1776914649401,7004,4.147,429,0,
smoke,10,/get-salt,0,110,1776914649405,7007,4.28,429,0,
smoke,10,/get-salt,0,111,1776914649409,7010,3.988,429,0,
smoke,10,/get-salt,0,112,1776914649413,7008,4.004,429,0,
smoke,10,/get-salt,0,113,1776914649417,7007,4.178,429,0,
smoke,10,/get-salt,0,114,1776914649421,7006,4.11,429,0,
smoke,10,/get-salt,0,115,1776914649425,7002,4.174,429,0,
smoke,10,/get-salt,0,116,1776914649429,7010,3.857,429,0,
smoke,10,/get-salt,0,117,1776914649434,7002,4.225,429,0,
smoke,10,/get-salt,0,118,1776914649438,7009,4.389,429,0,
smoke,10,/get-salt,0,119,1776914649442,7004,4.359,429,0,
smoke,10,/get-salt,0,120,1776914649447,7001,4.204,429,0,
smoke,10,/get-salt,0,121,1776914649455,7001,8.314,429,0,
smoke,10,/get-salt,0,122,1776914649458,7008,3.518,429,0,
smoke,10,/get-salt,0,123,1776914649463,7007,4.775,429,0,
smoke,10,/get-salt,0,124,1776914649468,7009,4.487,429,0,
smoke,10,/get-salt,0,125,1776914649472,7010,4.43,429,0,
smoke,10,/get-salt,0,126,1776914649476,7001,4.289,429,0,
smoke,10,/get-salt,0,127,1776914649481,7010,4.173,429,0,
smoke,10,/get-salt,0,128,1776914649485,7005,4.214,429,0,
smoke,10,/get-salt,0,129,1776914649489,7007,4.418,429,0,
smoke,10,/get-salt,0,130,1776914649493,7007,4.226,429,0,
smoke,10,/get-salt,0,131,1776914649498,7001,4.304,429,0,
smoke,10,/get-salt,0,132,1776914649502,7006,4.544,429,0,
smoke,10,/get-salt,0,133,1776914649506,7001,4.113,429,0,
smoke,10,/get-salt,0,134,1776914649510,7004,3.573,429,0,
smoke,10,/get-salt,0,135,1776914649514,7006,4.002,429,0,
smoke,10,/get-salt,0,136,1776914649518,7003,4.242,429,0,
smoke,10,/get-salt,0,137,1776914649526,7010,8.211,429,0,
smoke,10,/get-salt,0,138,1776914649531,7010,4.256,429,0,
smoke,10,/get-salt,0,139,1776914649534,7001,3.774,429,0,
smoke,10,/get-salt,0,140,1776914649538,7001,3.432,429,0,
smoke,10,/get-salt,0,141,1776914649544,7009,5.689,429,0,
smoke,10,/get-salt,0,142,1776914649550,7002,5.915,429,0,
smoke,10,/get-salt,0,143,1776914649558,7007,8.583,429,0,
smoke,10,/get-salt,0,144,1776914649563,7005,4.519,429,0,
smoke,10,/get-salt,0,145,1776914649566,7009,3.423,429,0,
smoke,10,/get-salt,0,146,1776914649571,7006,4.595,429,0,
smoke,10,/get-salt,0,147,1776914649574,7003,3.737,429,0,
smoke,10,/get-salt,0,148,1776914649578,7006,3.872,429,0,
smoke,10,/get-salt,0,149,1776914649582,7004,4.188,429,0,
smoke,10,/get-salt,0,150,1776914649587,7004,4.248,429,0,
smoke,10,/get-salt,0,151,1776914649591,7003,4.228,429,0,
smoke,10,/get-salt,0,152,1776914649595,7009,3.778,429,0,
smoke,10,/get-salt,0,153,1776914649599,7001,3.883,429,0,
smoke,10,/get-salt,0,154,1776914649605,7005,6.776,429,0,
smoke,10,/get-salt,0,155,1776914649610,7005,4.372,429,0,
smoke,10,/get-salt,0,156,1776914649614,7010,4.395,429,0,
smoke,10,/get-salt,0,157,1776914649620,7005,5.365,429,0,
smoke,10,/get-salt,0,158,1776914649624,7003,4.17,429,0,
smoke,10,/get-salt,0,159,1776914649627,7001,3.712,429,0,
smoke,10,/get-salt,0,160,1776914649632,7002,4.091,429,0,
smoke,10,/get-salt,0,161,1776914649635,7003,3.063,429,0,
smoke,10,/get-salt,0,162,1776914649638,7001,3.724,429,0,
smoke,10,/get-salt,0,163,1776914649642,7009,4.081,429,0,
smoke,10,/get-salt,0,164,1776914649649,7002,7.01,429,0,
smoke,10,/get-salt,0,165,1776914649653,7008,3.22,429,0,
smoke,10,/get-salt,0,166,1776914649656,7003,3.623,429,0,
smoke,10,/get-salt,0,167,1776914649660,7005,3.884,429,0,
smoke,10,/get-salt,0,168,1776914649665,7006,4.353,429,0,
smoke,10,/get-salt,0,169,1776914649668,7009,3.515,429,0,
smoke,10,/get-salt,0,170,1776914649672,7001,3.491,429,0,
smoke,10,/get-salt,0,171,1776914649676,7009,4.284,429,0,
smoke,10,/get-salt,0,172,1776914649679,7005,3.585,429,0,
smoke,10,/get-salt,0,173,1776914649683,7005,4.099,429,0,
smoke,10,/get-salt,0,174,1776914649688,7004,4.085,429,0,
smoke,10,/get-salt,0,175,1776914649694,7005,6.451,429,0,
smoke,10,/get-salt,0,176,1776914649698,7001,3.681,429,0,
smoke,10,/get-salt,0,177,1776914649707,7009,9.348,429,0,
smoke,10,/get-salt,0,178,1776914649711,7010,3.579,429,0,
smoke,10,/get-salt,0,179,1776914649720,7003,9.83,429,0,
smoke,10,/get-salt,0,180,1776914649724,7010,3.048,429,0,
smoke,10,/get-salt,0,181,1776914649727,7002,3.807,429,0,
smoke,10,/get-salt,0,182,1776914649731,7006,4.016,429,0,
smoke,10,/get-salt,0,183,1776914649735,7001,3.959,429,0,
smoke,10,/get-salt,0,184,1776914649739,7006,3.806,429,0,
smoke,10,/get-salt,0,185,1776914649743,7010,4.123,429,0,
smoke,10,/get-salt,0,186,1776914649747,7003,3.962,429,0,
smoke,10,/get-salt,0,187,1776914649750,7010,3.122,429,0,
smoke,10,/get-salt,0,188,1776914649754,7001,3.757,429,0,
smoke,10,/get-salt,0,189,1776914649758,7008,4.271,429,0,
smoke,10,/get-salt,0,190,1776914649762,7001,3.554,429,0,
smoke,10,/get-salt,0,191,1776914649765,7008,3.2,429,0,
smoke,10,/get-salt,0,192,1776914649772,7004,7.311,429,0,
smoke,10,/get-salt,0,193,1776914649776,7006,3.747,429,0,
smoke,10,/get-salt,0,194,1776914649780,7006,3.739,429,0,
smoke,10,/get-salt,0,195,1776914649784,7010,3.587,429,0,
smoke,10,/get-salt,0,196,1776914649787,7003,3.718,429,0,
smoke,10,/get-salt,0,197,1776914649791,7009,4.037,429,0,
smoke,10,/get-salt,0,198,1776914649795,7009,3.402,429,0,
smoke,10,/get-salt,0,199,1776914649799,7006,4.275,429,0,
smoke,10,/get-salt,0,200,1776914649803,7005,4.23,429,0,
smoke,10,/get-salt,0,201,1776914649808,7006,4.612,429,0,
smoke,10,/get-salt,0,202,1776914649812,7006,4.415,429,0,
smoke,10,/get-salt,0,203,1776914649816,7008,3.444,429,0,
smoke,10,/get-salt,0,204,1776914649820,7010,4.424,429,0,
smoke,10,/get-salt,0,205,1776914649824,7006,3.889,429,0,
smoke,10,/get-salt,0,206,1776914649828,7009,3.701,429,0,
smoke,10,/get-salt,0,207,1776914649837,7010,9.017,429,0,
smoke,10,/get-salt,0,208,1776914649847,7002,10.497,429,0,
smoke,10,/get-salt,0,209,1776914649851,7009,3.941,429,0,
smoke,10,/get-salt,0,210,1776914649855,7002,4.236,429,0,
smoke,10,/get-salt,0,211,1776914649859,7003,3.836,429,0,
smoke,10,/get-salt,0,212,1776914649863,7010,4.021,429,0,
smoke,10,/get-salt,0,213,1776914649867,7007,4.148,429,0,
smoke,10,/get-salt,0,214,1776914649871,7001,3.994,429,0,
smoke,10,/get-salt,0,215,1776914649876,7008,4.136,429,0,
smoke,10,/get-salt,0,216,1776914649880,7009,3.996,429,0,
smoke,10,/get-salt,0,217,1776914649883,7006,3.842,429,0,
smoke,10,/get-salt,0,218,1776914649888,7007,4.078,429,0,
smoke,10,/get-salt,0,219,1776914649891,7001,3.536,429,0,
smoke,10,/get-salt,0,220,1776914649895,7010,4.159,429,0,
smoke,10,/get-salt,0,221,1776914649899,7006,3.663,429,0,
smoke,10,/get-salt,0,222,1776914649902,7010,3.028,429,0,
smoke,10,/get-salt,0,223,1776914649906,7009,4.248,429,0,
smoke,10,/get-salt,0,224,1776914649910,7009,4.254,429,0,
smoke,10,/get-salt,0,225,1776914649914,7010,3.954,429,0,
smoke,10,/get-salt,0,226,1776914649919,7007,4.593,429,0,
smoke,10,/get-salt,0,227,1776914649923,7005,4.439,429,0,
smoke,10,/get-salt,0,228,1776914649930,7008,6.825,429,0,
smoke,10,/get-salt,0,229,1776914649934,7001,4.002,429,0,
smoke,10,/get-salt,0,230,1776914649939,7009,4.288,429,0,
smoke,10,/get-salt,0,231,1776914649943,7008,4.515,429,0,
smoke,10,/get-salt,0,232,1776914649947,7002,3.881,429,0,
smoke,10,/get-salt,0,233,1776914649951,7007,4.093,429,0,
smoke,10,/get-salt,0,234,1776914649955,7010,4.214,429,0,
smoke,10,/get-salt,0,235,1776914649959,7010,4.022,429,0,
smoke,10,/get-salt,0,236,1776914649963,7010,3.781,429,0,
smoke,10,/get-salt,0,237,1776914649966,7004,3.232,429,0,
smoke,10,/get-salt,0,238,1776914649970,7009,3.759,429,0,
smoke,10,/get-salt,0,239,1776914649974,7002,3.842,429,0,
smoke,10,/get-salt,0,240,1776914649978,7008,4.044,429,0,
smoke,10,/get-salt,0,241,1776914649986,7001,8.162,429,0,
smoke,10,/get-salt,0,242,1776914649990,7009,4.203,429,0,
smoke,10,/get-salt,0,243,1776914649995,7001,4.468,429,0,
smoke,10,/get-salt,0,244,1776914649999,7005,4.573,429,0,
smoke,10,/get-salt,0,245,1776914650004,7006,4.203,429,0,
smoke,10,/get-salt,0,246,1776914650008,7004,3.887,429,0,
smoke,10,/get-salt,0,247,1776914650011,7003,3.251,429,0,
smoke,10,/get-salt,0,248,1776914650015,7001,4.254,429,0,
smoke,10,/get-salt,0,249,1776914650019,7005,4.33,429,0,
smoke,10,/get-salt,0,250,1776914650024,7006,4.265,429,0,
smoke,10,/get-salt,0,251,1776914650027,7010,3.789,429,0,
smoke,10,/get-salt,0,252,1776914650031,7005,3.899,429,0,
smoke,10,/get-salt,0,253,1776914650035,7004,3.708,429,0,
smoke,10,/get-salt,0,254,1776914650039,7009,3.896,429,0,
smoke,10,/get-salt,0,255,1776914650043,7001,4.086,429,0,
smoke,10,/get-salt,0,256,1776914650047,7002,4.006,429,0,
smoke,10,/get-salt,0,257,1776914650051,7001,3.636,429,0,
smoke,10,/get-salt,0,258,1776914650058,7009,7.485,429,0,
smoke,10,/get-salt,0,259,1776914650062,7009,3.971,429,0,
smoke,10,/get-salt,0,260,1776914650066,7006,3.761,429,0,
smoke,10,/get-salt,0,261,1776914650070,7003,3.964,429,0,
smoke,10,/get-salt,0,262,1776914650074,7010,3.751,429,0,
smoke,10,/get-salt,0,263,1776914650078,7003,3.927,429,0,
smoke,10,/get-salt,0,264,1776914650081,7002,3.719,429,0,
smoke,10,/get-salt,0,265,1776914650085,7004,4.022,429,0,
smoke,10,/get-salt,0,266,1776914650089,7009,3.645,429,0,
smoke,10,/get-salt,0,267,1776914650093,7008,4.06,429,0,
smoke,10,/get-salt,0,268,1776914650097,7006,3.946,429,0,
smoke,10,/get-salt,0,269,1776914650101,7005,4.036,429,0,
smoke,10,/get-salt,0,270,1776914650105,7002,3.622,429,0,
smoke,10,/get-salt,0,271,1776914650108,7004,3.565,429,0,
smoke,10,/get-salt,0,272,1776914650116,7002,8.046,429,0,
smoke,10,/get-salt,0,273,1776914650120,7007,4.069,429,0,
smoke,10,/get-salt,0,274,1776914650124,7005,3.775,429,0,
smoke,10,/get-salt,0,275,1776914650128,7005,4.184,429,0,
smoke,10,/get-salt,0,276,1776914650132,7008,3.88,429,0,
smoke,10,/get-salt,0,277,1776914650136,7004,3.959,429,0,
smoke,10,/get-salt,0,278,1776914650140,7009,3.862,429,0,
smoke,10,/get-salt,0,279,1776914650144,7008,4.041,429,0,
smoke,10,/get-salt,0,280,1776914650149,7004,4.456,429,0,
smoke,10,/get-salt,0,281,1776914650153,7001,4.443,429,0,
smoke,10,/get-salt,0,282,1776914650157,7005,4.061,429,0,
smoke,10,/get-salt,0,283,1776914650161,7003,3.891,429,0,
smoke,10,/get-salt,0,284,1776914650165,7006,4.068,429,0,
smoke,10,/get-salt,0,285,1776914650169,7008,4.478,429,0,
smoke,10,/get-salt,0,286,1776914650174,7008,4.084,429,0,
smoke,10,/get-salt,0,287,1776914650178,7004,4.071,429,0,
smoke,10,/get-salt,0,288,1776914650186,7005,7.894,429,0,
smoke,10,/get-salt,0,289,1776914650189,7004,3.907,429,0,
smoke,10,/get-salt,0,290,1776914650193,7010,4.038,429,0,
smoke,10,/get-salt,0,291,1776914650198,7003,4.116,429,0,
smoke,10,/get-salt,0,292,1776914650201,7009,3.694,429,0,
smoke,10,/get-salt,0,293,1776914650205,7002,4.161,429,0,
smoke,10,/get-salt,0,294,1776914650210,7003,4.307,429,0,
smoke,10,/get-salt,0,295,1776914650214,7005,4.289,429,0,
smoke,10,/get-salt,0,296,1776914650218,7005,4.034,429,0,
smoke,10,/get-salt,0,297,1776914650222,7004,4.134,429,0,
smoke,10,/get-salt,0,298,1776914650226,7007,4.21,429,0,
smoke,10,/get-salt,0,299,1776914650230,7006,4.016,429,0,
smoke,10,/get-salt,0,300,1776914650234,7006,3.71,429,0,
smoke,10,/get-salt,0,301,1776914650239,7009,4.338,429,0,
smoke,10,/get-salt,0,302,1776914650243,7010,3.973,429,0,
smoke,10,/get-salt,0,303,1776914650251,7002,8.291,429,0,
smoke,10,/get-salt,0,304,1776914650255,7008,4.013,429,0,
smoke,10,/get-salt,0,305,1776914650259,7002,4.064,429,0,
smoke,10,/get-salt,0,306,1776914650263,7007,4.224,429,0,
smoke,10,/get-salt,0,307,1776914650268,7008,4.782,429,0,
smoke,10,/get-salt,0,308,1776914650272,7001,3.619,429,0,
smoke,10,/get-salt,0,309,1776914650275,7001,3.778,429,0,
smoke,10,/get-salt,0,310,1776914650279,7004,3.569,429,0,
smoke,10,/get-salt,0,311,1776914650282,7007,3.532,429,0,
smoke,10,/get-salt,0,312,1776914650287,7009,4.361,429,0,
smoke,10,/get-salt,0,313,1776914650292,7008,4.846,429,0,
smoke,10,/get-salt,0,314,1776914650296,7002,4.12,429,0,
smoke,10,/get-salt,0,315,1776914650300,7005,4.325,429,0,
smoke,10,/get-salt,0,316,1776914650303,7010,3.37,429,0,
smoke,10,/get-salt,0,317,1776914650307,7005,3.818,429,0,
smoke,10,/get-salt,0,318,1776914650315,7007,7.731,429,0,
smoke,10,/get-salt,0,319,1776914650319,7004,4.076,429,0,
smoke,10,/get-salt,0,320,1776914650324,7009,4.935,429,0,
smoke,10,/get-salt,0,321,1776914650329,7003,5.372,429,0,
smoke,10,/get-salt,0,322,1776914650333,7009,3.99,429,0,
smoke,10,/get-salt,0,323,1776914650337,7002,3.918,429,0,
smoke,10,/get-salt,0,324,1776914650341,7004,3.927,429,0,
smoke,10,/get-salt,0,325,1776914650345,7004,3.992,429,0,
smoke,10,/get-salt,0,326,1776914650349,7004,4.145,429,0,
smoke,10,/get-salt,0,327,1776914650353,7005,4.049,429,0,
smoke,10,/get-salt,0,328,1776914650358,7001,4.237,429,0,
smoke,10,/get-salt,0,329,1776914650362,7010,4.432,429,0,
smoke,10,/get-salt,0,330,1776914650366,7009,3.65,429,0,
smoke,10,/get-salt,0,331,1776914650369,7009,3.252,429,0,
smoke,10,/get-salt,0,332,1776914650373,7009,4.386,429,0,
smoke,10,/get-salt,0,333,1776914650383,7005,9.542,429,0,
smoke,10,/get-salt,0,334,1776914650387,7001,3.721,429,0,
smoke,10,/get-salt,0,335,1776914650390,7004,3.433,429,0,
smoke,10,/get-salt,0,336,1776914650394,7006,3.526,429,0,
smoke,10,/get-salt,0,337,1776914650397,7009,3.459,429,0,
smoke,10,/get-salt,0,338,1776914650401,7005,3.969,429,0,
smoke,10,/get-salt,0,339,1776914650405,7010,3.384,429,0,
smoke,10,/get-salt,0,340,1776914650409,7002,4.034,429,0,
smoke,10,/get-salt,0,341,1776914650413,7002,3.958,429,0,
smoke,10,/get-salt,0,342,1776914650416,7004,3.898,429,0,
smoke,10,/get-salt,0,343,1776914650420,7007,3.501,429,0,
smoke,10,/get-salt,0,344,1776914650424,7003,4.099,429,0,
smoke,10,/get-salt,0,345,1776914650428,7010,3.673,429,0,
smoke,10,/get-salt,0,346,1776914650431,7002,3.417,429,0,
smoke,10,/get-salt,0,347,1776914650434,7010,3.366,429,0,
smoke,10,/get-salt,0,348,1776914650445,7008,10.701,429,0,
smoke,10,/get-salt,0,349,1776914650452,7006,6.482,429,0,
smoke,10,/get-salt,0,350,1776914650461,7001,9.239,429,0,
smoke,10,/get-salt,0,351,1776914650465,7005,4.387,429,0,
smoke,10,/get-salt,0,352,1776914650469,7006,4.02,429,0,
smoke,10,/get-salt,0,353,1776914650474,7010,4.269,429,0,
smoke,10,/get-salt,0,354,1776914650478,7003,4.224,429,0,
smoke,10,/get-salt,0,355,1776914650482,7010,3.873,429,0,
smoke,10,/get-salt,0,356,1776914650486,7003,4.09,429,0,
smoke,10,/get-salt,0,357,1776914650490,7003,3.808,429,0,
smoke,10,/get-salt,0,358,1776914650493,7007,3.45,429,0,
smoke,10,/get-salt,0,359,1776914650497,7003,3.719,429,0,
smoke,10,/get-salt,0,360,1776914650501,7009,4.476,429,0,
smoke,10,/get-salt,0,361,1776914650505,7001,3.539,429,0,
smoke,10,/get-salt,0,362,1776914650509,7010,3.718,429,0,
smoke,10,/get-salt,0,363,1776914650512,7001,3.8,429,0,
smoke,10,/get-salt,0,364,1776914650516,7009,3.604,429,0,
smoke,10,/get-salt,0,365,1776914650519,7006,3.403,429,0,
smoke,10,/get-salt,0,366,1776914650524,7001,4.229,429,0,
smoke,10,/get-salt,0,367,1776914650527,7008,3.6,429,0,
smoke,10,/get-salt,0,368,1776914650531,7005,3.847,429,0,
smoke,10,/get-salt,0,369,1776914650538,7003,6.449,429,0,
smoke,10,/get-salt,0,370,1776914650542,7006,4.042,429,0,
smoke,10,/get-salt,0,371,1776914650545,7001,3.45,429,0,
smoke,10,/get-salt,0,372,1776914650549,7007,3.817,429,0,
smoke,10,/get-salt,0,373,1776914650554,7001,4.725,429,0,
smoke,10,/get-salt,0,374,1776914650559,7006,5.877,429,0,
smoke,10,/get-salt,0,375,1776914650566,7007,6.619,429,0,
smoke,10,/get-salt,0,376,1776914650570,7007,4.428,429,0,
smoke,10,/get-salt,0,377,1776914650575,7001,4.139,429,0,
smoke,10,/get-salt,0,378,1776914650578,7006,3.021,429,0,
smoke,10,/get-salt,0,379,1776914650582,7006,4.077,429,0,
smoke,10,/get-salt,0,380,1776914650585,7001,3.275,429,0,
smoke,10,/get-salt,0,381,1776914650588,7005,3.249,429,0,
smoke,10,/get-salt,0,382,1776914650592,7003,4.049,429,0,
smoke,10,/get-salt,0,383,1776914650600,7008,8.171,429,0,
smoke,10,/get-salt,0,384,1776914650604,7002,3.327,429,0,
smoke,10,/get-salt,0,385,1776914650607,7004,3.473,429,0,
smoke,10,/get-salt,0,386,1776914650611,7009,3.378,429,0,
smoke,10,/get-salt,0,387,1776914650616,7002,5.231,429,0,
smoke,10,/get-salt,0,388,1776914650620,7001,3.871,429,0,
smoke,10,/get-salt,0,389,1776914650623,7010,2.933,429,0,
smoke,10,/get-salt,0,390,1776914650626,7003,2.866,429,0,
smoke,10,/get-salt,0,391,1776914650629,7002,3.272,429,0,
smoke,10,/get-salt,0,392,1776914650636,7007,6.861,429,0,
smoke,10,/get-salt,0,393,1776914650639,7009,3.465,429,0,
smoke,10,/get-salt,0,394,1776914650656,7003,16.946,429,0,
smoke,10,/get-salt,0,395,1776914650669,7003,12.942,429,0,
smoke,10,/get-salt,0,396,1776914650673,7002,3.578,429,0,
smoke,10,/get-salt,0,397,1776914650676,7009,3.325,429,0,
smoke,10,/get-salt,0,398,1776914650679,7008,3.149,429,0,
smoke,10,/get-salt,0,399,1776914650683,7001,3.639,429,0,
smoke,10,/get-salt,0,400,1776914650686,7002,2.951,429,0,
smoke,10,/get-salt,0,401,1776914650689,7001,2.919,429,0,
smoke,10,/get-salt,0,402,1776914650693,7006,4.094,429,0,
smoke,10,/get-salt,0,403,1776914650696,7001,3.458,429,0,
smoke,10,/get-salt,0,404,1776914650699,7010,3.072,429,0,
smoke,10,/get-salt,0,405,1776914650703,7010,3.71,429,0,
smoke,10,/get-salt,0,406,1776914650707,7008,4.198,429,0,
smoke,10,/get-salt,0,407,1776914650712,7010,4.369,429,0,
smoke,10,/get-salt,0,408,1776914650715,7008,3.627,429,0,
smoke,10,/get-salt,0,409,1776914650722,7010,7.081,429,0,
smoke,10,/get-salt,0,410,1776914650726,7006,3.37,429,0,
smoke,10,/get-salt,0,411,1776914650729,7004,3.686,429,0,
smoke,10,/get-salt,0,412,1776914650734,7004,4.613,429,0,
smoke,10,/get-salt,0,413,1776914650738,7007,3.617,429,0,
smoke,10,/get-salt,0,414,1776914650741,7003,3.637,429,0,
smoke,10,/get-salt,0,415,1776914650745,7005,3.89,429,0,
smoke,10,/get-salt,0,416,1776914650749,7010,3.955,429,0,
smoke,10,/get-salt,0,417,1776914650753,7008,3.771,429,0,
smoke,10,/get-salt,0,418,1776914650757,7002,4.375,429,0,
smoke,10,/get-salt,0,419,1776914650761,7007,3.943,429,0,
smoke,10,/get-salt,0,420,1776914650765,7006,3.558,429,0,
smoke,10,/get-salt,0,421,1776914650769,7005,3.949,429,0,
smoke,10,/get-salt,0,422,1776914650773,7009,3.889,429,0,
smoke,10,/get-salt,0,423,1776914650777,7001,4.027,429,0,
smoke,10,/get-salt,0,424,1776914650790,7010,13.104,429,0,
smoke,10,/get-salt,0,425,1776914650794,7004,4.391,429,0,
smoke,10,/get-salt,0,426,1776914650797,7002,3.227,429,0,
smoke,10,/get-salt,0,427,1776914650801,7004,3.539,429,0,
smoke,10,/get-salt,0,428,1776914650805,7007,4.113,429,0,
smoke,10,/get-salt,0,429,1776914650809,7009,4.178,429,0,
smoke,10,/get-salt,0,430,1776914650813,7005,3.658,429,0,
smoke,10,/get-salt,0,431,1776914650817,7003,3.778,429,0,
smoke,10,/get-salt,0,432,1776914650820,7005,3.662,429,0,
smoke,10,/get-salt,0,433,1776914650824,7004,4.127,429,0,
smoke,10,/get-salt,0,434,1776914650829,7008,4.922,429,0,
smoke,10,/get-salt,0,435,1776914650833,7004,4.044,429,0,
smoke,10,/get-salt,0,436,1776914650838,7008,4.177,429,0,
smoke,10,/get-salt,0,437,1776914650842,7001,4.062,429,0,
smoke,10,/get-salt,0,438,1776914650846,7005,3.907,429,0,
smoke,10,/get-salt,0,439,1776914650853,7002,7.66,429,0,
smoke,10,/get-salt,0,440,1776914650857,7003,3.741,429,0,
smoke,10,/get-salt,0,441,1776914650862,7004,4.562,429,0,
smoke,10,/get-salt,0,442,1776914650865,7004,3.569,429,0,
smoke,10,/get-salt,0,443,1776914650869,7008,3.972,429,0,
smoke,10,/get-salt,0,444,1776914650873,7005,3.59,429,0,
smoke,10,/get-salt,0,445,1776914650877,7004,3.991,429,0,
smoke,10,/get-salt,0,446,1776914650881,7005,4.224,429,0,
smoke,10,/get-salt,0,447,1776914650885,7009,4.143,429,0,
smoke,10,/get-salt,0,448,1776914650889,7003,4.002,429,0,
smoke,10,/get-salt,0,449,1776914650893,7010,4.062,429,0,
smoke,10,/get-salt,0,450,1776914650897,7006,3.877,429,0,
smoke,10,/get-salt,0,451,1776914650901,7001,3.697,429,0,
smoke,10,/get-salt,0,452,1776914650904,7006,3.439,429,0,
smoke,10,/get-salt,0,453,1776914650909,7010,4.409,429,0,
smoke,10,/get-salt,0,454,1776914650916,7007,7.872,429,0,
smoke,10,/get-salt,0,455,1776914650921,7003,4.151,429,0,
smoke,10,/get-salt,0,456,1776914650924,7007,3.636,429,0,
smoke,10,/get-salt,0,457,1776914650928,7008,3.638,429,0,
smoke,10,/get-salt,0,458,1776914650932,7001,4.35,429,0,
smoke,10,/get-salt,0,459,1776914650936,7006,3.862,429,0,
smoke,10,/get-salt,0,460,1776914650940,7003,4.163,429,0,
smoke,10,/get-salt,0,461,1776914650944,7003,3.902,429,0,
smoke,10,/get-salt,0,462,1776914650948,7008,3.772,429,0,
smoke,10,/get-salt,0,463,1776914650953,7010,4.563,429,0,
smoke,10,/get-salt,0,464,1776914650957,7008,4.229,429,0,
smoke,10,/get-salt,0,465,1776914650962,7003,4.763,429,0,
smoke,10,/get-salt,0,466,1776914650965,7008,3.602,429,0,
smoke,10,/get-salt,0,467,1776914650968,7010,3.133,429,0,
smoke,10,/get-salt,0,468,1776914650973,7004,4.763,429,0,
smoke,10,/get-salt,0,469,1776914650981,7009,7.905,429,0,
smoke,10,/get-salt,0,470,1776914650985,7008,3.836,429,0,
smoke,10,/get-salt,0,471,1776914650989,7005,3.773,429,0,
smoke,10,/get-salt,0,472,1776914650993,7003,4.148,429,0,
smoke,10,/get-salt,0,473,1776914650997,7004,4.176,429,0,
smoke,10,/get-salt,0,474,1776914651001,7008,4.142,429,0,
smoke,10,/get-salt,0,475,1776914651004,7002,3.005,429,0,
smoke,10,/get-salt,0,476,1776914651008,7004,4.052,429,0,
smoke,10,/get-salt,0,477,1776914651012,7009,3.775,429,0,
smoke,10,/get-salt,0,478,1776914651015,7010,3.31,429,0,
smoke,10,/get-salt,0,479,1776914651019,7005,3.724,429,0,
smoke,10,/get-salt,0,480,1776914651023,7008,3.642,429,0,
smoke,10,/get-salt,0,481,1776914651026,7009,3.529,429,0,
smoke,10,/get-salt,0,482,1776914651030,7008,3.72,429,0,
smoke,10,/get-salt,0,483,1776914651034,7009,3.661,429,0,
smoke,10,/get-salt,0,484,1776914651037,7001,3.724,429,0,
smoke,10,/get-salt,0,485,1776914651045,7002,8.193,429,0,
smoke,10,/get-salt,0,486,1776914651049,7009,3.865,429,0,
smoke,10,/get-salt,0,487,1776914651053,7009,4.066,429,0,
smoke,10,/get-salt,0,488,1776914651058,7006,4.412,429,0,
smoke,10,/get-salt,0,489,1776914651061,7009,3.125,429,0,
smoke,10,/get-salt,0,490,1776914651064,7005,3.509,429,0,
smoke,10,/get-salt,0,491,1776914651068,7003,3.538,429,0,
smoke,10,/get-salt,0,492,1776914651072,7006,4.282,429,0,
smoke,10,/get-salt,0,493,1776914651077,7001,4.566,429,0,
smoke,10,/get-salt,0,494,1776914651080,7007,3.403,429,0,
smoke,10,/get-salt,0,495,1776914651085,7009,4.586,429,0,
smoke,10,/get-salt,0,496,1776914651090,7002,5.298,429,0,
smoke,10,/get-salt,0,497,1776914651100,7008,9.812,429,0,
smoke,10,/get-salt,0,498,1776914651104,7008,3.891,429,0,
smoke,10,/get-salt,0,499,1776914651108,7002,3.936,429,0,
smoke,10,/get-salt,0,500,1776914651111,7003,3.398,429,0,
smoke,10,/get-salt,0,501,1776914651115,7003,3.58,429,0,
smoke,10,/get-salt,0,502,1776914651118,7008,3.38,429,0,
smoke,10,/get-salt,0,503,1776914651124,7005,6.191,429,0,
smoke,10,/get-salt,0,504,1776914651128,7006,3.709,429,0,
smoke,10,/get-salt,0,505,1776914651131,7002,2.916,429,0,
smoke,10,/get-salt,0,506,1776914651136,7006,4.771,429,0,
smoke,10,/get-salt,0,507,1776914651140,7006,4.614,429,0,
smoke,10,/get-salt,0,508,1776914651145,7008,4.827,429,0,
smoke,10,/get-salt,0,509,1776914651149,7001,4.086,429,0,
smoke,10,/get-salt,0,510,1776914651153,7006,3.848,429,0,
smoke,10,/get-salt,0,511,1776914651157,7001,3.985,429,0,
smoke,10,/get-salt,0,512,1776914651162,7004,5.146,429,0,
smoke,10,/get-salt,0,513,1776914651166,7003,4.194,429,0,
smoke,10,/get-salt,0,514,1776914651171,7006,4.21,429,0,
smoke,10,/get-salt,0,515,1776914651175,7008,3.98,429,0,
smoke,10,/get-salt,0,516,1776914651179,7006,3.917,429,0,
smoke,10,/get-salt,0,517,1776914651185,7010,6.606,429,0,
smoke,10,/get-salt,0,518,1776914651189,7002,3.862,429,0,
smoke,10,/get-salt,0,519,1776914651193,7005,3.703,429,0,
smoke,10,/get-salt,0,520,1776914651197,7008,3.783,429,0,
smoke,10,/get-salt,0,521,1776914651201,7009,4.129,429,0,
smoke,10,/get-salt,0,522,1776914651205,7004,4.15,429,0,
smoke,10,/get-salt,0,523,1776914651209,7006,4.066,429,0,
smoke,10,/get-salt,0,524,1776914651213,7008,4.205,429,0,
smoke,10,/get-salt,0,525,1776914651217,7007,3.931,429,0,
smoke,10,/get-salt,0,526,1776914651221,7002,4.059,429,0,
smoke,10,/get-salt,0,527,1776914651227,7004,6.024,429,0,
smoke,10,/get-salt,0,528,1776914651231,7008,3.325,429,0,
smoke,10,/get-salt,0,529,1776914651235,7007,4.855,429,0,
smoke,10,/get-salt,0,530,1776914651245,7003,9.923,429,0,
smoke,10,/get-salt,0,531,1776914651251,7008,5.255,429,0,
smoke,10,/get-salt,0,532,1776914651255,7006,4.03,429,0,
smoke,10,/get-salt,0,533,1776914651259,7002,4.094,429,0,
smoke,10,/get-salt,0,534,1776914651263,7004,4.194,429,0,
smoke,10,/get-salt,0,535,1776914651267,7008,3.916,429,0,
smoke,10,/get-salt,0,536,1776914651272,7005,5.611,429,0,
smoke,10,/get-salt,0,537,1776914651276,7005,3.792,429,0,
smoke,10,/get-salt,0,538,1776914651281,7002,4.414,429,0,
smoke,10,/get-salt,0,539,1776914651284,7001,3.694,429,0,
smoke,10,/get-salt,0,540,1776914651289,7001,4.715,429,0,
smoke,10,/get-salt,0,541,1776914651293,7002,4.143,429,0,
smoke,10,/get-salt,0,542,1776914651297,7007,3.716,429,0,
smoke,10,/get-salt,0,543,1776914651301,7004,3.992,429,0,
smoke,10,/get-salt,0,544,1776914651305,7009,3.817,429,0,
smoke,10,/get-salt,0,545,1776914651312,7004,7.065,429,0,
smoke,10,/get-salt,0,546,1776914651316,7001,4.153,429,0,
smoke,10,/get-salt,0,547,1776914651320,7009,4.119,429,0,
smoke,10,/get-salt,0,548,1776914651324,7010,4.048,429,0,
smoke,10,/get-salt,0,549,1776914651328,7002,3.618,429,0,
smoke,10,/get-salt,0,550,1776914651332,7009,4.33,429,0,
smoke,10,/get-salt,0,551,1776914651336,7004,3.631,429,0,
smoke,10,/get-salt,0,552,1776914651339,7005,3.194,429,0,
smoke,10,/get-salt,0,553,1776914651343,7009,4.253,429,0,
smoke,10,/get-salt,0,554,1776914651348,7009,4.513,429,0,
smoke,10,/get-salt,0,555,1776914651352,7004,4.502,429,0,
smoke,10,/get-salt,0,556,1776914651357,7001,4.483,429,0,
smoke,10,/get-salt,0,557,1776914651361,7007,3.929,429,0,
smoke,10,/get-salt,0,558,1776914651365,7009,3.916,429,0,
smoke,10,/get-salt,0,559,1776914651368,7008,3.813,429,0,
smoke,10,/get-salt,0,560,1776914651376,7006,7.724,429,0,
smoke,10,/get-salt,0,561,1776914651381,7008,5.003,429,0,
smoke,10,/get-salt,0,562,1776914651386,7001,4.678,429,0,
smoke,10,/get-salt,0,563,1776914651390,7005,4.077,429,0,
smoke,10,/get-salt,0,564,1776914651394,7004,4.188,429,0,
smoke,10,/get-salt,0,565,1776914651398,7007,4.206,429,0,
smoke,10,/get-salt,0,566,1776914651403,7008,4.316,429,0,
smoke,10,/get-salt,0,567,1776914651406,7004,3.835,429,0,
smoke,10,/get-salt,0,568,1776914651410,7002,3.336,429,0,
smoke,10,/get-salt,0,569,1776914651414,7006,4.139,429,0,
smoke,10,/get-salt,0,570,1776914651417,7010,3.514,429,0,
smoke,10,/get-salt,0,571,1776914651421,7003,3.194,429,0,
smoke,10,/get-salt,0,572,1776914651425,7008,4.255,429,0,
smoke,10,/get-salt,0,573,1776914651428,7007,3.502,429,0,
smoke,10,/get-salt,0,574,1776914651433,7003,4.166,429,0,
smoke,10,/get-salt,0,575,1776914651441,7007,8.116,429,0,
smoke,10,/get-salt,0,576,1776914651445,7007,3.897,429,0,
smoke,10,/get-salt,0,577,1776914651448,7007,3.91,429,0,
smoke,10,/get-salt,0,578,1776914651453,7007,4.239,429,0,
smoke,10,/get-salt,0,579,1776914651457,7009,3.897,429,0,
smoke,10,/get-salt,0,580,1776914651461,7004,4.581,429,0,
smoke,10,/get-salt,0,581,1776914651465,7010,3.828,429,0,
smoke,10,/get-salt,0,582,1776914651469,7002,3.51,429,0,
smoke,10,/get-salt,0,583,1776914651472,7007,3.774,429,0,
smoke,10,/get-salt,0,584,1776914651476,7003,4.099,429,0,
smoke,10,/get-salt,0,585,1776914651481,7004,4.076,429,0,
smoke,10,/get-salt,0,586,1776914651484,7002,3.481,429,0,
smoke,10,/get-salt,0,587,1776914651489,7005,4.695,429,0,
smoke,10,/get-salt,0,588,1776914651492,7004,3.709,429,0,
smoke,10,/get-salt,0,589,1776914651499,7003,7.045,429,0,
smoke,10,/get-salt,0,590,1776914651503,7007,3.406,429,0,
smoke,10,/get-salt,0,591,1776914651507,7010,3.613,429,0,
smoke,10,/get-salt,0,592,1776914651511,7001,4.105,429,0,
smoke,10,/get-salt,0,593,1776914651514,7006,3.303,429,0,
smoke,10,/get-salt,0,594,1776914651517,7001,3.552,429,0,
smoke,10,/get-salt,0,595,1776914651521,7010,3.359,429,0,
smoke,10,/get-salt,0,596,1776914651524,7006,3.493,429,0,
smoke,10,/get-salt,0,597,1776914651528,7003,3.538,429,0,
smoke,10,/get-salt,0,598,1776914651532,7007,3.804,429,0,
smoke,10,/get-salt,0,599,1776914651535,7005,3.775,429,0,
smoke,10,/get-salt,0,600,1776914651540,7004,4.079,429,0,
smoke,10,/get-salt,0,601,1776914651544,7005,4.599,429,0,
smoke,10,/get-salt,0,602,1776914651549,7006,5.018,429,0,
smoke,10,/get-salt,0,603,1776914651553,7007,3.568,429,0,
smoke,10,/get-salt,0,604,1776914651560,7009,7.266,429,0,
smoke,10,/get-salt,0,605,1776914651564,7002,3.707,429,0,
smoke,10,/get-salt,0,606,1776914651568,7010,3.803,429,0,
smoke,10,/get-salt,0,607,1776914651571,7009,3.968,429,0,
smoke,10,/get-salt,0,608,1776914651576,7008,4.278,429,0,
smoke,10,/get-salt,0,609,1776914651580,7008,3.905,429,0,
smoke,10,/get-salt,0,610,1776914651583,7003,3.718,429,0,
smoke,10,/get-salt,0,611,1776914651588,7005,4.138,429,0,
smoke,10,/get-salt,0,612,1776914651591,7006,3.655,429,0,
smoke,10,/get-salt,0,613,1776914651595,7001,3.526,429,0,
smoke,10,/get-salt,0,614,1776914651598,7006,3.448,429,0,
smoke,10,/get-salt,0,615,1776914651602,7005,3.56,429,0,
smoke,10,/get-salt,0,616,1776914651604,7009,2.284,429,0,
smoke,10,/get-salt,0,617,1776914651609,7004,4.495,429,0,
smoke,10,/get-salt,0,618,1776914651617,7004,8.397,429,0,
smoke,10,/get-salt,0,619,1776914651621,7009,3.772,429,0,
smoke,10,/get-salt,0,620,1776914651625,7008,4.065,429,0,
smoke,10,/get-salt,0,621,1776914651628,7004,3.649,429,0,
smoke,10,/get-salt,0,622,1776914651632,7003,3.429,429,0,
smoke,10,/get-salt,0,623,1776914651636,7003,4.096,429,0,
smoke,10,/get-salt,0,624,1776914651640,7004,4.452,429,0,
smoke,10,/get-salt,0,625,1776914651644,7007,3.611,429,0,
smoke,10,/get-salt,0,626,1776914651647,7009,3.425,429,0,
smoke,10,/get-salt,0,627,1776914651652,7002,4.055,429,0,
smoke,10,/get-salt,0,628,1776914651654,7004,2.852,429,0,
smoke,10,/get-salt,0,629,1776914651658,7007,4.069,429,0,
smoke,10,/get-salt,0,630,1776914651663,7002,4.549,429,0,
smoke,10,/get-salt,0,631,1776914651667,7005,4.017,429,0,
smoke,10,/get-salt,0,632,1776914651670,7010,3.455,429,0,
smoke,10,/get-salt,0,633,1776914651678,7010,7.839,429,0,
smoke,10,/get-salt,0,634,1776914651683,7001,4.224,429,0,
smoke,10,/get-salt,0,635,1776914651686,7003,3.872,429,0,
smoke,10,/get-salt,0,636,1776914651690,7007,3.492,429,0,
smoke,10,/get-salt,0,637,1776914651694,7007,4.066,429,0,
smoke,10,/get-salt,0,638,1776914651698,7003,4.102,429,0,
smoke,10,/get-salt,0,639,1776914651702,7004,4.026,429,0,
smoke,10,/get-salt,0,640,1776914651707,7004,5.03,429,0,
smoke,10,/get-salt,0,641,1776914651712,7010,4.581,429,0,
smoke,10,/get-salt,0,642,1776914651715,7007,3.577,429,0,
smoke,10,/get-salt,0,643,1776914651724,7005,8.171,429,0,
smoke,10,/get-salt,0,644,1776914651732,7010,8.584,429,0,
smoke,10,/get-salt,0,645,1776914651737,7009,4.424,429,0,
smoke,10,/get-salt,0,646,1776914651740,7007,3.936,429,0,
smoke,10,/get-salt,0,647,1776914651744,7004,3.613,429,0,
smoke,10,/get-salt,0,648,1776914651748,7009,3.608,429,0,
smoke,10,/get-salt,0,649,1776914651753,7007,4.892,429,0,
smoke,10,/get-salt,0,650,1776914651757,7006,3.916,429,0,
smoke,10,/get-salt,0,651,1776914651761,7001,4.52,429,0,
smoke,10,/get-salt,0,652,1776914651765,7008,4.022,429,0,
smoke,10,/get-salt,0,653,1776914651769,7002,3.692,429,0,
smoke,10,/get-salt,0,654,1776914651773,7003,3.767,429,0,
smoke,10,/get-salt,0,655,1776914651777,7004,4.028,429,0,
smoke,10,/get-salt,0,656,1776914651781,7010,4.189,429,0,
smoke,10,/get-salt,0,657,1776914651785,7004,4.215,429,0,
smoke,10,/get-salt,0,658,1776914651789,7002,4.184,429,0,
smoke,10,/get-salt,0,659,1776914651793,7002,3.375,429,0,
smoke,10,/get-salt,0,660,1776914651795,7003,2.723,429,0,
smoke,10,/get-salt,0,661,1776914651799,7004,3.76,429,0,
smoke,10,/get-salt,0,662,1776914651802,7005,2.975,429,0,
smoke,10,/get-salt,0,663,1776914651806,7002,3.759,429,0,
smoke,10,/get-salt,0,664,1776914651814,7003,8.321,429,0,
smoke,10,/get-salt,0,665,1776914651818,7010,3.48,429,0,
smoke,10,/get-salt,0,666,1776914651822,7003,4.401,429,0,
smoke,10,/get-salt,0,667,1776914651826,7008,4.335,429,0,
smoke,10,/get-salt,0,668,1776914651830,7002,3.377,429,0,
smoke,10,/get-salt,0,669,1776914651834,7005,4.119,429,0,
smoke,10,/get-salt,0,670,1776914651838,7009,4.252,429,0,
smoke,10,/get-salt,0,671,1776914651842,7008,3.845,429,0,
smoke,10,/get-salt,0,672,1776914651846,7003,4.494,429,0,
smoke,10,/get-salt,0,673,1776914651851,7007,4.808,429,0,
smoke,10,/get-salt,0,674,1776914651855,7001,4.057,429,0,
smoke,10,/get-salt,0,675,1776914651860,7002,4.287,429,0,
smoke,10,/get-salt,0,676,1776914651863,7005,3.751,429,0,
smoke,10,/get-salt,0,677,1776914651868,7001,4.2,429,0,
smoke,10,/get-salt,0,678,1776914651876,7001,7.998,429,0,
smoke,10,/get-salt,0,679,1776914651880,7007,4.243,429,0,
smoke,10,/get-salt,0,680,1776914651884,7002,3.899,429,0,
smoke,10,/get-salt,0,681,1776914651887,7002,3.441,429,0,
smoke,10,/get-salt,0,682,1776914651891,7008,4.252,429,0,
smoke,10,/get-salt,0,683,1776914651897,7010,5.417,429,0,
smoke,10,/get-salt,0,684,1776914651903,7001,5.676,429,0,
smoke,10,/get-salt,0,685,1776914651907,7004,4.197,429,0,
smoke,10,/get-salt,0,686,1776914651911,7005,4.288,429,0,
smoke,10,/get-salt,0,687,1776914651915,7009,4.233,429,0,
smoke,10,/get-salt,0,688,1776914651919,7010,4.093,429,0,
smoke,10,/get-salt,0,689,1776914651923,7003,3.838,429,0,
smoke,10,/get-salt,0,690,1776914651926,7010,3.057,429,0,
smoke,10,/get-salt,0,691,1776914651930,7006,4.066,429,0,
smoke,10,/get-salt,0,692,1776914651938,7009,7.413,429,0,
smoke,10,/get-salt,0,693,1776914651942,7008,4.109,429,0,
smoke,10,/get-salt,0,694,1776914651946,7003,4.576,429,0,
smoke,10,/get-salt,0,695,1776914651952,7008,5.189,429,0,
smoke,10,/get-salt,0,696,1776914651956,7001,4.296,429,0,
smoke,10,/get-salt,0,697,1776914651961,7003,4.886,429,0,
smoke,10,/get-salt,0,698,1776914651965,7010,4.432,429,0,
smoke,10,/get-salt,0,699,1776914651969,7005,4.053,429,0,
smoke,10,/get-salt,0,700,1776914651973,7009,4.046,429,0,
smoke,10,/get-salt,0,701,1776914651978,7003,4.392,429,0,
smoke,10,/get-salt,0,702,1776914651982,7009,4.23,429,0,
smoke,10,/get-salt,0,703,1776914651986,7004,3.62,429,0,
smoke,10,/get-salt,0,704,1776914651990,7003,3.923,429,0,
smoke,10,/get-salt,0,705,1776914651993,7003,3.773,429,0,
smoke,10,/get-salt,0,706,1776914651998,7005,4.306,429,0,
smoke,10,/get-salt,0,707,1776914652005,7010,7.8,429,0,
smoke,10,/get-salt,0,708,1776914652010,7008,4.075,429,0,
smoke,10,/get-salt,0,709,1776914652013,7008,3.917,429,0,
smoke,10,/get-salt,0,710,1776914652018,7001,4.184,429,0,
smoke,10,/get-salt,0,711,1776914652021,7003,3.82,429,0,
smoke,10,/get-salt,0,712,1776914652025,7008,3.976,429,0,
smoke,10,/get-salt,0,713,1776914652030,7001,4.698,429,0,
smoke,10,/get-salt,0,714,1776914652035,7005,5.264,429,0,
smoke,10,/get-salt,0,715,1776914652039,7007,3.896,429,0,
smoke,10,/get-salt,0,716,1776914652043,7008,4.148,429,0,
smoke,10,/get-salt,0,717,1776914652047,7004,3.761,429,0,
smoke,10,/get-salt,0,718,1776914652051,7003,3.865,429,0,
smoke,10,/get-salt,0,719,1776914652055,7001,3.77,429,0,
smoke,10,/get-salt,0,720,1776914652059,7007,4.157,429,0,
smoke,10,/get-salt,0,721,1776914652064,7007,4.636,429,0,
smoke,10,/get-salt,0,722,1776914652071,7007,7.467,429,0,
smoke,10,/get-salt,0,723,1776914652075,7002,3.472,429,0,
smoke,10,/get-salt,0,724,1776914652078,7003,3.63,429,0,
smoke,10,/get-salt,0,725,1776914652082,7001,3.499,429,0,
smoke,10,/get-salt,0,726,1776914652086,7006,3.804,429,0,
smoke,10,/get-salt,0,727,1776914652089,7002,3.563,429,0,
smoke,10,/get-salt,0,728,1776914652093,7001,3.831,429,0,
smoke,10,/get-salt,0,729,1776914652097,7001,4.125,429,0,
smoke,10,/get-salt,0,730,1776914652102,7002,4.415,429,0,
smoke,10,/get-salt,0,731,1776914652106,7001,4.512,429,0,
smoke,10,/get-salt,0,732,1776914652110,7004,4.093,429,0,
smoke,10,/get-salt,0,733,1776914652114,7004,3.872,429,0,
smoke,10,/get-salt,0,734,1776914652118,7005,4.295,429,0,
smoke,10,/get-salt,0,735,1776914652122,7009,3.639,429,0,
smoke,10,/get-salt,0,736,1776914652126,7007,3.625,429,0,
smoke,10,/get-salt,0,737,1776914652133,7005,6.975,429,0,
smoke,10,/get-salt,0,738,1776914652137,7010,4.236,429,0,
smoke,10,/get-salt,0,739,1776914652141,7001,4.234,429,0,
smoke,10,/get-salt,0,740,1776914652145,7008,3.982,429,0,
smoke,10,/get-salt,0,741,1776914652149,7007,4.144,429,0,
smoke,10,/get-salt,0,742,1776914652153,7006,4.304,429,0,
smoke,10,/get-salt,0,743,1776914652157,7007,3.59,429,0,
smoke,10,/get-salt,0,744,1776914652161,7002,3.958,429,0,
smoke,10,/get-salt,0,745,1776914652164,7001,3.455,429,0,
smoke,10,/get-salt,0,746,1776914652168,7001,4.006,429,0,
smoke,10,/get-salt,0,747,1776914652172,7009,3.878,429,0,
smoke,10,/get-salt,0,748,1776914652176,7010,3.89,429,0,
smoke,10,/get-salt,0,749,1776914652180,7001,3.993,429,0,
smoke,10,/get-salt,0,750,1776914652184,7002,4.165,429,0,
smoke,10,/get-salt,0,751,1776914652188,7008,3.544,429,0,
smoke,10,/get-salt,0,752,1776914652197,7004,8.569,429,0,
smoke,10,/get-salt,0,753,1776914652201,7002,4.217,429,0,
smoke,10,/get-salt,0,754,1776914652204,7009,3.441,429,0,
smoke,10,/get-salt,0,755,1776914652208,7001,3.787,429,0,
smoke,10,/get-salt,0,756,1776914652212,7002,4.076,429,0,
smoke,10,/get-salt,0,757,1776914652216,7007,3.6,429,0,
smoke,10,/get-salt,0,758,1776914652219,7004,3.664,429,0,
smoke,10,/get-salt,0,759,1776914652223,7005,3.734,429,0,
smoke,10,/get-salt,0,760,1776914652227,7010,3.926,429,0,
smoke,10,/get-salt,0,761,1776914652231,7010,3.791,429,0,
smoke,10,/get-salt,0,762,1776914652234,7009,3.499,429,0,
smoke,10,/get-salt,0,763,1776914652238,7001,3.21,429,0,
smoke,10,/get-salt,0,764,1776914652242,7006,3.98,429,0,
smoke,10,/get-salt,0,765,1776914652247,7008,4.996,429,0,
smoke,10,/get-salt,0,766,1776914652250,7008,3.424,429,0,
smoke,10,/get-salt,0,767,1776914652257,7008,7.269,429,0,
smoke,10,/get-salt,0,768,1776914652261,7008,3.669,429,0,
smoke,10,/get-salt,0,769,1776914652265,7007,4.192,429,0,
smoke,10,/get-salt,0,770,1776914652269,7006,3.694,429,0,
smoke,10,/get-salt,0,771,1776914652274,7010,4.952,429,0,
smoke,10,/get-salt,0,772,1776914652279,7003,4.756,429,0,
smoke,10,/get-salt,0,773,1776914652282,7009,3.797,429,0,
smoke,10,/get-salt,0,774,1776914652287,7002,4.337,429,0,
smoke,10,/get-salt,0,775,1776914652292,7003,5.119,429,0,
smoke,10,/get-salt,0,776,1776914652296,7009,4.188,429,0,
smoke,10,/get-salt,0,777,1776914652300,7008,3.794,429,0,
smoke,10,/get-salt,0,778,1776914652303,7010,3.573,429,0,
smoke,10,/get-salt,0,779,1776914652308,7004,4.46,429,0,
smoke,10,/get-salt,0,780,1776914652312,7003,3.752,429,0,
smoke,10,/get-salt,0,781,1776914652316,7007,4.337,429,0,
smoke,10,/get-salt,0,782,1776914652324,7001,7.689,429,0,
smoke,10,/get-salt,0,783,1776914652327,7010,3.782,429,0,
smoke,10,/get-salt,0,784,1776914652331,7003,3.652,429,0,
smoke,10,/get-salt,0,785,1776914652335,7009,4.042,429,0,
smoke,10,/get-salt,0,786,1776914652339,7005,3.43,429,0,
smoke,10,/get-salt,0,787,1776914652346,7001,7.011,429,0,
smoke,10,/get-salt,0,788,1776914652355,7005,9.686,429,0,
smoke,10,/get-salt,0,789,1776914652359,7004,4.08,429,0,
smoke,10,/get-salt,0,790,1776914652363,7007,4.165,429,0,
smoke,10,/get-salt,0,791,1776914652369,7004,5.664,429,0,
smoke,10,/get-salt,0,792,1776914652375,7002,5.529,429,0,
smoke,10,/get-salt,0,793,1776914652378,7004,3.577,429,0,
smoke,10,/get-salt,0,794,1776914652382,7009,3.715,429,0,
smoke,10,/get-salt,0,795,1776914652386,7001,4.068,429,0,
smoke,10,/get-salt,0,796,1776914652390,7004,4.273,429,0,
smoke,10,/get-salt,0,797,1776914652394,7005,3.917,429,0,
smoke,10,/get-salt,0,798,1776914652397,7007,3.055,429,0,
smoke,10,/get-salt,0,799,1776914652400,7006,3.146,429,0,
smoke,10,/get-salt,0,800,1776914652404,7004,3.117,429,0,
smoke,10,/get-salt,0,801,1776914652407,7010,3.786,429,0,
smoke,10,/get-salt,0,802,1776914652412,7004,4.835,429,0,
smoke,10,/get-salt,0,803,1776914652416,7009,4.09,429,0,
smoke,10,/get-salt,0,804,1776914652420,7006,3.876,429,0,
smoke,10,/get-salt,0,805,1776914652425,7003,4.604,429,0,
smoke,10,/get-salt,0,806,1776914652428,7010,3.675,429,0,
smoke,10,/get-salt,0,807,1776914652432,7003,3.282,429,0,
smoke,10,/get-salt,0,808,1776914652438,7002,6.219,429,0,
smoke,10,/get-salt,0,809,1776914652443,7005,4.808,429,0,
smoke,10,/get-salt,0,810,1776914652447,7009,4.219,429,0,
smoke,10,/get-salt,0,811,1776914652451,7005,4.432,429,0,
smoke,10,/get-salt,0,812,1776914652456,7009,4.257,429,0,
smoke,10,/get-salt,0,813,1776914652460,7008,4.378,429,0,
smoke,10,/get-salt,0,814,1776914652464,7002,3.87,429,0,
smoke,10,/get-salt,0,815,1776914652467,7006,3.491,429,0,
smoke,10,/get-salt,0,816,1776914652472,7003,4.611,429,0,
smoke,10,/get-salt,0,817,1776914652478,7003,5.703,429,0,
smoke,10,/get-salt,0,818,1776914652482,7001,3.721,429,0,
smoke,10,/get-salt,0,819,1776914652486,7008,4.01,429,0,
smoke,10,/get-salt,0,820,1776914652489,7003,3.431,429,0,
smoke,10,/get-salt,0,821,1776914652496,7006,6.979,429,0,
smoke,10,/get-salt,0,822,1776914652500,7001,4.343,429,0,
smoke,10,/get-salt,0,823,1776914652504,7003,3.911,429,0,
smoke,10,/get-salt,0,824,1776914652508,7009,3.8,429,0,
smoke,10,/get-salt,0,825,1776914652512,7001,3.699,429,0,
smoke,10,/get-salt,0,826,1776914652515,7007,3.32,429,0,
smoke,10,/get-salt,0,827,1776914652519,7004,3.745,429,0,
smoke,10,/get-salt,0,828,1776914652522,7009,3.569,429,0,
smoke,10,/get-salt,0,829,1776914652527,7001,4.227,429,0,
smoke,10,/get-salt,0,830,1776914652531,7005,3.968,429,0,
smoke,10,/get-salt,0,831,1776914652534,7007,3.825,429,0,
smoke,10,/get-salt,0,832,1776914652539,7001,4.675,429,0,
smoke,10,/get-salt,0,833,1776914652543,7002,4.129,429,0,
smoke,10,/get-salt,0,834,1776914652547,7007,3.992,429,0,
smoke,10,/get-salt,0,835,1776914652552,7002,4.327,429,0,
smoke,10,/get-salt,0,836,1776914652555,7010,3.605,429,0,
smoke,10,/get-salt,0,837,1776914652564,7010,9.207,429,0,
smoke,10,/get-salt,0,838,1776914652568,7005,4.074,429,0,
smoke,10,/get-salt,0,839,1776914652573,7001,4.669,429,0,
smoke,10,/get-salt,0,840,1776914652578,7006,5.04,429,0,
smoke,10,/get-salt,0,841,1776914652582,7009,4.042,429,0,
smoke,10,/get-salt,0,842,1776914652586,7003,3.425,429,0,
smoke,10,/get-salt,0,843,1776914652589,7005,3.204,429,0,
smoke,10,/get-salt,0,844,1776914652593,7005,4.293,429,0,
smoke,10,/get-salt,0,845,1776914652597,7004,3.724,429,0,
smoke,10,/get-salt,0,846,1776914652601,7007,4.47,429,0,
smoke,10,/get-salt,0,847,1776914652606,7006,4.634,429,0,
smoke,10,/get-salt,0,848,1776914652610,7008,4.397,429,0,
smoke,10,/get-salt,0,849,1776914652614,7004,3.323,429,0,
smoke,10,/get-salt,0,850,1776914652617,7004,3.223,429,0,
smoke,10,/get-salt,0,851,1776914652621,7010,3.74,429,0,
smoke,10,/get-salt,0,852,1776914652628,7009,7.144,429,0,
smoke,10,/get-salt,0,853,1776914652632,7010,3.884,429,0,
smoke,10,/get-salt,0,854,1776914652636,7002,4.607,429,0,
smoke,10,/get-salt,0,855,1776914652640,7003,4.071,429,0,
smoke,10,/get-salt,0,856,1776914652644,7006,3.82,429,0,
smoke,10,/get-salt,0,857,1776914652648,7010,3.542,429,0,
smoke,10,/get-salt,0,858,1776914652652,7006,4.361,429,0,
smoke,10,/get-salt,0,859,1776914652656,7008,4,429,0,
smoke,10,/get-salt,0,860,1776914652660,7008,3.502,429,0,
smoke,10,/get-salt,0,861,1776914652663,7009,3.473,429,0,
smoke,10,/get-salt,0,862,1776914652667,7006,3.419,429,0,
smoke,10,/get-salt,0,863,1776914652671,7005,4.052,429,0,
smoke,10,/get-salt,0,864,1776914652675,7008,4.188,429,0,
smoke,10,/get-salt,0,865,1776914652678,7008,3.291,429,0,
smoke,10,/get-salt,0,866,1776914652686,7004,8.29,429,0,
smoke,10,/get-salt,0,867,1776914652690,7004,3.904,429,0,
smoke,10,/get-salt,0,868,1776914652694,7004,3.753,429,0,
smoke,10,/get-salt,0,869,1776914652698,7008,3.9,429,0,
smoke,10,/get-salt,0,870,1776914652702,7007,4.268,429,0,
smoke,10,/get-salt,0,871,1776914652706,7006,3.488,429,0,
smoke,10,/get-salt,0,872,1776914652709,7003,3.738,429,0,
smoke,10,/get-salt,0,873,1776914652713,7003,3.452,429,0,
smoke,10,/get-salt,0,874,1776914652717,7008,3.865,429,0,
smoke,10,/get-salt,0,875,1776914652722,7008,5.199,429,0,
smoke,10,/get-salt,0,876,1776914652726,7006,4.021,429,0,
smoke,10,/get-salt,0,877,1776914652731,7005,4.918,429,0,
smoke,10,/get-salt,0,878,1776914652734,7009,3.578,429,0,
smoke,10,/get-salt,0,879,1776914652739,7005,4.308,429,0,
smoke,10,/get-salt,0,880,1776914652743,7009,4.298,429,0,
smoke,10,/get-salt,0,881,1776914652747,7007,3.64,429,0,
smoke,10,/get-salt,0,882,1776914652754,7001,7.312,429,0,
smoke,10,/get-salt,0,883,1776914652758,7007,3.781,429,0,
smoke,10,/get-salt,0,884,1776914652762,7003,3.727,429,0,
smoke,10,/get-salt,0,885,1776914652765,7007,3.84,429,0,
smoke,10,/get-salt,0,886,1776914652769,7006,3.866,429,0,
smoke,10,/get-salt,0,887,1776914652773,7010,4.048,429,0,
smoke,10,/get-salt,0,888,1776914652777,7002,3.971,429,0,
smoke,10,/get-salt,0,889,1776914652781,7001,4.101,429,0,
smoke,10,/get-salt,0,890,1776914652785,7009,3.945,429,0,
smoke,10,/get-salt,0,891,1776914652788,7010,3.057,429,0,
smoke,10,/get-salt,0,892,1776914652793,7009,4.091,429,0,
smoke,10,/get-salt,0,893,1776914652796,7004,3.472,429,0,
smoke,10,/get-salt,0,894,1776914652800,7010,3.934,429,0,
smoke,10,/get-salt,0,895,1776914652804,7008,3.825,429,0,
smoke,10,/get-salt,0,896,1776914652808,7004,4.235,429,0,
smoke,10,/get-salt,0,897,1776914652815,7008,7.323,429,0,
smoke,10,/get-salt,0,898,1776914652819,7004,3.727,429,0,
smoke,10,/get-salt,0,899,1776914652823,7004,3.811,429,0,
smoke,10,/get-salt,0,900,1776914652826,7001,3.497,429,0,
smoke,10,/get-salt,0,901,1776914652830,7002,3.868,429,0,
smoke,10,/get-salt,0,902,1776914652835,7006,4.513,429,0,
smoke,10,/get-salt,0,903,1776914652839,7005,4.114,429,0,
smoke,10,/get-salt,0,904,1776914652843,7007,3.914,429,0,
smoke,10,/get-salt,0,905,1776914652847,7003,4.214,429,0,
smoke,10,/get-salt,0,906,1776914652851,7009,3.75,429,0,
smoke,10,/get-salt,0,907,1776914652855,7006,3.84,429,0,
smoke,10,/get-salt,0,908,1776914652858,7010,3.781,429,0,
smoke,10,/get-salt,0,909,1776914652862,7001,3.672,429,0,
smoke,10,/get-salt,0,910,1776914652866,7004,3.959,429,0,
smoke,10,/get-salt,0,911,1776914652876,7009,9.568,429,0,
smoke,10,/get-salt,0,912,1776914652880,7003,4.201,429,0,
smoke,10,/get-salt,0,913,1776914652884,7001,3.772,429,0,
smoke,10,/get-salt,0,914,1776914652887,7004,3.438,429,0,
smoke,10,/get-salt,0,915,1776914652891,7005,3.891,429,0,
smoke,10,/get-salt,0,916,1776914652895,7006,4.027,429,0,
smoke,10,/get-salt,0,917,1776914652899,7006,4.279,429,0,
smoke,10,/get-salt,0,918,1776914652903,7005,3.753,429,0,
smoke,10,/get-salt,0,919,1776914652907,7009,4.172,429,0,
smoke,10,/get-salt,0,920,1776914652912,7007,4.699,429,0,
smoke,10,/get-salt,0,921,1776914652916,7005,4.011,429,0,
smoke,10,/get-salt,0,922,1776914652920,7005,4.086,429,0,
smoke,10,/get-salt,0,923,1776914652924,7010,4.139,429,0,
smoke,10,/get-salt,0,924,1776914652928,7002,4.108,429,0,
smoke,10,/get-salt,0,925,1776914652932,7007,4.049,429,0,
smoke,10,/get-salt,0,926,1776914652941,7004,8.386,429,0,
smoke,10,/get-salt,0,927,1776914652945,7005,4.61,429,0,
smoke,10,/get-salt,0,928,1776914652949,7002,3.99,429,0,
smoke,10,/get-salt,0,929,1776914652953,7009,3.736,429,0,
smoke,10,/get-salt,0,930,1776914652957,7002,3.931,429,0,
smoke,10,/get-salt,0,931,1776914652961,7009,3.975,429,0,
smoke,10,/get-salt,0,932,1776914652965,7002,3.997,429,0,
smoke,10,/get-salt,0,933,1776914652969,7009,4.491,429,0,
smoke,10,/get-salt,0,934,1776914652974,7008,4.368,429,0,
smoke,10,/get-salt,0,935,1776914652978,7003,4.275,429,0,
smoke,10,/get-salt,0,936,1776914652982,7010,3.946,429,0,
smoke,10,/get-salt,0,937,1776914652986,7010,3.603,429,0,
smoke,10,/get-salt,0,938,1776914652989,7007,3.557,429,0,
smoke,10,/get-salt,0,939,1776914652993,7001,4.126,429,0,
smoke,10,/get-salt,0,940,1776914652997,7003,3.951,429,0,
smoke,10,/get-salt,0,941,1776914653006,7008,8.294,429,0,
smoke,10,/get-salt,0,942,1776914653011,7002,5.836,429,0,
smoke,10,/get-salt,0,943,1776914653017,7008,5.764,429,0,
smoke,10,/get-salt,0,944,1776914653026,7002,8.549,429,0,
smoke,10,/get-salt,0,945,1776914653030,7009,4.038,429,0,
smoke,10,/get-salt,0,946,1776914653034,7010,4.01,429,0,
smoke,10,/get-salt,0,947,1776914653038,7010,4.063,429,0,
smoke,10,/get-salt,0,948,1776914653042,7003,3.864,429,0,
smoke,10,/get-salt,0,949,1776914653047,7008,4.736,429,0,
smoke,10,/get-salt,0,950,1776914653052,7004,5.064,429,0,
smoke,10,/get-salt,0,951,1776914653056,7003,4.669,429,0,
smoke,10,/get-salt,0,952,1776914653061,7010,4.734,429,0,
smoke,10,/get-salt,0,953,1776914653066,7008,4.743,429,0,
smoke,10,/get-salt,0,954,1776914653072,7003,6.754,429,0,
smoke,10,/get-salt,0,955,1776914653076,7006,3.201,429,0,
smoke,10,/get-salt,0,956,1776914653077,7006,1.608,429,0,
smoke,10,/get-salt,0,957,1776914653081,7009,3.631,429,0,
smoke,10,/get-salt,0,958,1776914653085,7004,4.532,429,0,
smoke,10,/get-salt,0,959,1776914653088,7009,2.341,429,0,
smoke,10,/get-salt,0,960,1776914653092,7007,4.068,429,0,
smoke,10,/get-salt,0,961,1776914653095,7006,3.339,429,0,
smoke,10,/get-salt,0,962,1776914653100,7006,4.357,429,0,
smoke,10,/get-salt,0,963,1776914653103,7010,3.74,429,0,
smoke,10,/get-salt,0,964,1776914653108,7006,4.884,429,0,
smoke,10,/get-salt,0,965,1776914653115,7004,6.614,429,0,
smoke,10,/get-salt,0,966,1776914653119,7003,3.704,429,0,
smoke,10,/get-salt,0,967,1776914653122,7008,3.842,429,0,
smoke,10,/get-salt,0,968,1776914653126,7003,3.875,429,0,
smoke,10,/get-salt,0,969,1776914653130,7008,3.883,429,0,
smoke,10,/get-salt,0,970,1776914653134,7008,3.911,429,0,
smoke,10,/get-salt,0,971,1776914653139,7004,4.734,429,0,
smoke,10,/get-salt,0,972,1776914653144,7004,5.116,429,0,
smoke,10,/get-salt,0,973,1776914653148,7006,3.56,429,0,
smoke,10,/get-salt,0,974,1776914653153,7009,5.089,429,0,
smoke,10,/get-salt,0,975,1776914653157,7001,4.569,429,0,
smoke,10,/get-salt,0,976,1776914653162,7004,5.266,429,0,
smoke,10,/get-salt,0,977,1776914653167,7009,4.087,429,0,
smoke,10,/get-salt,0,978,1776914653171,7009,4.172,429,0,
smoke,10,/get-salt,0,979,1776914653180,7006,9.645,429,0,
smoke,10,/get-salt,0,980,1776914653184,7004,3.754,429,0,
smoke,10,/get-salt,0,981,1776914653193,7009,8.544,429,0,
smoke,10,/get-salt,0,982,1776914653199,7007,5.825,429,0,
smoke,10,/get-salt,0,983,1776914653205,7007,6.104,429,0,
smoke,10,/get-salt,0,984,1776914653208,7010,3.663,429,0,
smoke,10,/get-salt,0,985,1776914653213,7001,4.378,429,0,
smoke,10,/get-salt,0,986,1776914653216,7009,3.789,429,0,
smoke,10,/get-salt,0,987,1776914653221,7001,4.302,429,0,
smoke,10,/get-salt,0,988,1776914653225,7004,3.956,429,0,
smoke,10,/get-salt,0,989,1776914653228,7004,3.441,429,0,
smoke,10,/get-salt,0,990,1776914653231,7002,2.983,429,0,
smoke,10,/get-salt,0,991,1776914653235,7003,3.655,429,0,
smoke,10,/get-salt,0,992,1776914653238,7005,3.606,429,0,
smoke,10,/get-salt,0,993,1776914653247,7001,8.766,429,0,
smoke,10,/get-salt,0,994,1776914653251,7009,3.771,429,0,
smoke,10,/get-salt,0,995,1776914653255,7007,4.017,429,0,
smoke,10,/get-salt,0,996,1776914653258,7010,3.506,429,0,
smoke,10,/get-salt,0,997,1776914653262,7010,3.506,429,0,
smoke,10,/get-salt,0,998,1776914653266,7002,3.533,429,0,
smoke,10,/get-salt,0,999,1776914653270,7009,4.015,429,0,
smoke,10,/get-salt,0,1000,1776914653274,7009,4.821,429,0,
smoke,10,/get-salt,0,1001,1776914653278,7010,3.888,429,0,
smoke,10,/get-salt,0,1002,1776914653282,7001,3.865,429,0,
smoke,10,/get-salt,0,1003,1776914653286,7009,3.57,429,0,
smoke,10,/get-salt,0,1004,1776914653289,7003,3.754,429,0,
smoke,10,/get-salt,0,1005,1776914653295,7001,5.018,429,0,
smoke,10,/get-salt,0,1006,1776914653298,7004,3.583,429,0,
smoke,10,/get-salt,0,1007,1776914653302,7008,4.094,429,0,
smoke,10,/get-salt,0,1008,1776914653310,7007,7.372,429,0,
smoke,10,/get-salt,0,1009,1776914653313,7009,3.647,429,0,
smoke,10,/get-salt,0,1010,1776914653317,7005,3.627,429,0,
smoke,10,/get-salt,0,1011,1776914653320,7003,3.558,429,0,
smoke,10,/get-salt,0,1012,1776914653324,7001,3.197,429,0,
smoke,10,/get-salt,0,1013,1776914653327,7004,3.688,429,0,
smoke,10,/get-salt,0,1014,1776914653331,7007,3.641,429,0,
smoke,10,/get-salt,0,1015,1776914653335,7004,3.579,429,0,
smoke,10,/get-salt,0,1016,1776914653338,7002,3.462,429,0,
smoke,10,/get-salt,0,1017,1776914653342,7001,4.432,429,0,
smoke,10,/get-salt,0,1018,1776914653346,7004,3.515,429,0,
smoke,10,/get-salt,0,1019,1776914653349,7004,3.424,429,0,
smoke,10,/get-salt,0,1020,1776914653353,7001,3.609,429,0,
smoke,10,/get-salt,0,1021,1776914653357,7010,3.527,429,0,
smoke,10,/get-salt,0,1022,1776914653360,7005,3.881,429,0,
smoke,10,/get-salt,0,1023,1776914653368,7005,7.644,429,0,
smoke,10,/get-salt,0,1024,1776914653372,7006,3.525,429,0,
smoke,10,/get-salt,0,1025,1776914653375,7005,3.334,429,0,
smoke,10,/get-salt,0,1026,1776914653379,7008,3.932,429,0,
smoke,10,/get-salt,0,1027,1776914653383,7006,3.991,429,0,
smoke,10,/get-salt,0,1028,1776914653386,7002,2.803,429,0,
smoke,10,/get-salt,0,1029,1776914653390,7004,4.366,429,0,
smoke,10,/get-salt,0,1030,1776914653394,7008,3.931,429,0,
smoke,10,/get-salt,0,1031,1776914653397,7004,3.291,429,0,
smoke,10,/get-salt,0,1032,1776914653401,7006,3.982,429,0,
smoke,10,/get-salt,0,1033,1776914653405,7008,3.493,429,0,
smoke,10,/get-salt,0,1034,1776914653408,7004,3.641,429,0,
smoke,10,/get-salt,0,1035,1776914653412,7007,3.847,429,0,
smoke,10,/get-salt,0,1036,1776914653416,7003,3.499,429,0,
smoke,10,/get-salt,0,1037,1776914653419,7005,3.263,429,0,
smoke,10,/get-salt,0,1038,1776914653422,7002,2.914,429,0,
smoke,10,/get-salt,0,1039,1776914653429,7006,7.041,429,0,
smoke,10,/get-salt,0,1040,1776914653432,7006,3.008,429,0,
smoke,10,/get-salt,0,1041,1776914653437,7006,4.629,429,0,
smoke,10,/get-salt,0,1042,1776914653440,7010,3.863,429,0,
smoke,10,/get-salt,0,1043,1776914653443,7006,2.972,429,0,
smoke,10,/get-salt,0,1044,1776914653449,7001,5.624,429,0,
smoke,10,/get-salt,0,1045,1776914653456,7010,6.922,429,0,
smoke,10,/get-salt,0,1046,1776914653460,7003,4.489,429,0,
smoke,10,/get-salt,0,1047,1776914653464,7010,3.348,429,0,
smoke,10,/get-salt,0,1048,1776914653468,7007,4.342,429,0,
smoke,10,/get-salt,0,1049,1776914653472,7010,3.514,429,0,
smoke,10,/get-salt,0,1050,1776914653476,7008,4.184,429,0,
smoke,10,/get-salt,0,1051,1776914653479,7005,2.866,429,0,
smoke,10,/get-salt,0,1052,1776914653481,7005,1.762,429,0,
smoke,10,/get-salt,0,1053,1776914653483,7003,2.647,429,0,
smoke,10,/get-salt,0,1054,1776914653491,7007,8.102,429,0,
smoke,10,/get-salt,0,1055,1776914653495,7002,3.487,429,0,
smoke,10,/get-salt,0,1056,1776914653498,7010,3.026,429,0,
smoke,10,/get-salt,0,1057,1776914653501,7002,3.596,429,0,
smoke,10,/get-salt,0,1058,1776914653505,7006,3.893,429,0,
smoke,10,/get-salt,0,1059,1776914653512,7009,6.435,429,0,
smoke,10,/get-salt,0,1060,1776914653516,7009,4.297,429,0,
smoke,10,/get-salt,0,1061,1776914653520,7001,3.759,429,0,
smoke,10,/get-salt,0,1062,1776914653524,7005,4.11,429,0,
smoke,10,/get-salt,0,1063,1776914653528,7004,4.086,429,0,
smoke,10,/get-salt,0,1064,1776914653532,7009,3.841,429,0,
smoke,10,/get-salt,0,1065,1776914653536,7001,3.782,429,0,
smoke,10,/get-salt,0,1066,1776914653540,7006,4.136,429,0,
smoke,10,/get-salt,0,1067,1776914653545,7007,5.115,429,0,
smoke,10,/get-salt,0,1068,1776914653558,7007,12.923,429,0,
smoke,10,/get-salt,0,1069,1776914653563,7006,4.97,429,0,
smoke,10,/get-salt,0,1070,1776914653568,7001,4.761,429,0,
smoke,10,/get-salt,0,1071,1776914653572,7001,4.431,429,0,
smoke,10,/get-salt,0,1072,1776914653578,7005,5.712,429,0,
smoke,10,/get-salt,0,1073,1776914653583,7004,5.072,429,0,
smoke,10,/get-salt,0,1074,1776914653589,7006,6.222,429,0,
smoke,10,/get-salt,0,1075,1776914653594,7007,4.697,429,0,
smoke,10,/get-salt,0,1076,1776914653598,7005,4.302,429,0,
smoke,10,/get-salt,0,1077,1776914653603,7001,4.933,429,0,
smoke,10,/get-salt,0,1078,1776914653607,7009,3.574,429,0,
smoke,10,/get-salt,0,1079,1776914653610,7007,3.879,429,0,
smoke,10,/get-salt,0,1080,1776914653615,7006,4.61,429,0,
smoke,10,/get-salt,0,1081,1776914653620,7003,5.067,429,0,
smoke,10,/get-salt,0,1082,1776914653625,7009,4.862,429,0,
smoke,10,/get-salt,0,1083,1776914653634,7007,8.897,429,0,
smoke,10,/get-salt,0,1084,1776914653639,7009,4.855,429,0,
smoke,10,/get-salt,0,1085,1776914653643,7008,4.387,429,0,
smoke,10,/get-salt,0,1086,1776914653647,7007,3.681,429,0,
smoke,10,/get-salt,0,1087,1776914653651,7006,3.978,429,0,
smoke,10,/get-salt,0,1088,1776914653655,7003,3.799,429,0,
smoke,10,/get-salt,0,1089,1776914653659,7009,4.333,429,0,
smoke,10,/get-salt,0,1090,1776914653663,7006,3.74,429,0,
smoke,10,/get-salt,0,1091,1776914653667,7007,4.261,429,0,
smoke,10,/get-salt,0,1092,1776914653671,7004,4.419,429,0,
smoke,10,/get-salt,0,1093,1776914653676,7004,5.012,429,0,
smoke,10,/get-salt,0,1094,1776914653684,7010,7.525,429,0,
smoke,10,/get-salt,0,1095,1776914653692,7001,8.087,429,0,
smoke,10,/get-salt,0,1096,1776914653701,7002,9.167,429,0,
smoke,10,/get-salt,0,1097,1776914653705,7001,3.823,429,0,
smoke,10,/get-salt,0,1098,1776914653709,7007,3.632,429,0,
smoke,10,/get-salt,0,1099,1776914653717,7007,7.986,429,0,
smoke,10,/get-salt,0,1100,1776914653722,7003,5.139,429,0,
smoke,10,/get-salt,0,1101,1776914653731,7008,9.015,429,0,
smoke,10,/get-salt,0,1102,1776914653734,7004,3.528,429,0,
smoke,10,/get-salt,0,1103,1776914653738,7007,3.513,429,0,
smoke,10,/get-salt,0,1104,1776914653742,7001,4.113,429,0,
smoke,10,/get-salt,0,1105,1776914653748,7007,5.918,429,0,
smoke,10,/get-salt,0,1106,1776914653752,7003,4.087,429,0,
smoke,10,/get-salt,0,1107,1776914653756,7010,3.929,429,0,
smoke,10,/get-salt,0,1108,1776914653760,7007,4.091,429,0,
smoke,10,/get-salt,0,1109,1776914653764,7008,4.264,429,0,
smoke,10,/get-salt,0,1110,1776914653770,7003,5.408,429,0,
smoke,10,/get-salt,0,1111,1776914653773,7004,3.252,429,0,
smoke,10,/get-salt,0,1112,1776914653777,7010,4.128,429,0,
smoke,10,/get-salt,0,1113,1776914653781,7002,3.542,429,0,
smoke,10,/get-salt,0,1114,1776914653785,7009,3.907,429,0,
smoke,10,/get-salt,0,1115,1776914653789,7009,4.04,429,0,
smoke,10,/get-salt,0,1116,1776914653793,7005,4.024,429,0,
smoke,10,/get-salt,0,1117,1776914653796,7002,3.687,429,0,
smoke,10,/get-salt,0,1118,1776914653800,7008,3.871,429,0,
smoke,10,/get-salt,0,1119,1776914653804,7005,3.852,429,0,
smoke,10,/get-salt,0,1120,1776914653808,7007,3.909,429,0,
smoke,10,/get-salt,0,1121,1776914653816,7010,8.18,429,0,
smoke,10,/get-salt,0,1122,1776914653820,7003,4.078,429,0,
smoke,10,/get-salt,0,1123,1776914653824,7010,4.168,429,0,
smoke,10,/get-salt,0,1124,1776914653829,7005,4.507,429,0,
smoke,10,/get-salt,0,1125,1776914653833,7003,3.936,429,0,
smoke,10,/get-salt,0,1126,1776914653836,7007,3.672,429,0,
smoke,10,/get-salt,0,1127,1776914653841,7008,4.154,429,0,
smoke,10,/get-salt,0,1128,1776914653845,7009,3.948,429,0,
smoke,10,/get-salt,0,1129,1776914653849,7009,4.759,429,0,
smoke,10,/get-salt,0,1130,1776914653853,7002,3.829,429,0,
smoke,10,/get-salt,0,1131,1776914653857,7005,3.987,429,0,
smoke,10,/get-salt,0,1132,1776914653861,7006,4.004,429,0,
smoke,10,/get-salt,0,1133,1776914653865,7008,3.908,429,0,
smoke,10,/get-salt,0,1134,1776914653873,7003,7.62,429,0,
smoke,10,/get-salt,1,0,1776914648877,7007,5.941,429,0,
smoke,10,/get-salt,1,1,1776914648883,7009,6.277,429,0,
smoke,10,/get-salt,1,2,1776914648895,7002,11.078,429,0,
smoke,10,/get-salt,1,3,1776914648897,7004,2.681,429,0,
smoke,10,/get-salt,1,4,1776914648901,7003,3.594,429,0,
smoke,10,/get-salt,1,5,1776914648912,7006,11.134,429,0,
smoke,10,/get-salt,1,6,1776914648919,7007,6.851,429,0,
smoke,10,/get-salt,1,7,1776914648923,7002,3.934,429,0,
smoke,10,/get-salt,1,8,1776914648927,7008,4.31,429,0,
smoke,10,/get-salt,1,9,1776914648931,7006,3.587,429,0,
smoke,10,/get-salt,1,10,1776914648941,7001,9.981,429,0,
smoke,10,/get-salt,1,11,1776914648945,7008,4.489,429,0,
smoke,10,/get-salt,1,12,1776914648950,7003,4.841,429,0,
smoke,10,/get-salt,1,13,1776914648965,7009,14.604,429,0,
smoke,10,/get-salt,1,14,1776914648969,7001,3.918,429,0,
smoke,10,/get-salt,1,15,1776914648973,7005,4.134,429,0,
smoke,10,/get-salt,1,16,1776914648977,7003,4.429,429,0,
smoke,10,/get-salt,1,17,1776914648982,7009,4.675,429,0,
smoke,10,/get-salt,1,18,1776914648986,7009,4.506,429,0,
smoke,10,/get-salt,1,19,1776914648991,7002,4.526,429,0,
smoke,10,/get-salt,1,20,1776914649006,7005,15.463,429,0,
smoke,10,/get-salt,1,21,1776914649011,7003,4.282,429,0,
smoke,10,/get-salt,1,22,1776914649015,7002,4.162,429,0,
smoke,10,/get-salt,1,23,1776914649019,7010,4.598,429,0,
smoke,10,/get-salt,1,24,1776914649024,7002,4.767,429,0,
smoke,10,/get-salt,1,25,1776914649028,7004,4.331,429,0,
smoke,10,/get-salt,1,26,1776914649033,7006,4.26,429,0,
smoke,10,/get-salt,1,27,1776914649038,7010,5.243,429,0,
smoke,10,/get-salt,1,28,1776914649042,7005,4.307,429,0,
smoke,10,/get-salt,1,29,1776914649047,7010,4.505,429,0,
smoke,10,/get-salt,1,30,1776914649051,7007,4.45,429,0,
smoke,10,/get-salt,1,31,1776914649056,7004,4.535,429,0,
smoke,10,/get-salt,1,32,1776914649060,7006,4.553,429,0,
smoke,10,/get-salt,1,33,1776914649065,7005,4.725,429,0,
smoke,10,/get-salt,1,34,1776914649082,7008,17.275,429,0,
smoke,10,/get-salt,1,35,1776914649086,7007,3.897,429,0,
smoke,10,/get-salt,1,36,1776914649091,7008,4.892,429,0,
smoke,10,/get-salt,1,37,1776914649095,7002,4.065,429,0,
smoke,10,/get-salt,1,38,1776914649099,7002,4.157,429,0,
smoke,10,/get-salt,1,39,1776914649103,7009,4.046,429,0,
smoke,10,/get-salt,1,40,1776914649107,7006,3.785,429,0,
smoke,10,/get-salt,1,41,1776914649111,7003,4.171,429,0,
smoke,10,/get-salt,1,42,1776914649116,7002,4.186,429,0,
smoke,10,/get-salt,1,43,1776914649120,7008,4.106,429,0,
smoke,10,/get-salt,1,44,1776914649124,7002,4.549,429,0,
smoke,10,/get-salt,1,45,1776914649129,7008,4.445,429,0,
smoke,10,/get-salt,1,46,1776914649132,7010,3.722,429,0,
smoke,10,/get-salt,1,47,1776914649136,7001,3.778,429,0,
smoke,10,/get-salt,1,48,1776914649140,7001,3.994,429,0,
smoke,10,/get-salt,1,49,1776914649148,7005,7.395,429,0,
smoke,10,/get-salt,1,50,1776914649151,7008,3.726,429,0,
smoke,10,/get-salt,1,51,1776914649154,7005,2.759,429,0,
smoke,10,/get-salt,1,52,1776914649157,7009,3.023,429,0,
smoke,10,/get-salt,1,53,1776914649161,7006,3.617,429,0,
smoke,10,/get-salt,1,54,1776914649165,7001,4.348,429,0,
smoke,10,/get-salt,1,55,1776914649170,7007,4.626,429,0,
smoke,10,/get-salt,1,56,1776914649174,7009,4.727,429,0,
smoke,10,/get-salt,1,57,1776914649179,7010,4.688,429,0,
smoke,10,/get-salt,1,58,1776914649183,7005,4.149,429,0,
smoke,10,/get-salt,1,59,1776914649188,7009,4.253,429,0,
smoke,10,/get-salt,1,60,1776914649193,7006,5.149,429,0,
smoke,10,/get-salt,1,61,1776914649198,7006,4.835,429,0,
smoke,10,/get-salt,1,62,1776914649202,7007,4.456,429,0,
smoke,10,/get-salt,1,63,1776914649206,7007,4.147,429,0,
smoke,10,/get-salt,1,64,1776914649211,7005,5.047,429,0,
smoke,10,/get-salt,1,65,1776914649221,7001,9.488,429,0,
smoke,10,/get-salt,1,66,1776914649226,7009,5.442,429,0,
smoke,10,/get-salt,1,67,1776914649232,7001,5.373,429,0,
smoke,10,/get-salt,1,68,1776914649236,7003,4.384,429,0,
smoke,10,/get-salt,1,69,1776914649240,7007,4.366,429,0,
smoke,10,/get-salt,1,70,1776914649245,7001,4.462,429,0,
smoke,10,/get-salt,1,71,1776914649249,7010,4.682,429,0,
smoke,10,/get-salt,1,72,1776914649255,7008,5.06,429,0,
smoke,10,/get-salt,1,73,1776914649260,7005,5.786,429,0,
smoke,10,/get-salt,1,74,1776914649264,7008,3.772,429,0,
smoke,10,/get-salt,1,75,1776914649267,7009,3.293,429,0,
smoke,10,/get-salt,1,76,1776914649272,7008,4.19,429,0,
smoke,10,/get-salt,1,77,1776914649276,7003,4.559,429,0,
smoke,10,/get-salt,1,78,1776914649280,7004,4.155,429,0,
smoke,10,/get-salt,1,79,1776914649285,7010,4.328,429,0,
smoke,10,/get-salt,1,80,1776914649289,7004,4.184,429,0,
smoke,10,/get-salt,1,81,1776914649299,7001,10.679,429,0,
smoke,10,/get-salt,1,82,1776914649311,7001,11.094,429,0,
smoke,10,/get-salt,1,83,1776914649315,7008,4.434,429,0,
smoke,10,/get-salt,1,84,1776914649319,7001,4.015,429,0,
smoke,10,/get-salt,1,85,1776914649323,7002,3.849,429,0,
smoke,10,/get-salt,1,86,1776914649327,7002,3.695,429,0,
smoke,10,/get-salt,1,87,1776914649331,7010,4.049,429,0,
smoke,10,/get-salt,1,88,1776914649336,7001,4.96,429,0,
smoke,10,/get-salt,1,89,1776914649340,7006,4.544,429,0,
smoke,10,/get-salt,1,90,1776914649345,7002,4.669,429,0,
smoke,10,/get-salt,1,91,1776914649349,7006,4.347,429,0,
smoke,10,/get-salt,1,92,1776914649353,7006,3.944,429,0,
smoke,10,/get-salt,1,93,1776914649357,7008,4.04,429,0,
smoke,10,/get-salt,1,94,1776914649361,7005,4.205,429,0,
smoke,10,/get-salt,1,95,1776914649366,7002,4.136,429,0,
smoke,10,/get-salt,1,96,1776914649370,7005,4.766,429,0,
smoke,10,/get-salt,1,97,1776914649374,7003,4.031,429,0,
smoke,10,/get-salt,1,98,1776914649379,7004,4.485,429,0,
smoke,10,/get-salt,1,99,1776914649383,7006,3.993,429,0,
smoke,10,/get-salt,1,100,1776914649387,7003,3.945,429,0,
smoke,10,/get-salt,1,101,1776914649391,7005,4.46,429,0,
smoke,10,/get-salt,1,102,1776914649398,7005,6.714,429,0,
smoke,10,/get-salt,1,103,1776914649402,7005,4.013,429,0,
smoke,10,/get-salt,1,104,1776914649406,7002,4.305,429,0,
smoke,10,/get-salt,1,105,1776914649410,7006,3.924,429,0,
smoke,10,/get-salt,1,106,1776914649414,7003,3.986,429,0,
smoke,10,/get-salt,1,107,1776914649418,7008,4.209,429,0,
smoke,10,/get-salt,1,108,1776914649422,7005,4.08,429,0,
smoke,10,/get-salt,1,109,1776914649427,7008,4.022,429,0,
smoke,10,/get-salt,1,110,1776914649431,7004,4.101,429,0,
smoke,10,/get-salt,1,111,1776914649435,7006,4.309,429,0,
smoke,10,/get-salt,1,112,1776914649440,7005,5.275,429,0,
smoke,10,/get-salt,1,113,1776914649444,7005,4.265,429,0,
smoke,10,/get-salt,1,114,1776914649449,7005,4.677,429,0,
smoke,10,/get-salt,1,115,1776914649457,7008,7.923,429,0,
smoke,10,/get-salt,1,116,1776914649462,7007,4.522,429,0,
smoke,10,/get-salt,1,117,1776914649466,7010,4.169,429,0,
smoke,10,/get-salt,1,118,1776914649470,7002,4.482,429,0,
smoke,10,/get-salt,1,119,1776914649474,7007,4.02,429,0,
smoke,10,/get-salt,1,120,1776914649478,7005,4.164,429,0,
smoke,10,/get-salt,1,121,1776914649483,7006,4.311,429,0,
smoke,10,/get-salt,1,122,1776914649487,7001,4.13,429,0,
smoke,10,/get-salt,1,123,1776914649491,7010,4.54,429,0,
smoke,10,/get-salt,1,124,1776914649496,7005,4.113,429,0,
smoke,10,/get-salt,1,125,1776914649501,7006,5.258,429,0,
smoke,10,/get-salt,1,126,1776914649505,7003,4.585,429,0,
smoke,10,/get-salt,1,127,1776914649510,7006,4.092,429,0,
smoke,10,/get-salt,1,128,1776914649513,7002,3.969,429,0,
smoke,10,/get-salt,1,129,1776914649518,7002,4.285,429,0,
smoke,10,/get-salt,1,130,1776914649527,7007,9.025,429,0,
smoke,10,/get-salt,1,131,1776914649531,7005,4.266,429,0,
smoke,10,/get-salt,1,132,1776914649535,7005,4.009,429,0,
smoke,10,/get-salt,1,133,1776914649539,7002,3.658,429,0,
smoke,10,/get-salt,1,134,1776914649545,7005,6.36,429,0,
smoke,10,/get-salt,1,135,1776914649555,7006,9.625,429,0,
smoke,10,/get-salt,1,136,1776914649560,7010,5.458,429,0,
smoke,10,/get-salt,1,137,1776914649564,7007,3.865,429,0,
smoke,10,/get-salt,1,138,1776914649568,7005,3.932,429,0,
smoke,10,/get-salt,1,139,1776914649572,7001,4.472,429,0,
smoke,10,/get-salt,1,140,1776914649576,7007,3.982,429,0,
smoke,10,/get-salt,1,141,1776914649582,7004,5.188,429,0,
smoke,10,/get-salt,1,142,1776914649586,7008,4.103,429,0,
smoke,10,/get-salt,1,143,1776914649590,7006,4.397,429,0,
smoke,10,/get-salt,1,144,1776914649594,7010,3.773,429,0,
smoke,10,/get-salt,1,145,1776914649598,7001,3.788,429,0,
smoke,10,/get-salt,1,146,1776914649605,7003,6.762,429,0,
smoke,10,/get-salt,1,147,1776914649609,7005,4.602,429,0,
smoke,10,/get-salt,1,148,1776914649614,7003,4.59,429,0,
smoke,10,/get-salt,1,149,1776914649618,7004,4.566,429,0,
smoke,10,/get-salt,1,150,1776914649622,7009,4.14,429,0,
smoke,10,/get-salt,1,151,1776914649627,7007,4.167,429,0,
smoke,10,/get-salt,1,152,1776914649631,7009,4.132,429,0,
smoke,10,/get-salt,1,153,1776914649633,7007,2.489,429,0,
smoke,10,/get-salt,1,154,1776914649637,7003,3.368,429,0,
smoke,10,/get-salt,1,155,1776914649641,7002,3.92,429,0,
smoke,10,/get-salt,1,156,1776914649647,7010,6.655,429,0,
smoke,10,/get-salt,1,157,1776914649651,7004,3.652,429,0,
smoke,10,/get-salt,1,158,1776914649654,7004,3.008,429,0,
smoke,10,/get-salt,1,159,1776914649657,7005,3.551,429,0,
smoke,10,/get-salt,1,160,1776914649662,7002,4.479,429,0,
smoke,10,/get-salt,1,161,1776914649668,7010,5.711,429,0,
smoke,10,/get-salt,1,162,1776914649674,7003,6.101,429,0,
smoke,10,/get-salt,1,163,1776914649678,7001,4.502,429,0,
smoke,10,/get-salt,1,164,1776914649682,7001,4.069,429,0,
smoke,10,/get-salt,1,165,1776914649686,7007,4.087,429,0,
smoke,10,/get-salt,1,166,1776914649693,7005,6.344,429,0,
smoke,10,/get-salt,1,167,1776914649697,7004,3.836,429,0,
smoke,10,/get-salt,1,168,1776914649704,7006,7.558,429,0,
smoke,10,/get-salt,1,169,1776914649709,7008,4.581,429,0,
smoke,10,/get-salt,1,170,1776914649712,7001,3.566,429,0,
smoke,10,/get-salt,1,171,1776914649714,7004,1.773,429,0,
smoke,10,/get-salt,1,172,1776914649719,7002,4.94,429,0,
smoke,10,/get-salt,1,173,1776914649723,7008,3.957,429,0,
smoke,10,/get-salt,1,174,1776914649726,7008,3.338,429,0,
smoke,10,/get-salt,1,175,1776914649730,7008,3.829,429,0,
smoke,10,/get-salt,1,176,1776914649734,7003,3.86,429,0,
smoke,10,/get-salt,1,177,1776914649738,7006,4.252,429,0,
smoke,10,/get-salt,1,178,1776914649742,7007,4.187,429,0,
smoke,10,/get-salt,1,179,1776914649746,7006,4.03,429,0,
smoke,10,/get-salt,1,180,1776914649752,7002,6.011,429,0,
smoke,10,/get-salt,1,181,1776914649757,7003,4.747,429,0,
smoke,10,/get-salt,1,182,1776914649761,7001,3.933,429,0,
smoke,10,/get-salt,1,183,1776914649765,7003,3.388,429,0,
smoke,10,/get-salt,1,184,1776914649772,7005,7.572,429,0,
smoke,10,/get-salt,1,185,1776914649776,7010,3.798,429,0,
smoke,10,/get-salt,1,186,1776914649779,7004,3.228,429,0,
smoke,10,/get-salt,1,187,1776914649784,7002,4.795,429,0,
smoke,10,/get-salt,1,188,1776914649788,7009,3.78,429,0,
smoke,10,/get-salt,1,189,1776914649792,7005,3.943,429,0,
smoke,10,/get-salt,1,190,1776914649795,7009,3.413,429,0,
smoke,10,/get-salt,1,191,1776914649799,7008,4.228,429,0,
smoke,10,/get-salt,1,192,1776914649804,7004,4.823,429,0,
smoke,10,/get-salt,1,193,1776914649809,7003,4.886,429,0,
smoke,10,/get-salt,1,194,1776914649814,7009,4.45,429,0,
smoke,10,/get-salt,1,195,1776914649817,7001,3.94,429,0,
smoke,10,/get-salt,1,196,1776914649822,7007,4.456,429,0,
smoke,10,/get-salt,1,197,1776914649826,7007,4.204,429,0,
smoke,10,/get-salt,1,198,1776914649830,7006,3.732,429,0,
smoke,10,/get-salt,1,199,1776914649842,7005,12.527,429,0,
smoke,10,/get-salt,1,200,1776914649850,7002,7.24,429,0,
smoke,10,/get-salt,1,201,1776914649854,7005,3.865,429,0,
smoke,10,/get-salt,1,202,1776914649858,7008,4.028,429,0,
smoke,10,/get-salt,1,203,1776914649863,7007,4.966,429,0,
smoke,10,/get-salt,1,204,1776914649867,7009,4.177,429,0,
smoke,10,/get-salt,1,205,1776914649871,7003,3.923,429,0,
smoke,10,/get-salt,1,206,1776914649874,7009,3.574,429,0,
smoke,10,/get-salt,1,207,1776914649878,7007,4.135,429,0,
smoke,10,/get-salt,1,208,1776914649882,7004,3.926,429,0,
smoke,10,/get-salt,1,209,1776914649886,7010,3.556,429,0,
smoke,10,/get-salt,1,210,1776914649889,7005,3.525,429,0,
smoke,10,/get-salt,1,211,1776914649893,7001,3.745,429,0,
smoke,10,/get-salt,1,212,1776914649897,7003,4.262,429,0,
smoke,10,/get-salt,1,213,1776914649901,7005,4.12,429,0,
smoke,10,/get-salt,1,214,1776914649905,7007,3.84,429,0,
smoke,10,/get-salt,1,215,1776914649909,7006,3.772,429,0,
smoke,10,/get-salt,1,216,1776914649913,7001,3.866,429,0,
smoke,10,/get-salt,1,217,1776914649917,7006,3.849,429,0,
smoke,10,/get-salt,1,218,1776914649921,7010,4.244,429,0,
smoke,10,/get-salt,1,219,1776914649925,7006,3.598,429,0,
smoke,10,/get-salt,1,220,1776914649931,7007,6.308,429,0,
smoke,10,/get-salt,1,221,1776914649935,7009,4.227,429,0,
smoke,10,/get-salt,1,222,1776914649939,7008,4.208,429,0,
smoke,10,/get-salt,1,223,1776914649943,7006,3.946,429,0,
smoke,10,/get-salt,1,224,1776914649948,7007,4.67,429,0,
smoke,10,/get-salt,1,225,1776914649952,7003,3.894,429,0,
smoke,10,/get-salt,1,226,1776914649957,7010,4.577,429,0,
smoke,10,/get-salt,1,227,1776914649960,7004,3.591,429,0,
smoke,10,/get-salt,1,228,1776914649963,7003,3.355,429,0,
smoke,10,/get-salt,1,229,1776914649967,7004,3.285,429,0,
smoke,10,/get-salt,1,230,1776914649971,7007,4.168,429,0,
smoke,10,/get-salt,1,231,1776914649975,7004,3.754,429,0,
smoke,10,/get-salt,1,232,1776914649979,7005,4.073,429,0,
smoke,10,/get-salt,1,233,1776914649987,7004,8.671,429,0,
smoke,10,/get-salt,1,234,1776914649992,7007,4.467,429,0,
smoke,10,/get-salt,1,235,1776914649996,7007,4.294,429,0,
smoke,10,/get-salt,1,236,1776914650001,7007,4.418,429,0,
smoke,10,/get-salt,1,237,1776914650005,7003,4.314,429,0,
smoke,10,/get-salt,1,238,1776914650009,7007,4.351,429,0,
smoke,10,/get-salt,1,239,1776914650013,7004,3.846,429,0,
smoke,10,/get-salt,1,240,1776914650018,7008,4.397,429,0,
smoke,10,/get-salt,1,241,1776914650022,7002,4.331,429,0,
smoke,10,/get-salt,1,242,1776914650026,7002,3.84,429,0,
smoke,10,/get-salt,1,243,1776914650030,7010,4.079,429,0,
smoke,10,/get-salt,1,244,1776914650033,7002,3.498,429,0,
smoke,10,/get-salt,1,245,1776914650037,7005,4.055,429,0,
smoke,10,/get-salt,1,246,1776914650041,7006,4.085,429,0,
smoke,10,/get-salt,1,247,1776914650045,7006,3.984,429,0,
smoke,10,/get-salt,1,248,1776914650049,7005,3.716,429,0,
smoke,10,/get-salt,1,249,1776914650057,7001,7.464,429,0,
smoke,10,/get-salt,1,250,1776914650061,7005,3.924,429,0,
smoke,10,/get-salt,1,251,1776914650064,7007,3.783,429,0,
smoke,10,/get-salt,1,252,1776914650068,7009,3.902,429,0,
smoke,10,/get-salt,1,253,1776914650072,7005,3.821,429,0,
smoke,10,/get-salt,1,254,1776914650076,7008,3.852,429,0,
smoke,10,/get-salt,1,255,1776914650080,7003,4.011,429,0,
smoke,10,/get-salt,1,256,1776914650084,7007,3.707,429,0,
smoke,10,/get-salt,1,257,1776914650088,7007,3.953,429,0,
smoke,10,/get-salt,1,258,1776914650092,7008,4.22,429,0,
smoke,10,/get-salt,1,259,1776914650096,7002,3.834,429,0,
smoke,10,/get-salt,1,260,1776914650100,7001,4.202,429,0,
smoke,10,/get-salt,1,261,1776914650104,7008,3.718,429,0,
smoke,10,/get-salt,1,262,1776914650107,7008,3.442,429,0,
smoke,10,/get-salt,1,263,1776914650111,7007,3.861,429,0,
smoke,10,/get-salt,1,264,1776914650119,7006,8.125,429,0,
smoke,10,/get-salt,1,265,1776914650123,7010,3.717,429,0,
smoke,10,/get-salt,1,266,1776914650127,7010,4.283,429,0,
smoke,10,/get-salt,1,267,1776914650131,7010,4.087,429,0,
smoke,10,/get-salt,1,268,1776914650135,7010,3.844,429,0,
smoke,10,/get-salt,1,269,1776914650139,7009,3.735,429,0,
smoke,10,/get-salt,1,270,1776914650143,7005,4.188,429,0,
smoke,10,/get-salt,1,271,1776914650147,7002,4.274,429,0,
smoke,10,/get-salt,1,272,1776914650152,7002,4.409,429,0,
smoke,10,/get-salt,1,273,1776914650156,7007,4.026,429,0,
smoke,10,/get-salt,1,274,1776914650160,7007,3.94,429,0,
smoke,10,/get-salt,1,275,1776914650164,7009,4.136,429,0,
smoke,10,/get-salt,1,276,1776914650168,7010,4.143,429,0,
smoke,10,/get-salt,1,277,1776914650172,7005,3.992,429,0,
smoke,10,/get-salt,1,278,1776914650176,7008,3.61,429,0,
smoke,10,/get-salt,1,279,1776914650184,7008,8.481,429,0,
smoke,10,/get-salt,1,280,1776914650188,7004,3.742,429,0,
smoke,10,/get-salt,1,281,1776914650192,7007,3.904,429,0,
smoke,10,/get-salt,1,282,1776914650196,7004,4.24,429,0,
smoke,10,/get-salt,1,283,1776914650200,7002,3.936,429,0,
smoke,10,/get-salt,1,284,1776914650203,7010,3.543,429,0,
smoke,10,/get-salt,1,285,1776914650207,7001,3.861,429,0,
smoke,10,/get-salt,1,286,1776914650211,7004,4.17,429,0,
smoke,10,/get-salt,1,287,1776914650216,7008,4.146,429,0,
smoke,10,/get-salt,1,288,1776914650220,7007,4.256,429,0,
smoke,10,/get-salt,1,289,1776914650224,7006,4.525,429,0,
smoke,10,/get-salt,1,290,1776914650229,7009,4.391,429,0,
smoke,10,/get-salt,1,291,1776914650234,7002,4.804,429,0,
smoke,10,/get-salt,1,292,1776914650237,7009,3.42,429,0,
smoke,10,/get-salt,1,293,1776914650241,7006,3.927,429,0,
smoke,10,/get-salt,1,294,1776914650249,7002,7.799,429,0,
smoke,10,/get-salt,1,295,1776914650253,7004,4.068,429,0,
smoke,10,/get-salt,1,296,1776914650257,7008,4.167,429,0,
smoke,10,/get-salt,1,297,1776914650261,7004,4.246,429,0,
smoke,10,/get-salt,1,298,1776914650265,7010,4.125,429,0,
smoke,10,/get-salt,1,299,1776914650269,7010,4.104,429,0,
smoke,10,/get-salt,1,300,1776914650273,7003,3.681,429,0,
smoke,10,/get-salt,1,301,1776914650277,7002,4.178,429,0,
smoke,10,/get-salt,1,302,1776914650281,7007,3.971,429,0,
smoke,10,/get-salt,1,303,1776914650286,7006,4.75,429,0,
smoke,10,/get-salt,1,304,1776914650290,7003,3.526,429,0,
smoke,10,/get-salt,1,305,1776914650293,7006,3.43,429,0,
smoke,10,/get-salt,1,306,1776914650297,7006,4.021,429,0,
smoke,10,/get-salt,1,307,1776914650301,7002,4.209,429,0,
smoke,10,/get-salt,1,308,1776914650305,7010,3.672,429,0,
smoke,10,/get-salt,1,309,1776914650313,7003,7.62,429,0,
smoke,10,/get-salt,1,310,1776914650316,7009,3.758,429,0,
smoke,10,/get-salt,1,311,1776914650320,7008,3.721,429,0,
smoke,10,/get-salt,1,312,1776914650324,7004,4.426,429,0,
smoke,10,/get-salt,1,313,1776914650328,7010,3.581,429,0,
smoke,10,/get-salt,1,314,1776914650332,7003,3.774,429,0,
smoke,10,/get-salt,1,315,1776914650336,7009,3.987,429,0,
smoke,10,/get-salt,1,316,1776914650340,7001,4.085,429,0,
smoke,10,/get-salt,1,317,1776914650344,7007,3.664,429,0,
smoke,10,/get-salt,1,318,1776914650348,7006,4.181,429,0,
smoke,10,/get-salt,1,319,1776914650352,7005,4.054,429,0,
smoke,10,/get-salt,1,320,1776914650356,7006,4.231,429,0,
smoke,10,/get-salt,1,321,1776914650360,7001,4.297,429,0,
smoke,10,/get-salt,1,322,1776914650365,7009,4.307,429,0,
smoke,10,/get-salt,1,323,1776914650368,7002,3.449,429,0,
smoke,10,/get-salt,1,324,1776914650372,7003,4.272,429,0,
smoke,10,/get-salt,1,325,1776914650382,7009,9.428,429,0,
smoke,10,/get-salt,1,326,1776914650386,7003,3.819,429,0,
smoke,10,/get-salt,1,327,1776914650389,7002,3.652,429,0,
smoke,10,/get-salt,1,328,1776914650393,7010,3.501,429,0,
smoke,10,/get-salt,1,329,1776914650396,7008,3.558,429,0,
smoke,10,/get-salt,1,330,1776914650400,7009,3.918,429,0,
smoke,10,/get-salt,1,331,1776914650404,7007,3.6,429,0,
smoke,10,/get-salt,1,332,1776914650408,7010,3.788,429,0,
smoke,10,/get-salt,1,333,1776914650412,7009,4.048,429,0,
smoke,10,/get-salt,1,334,1776914650416,7006,4.27,429,0,
smoke,10,/get-salt,1,335,1776914650420,7006,4.285,429,0,
smoke,10,/get-salt,1,336,1776914650424,7001,3.403,429,0,
smoke,10,/get-salt,1,337,1776914650428,7006,4.452,429,0,
smoke,10,/get-salt,1,338,1776914650431,7009,3.245,429,0,
smoke,10,/get-salt,1,339,1776914650439,7004,7.734,429,0,
smoke,10,/get-salt,1,340,1776914650446,7008,6.598,429,0,
smoke,10,/get-salt,1,341,1776914650453,7010,6.836,429,0,
smoke,10,/get-salt,1,342,1776914650461,7008,8.65,429,0,
smoke,10,/get-salt,1,343,1776914650466,7003,4.368,429,0,
smoke,10,/get-salt,1,344,1776914650470,7007,4.131,429,0,
smoke,10,/get-salt,1,345,1776914650474,7002,4.173,429,0,
smoke,10,/get-salt,1,346,1776914650479,7003,4.693,429,0,
smoke,10,/get-salt,1,347,1776914650483,7008,3.922,429,0,
smoke,10,/get-salt,1,348,1776914650487,7001,4.071,429,0,
smoke,10,/get-salt,1,349,1776914650490,7005,3.782,429,0,
smoke,10,/get-salt,1,350,1776914650494,7009,4.022,429,0,
smoke,10,/get-salt,1,351,1776914650499,7003,4.729,429,0,
smoke,10,/get-salt,1,352,1776914650502,7004,3.273,429,0,
smoke,10,/get-salt,1,353,1776914650506,7001,3.186,429,0,
smoke,10,/get-salt,1,354,1776914650509,7002,3.646,429,0,
smoke,10,/get-salt,1,355,1776914650513,7006,3.44,429,0,
smoke,10,/get-salt,1,356,1776914650516,7009,3.657,429,0,
smoke,10,/get-salt,1,357,1776914650520,7005,3.24,429,0,
smoke,10,/get-salt,1,358,1776914650523,7004,3.537,429,0,
smoke,10,/get-salt,1,359,1776914650528,7004,4.449,429,0,
smoke,10,/get-salt,1,360,1776914650531,7001,3.849,429,0,
smoke,10,/get-salt,1,361,1776914650538,7003,6.523,429,0,
smoke,10,/get-salt,1,362,1776914650542,7010,3.894,429,0,
smoke,10,/get-salt,1,363,1776914650545,7009,3.516,429,0,
smoke,10,/get-salt,1,364,1776914650550,7005,4.238,429,0,
smoke,10,/get-salt,1,365,1776914650554,7007,4.649,429,0,
smoke,10,/get-salt,1,366,1776914650561,7005,6.825,429,0,
smoke,10,/get-salt,1,367,1776914650567,7007,6.243,429,0,
smoke,10,/get-salt,1,368,1776914650573,7003,5.179,429,0,
smoke,10,/get-salt,1,369,1776914650576,7009,3.417,429,0,
smoke,10,/get-salt,1,370,1776914650580,7003,3.619,429,0,
smoke,10,/get-salt,1,371,1776914650584,7008,4.133,429,0,
smoke,10,/get-salt,1,372,1776914650587,7007,3.644,429,0,
smoke,10,/get-salt,1,373,1776914650590,7002,3.017,429,0,
smoke,10,/get-salt,1,374,1776914650596,7008,5.117,429,0,
smoke,10,/get-salt,1,375,1776914650603,7006,7.654,429,0,
smoke,10,/get-salt,1,376,1776914650607,7006,3.509,429,0,
smoke,10,/get-salt,1,377,1776914650610,7009,3.196,429,0,
smoke,10,/get-salt,1,378,1776914650615,7006,4.766,429,0,
smoke,10,/get-salt,1,379,1776914650619,7010,3.961,429,0,
smoke,10,/get-salt,1,380,1776914650629,7008,10.568,429,0,
smoke,10,/get-salt,1,381,1776914650633,7006,3.697,429,0,
smoke,10,/get-salt,1,382,1776914650638,7007,4.793,429,0,
smoke,10,/get-salt,1,383,1776914650643,7001,4.985,429,0,
smoke,10,/get-salt,1,384,1776914650646,7010,2.848,429,0,
smoke,10,/get-salt,1,385,1776914650648,7006,2.874,429,0,
smoke,10,/get-salt,1,386,1776914650657,7003,8.821,429,0,
smoke,10,/get-salt,1,387,1776914650664,7002,6.442,429,0,
smoke,10,/get-salt,1,388,1776914650667,7003,3.738,429,0,
smoke,10,/get-salt,1,389,1776914650671,7008,3.995,429,0,
smoke,10,/get-salt,1,390,1776914650675,7004,3.332,429,0,
smoke,10,/get-salt,1,391,1776914650679,7009,4.088,429,0,
smoke,10,/get-salt,1,392,1776914650682,7005,3.302,429,0,
smoke,10,/get-salt,1,393,1776914650685,7010,2.979,429,0,
smoke,10,/get-salt,1,394,1776914650689,7002,3.836,429,0,
smoke,10,/get-salt,1,395,1776914650694,7006,4.952,429,0,
smoke,10,/get-salt,1,396,1776914650697,7001,3.502,429,0,
smoke,10,/get-salt,1,397,1776914650701,7010,3.804,429,0,
smoke,10,/get-salt,1,398,1776914650705,7002,3.804,429,0,
smoke,10,/get-salt,1,399,1776914650709,7001,3.829,429,0,
smoke,10,/get-salt,1,400,1776914650713,7008,3.903,429,0,
smoke,10,/get-salt,1,401,1776914650716,7010,3.559,429,0,
smoke,10,/get-salt,1,402,1776914650723,7006,6.877,429,0,
smoke,10,/get-salt,1,403,1776914650726,7006,3.213,429,0,
smoke,10,/get-salt,1,404,1776914650730,7007,3.531,429,0,
smoke,10,/get-salt,1,405,1776914650734,7006,3.676,429,0,
smoke,10,/get-salt,1,406,1776914650737,7005,3.227,429,0,
smoke,10,/get-salt,1,407,1776914650741,7006,3.731,429,0,
smoke,10,/get-salt,1,408,1776914650745,7006,4.11,429,0,
smoke,10,/get-salt,1,409,1776914650749,7009,3.936,429,0,
smoke,10,/get-salt,1,410,1776914650752,7001,3.764,429,0,
smoke,10,/get-salt,1,411,1776914650757,7002,4.065,429,0,
smoke,10,/get-salt,1,412,1776914650761,7004,4.051,429,0,
smoke,10,/get-salt,1,413,1776914650764,7008,3.282,429,0,
smoke,10,/get-salt,1,414,1776914650768,7003,3.625,429,0,
smoke,10,/get-salt,1,415,1776914650772,7010,4.23,429,0,
smoke,10,/get-salt,1,416,1776914650776,7001,3.991,429,0,
smoke,10,/get-salt,1,417,1776914650789,7008,13.497,429,0,
smoke,10,/get-salt,1,418,1776914650793,7009,4.157,429,0,
smoke,10,/get-salt,1,419,1776914650797,7004,3.252,429,0,
smoke,10,/get-salt,1,420,1776914650801,7010,3.833,429,0,
smoke,10,/get-salt,1,421,1776914650805,7007,4.087,429,0,
smoke,10,/get-salt,1,422,1776914650808,7003,3.773,429,0,
smoke,10,/get-salt,1,423,1776914650812,7006,3.796,429,0,
smoke,10,/get-salt,1,424,1776914650816,7002,3.876,429,0,
smoke,10,/get-salt,1,425,1776914650820,7008,3.53,429,0,
smoke,10,/get-salt,1,426,1776914650824,7007,3.979,429,0,
smoke,10,/get-salt,1,427,1776914650828,7001,4.088,429,0,
smoke,10,/get-salt,1,428,1776914650832,7001,4.118,429,0,
smoke,10,/get-salt,1,429,1776914650836,7003,4.171,429,0,
smoke,10,/get-salt,1,430,1776914650840,7001,4.032,429,0,
smoke,10,/get-salt,1,431,1776914650844,7009,3.965,429,0,
smoke,10,/get-salt,1,432,1776914650852,7002,7.739,429,0,
smoke,10,/get-salt,1,433,1776914650855,7008,3.781,429,0,
smoke,10,/get-salt,1,434,1776914650859,7010,3.454,429,0,
smoke,10,/get-salt,1,435,1776914650863,7006,3.679,429,0,
smoke,10,/get-salt,1,436,1776914650866,7004,3.377,429,0,
smoke,10,/get-salt,1,437,1776914650870,7006,3.998,429,0,
smoke,10,/get-salt,1,438,1776914650874,7002,4.297,429,0,
smoke,10,/get-salt,1,439,1776914650878,7008,4.09,429,0,
smoke,10,/get-salt,1,440,1776914650883,7007,4.324,429,0,
smoke,10,/get-salt,1,441,1776914650887,7004,3.869,429,0,
smoke,10,/get-salt,1,442,1776914650890,7003,3.652,429,0,
smoke,10,/get-salt,1,443,1776914650895,7002,4.726,429,0,
smoke,10,/get-salt,1,444,1776914650899,7002,4.013,429,0,
smoke,10,/get-salt,1,445,1776914650902,7010,3.182,429,0,
smoke,10,/get-salt,1,446,1776914650906,7007,3.342,429,0,
smoke,10,/get-salt,1,447,1776914650914,7008,8.839,429,0,
smoke,10,/get-salt,1,448,1776914650919,7001,4.193,429,0,
smoke,10,/get-salt,1,449,1776914650923,7010,4.008,429,0,
smoke,10,/get-salt,1,450,1776914650926,7002,3.654,429,0,
smoke,10,/get-salt,1,451,1776914650930,7009,3.733,429,0,
smoke,10,/get-salt,1,452,1776914650934,7006,4.327,429,0,
smoke,10,/get-salt,1,453,1776914650938,7007,3.911,429,0,
smoke,10,/get-salt,1,454,1776914650942,7008,4.004,429,0,
smoke,10,/get-salt,1,455,1776914650947,7006,4.356,429,0,
smoke,10,/get-salt,1,456,1776914650950,7010,3.728,429,0,
smoke,10,/get-salt,1,457,1776914650955,7010,4.677,429,0,
smoke,10,/get-salt,1,458,1776914650960,7004,5.04,429,0,
smoke,10,/get-salt,1,459,1776914650964,7008,3.739,429,0,
smoke,10,/get-salt,1,460,1776914650967,7001,3.347,429,0,
smoke,10,/get-salt,1,461,1776914650971,7007,4.04,429,0,
smoke,10,/get-salt,1,462,1776914650980,7006,8.544,429,0,
smoke,10,/get-salt,1,463,1776914650984,7006,4.65,429,0,
smoke,10,/get-salt,1,464,1776914650988,7004,3.899,429,0,
smoke,10,/get-salt,1,465,1776914650992,7004,3.459,429,0,
smoke,10,/get-salt,1,466,1776914650996,7007,4.369,429,0,
smoke,10,/get-salt,1,467,1776914651000,7007,3.811,429,0,
smoke,10,/get-salt,1,468,1776914651005,7003,5.505,429,0,
smoke,10,/get-salt,1,469,1776914651009,7008,3.454,429,0,
smoke,10,/get-salt,1,470,1776914651013,7005,4.303,429,0,
smoke,10,/get-salt,1,471,1776914651017,7004,3.985,429,0,
smoke,10,/get-salt,1,472,1776914651020,7010,3.271,429,0,
smoke,10,/get-salt,1,473,1776914651024,7002,3.415,429,0,
smoke,10,/get-salt,1,474,1776914651028,7007,4.024,429,0,
smoke,10,/get-salt,1,475,1776914651032,7008,3.882,429,0,
smoke,10,/get-salt,1,476,1776914651035,7005,3.649,429,0,
smoke,10,/get-salt,1,477,1776914651045,7002,9.161,429,0,
smoke,10,/get-salt,1,478,1776914651049,7010,3.872,429,0,
smoke,10,/get-salt,1,479,1776914651052,7010,3.964,429,0,
smoke,10,/get-salt,1,480,1776914651057,7004,4.893,429,0,
smoke,10,/get-salt,1,481,1776914651063,7010,5.317,429,0,
smoke,10,/get-salt,1,482,1776914651067,7003,4.019,429,0,
smoke,10,/get-salt,1,483,1776914651071,7009,4.214,429,0,
smoke,10,/get-salt,1,484,1776914651076,7008,4.765,429,0,
smoke,10,/get-salt,1,485,1776914651079,7005,3.769,429,0,
smoke,10,/get-salt,1,486,1776914651083,7006,3.523,429,0,
smoke,10,/get-salt,1,487,1776914651087,7008,4.259,429,0,
smoke,10,/get-salt,1,488,1776914651102,7001,14.966,429,0,
smoke,10,/get-salt,1,489,1776914651106,7003,4.049,429,0,
smoke,10,/get-salt,1,490,1776914651110,7007,3.52,429,0,
smoke,10,/get-salt,1,491,1776914651113,7009,3.274,429,0,
smoke,10,/get-salt,1,492,1776914651117,7005,3.608,429,0,
smoke,10,/get-salt,1,493,1776914651122,7003,5.024,429,0,
smoke,10,/get-salt,1,494,1776914651126,7001,4.152,429,0,
smoke,10,/get-salt,1,495,1776914651129,7006,3.351,429,0,
smoke,10,/get-salt,1,496,1776914651132,7009,2.314,429,0,
smoke,10,/get-salt,1,497,1776914651135,7010,3.776,429,0,
smoke,10,/get-salt,1,498,1776914651142,7010,6.792,429,0,
smoke,10,/get-salt,1,499,1776914651147,7004,4.748,429,0,
smoke,10,/get-salt,1,500,1776914651151,7010,3.868,429,0,
smoke,10,/get-salt,1,501,1776914651155,7004,4.01,429,0,
smoke,10,/get-salt,1,502,1776914651158,7009,3.582,429,0,
smoke,10,/get-salt,1,503,1776914651163,7001,4.488,429,0,
smoke,10,/get-salt,1,504,1776914651166,7009,3.193,429,0,
smoke,10,/get-salt,1,505,1776914651170,7009,4.234,429,0,
smoke,10,/get-salt,1,506,1776914651174,7004,3.969,429,0,
smoke,10,/get-salt,1,507,1776914651178,7009,3.997,429,0,
smoke,10,/get-salt,1,508,1776914651186,7003,7.344,429,0,
smoke,10,/get-salt,1,509,1776914651190,7001,4.206,429,0,
smoke,10,/get-salt,1,510,1776914651194,7001,3.849,429,0,
smoke,10,/get-salt,1,511,1776914651197,7009,3.743,429,0,
smoke,10,/get-salt,1,512,1776914651202,7006,4.117,429,0,
smoke,10,/get-salt,1,513,1776914651206,7004,4.018,429,0,
smoke,10,/get-salt,1,514,1776914651210,7008,4.188,429,0,
smoke,10,/get-salt,1,515,1776914651214,7002,4.267,429,0,
smoke,10,/get-salt,1,516,1776914651218,7002,3.945,429,0,
smoke,10,/get-salt,1,517,1776914651225,7003,6.716,429,0,
smoke,10,/get-salt,1,518,1776914651231,7005,6.269,429,0,
smoke,10,/get-salt,1,519,1776914651234,7009,3.088,429,0,
smoke,10,/get-salt,1,520,1776914651238,7002,4.36,429,0,
smoke,10,/get-salt,1,521,1776914651249,7005,10.691,429,0,
smoke,10,/get-salt,1,522,1776914651254,7010,4.586,429,0,
smoke,10,/get-salt,1,523,1776914651258,7005,4.049,429,0,
smoke,10,/get-salt,1,524,1776914651262,7008,4.443,429,0,
smoke,10,/get-salt,1,525,1776914651266,7004,4.009,429,0,
smoke,10,/get-salt,1,526,1776914651270,7007,3.751,429,0,
smoke,10,/get-salt,1,527,1776914651274,7009,4.325,429,0,
smoke,10,/get-salt,1,528,1776914651279,7001,5.034,429,0,
smoke,10,/get-salt,1,529,1776914651283,7004,3.688,429,0,
smoke,10,/get-salt,1,530,1776914651288,7004,4.699,429,0,
smoke,10,/get-salt,1,531,1776914651292,7001,4.208,429,0,
smoke,10,/get-salt,1,532,1776914651296,7004,3.828,429,0,
smoke,10,/get-salt,1,533,1776914651300,7002,3.837,429,0,
smoke,10,/get-salt,1,534,1776914651304,7005,3.91,429,0,
smoke,10,/get-salt,1,535,1776914651307,7005,3.834,429,0,
smoke,10,/get-salt,1,536,1776914651315,7010,7.28,429,0,
smoke,10,/get-salt,1,537,1776914651319,7009,4.095,429,0,
smoke,10,/get-salt,1,538,1776914651323,7008,4.307,429,0,
smoke,10,/get-salt,1,539,1776914651327,7003,3.773,429,0,
smoke,10,/get-salt,1,540,1776914651331,7008,4.135,429,0,
smoke,10,/get-salt,1,541,1776914651335,7002,3.641,429,0,
smoke,10,/get-salt,1,542,1776914651338,7001,3.385,429,0,
smoke,10,/get-salt,1,543,1776914651342,7010,3.879,429,0,
smoke,10,/get-salt,1,544,1776914651346,7002,3.996,429,0,
smoke,10,/get-salt,1,545,1776914651350,7008,3.744,429,0,
smoke,10,/get-salt,1,546,1776914651354,7001,3.925,429,0,
smoke,10,/get-salt,1,547,1776914651358,7004,4.307,429,0,
smoke,10,/get-salt,1,548,1776914651362,7007,3.881,429,0,
smoke,10,/get-salt,1,549,1776914651366,7007,3.929,429,0,
smoke,10,/get-salt,1,550,1776914651369,7002,3.245,429,0,
smoke,10,/get-salt,1,551,1776914651376,7005,7.461,429,0,
smoke,10,/get-salt,1,552,1776914651380,7002,3.721,429,0,
smoke,10,/get-salt,1,553,1776914651385,7002,5.011,429,0,
smoke,10,/get-salt,1,554,1776914651389,7003,4.079,429,0,
smoke,10,/get-salt,1,555,1776914651393,7009,3.926,429,0,
smoke,10,/get-salt,1,556,1776914651397,7005,3.765,429,0,
smoke,10,/get-salt,1,557,1776914651402,7002,5.172,429,0,
smoke,10,/get-salt,1,558,1776914651406,7010,3.577,429,0,
smoke,10,/get-salt,1,559,1776914651409,7010,3.762,429,0,
smoke,10,/get-salt,1,560,1776914651413,7001,3.615,429,0,
smoke,10,/get-salt,1,561,1776914651417,7008,3.715,429,0,
smoke,10,/get-salt,1,562,1776914651420,7001,3.378,429,0,
smoke,10,/get-salt,1,563,1776914651424,7004,4.245,429,0,
smoke,10,/get-salt,1,564,1776914651428,7004,3.648,429,0,
smoke,10,/get-salt,1,565,1776914651432,7002,4.068,429,0,
smoke,10,/get-salt,1,566,1776914651440,7001,7.797,429,0,
smoke,10,/get-salt,1,567,1776914651444,7006,4.008,429,0,
smoke,10,/get-salt,1,568,1776914651448,7009,3.662,429,0,
smoke,10,/get-salt,1,569,1776914651452,7003,4.21,429,0,
smoke,10,/get-salt,1,570,1776914651456,7001,3.919,429,0,
smoke,10,/get-salt,1,571,1776914651460,7006,4.247,429,0,
smoke,10,/get-salt,1,572,1776914651464,7001,3.923,429,0,
smoke,10,/get-salt,1,573,1776914651467,7010,3.378,429,0,
smoke,10,/get-salt,1,574,1776914651472,7003,4.147,429,0,
smoke,10,/get-salt,1,575,1776914651475,7004,3.884,429,0,
smoke,10,/get-salt,1,576,1776914651479,7009,3.488,429,0,
smoke,10,/get-salt,1,577,1776914651483,7003,3.934,429,0,
smoke,10,/get-salt,1,578,1776914651487,7008,3.741,429,0,
smoke,10,/get-salt,1,579,1776914651491,7002,3.941,429,0,
smoke,10,/get-salt,1,580,1776914651494,7001,3.634,429,0,
smoke,10,/get-salt,1,581,1776914651501,7007,7.083,429,0,
smoke,10,/get-salt,1,582,1776914651504,7010,3.245,429,0,
smoke,10,/get-salt,1,583,1776914651509,7010,4.143,429,0,
smoke,10,/get-salt,1,584,1776914651512,7003,3.808,429,0,
smoke,10,/get-salt,1,585,1776914651516,7008,3.594,429,0,
smoke,10,/get-salt,1,586,1776914651520,7009,3.477,429,0,
smoke,10,/get-salt,1,587,1776914651523,7009,3.286,429,0,
smoke,10,/get-salt,1,588,1776914651526,7004,3.541,429,0,
smoke,10,/get-salt,1,589,1776914651530,7009,3.797,429,0,
smoke,10,/get-salt,1,590,1776914651534,7001,3.829,429,0,
smoke,10,/get-salt,1,591,1776914651538,7007,3.616,429,0,
smoke,10,/get-salt,1,592,1776914651542,7003,4.565,429,0,
smoke,10,/get-salt,1,593,1776914651547,7009,4.983,429,0,
smoke,10,/get-salt,1,594,1776914651551,7008,3.755,429,0,
smoke,10,/get-salt,1,595,1776914651555,7005,3.71,429,0,
smoke,10,/get-salt,1,596,1776914651562,7001,6.934,429,0,
smoke,10,/get-salt,1,597,1776914651565,7005,3.656,429,0,
smoke,10,/get-salt,1,598,1776914651569,7005,3.499,429,0,
smoke,10,/get-salt,1,599,1776914651572,7007,3.306,429,0,
smoke,10,/get-salt,1,600,1776914651575,7004,2.623,429,0,
smoke,10,/get-salt,1,601,1776914651579,7002,3.853,429,0,
smoke,10,/get-salt,1,602,1776914651582,7002,3.633,429,0,
smoke,10,/get-salt,1,603,1776914651587,7007,4.524,429,0,
smoke,10,/get-salt,1,604,1776914651591,7009,3.913,429,0,
smoke,10,/get-salt,1,605,1776914651594,7002,3.569,429,0,
smoke,10,/get-salt,1,606,1776914651598,7009,3.417,429,0,
smoke,10,/get-salt,1,607,1776914651601,7004,3.618,429,0,
smoke,10,/get-salt,1,608,1776914651605,7002,3.664,429,0,
smoke,10,/get-salt,1,609,1776914651609,7010,4.013,429,0,
smoke,10,/get-salt,1,610,1776914651616,7007,7.475,429,0,
smoke,10,/get-salt,1,611,1776914651620,7010,3.862,429,0,
smoke,10,/get-salt,1,612,1776914651624,7008,4.086,429,0,
smoke,10,/get-salt,1,613,1776914651628,7005,3.816,429,0,
smoke,10,/get-salt,1,614,1776914651633,7010,4.483,429,0,
smoke,10,/get-salt,1,615,1776914651637,7004,4.169,429,0,
smoke,10,/get-salt,1,616,1776914651641,7004,4.01,429,0,
smoke,10,/get-salt,1,617,1776914651644,7002,3.49,429,0,
smoke,10,/get-salt,1,618,1776914651648,7006,3.48,429,0,
smoke,10,/get-salt,1,619,1776914651652,7008,4.003,429,0,
smoke,10,/get-salt,1,620,1776914651655,7010,3.116,429,0,
smoke,10,/get-salt,1,621,1776914651658,7002,3.14,429,0,
smoke,10,/get-salt,1,622,1776914651662,7002,4.082,429,0,
smoke,10,/get-salt,1,623,1776914651666,7007,4.222,429,0,
smoke,10,/get-salt,1,624,1776914651670,7008,3.229,429,0,
smoke,10,/get-salt,1,625,1776914651678,7006,7.949,429,0,
smoke,10,/get-salt,1,626,1776914651682,7009,4.101,429,0,
smoke,10,/get-salt,1,627,1776914651686,7002,4.005,429,0,
smoke,10,/get-salt,1,628,1776914651690,7008,3.813,429,0,
smoke,10,/get-salt,1,629,1776914651694,7002,4.049,429,0,
smoke,10,/get-salt,1,630,1776914651698,7004,4.109,429,0,
smoke,10,/get-salt,1,631,1776914651702,7007,3.999,429,0,
smoke,10,/get-salt,1,632,1776914651706,7005,4.031,429,0,
smoke,10,/get-salt,1,633,1776914651710,7005,4.445,429,0,
smoke,10,/get-salt,1,634,1776914651714,7002,3.88,429,0,
smoke,10,/get-salt,1,635,1776914651718,7005,4.215,429,0,
smoke,10,/get-salt,1,636,1776914651731,7008,12.803,429,0,
smoke,10,/get-salt,1,637,1776914651736,7007,4.619,429,0,
smoke,10,/get-salt,1,638,1776914651740,7001,3.951,429,0,
smoke,10,/get-salt,1,639,1776914651743,7005,3.839,429,0,
smoke,10,/get-salt,1,640,1776914651747,7004,3.544,429,0,
smoke,10,/get-salt,1,641,1776914651751,7002,3.891,429,0,
smoke,10,/get-salt,1,642,1776914651755,7002,4.095,429,0,
smoke,10,/get-salt,1,643,1776914651759,7007,3.837,429,0,
smoke,10,/get-salt,1,644,1776914651764,7001,4.876,429,0,
smoke,10,/get-salt,1,645,1776914651767,7007,3.375,429,0,
smoke,10,/get-salt,1,646,1776914651771,7001,3.458,429,0,
smoke,10,/get-salt,1,647,1776914651775,7004,3.958,429,0,
smoke,10,/get-salt,1,648,1776914651779,7008,4.064,429,0,
smoke,10,/get-salt,1,649,1776914651783,7001,4.193,429,0,
smoke,10,/get-salt,1,650,1776914651787,7008,4.151,429,0,
smoke,10,/get-salt,1,651,1776914651791,7004,4.471,429,0,
smoke,10,/get-salt,1,652,1776914651795,7010,3.151,429,0,
smoke,10,/get-salt,1,653,1776914651799,7008,3.984,429,0,
smoke,10,/get-salt,1,654,1776914651803,7001,4.58,429,0,
smoke,10,/get-salt,1,655,1776914651812,7008,8.897,429,0,
smoke,10,/get-salt,1,656,1776914651816,7007,4.099,429,0,
smoke,10,/get-salt,1,657,1776914651820,7002,4.082,429,0,
smoke,10,/get-salt,1,658,1776914651825,7010,4.267,429,0,
smoke,10,/get-salt,1,659,1776914651829,7009,4.043,429,0,
smoke,10,/get-salt,1,660,1776914651832,7010,3.804,429,0,
smoke,10,/get-salt,1,661,1776914651836,7004,3.978,429,0,
smoke,10,/get-salt,1,662,1776914651841,7001,4.164,429,0,
smoke,10,/get-salt,1,663,1776914651847,7001,6.336,429,0,
smoke,10,/get-salt,1,664,1776914651849,7005,2.157,429,0,
smoke,10,/get-salt,1,665,1776914651854,7008,4.7,429,0,
smoke,10,/get-salt,1,666,1776914651858,7004,4.372,429,0,
smoke,10,/get-salt,1,667,1776914651865,7010,6.865,429,0,
smoke,10,/get-salt,1,668,1776914651873,7009,8.489,429,0,
smoke,10,/get-salt,1,669,1776914651877,7001,3.483,429,0,
smoke,10,/get-salt,1,670,1776914651881,7003,4.024,429,0,
smoke,10,/get-salt,1,671,1776914651884,7004,3.039,429,0,
smoke,10,/get-salt,1,672,1776914651889,7008,4.842,429,0,
smoke,10,/get-salt,1,673,1776914651893,7008,3.856,429,0,
smoke,10,/get-salt,1,674,1776914651898,7009,5.732,429,0,
smoke,10,/get-salt,1,675,1776914651903,7008,4.457,429,0,
smoke,10,/get-salt,1,676,1776914651908,7004,4.605,429,0,
smoke,10,/get-salt,1,677,1776914651912,7010,4.263,429,0,
smoke,10,/get-salt,1,678,1776914651916,7002,4.287,429,0,
smoke,10,/get-salt,1,679,1776914651920,7009,4.022,429,0,
smoke,10,/get-salt,1,680,1776914651924,7010,3.62,429,0,
smoke,10,/get-salt,1,681,1776914651928,7006,3.996,429,0,
smoke,10,/get-salt,1,682,1776914651932,7005,4.148,429,0,
smoke,10,/get-salt,1,683,1776914651939,7004,6.94,429,0,
smoke,10,/get-salt,1,684,1776914651943,7002,3.872,429,0,
smoke,10,/get-salt,1,685,1776914651947,7005,4.204,429,0,
smoke,10,/get-salt,1,686,1776914651952,7007,5.106,429,0,
smoke,10,/get-salt,1,687,1776914651956,7003,4.296,429,0,
smoke,10,/get-salt,1,688,1776914651960,7009,4.033,429,0,
smoke,10,/get-salt,1,689,1776914651964,7004,4.059,429,0,
smoke,10,/get-salt,1,690,1776914651968,7010,4.027,429,0,
smoke,10,/get-salt,1,691,1776914651972,7004,3.644,429,0,
smoke,10,/get-salt,1,692,1776914651976,7002,3.933,429,0,
smoke,10,/get-salt,1,693,1776914651980,7006,4.18,429,0,
smoke,10,/get-salt,1,694,1776914651984,7001,3.825,429,0,
smoke,10,/get-salt,1,695,1776914651988,7006,3.897,429,0,
smoke,10,/get-salt,1,696,1776914651991,7002,3.442,429,0,
smoke,10,/get-salt,1,697,1776914651995,7009,3.258,429,0,
smoke,10,/get-salt,1,698,1776914651999,7009,4.309,429,0,
smoke,10,/get-salt,1,699,1776914652007,7010,7.675,429,0,
smoke,10,/get-salt,1,700,1776914652011,7008,4.079,429,0,
smoke,10,/get-salt,1,701,1776914652015,7003,3.931,429,0,
smoke,10,/get-salt,1,702,1776914652019,7003,4.414,429,0,
smoke,10,/get-salt,1,703,1776914652023,7007,3.864,429,0,
smoke,10,/get-salt,1,704,1776914652028,7003,4.611,429,0,
smoke,10,/get-salt,1,705,1776914652033,7009,5.202,429,0,
smoke,10,/get-salt,1,706,1776914652037,7005,3.942,429,0,
smoke,10,/get-salt,1,707,1776914652041,7007,4.246,429,0,
smoke,10,/get-salt,1,708,1776914652045,7006,3.781,429,0,
smoke,10,/get-salt,1,709,1776914652049,7007,3.806,429,0,
smoke,10,/get-salt,1,710,1776914652053,7002,4.137,429,0,
smoke,10,/get-salt,1,711,1776914652057,7009,4.615,429,0,
smoke,10,/get-salt,1,712,1776914652062,7001,4.172,429,0,
smoke,10,/get-salt,1,713,1776914652069,7007,7.778,429,0,
smoke,10,/get-salt,1,714,1776914652073,7002,3.395,429,0,
smoke,10,/get-salt,1,715,1776914652076,7002,3.557,429,0,
smoke,10,/get-salt,1,716,1776914652080,7001,3.63,429,0,
smoke,10,/get-salt,1,717,1776914652084,7002,3.709,429,0,
smoke,10,/get-salt,1,718,1776914652088,7002,4.015,429,0,
smoke,10,/get-salt,1,719,1776914652091,7006,3.36,429,0,
smoke,10,/get-salt,1,720,1776914652095,7005,4.341,429,0,
smoke,10,/get-salt,1,721,1776914652100,7008,4.376,429,0,
smoke,10,/get-salt,1,722,1776914652104,7002,4.432,429,0,
smoke,10,/get-salt,1,723,1776914652108,7006,3.79,429,0,
smoke,10,/get-salt,1,724,1776914652112,7002,3.747,429,0,
smoke,10,/get-salt,1,725,1776914652116,7001,3.85,429,0,
smoke,10,/get-salt,1,726,1776914652119,7001,3.692,429,0,
smoke,10,/get-salt,1,727,1776914652123,7004,3.483,429,0,
smoke,10,/get-salt,1,728,1776914652126,7004,3.634,429,0,
smoke,10,/get-salt,1,729,1776914652134,7003,7.438,429,0,
smoke,10,/get-salt,1,730,1776914652138,7007,3.77,429,0,
smoke,10,/get-salt,1,731,1776914652142,7002,4.381,429,0,
smoke,10,/get-salt,1,732,1776914652146,7004,4.349,429,0,
smoke,10,/get-salt,1,733,1776914652150,7008,4.134,429,0,
smoke,10,/get-salt,1,734,1776914652155,7004,4.269,429,0,
smoke,10,/get-salt,1,735,1776914652159,7008,3.887,429,0,
smoke,10,/get-salt,1,736,1776914652163,7010,3.934,429,0,
smoke,10,/get-salt,1,737,1776914652166,7003,3.488,429,0,
smoke,10,/get-salt,1,738,1776914652170,7005,3.679,429,0,
smoke,10,/get-salt,1,739,1776914652173,7007,3.724,429,0,
smoke,10,/get-salt,1,740,1776914652178,7004,4.108,429,0,
smoke,10,/get-salt,1,741,1776914652182,7001,3.927,429,0,
smoke,10,/get-salt,1,742,1776914652185,7006,3.864,429,0,
smoke,10,/get-salt,1,743,1776914652189,7003,3.511,429,0,
smoke,10,/get-salt,1,744,1776914652198,7003,8.905,429,0,
smoke,10,/get-salt,1,745,1776914652202,7004,4.142,429,0,
smoke,10,/get-salt,1,746,1776914652205,7001,3.466,429,0,
smoke,10,/get-salt,1,747,1776914652209,7001,3.395,429,0,
smoke,10,/get-salt,1,748,1776914652213,7005,4.178,429,0,
smoke,10,/get-salt,1,749,1776914652217,7001,3.738,429,0,
smoke,10,/get-salt,1,750,1776914652221,7006,3.914,429,0,
smoke,10,/get-salt,1,751,1776914652224,7004,3.667,429,0,
smoke,10,/get-salt,1,752,1776914652228,7002,3.825,429,0,
smoke,10,/get-salt,1,753,1776914652232,7009,4.021,429,0,
smoke,10,/get-salt,1,754,1776914652235,7008,3.06,429,0,
smoke,10,/get-salt,1,755,1776914652238,7003,3.146,429,0,
smoke,10,/get-salt,1,756,1776914652242,7008,3.955,429,0,
smoke,10,/get-salt,1,757,1776914652247,7007,5.026,429,0,
smoke,10,/get-salt,1,758,1776914652256,7006,8.709,429,0,
smoke,10,/get-salt,1,759,1776914652260,7007,3.55,429,0,
smoke,10,/get-salt,1,760,1776914652263,7008,3.672,429,0,
smoke,10,/get-salt,1,761,1776914652267,7001,3.775,429,0,
smoke,10,/get-salt,1,762,1776914652272,7001,4.955,429,0,
smoke,10,/get-salt,1,763,1776914652277,7006,5.172,429,0,
smoke,10,/get-salt,1,764,1776914652282,7009,4.602,429,0,
smoke,10,/get-salt,1,765,1776914652286,7007,4.385,429,0,
smoke,10,/get-salt,1,766,1776914652291,7005,5.015,429,0,
smoke,10,/get-salt,1,767,1776914652296,7010,4.27,429,0,
smoke,10,/get-salt,1,768,1776914652299,7009,3.825,429,0,
smoke,10,/get-salt,1,769,1776914652303,7008,3.708,429,0,
smoke,10,/get-salt,1,770,1776914652307,7007,3.859,429,0,
smoke,10,/get-salt,1,771,1776914652311,7007,3.656,429,0,
smoke,10,/get-salt,1,772,1776914652315,7002,3.933,429,0,
smoke,10,/get-salt,1,773,1776914652323,7003,7.996,429,0,
smoke,10,/get-salt,1,774,1776914652326,7005,3.784,429,0,
smoke,10,/get-salt,1,775,1776914652331,7008,4.335,429,0,
smoke,10,/get-salt,1,776,1776914652334,7002,3.821,429,0,
smoke,10,/get-salt,1,777,1776914652338,7010,3.224,429,0,
smoke,10,/get-salt,1,778,1776914652344,7006,6.547,429,0,
smoke,10,/get-salt,1,779,1776914652354,7009,10.106,429,0,
smoke,10,/get-salt,1,780,1776914652359,7002,4.614,429,0,
smoke,10,/get-salt,1,781,1776914652363,7002,4.112,429,0,
smoke,10,/get-salt,1,782,1776914652369,7010,5.678,429,0,
smoke,10,/get-salt,1,783,1776914652374,7001,5.615,429,0,
smoke,10,/get-salt,1,784,1776914652378,7006,3.502,429,0,
smoke,10,/get-salt,1,785,1776914652381,7002,3.476,429,0,
smoke,10,/get-salt,1,786,1776914652385,7007,3.828,429,0,
smoke,10,/get-salt,1,787,1776914652389,7008,4.19,429,0,
smoke,10,/get-salt,1,788,1776914652393,7009,4.047,429,0,
smoke,10,/get-salt,1,789,1776914652397,7006,3.26,429,0,
smoke,10,/get-salt,1,790,1776914652400,7001,3.197,429,0,
smoke,10,/get-salt,1,791,1776914652405,7007,4.887,429,0,
smoke,10,/get-salt,1,792,1776914652409,7010,3.801,429,0,
smoke,10,/get-salt,1,793,1776914652412,7007,3.882,429,0,
smoke,10,/get-salt,1,794,1776914652417,7007,4.262,429,0,
smoke,10,/get-salt,1,795,1776914652421,7004,3.744,429,0,
smoke,10,/get-salt,1,796,1776914652424,7008,3.538,429,0,
smoke,10,/get-salt,1,797,1776914652428,7009,3.822,429,0,
smoke,10,/get-salt,1,798,1776914652431,7002,3.276,429,0,
smoke,10,/get-salt,1,799,1776914652434,7003,3.25,429,0,
smoke,10,/get-salt,1,800,1776914652441,7006,6.707,429,0,
smoke,10,/get-salt,1,801,1776914652445,7006,4.133,429,0,
smoke,10,/get-salt,1,802,1776914652450,7007,4.328,429,0,
smoke,10,/get-salt,1,803,1776914652454,7003,4.313,429,0,
smoke,10,/get-salt,1,804,1776914652458,7007,3.842,429,0,
smoke,10,/get-salt,1,805,1776914652462,7005,4.373,429,0,
smoke,10,/get-salt,1,806,1776914652466,7007,3.629,429,0,
smoke,10,/get-salt,1,807,1776914652470,7005,4.036,429,0,
smoke,10,/get-salt,1,808,1776914652475,7001,5.641,429,0,
smoke,10,/get-salt,1,809,1776914652480,7010,4.844,429,0,
smoke,10,/get-salt,1,810,1776914652483,7008,3.062,429,0,
smoke,10,/get-salt,1,811,1776914652487,7010,3.825,429,0,
smoke,10,/get-salt,1,812,1776914652491,7003,3.347,429,0,
smoke,10,/get-salt,1,813,1776914652497,7003,6.889,429,0,
smoke,10,/get-salt,1,814,1776914652502,7004,4.374,429,0,
smoke,10,/get-salt,1,815,1776914652506,7007,3.904,429,0,
smoke,10,/get-salt,1,816,1776914652510,7008,3.813,429,0,
smoke,10,/get-salt,1,817,1776914652513,7003,3.408,429,0,
smoke,10,/get-salt,1,818,1776914652516,7003,3.249,429,0,
smoke,10,/get-salt,1,819,1776914652520,7001,3.903,429,0,
smoke,10,/get-salt,1,820,1776914652524,7009,3.892,429,0,
smoke,10,/get-salt,1,821,1776914652528,7010,3.829,429,0,
smoke,10,/get-salt,1,822,1776914652531,7001,3.603,429,0,
smoke,10,/get-salt,1,823,1776914652536,7004,4.241,429,0,
smoke,10,/get-salt,1,824,1776914652539,7009,3.806,429,0,
smoke,10,/get-salt,1,825,1776914652544,7007,4.061,429,0,
smoke,10,/get-salt,1,826,1776914652547,7007,3.918,429,0,
smoke,10,/get-salt,1,827,1776914652551,7007,3.628,429,0,
smoke,10,/get-salt,1,828,1776914652555,7006,3.594,429,0,
smoke,10,/get-salt,1,829,1776914652565,7003,10.03,429,0,
smoke,10,/get-salt,1,830,1776914652569,7001,4.064,429,0,
smoke,10,/get-salt,1,831,1776914652574,7009,5.01,429,0,
smoke,10,/get-salt,1,832,1776914652579,7009,5.181,429,0,
smoke,10,/get-salt,1,833,1776914652583,7005,4.04,429,0,
smoke,10,/get-salt,1,834,1776914652587,7010,4.274,429,0,
smoke,10,/get-salt,1,835,1776914652591,7009,3.773,429,0,
smoke,10,/get-salt,1,836,1776914652595,7001,3.465,429,0,
smoke,10,/get-salt,1,837,1776914652599,7004,4.419,429,0,
smoke,10,/get-salt,1,838,1776914652603,7001,3.783,429,0,
smoke,10,/get-salt,1,839,1776914652608,7009,5.278,429,0,
smoke,10,/get-salt,1,840,1776914652611,7006,3.391,429,0,
smoke,10,/get-salt,1,841,1776914652615,7008,3.472,429,0,
smoke,10,/get-salt,1,842,1776914652619,7007,3.733,429,0,
smoke,10,/get-salt,1,843,1776914652626,7010,6.938,429,0,
smoke,10,/get-salt,1,844,1776914652629,7003,3.6,429,0,
smoke,10,/get-salt,1,845,1776914652633,7010,4.099,429,0,
smoke,10,/get-salt,1,846,1776914652637,7003,3.763,429,0,
smoke,10,/get-salt,1,847,1776914652641,7005,4.088,429,0,
smoke,10,/get-salt,1,848,1776914652645,7008,3.791,429,0,
smoke,10,/get-salt,1,849,1776914652649,7009,3.619,429,0,
smoke,10,/get-salt,1,850,1776914652653,7002,4.304,429,0,
smoke,10,/get-salt,1,851,1776914652657,7007,3.992,429,0,
smoke,10,/get-salt,1,852,1776914652660,7009,3.506,429,0,
smoke,10,/get-salt,1,853,1776914652664,7010,3.38,429,0,
smoke,10,/get-salt,1,854,1776914652667,7007,3.559,429,0,
smoke,10,/get-salt,1,855,1776914652671,7003,3.964,429,0,
smoke,10,/get-salt,1,856,1776914652676,7001,4.233,429,0,
smoke,10,/get-salt,1,857,1776914652678,7005,2.909,429,0,
smoke,10,/get-salt,1,858,1776914652687,7003,8.352,429,0,
smoke,10,/get-salt,1,859,1776914652691,7003,3.768,429,0,
smoke,10,/get-salt,1,860,1776914652694,7006,3.83,429,0,
smoke,10,/get-salt,1,861,1776914652699,7002,4.329,429,0,
smoke,10,/get-salt,1,862,1776914652703,7009,4.475,429,0,
smoke,10,/get-salt,1,863,1776914652707,7001,3.58,429,0,
smoke,10,/get-salt,1,864,1776914652710,7007,3.28,429,0,
smoke,10,/get-salt,1,865,1776914652713,7005,3.38,429,0,
smoke,10,/get-salt,1,866,1776914652718,7003,4.046,429,0,
smoke,10,/get-salt,1,867,1776914652723,7007,5.389,429,0,
smoke,10,/get-salt,1,868,1776914652727,7008,3.781,429,0,
smoke,10,/get-salt,1,869,1776914652731,7006,3.788,429,0,
smoke,10,/get-salt,1,870,1776914652734,7003,3.548,429,0,
smoke,10,/get-salt,1,871,1776914652738,7005,3.922,429,0,
smoke,10,/get-salt,1,872,1776914652742,7002,4.171,429,0,
smoke,10,/get-salt,1,873,1776914652746,7008,3.606,429,0,
smoke,10,/get-salt,1,874,1776914652753,7002,7.133,429,0,
smoke,10,/get-salt,1,875,1776914652757,7009,4.165,429,0,
smoke,10,/get-salt,1,876,1776914652761,7001,3.821,429,0,
smoke,10,/get-salt,1,877,1776914652765,7003,3.719,429,0,
smoke,10,/get-salt,1,878,1776914652769,7002,3.953,429,0,
smoke,10,/get-salt,1,879,1776914652773,7003,3.981,429,0,
smoke,10,/get-salt,1,880,1776914652776,7004,3.928,429,0,
smoke,10,/get-salt,1,881,1776914652781,7009,4.085,429,0,
smoke,10,/get-salt,1,882,1776914652785,7005,3.974,429,0,
smoke,10,/get-salt,1,883,1776914652788,7008,3.444,429,0,
smoke,10,/get-salt,1,884,1776914652792,7004,4.105,429,0,
smoke,10,/get-salt,1,885,1776914652796,7001,3.547,429,0,
smoke,10,/get-salt,1,886,1776914652800,7005,3.846,429,0,
smoke,10,/get-salt,1,887,1776914652803,7010,3.823,429,0,
smoke,10,/get-salt,1,888,1776914652807,7008,3.956,429,0,
smoke,10,/get-salt,1,889,1776914652815,7001,7.36,429,0,
smoke,10,/get-salt,1,890,1776914652818,7006,3.528,429,0,
smoke,10,/get-salt,1,891,1776914652822,7006,3.898,429,0,
smoke,10,/get-salt,1,892,1776914652826,7005,3.639,429,0,
smoke,10,/get-salt,1,893,1776914652829,7004,3.646,429,0,
smoke,10,/get-salt,1,894,1776914652833,7010,4.071,429,0,
smoke,10,/get-salt,1,895,1776914652838,7009,4.169,429,0,
smoke,10,/get-salt,1,896,1776914652842,7001,4.054,429,0,
smoke,10,/get-salt,1,897,1776914652846,7002,4.284,429,0,
smoke,10,/get-salt,1,898,1776914652850,7006,3.955,429,0,
smoke,10,/get-salt,1,899,1776914652854,7003,3.781,429,0,
smoke,10,/get-salt,1,900,1776914652858,7009,4.009,429,0,
smoke,10,/get-salt,1,901,1776914652861,7008,3.612,429,0,
smoke,10,/get-salt,1,902,1776914652865,7008,3.558,429,0,
smoke,10,/get-salt,1,903,1776914652868,7009,3.127,429,0,
smoke,10,/get-salt,1,904,1776914652877,7003,9.243,429,0,
smoke,10,/get-salt,1,905,1776914652881,7009,4.106,429,0,
smoke,10,/get-salt,1,906,1776914652885,7006,3.955,429,0,
smoke,10,/get-salt,1,907,1776914652889,7003,4.016,429,0,
smoke,10,/get-salt,1,908,1776914652893,7002,3.731,429,0,
smoke,10,/get-salt,1,909,1776914652897,7006,3.659,429,0,
smoke,10,/get-salt,1,910,1776914652901,7005,4.306,429,0,
smoke,10,/get-salt,1,911,1776914652905,7007,4.077,429,0,
smoke,10,/get-salt,1,912,1776914652909,7009,3.838,429,0,
smoke,10,/get-salt,1,913,1776914652914,7006,4.891,429,0,
smoke,10,/get-salt,1,914,1776914652918,7008,4.036,429,0,
smoke,10,/get-salt,1,915,1776914652922,7010,4.278,429,0,
smoke,10,/get-salt,1,916,1776914652926,7001,3.604,429,0,
smoke,10,/get-salt,1,917,1776914652930,7007,4.347,429,0,
smoke,10,/get-salt,1,918,1776914652942,7008,11.423,429,0,
smoke,10,/get-salt,1,919,1776914652946,7007,4.11,429,0,
smoke,10,/get-salt,1,920,1776914652950,7004,4.011,429,0,
smoke,10,/get-salt,1,921,1776914652954,7009,3.91,429,0,
smoke,10,/get-salt,1,922,1776914652958,7006,3.978,429,0,
smoke,10,/get-salt,1,923,1776914652961,7009,3.729,429,0,
smoke,10,/get-salt,1,924,1776914652966,7005,4.264,429,0,
smoke,10,/get-salt,1,925,1776914652970,7010,4.289,429,0,
smoke,10,/get-salt,1,926,1776914652974,7009,4.362,429,0,
smoke,10,/get-salt,1,927,1776914652979,7003,4.598,429,0,
smoke,10,/get-salt,1,928,1776914652983,7008,3.822,429,0,
smoke,10,/get-salt,1,929,1776914652987,7008,4.341,429,0,
smoke,10,/get-salt,1,930,1776914652991,7003,4.258,429,0,
smoke,10,/get-salt,1,931,1776914652995,7005,4.003,429,0,
smoke,10,/get-salt,1,932,1776914652999,7008,3.586,429,0,
smoke,10,/get-salt,1,933,1776914653009,7010,10.043,429,0,
smoke,10,/get-salt,1,934,1776914653015,7004,5.637,429,0,
smoke,10,/get-salt,1,935,1776914653024,7004,9.616,429,0,
smoke,10,/get-salt,1,936,1776914653028,7005,4.114,429,0,
smoke,10,/get-salt,1,937,1776914653032,7004,3.827,429,0,
smoke,10,/get-salt,1,938,1776914653036,7008,3.538,429,0,
smoke,10,/get-salt,1,939,1776914653040,7001,4.042,429,0,
smoke,10,/get-salt,1,940,1776914653043,7002,3.602,429,0,
smoke,10,/get-salt,1,941,1776914653049,7004,5.913,429,0,
smoke,10,/get-salt,1,942,1776914653054,7001,5.004,429,0,
smoke,10,/get-salt,1,943,1776914653059,7008,4.5,429,0,
smoke,10,/get-salt,1,944,1776914653064,7010,5.651,429,0,
smoke,10,/get-salt,1,945,1776914653071,7002,6.225,429,0,
smoke,10,/get-salt,1,946,1776914653075,7006,4.05,429,0,
smoke,10,/get-salt,1,947,1776914653079,7009,4.605,429,0,
smoke,10,/get-salt,1,948,1776914653084,7009,4.266,429,0,
smoke,10,/get-salt,1,949,1776914653086,7009,2.608,429,0,
smoke,10,/get-salt,1,950,1776914653089,7001,2.907,429,0,
smoke,10,/get-salt,1,951,1776914653093,7007,3.928,429,0,
smoke,10,/get-salt,1,952,1776914653097,7007,3.701,429,0,
smoke,10,/get-salt,1,953,1776914653102,7007,4.708,429,0,
smoke,10,/get-salt,1,954,1776914653106,7003,4.574,429,0,
smoke,10,/get-salt,1,955,1776914653109,7002,3.402,429,0,
smoke,10,/get-salt,1,956,1776914653116,7004,6.609,429,0,
smoke,10,/get-salt,1,957,1776914653120,7003,3.99,429,0,
smoke,10,/get-salt,1,958,1776914653124,7003,3.46,429,0,
smoke,10,/get-salt,1,959,1776914653127,7008,3.902,429,0,
smoke,10,/get-salt,1,960,1776914653131,7003,3.926,429,0,
smoke,10,/get-salt,1,961,1776914653135,7008,3.882,429,0,
smoke,10,/get-salt,1,962,1776914653140,7001,4.942,429,0,
smoke,10,/get-salt,1,963,1776914653145,7008,4.889,429,0,
smoke,10,/get-salt,1,964,1776914653149,7003,3.839,429,0,
smoke,10,/get-salt,1,965,1776914653154,7004,5.468,429,0,
smoke,10,/get-salt,1,966,1776914653159,7003,4.496,429,0,
smoke,10,/get-salt,1,967,1776914653164,7006,4.673,429,0,
smoke,10,/get-salt,1,968,1776914653167,7003,3.697,429,0,
smoke,10,/get-salt,1,969,1776914653177,7001,9.891,429,0,
smoke,10,/get-salt,1,970,1776914653183,7001,5.692,429,0,
smoke,10,/get-salt,1,971,1776914653189,7009,5.937,429,0,
smoke,10,/get-salt,1,972,1776914653196,7010,6.863,429,0,
smoke,10,/get-salt,1,973,1776914653200,7002,4.666,429,0,
smoke,10,/get-salt,1,974,1776914653204,7003,3.433,429,0,
smoke,10,/get-salt,1,975,1776914653208,7006,3.818,429,0,
smoke,10,/get-salt,1,976,1776914653211,7004,3.491,429,0,
smoke,10,/get-salt,1,977,1776914653215,7007,3.842,429,0,
smoke,10,/get-salt,1,978,1776914653220,7004,4.955,429,0,
smoke,10,/get-salt,1,979,1776914653224,7005,4.03,429,0,
smoke,10,/get-salt,1,980,1776914653228,7007,3.558,429,0,
smoke,10,/get-salt,1,981,1776914653231,7008,3.173,429,0,
smoke,10,/get-salt,1,982,1776914653235,7006,4.5,429,0,
smoke,10,/get-salt,1,983,1776914653239,7010,3.994,429,0,
smoke,10,/get-salt,1,984,1776914653247,7006,8.258,429,0,
smoke,10,/get-salt,1,985,1776914653251,7008,3.755,429,0,
smoke,10,/get-salt,1,986,1776914653255,7009,3.415,429,0,
smoke,10,/get-salt,1,987,1776914653258,7009,3.402,429,0,
smoke,10,/get-salt,1,988,1776914653261,7006,3.277,429,0,
smoke,10,/get-salt,1,989,1776914653265,7002,3.612,429,0,
smoke,10,/get-salt,1,990,1776914653269,7001,3.78,429,0,
smoke,10,/get-salt,1,991,1776914653274,7006,4.855,429,0,
smoke,10,/get-salt,1,992,1776914653278,7009,3.915,429,0,
smoke,10,/get-salt,1,993,1776914653281,7005,3.87,429,0,
smoke,10,/get-salt,1,994,1776914653286,7006,4.741,429,0,
smoke,10,/get-salt,1,995,1776914653290,7007,4.222,429,0,
smoke,10,/get-salt,1,996,1776914653296,7005,5.351,429,0,
smoke,10,/get-salt,1,997,1776914653299,7005,3.628,429,0,
smoke,10,/get-salt,1,998,1776914653303,7001,4.002,429,0,
smoke,10,/get-salt,1,999,1776914653312,7005,8.151,429,0,
smoke,10,/get-salt,1,1000,1776914653316,7002,4.516,429,0,
smoke,10,/get-salt,1,1001,1776914653320,7009,3.552,429,0,
smoke,10,/get-salt,1,1002,1776914653323,7006,3.121,429,0,
smoke,10,/get-salt,1,1003,1776914653326,7004,3.718,429,0,
smoke,10,/get-salt,1,1004,1776914653330,7010,3.797,429,0,
smoke,10,/get-salt,1,1005,1776914653334,7002,3.392,429,0,
smoke,10,/get-salt,1,1006,1776914653337,7010,3.6,429,0,
smoke,10,/get-salt,1,1007,1776914653341,7006,3.866,429,0,
smoke,10,/get-salt,1,1008,1776914653345,7008,3.808,429,0,
smoke,10,/get-salt,1,1009,1776914653348,7006,3.279,429,0,
smoke,10,/get-salt,1,1010,1776914653352,7001,3.74,429,0,
smoke,10,/get-salt,1,1011,1776914653355,7009,3.352,429,0,
smoke,10,/get-salt,1,1012,1776914653359,7005,3.951,429,0,
smoke,10,/get-salt,1,1013,1776914653367,7008,7.527,429,0,
smoke,10,/get-salt,1,1014,1776914653371,7002,3.902,429,0,
smoke,10,/get-salt,1,1015,1776914653374,7010,3.314,429,0,
smoke,10,/get-salt,1,1016,1776914653378,7003,3.687,429,0,
smoke,10,/get-salt,1,1017,1776914653382,7002,3.817,429,0,
smoke,10,/get-salt,1,1018,1776914653385,7001,3.724,429,0,
smoke,10,/get-salt,1,1019,1776914653389,7007,3.813,429,0,
smoke,10,/get-salt,1,1020,1776914653394,7008,4.437,429,0,
smoke,10,/get-salt,1,1021,1776914653398,7008,4.104,429,0,
smoke,10,/get-salt,1,1022,1776914653402,7005,3.972,429,0,
smoke,10,/get-salt,1,1023,1776914653406,7004,3.915,429,0,
smoke,10,/get-salt,1,1024,1776914653409,7005,3.547,429,0,
smoke,10,/get-salt,1,1025,1776914653413,7008,3.912,429,0,
smoke,10,/get-salt,1,1026,1776914653417,7006,3.916,429,0,
smoke,10,/get-salt,1,1027,1776914653420,7006,2.924,429,0,
smoke,10,/get-salt,1,1028,1776914653426,7002,6.531,429,0,
smoke,10,/get-salt,1,1029,1776914653430,7004,3.188,429,0,
smoke,10,/get-salt,1,1030,1776914653433,7004,2.961,429,0,
smoke,10,/get-salt,1,1031,1776914653435,7007,2.955,429,0,
smoke,10,/get-salt,1,1032,1776914653439,7008,3.519,429,0,
smoke,10,/get-salt,1,1033,1776914653443,7008,3.524,429,0,
smoke,10,/get-salt,1,1034,1776914653446,7010,3.807,429,0,
smoke,10,/get-salt,1,1035,1776914653451,7003,4.266,429,0,
smoke,10,/get-salt,1,1036,1776914653456,7006,4.993,429,0,
smoke,10,/get-salt,1,1037,1776914653461,7006,5.188,429,0,
smoke,10,/get-salt,1,1038,1776914653466,7004,5.237,429,0,
smoke,10,/get-salt,1,1039,1776914653471,7004,4.574,429,0,
smoke,10,/get-salt,1,1040,1776914653474,7003,3.135,429,0,
smoke,10,/get-salt,1,1041,1776914653481,7003,7.214,429,0,
smoke,10,/get-salt,1,1042,1776914653491,7007,9.846,429,0,
smoke,10,/get-salt,1,1043,1776914653495,7003,4.26,429,0,
smoke,10,/get-salt,1,1044,1776914653498,7002,3.151,429,0,
smoke,10,/get-salt,1,1045,1776914653502,7009,3.583,429,0,
smoke,10,/get-salt,1,1046,1776914653507,7001,5.138,429,0,
smoke,10,/get-salt,1,1047,1776914653510,7007,2.573,429,0,
smoke,10,/get-salt,1,1048,1776914653514,7006,4.343,429,0,
smoke,10,/get-salt,1,1049,1776914653517,7009,3.263,429,0,
smoke,10,/get-salt,1,1050,1776914653521,7004,3.785,429,0,
smoke,10,/get-salt,1,1051,1776914653525,7005,3.668,429,0,
smoke,10,/get-salt,1,1052,1776914653529,7006,4.275,429,0,
smoke,10,/get-salt,1,1053,1776914653533,7003,3.778,429,0,
smoke,10,/get-salt,1,1054,1776914653536,7008,3.798,429,0,
smoke,10,/get-salt,1,1055,1776914653541,7004,4.125,429,0,
smoke,10,/get-salt,1,1056,1776914653544,7004,3.152,429,0,
smoke,10,/get-salt,1,1057,1776914653550,7005,6.715,429,0,
smoke,10,/get-salt,1,1058,1776914653560,7002,9.189,429,0,
smoke,10,/get-salt,1,1059,1776914653564,7008,4.782,429,0,
smoke,10,/get-salt,1,1060,1776914653571,7004,6.76,429,0,
smoke,10,/get-salt,1,1061,1776914653575,7008,3.82,429,0,
smoke,10,/get-salt,1,1062,1776914653580,7008,5.072,429,0,
smoke,10,/get-salt,1,1063,1776914653586,7001,5.976,429,0,
smoke,10,/get-salt,1,1064,1776914653591,7002,5.177,429,0,
smoke,10,/get-salt,1,1065,1776914653596,7008,4.5,429,0,
smoke,10,/get-salt,1,1066,1776914653601,7005,5.178,429,0,
smoke,10,/get-salt,1,1067,1776914653605,7008,3.675,429,0,
smoke,10,/get-salt,1,1068,1776914653608,7001,3.806,429,0,
smoke,10,/get-salt,1,1069,1776914653613,7007,4.232,429,0,
smoke,10,/get-salt,1,1070,1776914653617,7007,4.721,429,0,
smoke,10,/get-salt,1,1071,1776914653622,7005,4.207,429,0,
smoke,10,/get-salt,1,1072,1776914653625,7006,3.736,429,0,
smoke,10,/get-salt,1,1073,1776914653634,7005,8.12,429,0,
smoke,10,/get-salt,1,1074,1776914653638,7004,4.857,429,0,
smoke,10,/get-salt,1,1075,1776914653643,7003,4.425,429,0,
smoke,10,/get-salt,1,1076,1776914653647,7010,4.489,429,0,
smoke,10,/get-salt,1,1077,1776914653652,7010,4.384,429,0,
smoke,10,/get-salt,1,1078,1776914653656,7010,4.245,429,0,
smoke,10,/get-salt,1,1079,1776914653661,7005,4.883,429,0,
smoke,10,/get-salt,1,1080,1776914653664,7008,3.47,429,0,
smoke,10,/get-salt,1,1081,1776914653669,7005,4.467,429,0,
smoke,10,/get-salt,1,1082,1776914653674,7003,5.716,429,0,
smoke,10,/get-salt,1,1083,1776914653679,7009,4.212,429,0,
smoke,10,/get-salt,1,1084,1776914653685,7003,5.972,429,0,
smoke,10,/get-salt,1,1085,1776914653687,7002,2.677,429,0,
smoke,10,/get-salt,1,1086,1776914653690,7010,2.286,429,0,
smoke,10,/get-salt,1,1087,1776914653693,7001,3.227,429,0,
smoke,10,/get-salt,1,1088,1776914653702,7002,8.732,429,0,
smoke,10,/get-salt,1,1089,1776914653705,7001,3.687,429,0,
smoke,10,/get-salt,1,1090,1776914653709,7009,3.661,429,0,
smoke,10,/get-salt,1,1091,1776914653717,7003,8.221,429,0,
smoke,10,/get-salt,1,1092,1776914653731,7003,13.984,429,0,
smoke,10,/get-salt,1,1093,1776914653735,7010,3.531,429,0,
smoke,10,/get-salt,1,1094,1776914653738,7005,3.523,429,0,
smoke,10,/get-salt,1,1095,1776914653743,7003,4.441,429,0,
smoke,10,/get-salt,1,1096,1776914653749,7005,6.349,429,0,
smoke,10,/get-salt,1,1097,1776914653753,7006,3.598,429,0,
smoke,10,/get-salt,1,1098,1776914653756,7002,3.666,429,0,
smoke,10,/get-salt,1,1099,1776914653760,7006,4.09,429,0,
smoke,10,/get-salt,1,1100,1776914653765,7003,4.252,429,0,
smoke,10,/get-salt,1,1101,1776914653770,7003,5.459,429,0,
smoke,10,/get-salt,1,1102,1776914653774,7008,3.696,429,0,
smoke,10,/get-salt,1,1103,1776914653778,7005,4.215,429,0,
smoke,10,/get-salt,1,1104,1776914653782,7005,3.713,429,0,
smoke,10,/get-salt,1,1105,1776914653786,7001,3.956,429,0,
smoke,10,/get-salt,1,1106,1776914653790,7004,4.123,429,0,
smoke,10,/get-salt,1,1107,1776914653794,7008,3.863,429,0,
smoke,10,/get-salt,1,1108,1776914653797,7006,3.637,429,0,
smoke,10,/get-salt,1,1109,1776914653801,7007,3.575,429,0,
smoke,10,/get-salt,1,1110,1776914653805,7010,3.815,429,0,
smoke,10,/get-salt,1,1111,1776914653809,7008,3.981,429,0,
smoke,10,/get-salt,1,1112,1776914653816,7004,7.062,429,0,
smoke,10,/get-salt,1,1113,1776914653819,7009,3.582,429,0,
smoke,10,/get-salt,1,1114,1776914653823,7010,3.8,429,0,
smoke,10,/get-salt,1,1115,1776914653828,7008,4.426,429,0,
smoke,10,/get-salt,1,1116,1776914653832,7010,3.953,429,0,
smoke,10,/get-salt,1,1117,1776914653836,7001,3.935,429,0,
smoke,10,/get-salt,1,1118,1776914653839,7005,3.692,429,0,
smoke,10,/get-salt,1,1119,1776914653844,7002,4.576,429,0,
smoke,10,/get-salt,1,1120,1776914653849,7002,4.733,429,0,
smoke,10,/get-salt,1,1121,1776914653852,7001,3.833,429,0,
smoke,10,/get-salt,1,1122,1776914653856,7009,3.916,429,0,
smoke,10,/get-salt,1,1123,1776914653860,7001,4.038,429,0,
smoke,10,/get-salt,1,1124,1776914653864,7006,3.928,429,0,
smoke,10,/get-salt,1,1125,1776914653873,7008,8.288,429,0,
smoke,10,/get-salt,2,0,1776914648878,7008,6.28,429,0,
smoke,10,/get-salt,2,1,1776914648884,7010,6.343,429,0,
smoke,10,/get-salt,2,2,1776914648888,7008,4.335,429,0,
smoke,10,/get-salt,2,3,1776914648892,7009,4.087,429,0,
smoke,10,/get-salt,2,4,1776914648895,7009,3.04,429,0,
smoke,10,/get-salt,2,5,1776914648898,7009,2.669,429,0,
smoke,10,/get-salt,2,6,1776914648902,7009,3.413,429,0,
smoke,10,/get-salt,2,7,1776914648905,7007,3.667,429,0,
smoke,10,/get-salt,2,8,1776914648910,7008,4.834,429,0,
smoke,10,/get-salt,2,9,1776914648924,7003,14.066,429,0,
smoke,10,/get-salt,2,10,1776914648928,7006,4.251,429,0,
smoke,10,/get-salt,2,11,1776914648932,7001,3.974,429,0,
smoke,10,/get-salt,2,12,1776914648936,7003,3.315,429,0,
smoke,10,/get-salt,2,13,1776914648940,7005,4.019,429,0,
smoke,10,/get-salt,2,14,1776914648944,7003,4.502,429,0,
smoke,10,/get-salt,2,15,1776914648949,7009,4.86,429,0,
smoke,10,/get-salt,2,16,1776914648954,7001,5.258,429,0,
smoke,10,/get-salt,2,17,1776914648958,7006,4.017,429,0,
smoke,10,/get-salt,2,18,1776914648963,7006,4.576,429,0,
smoke,10,/get-salt,2,19,1776914648967,7006,3.847,429,0,
smoke,10,/get-salt,2,20,1776914648971,7003,3.933,429,0,
smoke,10,/get-salt,2,21,1776914648975,7003,4.232,429,0,
smoke,10,/get-salt,2,22,1776914648979,7002,4.541,429,0,
smoke,10,/get-salt,2,23,1776914648984,7010,4.443,429,0,
smoke,10,/get-salt,2,24,1776914648988,7002,4.041,429,0,
smoke,10,/get-salt,2,25,1776914648993,7003,5.294,429,0,
smoke,10,/get-salt,2,26,1776914649001,7001,7.559,429,0,
smoke,10,/get-salt,2,27,1776914649004,7003,3.351,429,0,
smoke,10,/get-salt,2,28,1776914649017,7008,12.964,429,0,
smoke,10,/get-salt,2,29,1776914649022,7009,4.606,429,0,
smoke,10,/get-salt,2,30,1776914649026,7002,4.721,429,0,
smoke,10,/get-salt,2,31,1776914649036,7002,9.551,429,0,
smoke,10,/get-salt,2,32,1776914649040,7002,3.99,429,0,
smoke,10,/get-salt,2,33,1776914649044,7009,4.411,429,0,
smoke,10,/get-salt,2,34,1776914649049,7007,4.51,429,0,
smoke,10,/get-salt,2,35,1776914649054,7003,4.541,429,0,
smoke,10,/get-salt,2,36,1776914649058,7003,4.621,429,0,
smoke,10,/get-salt,2,37,1776914649063,7009,4.427,429,0,
smoke,10,/get-salt,2,38,1776914649067,7002,4.387,429,0,
smoke,10,/get-salt,2,39,1776914649075,7003,8.124,429,0,
smoke,10,/get-salt,2,40,1776914649079,7010,4.006,429,0,
smoke,10,/get-salt,2,41,1776914649084,7002,4.377,429,0,
smoke,10,/get-salt,2,42,1776914649088,7003,4.169,429,0,
smoke,10,/get-salt,2,43,1776914649093,7003,4.816,429,0,
smoke,10,/get-salt,2,44,1776914649096,7007,3.985,429,0,
smoke,10,/get-salt,2,45,1776914649100,7010,3.276,429,0,
smoke,10,/get-salt,2,46,1776914649104,7004,4.014,429,0,
smoke,10,/get-salt,2,47,1776914649108,7004,3.872,429,0,
smoke,10,/get-salt,2,48,1776914649112,7004,4.022,429,0,
smoke,10,/get-salt,2,49,1776914649115,7009,3.397,429,0,
smoke,10,/get-salt,2,50,1776914649119,7008,4.102,429,0,
smoke,10,/get-salt,2,51,1776914649124,7003,4.569,429,0,
smoke,10,/get-salt,2,52,1776914649128,7008,4.431,429,0,
smoke,10,/get-salt,2,53,1776914649133,7006,4.676,429,0,
smoke,10,/get-salt,2,54,1776914649137,7007,3.606,429,0,
smoke,10,/get-salt,2,55,1776914649141,7006,4.08,429,0,
smoke,10,/get-salt,2,56,1776914649149,7002,8.1,429,0,
smoke,10,/get-salt,2,57,1776914649152,7003,3.502,429,0,
smoke,10,/get-salt,2,58,1776914649155,7005,3.174,429,0,
smoke,10,/get-salt,2,59,1776914649158,7003,3.004,429,0,
smoke,10,/get-salt,2,60,1776914649163,7002,4.212,429,0,
smoke,10,/get-salt,2,61,1776914649167,7005,3.927,429,0,
smoke,10,/get-salt,2,62,1776914649171,7004,4.106,429,0,
smoke,10,/get-salt,2,63,1776914649175,7007,4.659,429,0,
smoke,10,/get-salt,2,64,1776914649180,7007,4.596,429,0,
smoke,10,/get-salt,2,65,1776914649184,7007,4.266,429,0,
smoke,10,/get-salt,2,66,1776914649188,7009,4.194,429,0,
smoke,10,/get-salt,2,67,1776914649192,7001,3.42,429,0,
smoke,10,/get-salt,2,68,1776914649196,7008,3.961,429,0,
smoke,10,/get-salt,2,69,1776914649201,7010,4.855,429,0,
smoke,10,/get-salt,2,70,1776914649206,7010,5.143,429,0,
smoke,10,/get-salt,2,71,1776914649209,7002,3.562,429,0,
smoke,10,/get-salt,2,72,1776914649217,7002,8.093,429,0,
smoke,10,/get-salt,2,73,1776914649223,7005,5.772,429,0,
smoke,10,/get-salt,2,74,1776914649228,7008,5.165,429,0,
smoke,10,/get-salt,2,75,1776914649234,7003,5.354,429,0,
smoke,10,/get-salt,2,76,1776914649238,7008,4.463,429,0,
smoke,10,/get-salt,2,77,1776914649243,7010,4.316,429,0,
smoke,10,/get-salt,2,78,1776914649247,7009,4.127,429,0,
smoke,10,/get-salt,2,79,1776914649251,7001,4.577,429,0,
smoke,10,/get-salt,2,80,1776914649257,7009,5.358,429,0,
smoke,10,/get-salt,2,81,1776914649261,7001,4.772,429,0,
smoke,10,/get-salt,2,82,1776914649265,7007,4.012,429,0,
smoke,10,/get-salt,2,83,1776914649270,7008,4.741,429,0,
smoke,10,/get-salt,2,84,1776914649275,7007,4.523,429,0,
smoke,10,/get-salt,2,85,1776914649279,7001,4.746,429,0,
smoke,10,/get-salt,2,86,1776914649284,7009,4.301,429,0,
smoke,10,/get-salt,2,87,1776914649288,7010,4.156,429,0,
smoke,10,/get-salt,2,88,1776914649298,7005,10.37,429,0,
smoke,10,/get-salt,2,89,1776914649310,7001,11.976,429,0,
smoke,10,/get-salt,2,90,1776914649315,7002,4.358,429,0,
smoke,10,/get-salt,2,91,1776914649319,7003,3.998,429,0,
smoke,10,/get-salt,2,92,1776914649323,7001,3.961,429,0,
smoke,10,/get-salt,2,93,1776914649326,7010,3.721,429,0,
smoke,10,/get-salt,2,94,1776914649330,7008,3.919,429,0,
smoke,10,/get-salt,2,95,1776914649335,7001,5.004,429,0,
smoke,10,/get-salt,2,96,1776914649340,7008,4.49,429,0,
smoke,10,/get-salt,2,97,1776914649344,7005,4.414,429,0,
smoke,10,/get-salt,2,98,1776914649348,7010,4.186,429,0,
smoke,10,/get-salt,2,99,1776914649352,7005,4.109,429,0,
smoke,10,/get-salt,2,100,1776914649356,7001,4.019,429,0,
smoke,10,/get-salt,2,101,1776914649361,7001,4.072,429,0,
smoke,10,/get-salt,2,102,1776914649364,7006,3.85,429,0,
smoke,10,/get-salt,2,103,1776914649369,7009,4.615,429,0,
smoke,10,/get-salt,2,104,1776914649373,7004,3.638,429,0,
smoke,10,/get-salt,2,105,1776914649377,7009,4.064,429,0,
smoke,10,/get-salt,2,106,1776914649381,7004,4.008,429,0,
smoke,10,/get-salt,2,107,1776914649385,7005,3.929,429,0,
smoke,10,/get-salt,2,108,1776914649389,7003,3.957,429,0,
smoke,10,/get-salt,2,109,1776914649396,7002,7.163,429,0,
smoke,10,/get-salt,2,110,1776914649400,7007,4.134,429,0,
smoke,10,/get-salt,2,111,1776914649404,7001,4.255,429,0,
smoke,10,/get-salt,2,112,1776914649408,7008,3.937,429,0,
smoke,10,/get-salt,2,113,1776914649412,7006,4.206,429,0,
smoke,10,/get-salt,2,114,1776914649416,7008,3.924,429,0,
smoke,10,/get-salt,2,115,1776914649421,7007,4.265,429,0,
smoke,10,/get-salt,2,116,1776914649425,7008,4.049,429,0,
smoke,10,/get-salt,2,117,1776914649429,7005,4,429,0,
smoke,10,/get-salt,2,118,1776914649433,7005,4.055,429,0,
smoke,10,/get-salt,2,119,1776914649437,7002,4.382,429,0,
smoke,10,/get-salt,2,120,1776914649441,7002,4.45,429,0,
smoke,10,/get-salt,2,121,1776914649446,7006,4.16,429,0,
smoke,10,/get-salt,2,122,1776914649454,7007,8.696,429,0,
smoke,10,/get-salt,2,123,1776914649458,7008,3.651,429,0,
smoke,10,/get-salt,2,124,1776914649462,7004,4.059,429,0,
smoke,10,/get-salt,2,125,1776914649466,7007,4.123,429,0,
smoke,10,/get-salt,2,126,1776914649471,7001,4.496,429,0,
smoke,10,/get-salt,2,127,1776914649475,7005,4.306,429,0,
smoke,10,/get-salt,2,128,1776914649480,7001,4.785,429,0,
smoke,10,/get-salt,2,129,1776914649484,7008,4.548,429,0,
smoke,10,/get-salt,2,130,1776914649489,7003,4.363,429,0,
smoke,10,/get-salt,2,131,1776914649493,7005,4.265,429,0,
smoke,10,/get-salt,2,132,1776914649497,7005,4.308,429,0,
smoke,10,/get-salt,2,133,1776914649502,7010,4.52,429,0,
smoke,10,/get-salt,2,134,1776914649506,7001,4.086,429,0,
smoke,10,/get-salt,2,135,1776914649511,7005,4.914,429,0,
smoke,10,/get-salt,2,136,1776914649515,7007,4.41,429,0,
smoke,10,/get-salt,2,137,1776914649520,7004,4.392,429,0,
smoke,10,/get-salt,2,138,1776914649528,7004,8.58,429,0,
smoke,10,/get-salt,2,139,1776914649532,7005,4.003,429,0,
smoke,10,/get-salt,2,140,1776914649536,7006,3.433,429,0,
smoke,10,/get-salt,2,141,1776914649539,7010,3.751,429,0,
smoke,10,/get-salt,2,142,1776914649548,7004,8.127,429,0,
smoke,10,/get-salt,2,143,1776914649556,7003,8.678,429,0,
smoke,10,/get-salt,2,144,1776914649561,7007,4.833,429,0,
smoke,10,/get-salt,2,145,1776914649566,7001,4.526,429,0,
smoke,10,/get-salt,2,146,1776914649570,7002,4.726,429,0,
smoke,10,/get-salt,2,147,1776914649574,7009,3.661,429,0,
smoke,10,/get-salt,2,148,1776914649578,7009,3.845,429,0,
smoke,10,/get-salt,2,149,1776914649583,7007,5.001,429,0,
smoke,10,/get-salt,2,150,1776914649587,7004,4.342,429,0,
smoke,10,/get-salt,2,151,1776914649591,7007,4.174,429,0,
smoke,10,/get-salt,2,152,1776914649595,7005,3.674,429,0,
smoke,10,/get-salt,2,153,1776914649599,7010,4.004,429,0,
smoke,10,/get-salt,2,154,1776914649606,7009,6.764,429,0,
smoke,10,/get-salt,2,155,1776914649610,7004,4.361,429,0,
smoke,10,/get-salt,2,156,1776914649615,7010,4.406,429,0,
smoke,10,/get-salt,2,157,1776914649620,7007,5.395,429,0,
smoke,10,/get-salt,2,158,1776914649624,7004,4.155,429,0,
smoke,10,/get-salt,2,159,1776914649628,7010,4.182,429,0,
smoke,10,/get-salt,2,160,1776914649632,7010,3.618,429,0,
smoke,10,/get-salt,2,161,1776914649637,7005,5.253,429,0,
smoke,10,/get-salt,2,162,1776914649641,7008,3.609,429,0,
smoke,10,/get-salt,2,163,1776914649648,7007,6.751,429,0,
smoke,10,/get-salt,2,164,1776914649651,7007,3.605,429,0,
smoke,10,/get-salt,2,165,1776914649654,7006,3.042,429,0,
smoke,10,/get-salt,2,166,1776914649658,7001,3.442,429,0,
smoke,10,/get-salt,2,167,1776914649661,7010,3.732,429,0,
smoke,10,/get-salt,2,168,1776914649664,7009,2.246,429,0,
smoke,10,/get-salt,2,169,1776914649671,7002,7.361,429,0,
smoke,10,/get-salt,2,170,1776914649676,7010,4.47,429,0,
smoke,10,/get-salt,2,171,1776914649680,7002,4.704,429,0,
smoke,10,/get-salt,2,172,1776914649684,7004,3.694,429,0,
smoke,10,/get-salt,2,173,1776914649688,7006,4.064,429,0,
smoke,10,/get-salt,2,174,1776914649691,7001,2.512,429,0,
smoke,10,/get-salt,2,175,1776914649694,7001,3.852,429,0,
smoke,10,/get-salt,2,176,1776914649697,7009,2.993,429,0,
smoke,10,/get-salt,2,177,1776914649706,7001,8.491,429,0,
smoke,10,/get-salt,2,178,1776914649710,7003,3.638,429,0,
smoke,10,/get-salt,2,179,1776914649712,7003,2.313,429,0,
smoke,10,/get-salt,2,180,1776914649719,7002,6.723,429,0,
smoke,10,/get-salt,2,181,1776914649722,7005,3.573,429,0,
smoke,10,/get-salt,2,182,1776914649726,7005,3.686,429,0,
smoke,10,/get-salt,2,183,1776914649730,7002,3.972,429,0,
smoke,10,/get-salt,2,184,1776914649734,7001,3.698,429,0,
smoke,10,/get-salt,2,185,1776914649738,7002,4.293,429,0,
smoke,10,/get-salt,2,186,1776914649742,7009,4.234,429,0,
smoke,10,/get-salt,2,187,1776914649746,7006,4.037,429,0,
smoke,10,/get-salt,2,188,1776914649751,7003,5.08,429,0,
smoke,10,/get-salt,2,189,1776914649755,7002,3.964,429,0,
smoke,10,/get-salt,2,190,1776914649760,7004,4.471,429,0,
smoke,10,/get-salt,2,191,1776914649764,7002,3.97,429,0,
smoke,10,/get-salt,2,192,1776914649772,7001,7.961,429,0,
smoke,10,/get-salt,2,193,1776914649775,7005,3.811,429,0,
smoke,10,/get-salt,2,194,1776914649779,7001,3.245,429,0,
smoke,10,/get-salt,2,195,1776914649782,7009,3.75,429,0,
smoke,10,/get-salt,2,196,1776914649787,7007,4.188,429,0,
smoke,10,/get-salt,2,197,1776914649790,7004,3.822,429,0,
smoke,10,/get-salt,2,198,1776914649794,7003,3.528,429,0,
smoke,10,/get-salt,2,199,1776914649798,7008,4.44,429,0,
smoke,10,/get-salt,2,200,1776914649802,7005,3.958,429,0,
smoke,10,/get-salt,2,201,1776914649807,7010,4.601,429,0,
smoke,10,/get-salt,2,202,1776914649811,7009,3.883,429,0,
smoke,10,/get-salt,2,203,1776914649815,7003,4.588,429,0,
smoke,10,/get-salt,2,204,1776914649819,7007,3.884,429,0,
smoke,10,/get-salt,2,205,1776914649823,7008,3.885,429,0,
smoke,10,/get-salt,2,206,1776914649827,7001,4.001,429,0,
smoke,10,/get-salt,2,207,1776914649836,7001,9.014,429,0,
smoke,10,/get-salt,2,208,1776914649847,7004,10.559,429,0,
smoke,10,/get-salt,2,209,1776914649851,7007,4.116,429,0,
smoke,10,/get-salt,2,210,1776914649855,7004,3.751,429,0,
smoke,10,/get-salt,2,211,1776914649860,7001,5.09,429,0,
smoke,10,/get-salt,2,212,1776914649864,7008,3.966,429,0,
smoke,10,/get-salt,2,213,1776914649868,7002,4.181,429,0,
smoke,10,/get-salt,2,214,1776914649872,7001,3.994,429,0,
smoke,10,/get-salt,2,215,1776914649876,7008,4.139,429,0,
smoke,10,/get-salt,2,216,1776914649880,7008,4.063,429,0,
smoke,10,/get-salt,2,217,1776914649884,7005,3.701,429,0,
smoke,10,/get-salt,2,218,1776914649887,7009,3.302,429,0,
smoke,10,/get-salt,2,219,1776914649891,7009,3.527,429,0,
smoke,10,/get-salt,2,220,1776914649894,7009,3.728,429,0,
smoke,10,/get-salt,2,221,1776914649898,7009,3.923,429,0,
smoke,10,/get-salt,2,222,1776914649902,7005,4.023,429,0,
smoke,10,/get-salt,2,223,1776914649907,7004,4.352,429,0,
smoke,10,/get-salt,2,224,1776914649911,7001,4.24,429,0,
smoke,10,/get-salt,2,225,1776914649915,7006,3.771,429,0,
smoke,10,/get-salt,2,226,1776914649919,7002,3.878,429,0,
smoke,10,/get-salt,2,227,1776914649923,7010,4.085,429,0,
smoke,10,/get-salt,2,228,1776914649926,7007,3.393,429,0,
smoke,10,/get-salt,2,229,1776914649933,7007,6.616,429,0,
smoke,10,/get-salt,2,230,1776914649937,7001,4.567,429,0,
smoke,10,/get-salt,2,231,1776914649942,7003,4.666,429,0,
smoke,10,/get-salt,2,232,1776914649946,7002,3.746,429,0,
smoke,10,/get-salt,2,233,1776914649950,7004,4.049,429,0,
smoke,10,/get-salt,2,234,1776914649954,7006,4.529,429,0,
smoke,10,/get-salt,2,235,1776914649958,7002,3.899,429,0,
smoke,10,/get-salt,2,236,1776914649962,7004,3.705,429,0,
smoke,10,/get-salt,2,237,1776914649965,7010,3.351,429,0,
smoke,10,/get-salt,2,238,1776914649969,7009,3.754,429,0,
smoke,10,/get-salt,2,239,1776914649973,7006,3.841,429,0,
smoke,10,/get-salt,2,240,1776914649976,7001,3.396,429,0,
smoke,10,/get-salt,2,241,1776914649981,7002,4.27,429,0,
smoke,10,/get-salt,2,242,1776914649989,7010,8.213,429,0,
smoke,10,/get-salt,2,243,1776914649993,7006,4.055,429,0,
smoke,10,/get-salt,2,244,1776914649997,7005,4.296,429,0,
smoke,10,/get-salt,2,245,1776914650001,7005,4.372,429,0,
smoke,10,/get-salt,2,246,1776914650006,7007,4.322,429,0,
smoke,10,/get-salt,2,247,1776914650010,7008,3.957,429,0,
smoke,10,/get-salt,2,248,1776914650014,7003,3.864,429,0,
smoke,10,/get-salt,2,249,1776914650018,7001,4.861,429,0,
smoke,10,/get-salt,2,250,1776914650022,7002,3.95,429,0,
smoke,10,/get-salt,2,251,1776914650026,7003,3.698,429,0,
smoke,10,/get-salt,2,252,1776914650030,7002,4.181,429,0,
smoke,10,/get-salt,2,253,1776914650034,7007,3.411,429,0,
smoke,10,/get-salt,2,254,1776914650038,7010,4.098,429,0,
smoke,10,/get-salt,2,255,1776914650042,7003,4.114,429,0,
smoke,10,/get-salt,2,256,1776914650046,7001,3.922,429,0,
smoke,10,/get-salt,2,257,1776914650049,7001,3.609,429,0,
smoke,10,/get-salt,2,258,1776914650057,7001,7.509,429,0,
smoke,10,/get-salt,2,259,1776914650061,7002,4.028,429,0,
smoke,10,/get-salt,2,260,1776914650065,7009,3.737,429,0,
smoke,10,/get-salt,2,261,1776914650069,7010,3.847,429,0,
smoke,10,/get-salt,2,262,1776914650073,7001,3.913,429,0,
smoke,10,/get-salt,2,263,1776914650076,7001,3.844,429,0,
smoke,10,/get-salt,2,264,1776914650080,7004,3.952,429,0,
smoke,10,/get-salt,2,265,1776914650084,7006,3.793,429,0,
smoke,10,/get-salt,2,266,1776914650088,7002,3.944,429,0,
smoke,10,/get-salt,2,267,1776914650092,7005,4.176,429,0,
smoke,10,/get-salt,2,268,1776914650096,7005,3.806,429,0,
smoke,10,/get-salt,2,269,1776914650100,7004,4.138,429,0,
smoke,10,/get-salt,2,270,1776914650104,7001,3.834,429,0,
smoke,10,/get-salt,2,271,1776914650107,7004,3.432,429,0,
smoke,10,/get-salt,2,272,1776914650111,7008,3.888,429,0,
smoke,10,/get-salt,2,273,1776914650119,7009,8.097,429,0,
smoke,10,/get-salt,2,274,1776914650123,7001,3.768,429,0,
smoke,10,/get-salt,2,275,1776914650128,7005,4.271,429,0,
smoke,10,/get-salt,2,276,1776914650132,7001,4.048,429,0,
smoke,10,/get-salt,2,277,1776914650135,7010,3.841,429,0,
smoke,10,/get-salt,2,278,1776914650139,7004,3.716,429,0,
smoke,10,/get-salt,2,279,1776914650143,7002,4.099,429,0,
smoke,10,/get-salt,2,280,1776914650148,7004,4.404,429,0,
smoke,10,/get-salt,2,281,1776914650152,7009,4.363,429,0,
smoke,10,/get-salt,2,282,1776914650156,7007,4.083,429,0,
smoke,10,/get-salt,2,283,1776914650160,7005,3.929,429,0,
smoke,10,/get-salt,2,284,1776914650164,7007,4.113,429,0,
smoke,10,/get-salt,2,285,1776914650168,7001,4.154,429,0,
smoke,10,/get-salt,2,286,1776914650172,7001,4.006,429,0,
smoke,10,/get-salt,2,287,1776914650176,7002,4.163,429,0,
smoke,10,/get-salt,2,288,1776914650185,7007,8.027,429,0,
smoke,10,/get-salt,2,289,1776914650188,7002,3.637,429,0,
smoke,10,/get-salt,2,290,1776914650192,7010,4.298,429,0,
smoke,10,/get-salt,2,291,1776914650196,7004,3.907,429,0,
smoke,10,/get-salt,2,292,1776914650200,7003,3.905,429,0,
smoke,10,/get-salt,2,293,1776914650204,7001,3.984,429,0,
smoke,10,/get-salt,2,294,1776914650208,7006,4.126,429,0,
smoke,10,/get-salt,2,295,1776914650213,7002,4.353,429,0,
smoke,10,/get-salt,2,296,1776914650217,7009,4.16,429,0,
smoke,10,/get-salt,2,297,1776914650221,7008,4.139,429,0,
smoke,10,/get-salt,2,298,1776914650225,7001,4.163,429,0,
smoke,10,/get-salt,2,299,1776914650230,7008,4.334,429,0,
smoke,10,/get-salt,2,300,1776914650233,7009,3.704,429,0,
smoke,10,/get-salt,2,301,1776914650237,7009,3.32,429,0,
smoke,10,/get-salt,2,302,1776914650241,7007,3.909,429,0,
smoke,10,/get-salt,2,303,1776914650249,7008,8.669,429,0,
smoke,10,/get-salt,2,304,1776914650253,7010,4.034,429,0,
smoke,10,/get-salt,2,305,1776914650257,7003,4.031,429,0,
smoke,10,/get-salt,2,306,1776914650262,7003,4.307,429,0,
smoke,10,/get-salt,2,307,1776914650266,7002,4.159,429,0,
smoke,10,/get-salt,2,308,1776914650270,7008,4.102,429,0,
smoke,10,/get-salt,2,309,1776914650274,7006,4.168,429,0,
smoke,10,/get-salt,2,310,1776914650278,7005,4.107,429,0,
smoke,10,/get-salt,2,311,1776914650282,7010,3.931,429,0,
smoke,10,/get-salt,2,312,1776914650286,7004,3.53,429,0,
smoke,10,/get-salt,2,313,1776914650289,7010,3.168,429,0,
smoke,10,/get-salt,2,314,1776914650292,7005,3.303,429,0,
smoke,10,/get-salt,2,315,1776914650296,7003,4.183,429,0,
smoke,10,/get-salt,2,316,1776914650300,7002,4.191,429,0,
smoke,10,/get-salt,2,317,1776914650304,7001,3.6,429,0,
smoke,10,/get-salt,2,318,1776914650311,7007,7.343,429,0,
smoke,10,/get-salt,2,319,1776914650315,7010,4.073,429,0,
smoke,10,/get-salt,2,320,1776914650321,7007,5.861,429,0,
smoke,10,/get-salt,2,321,1776914650326,7001,4.411,429,0,
smoke,10,/get-salt,2,322,1776914650332,7004,6.501,429,0,
smoke,10,/get-salt,2,323,1776914650336,7009,3.919,429,0,
smoke,10,/get-salt,2,324,1776914650340,7003,4.093,429,0,
smoke,10,/get-salt,2,325,1776914650344,7009,3.636,429,0,
smoke,10,/get-salt,2,326,1776914650348,7006,4.292,429,0,
smoke,10,/get-salt,2,327,1776914650352,7009,4.048,429,0,
smoke,10,/get-salt,2,328,1776914650356,7005,4.125,429,0,
smoke,10,/get-salt,2,329,1776914650361,7001,4.369,429,0,
smoke,10,/get-salt,2,330,1776914650375,7001,14.166,429,0,
smoke,10,/get-salt,2,331,1776914650384,7007,8.692,429,0,
smoke,10,/get-salt,2,332,1776914650388,7001,3.913,429,0,
smoke,10,/get-salt,2,333,1776914650392,7007,3.96,429,0,
smoke,10,/get-salt,2,334,1776914650395,7003,3.39,429,0,
smoke,10,/get-salt,2,335,1776914650399,7008,4.047,429,0,
smoke,10,/get-salt,2,336,1776914650402,7003,3.253,429,0,
smoke,10,/get-salt,2,337,1776914650406,7007,3.441,429,0,
smoke,10,/get-salt,2,338,1776914650410,7005,3.977,429,0,
smoke,10,/get-salt,2,339,1776914650413,7006,3.728,429,0,
smoke,10,/get-salt,2,340,1776914650417,7009,3.8,429,0,
smoke,10,/get-salt,2,341,1776914650421,7001,3.879,429,0,
smoke,10,/get-salt,2,342,1776914650425,7009,3.564,429,0,
smoke,10,/get-salt,2,343,1776914650429,7007,3.962,429,0,
smoke,10,/get-salt,2,344,1776914650432,7008,3.128,429,0,
smoke,10,/get-salt,2,345,1776914650440,7007,7.962,429,0,
smoke,10,/get-salt,2,346,1776914650447,7006,7.515,429,0,
smoke,10,/get-salt,2,347,1776914650453,7010,5.946,429,0,
smoke,10,/get-salt,2,348,1776914650462,7006,8.755,429,0,
smoke,10,/get-salt,2,349,1776914650466,7008,4.031,429,0,
smoke,10,/get-salt,2,350,1776914650470,7007,4.225,429,0,
smoke,10,/get-salt,2,351,1776914650474,7002,4.005,429,0,
smoke,10,/get-salt,2,352,1776914650477,7006,3.226,429,0,
smoke,10,/get-salt,2,353,1776914650481,7006,3.855,429,0,
smoke,10,/get-salt,2,354,1776914650485,7002,4.153,429,0,
smoke,10,/get-salt,2,355,1776914650489,7010,3.817,429,0,
smoke,10,/get-salt,2,356,1776914650493,7009,4.226,429,0,
smoke,10,/get-salt,2,357,1776914650498,7003,4.835,429,0,
smoke,10,/get-salt,2,358,1776914650502,7004,3.55,429,0,
smoke,10,/get-salt,2,359,1776914650507,7008,5.397,429,0,
smoke,10,/get-salt,2,360,1776914650511,7007,3.752,429,0,
smoke,10,/get-salt,2,361,1776914650515,7010,4.264,429,0,
smoke,10,/get-salt,2,362,1776914650519,7003,3.442,429,0,
smoke,10,/get-salt,2,363,1776914650523,7001,3.924,429,0,
smoke,10,/get-salt,2,364,1776914650527,7008,4.071,429,0,
smoke,10,/get-salt,2,365,1776914650531,7004,3.861,429,0,
smoke,10,/get-salt,2,366,1776914650537,7007,6.367,429,0,
smoke,10,/get-salt,2,367,1776914650541,7004,4.084,429,0,
smoke,10,/get-salt,2,368,1776914650545,7001,3.555,429,0,
smoke,10,/get-salt,2,369,1776914650548,7007,3.828,429,0,
smoke,10,/get-salt,2,370,1776914650553,7007,4.132,429,0,
smoke,10,/get-salt,2,371,1776914650559,7006,6.46,429,0,
smoke,10,/get-salt,2,372,1776914650562,7005,2.504,429,0,
smoke,10,/get-salt,2,373,1776914650564,7006,2.178,429,0,
smoke,10,/get-salt,2,374,1776914650569,7009,5.4,429,0,
smoke,10,/get-salt,2,375,1776914650573,7006,4.261,429,0,
smoke,10,/get-salt,2,376,1776914650577,7004,3.363,429,0,
smoke,10,/get-salt,2,377,1776914650581,7002,4.149,429,0,
smoke,10,/get-salt,2,378,1776914650585,7002,3.656,429,0,
smoke,10,/get-salt,2,379,1776914650588,7004,3.222,429,0,
smoke,10,/get-salt,2,380,1776914650592,7006,3.719,429,0,
smoke,10,/get-salt,2,381,1776914650601,7002,9.255,429,0,
smoke,10,/get-salt,2,382,1776914650604,7008,3.41,429,0,
smoke,10,/get-salt,2,383,1776914650608,7010,3.648,429,0,
smoke,10,/get-salt,2,384,1776914650611,7004,3.604,429,0,
smoke,10,/get-salt,2,385,1776914650616,7006,4.042,429,0,
smoke,10,/get-salt,2,386,1776914650620,7009,4.635,429,0,
smoke,10,/get-salt,2,387,1776914650624,7009,3.983,429,0,
smoke,10,/get-salt,2,388,1776914650630,7008,5.778,429,0,
smoke,10,/get-salt,2,389,1776914650632,7004,2.238,429,0,
smoke,10,/get-salt,2,390,1776914650635,7005,2.843,429,0,
smoke,10,/get-salt,2,391,1776914650637,7001,2.264,429,0,
smoke,10,/get-salt,2,392,1776914650640,7009,3.021,429,0,
smoke,10,/get-salt,2,393,1776914650643,7005,2.775,429,0,
smoke,10,/get-salt,2,394,1776914650647,7002,3.522,429,0,
smoke,10,/get-salt,2,395,1776914650649,7010,2.601,429,0,
smoke,10,/get-salt,2,396,1776914650658,7003,8.775,429,0,
smoke,10,/get-salt,2,397,1776914650665,7008,6.542,429,0,
smoke,10,/get-salt,2,398,1776914650668,7002,3.332,429,0,
smoke,10,/get-salt,2,399,1776914650672,7006,3.844,429,0,
smoke,10,/get-salt,2,400,1776914650675,7005,3.369,429,0,
smoke,10,/get-salt,2,401,1776914650678,7005,2.857,429,0,
smoke,10,/get-salt,2,402,1776914650681,7005,3.3,429,0,
smoke,10,/get-salt,2,403,1776914650684,7005,2.987,429,0,
smoke,10,/get-salt,2,404,1776914650688,7001,3.531,429,0,
smoke,10,/get-salt,2,405,1776914650692,7008,3.814,429,0,
smoke,10,/get-salt,2,406,1776914650695,7010,3.794,429,0,
smoke,10,/get-salt,2,407,1776914650700,7007,4.24,429,0,
smoke,10,/get-salt,2,408,1776914650704,7006,4.225,429,0,
smoke,10,/get-salt,2,409,1776914650708,7009,3.738,429,0,
smoke,10,/get-salt,2,410,1776914650711,7006,3.573,429,0,
smoke,10,/get-salt,2,411,1776914650715,7010,3.763,429,0,
smoke,10,/get-salt,2,412,1776914650722,7009,6.942,429,0,
smoke,10,/get-salt,2,413,1776914650725,7001,3.388,429,0,
smoke,10,/get-salt,2,414,1776914650729,7005,3.783,429,0,
smoke,10,/get-salt,2,415,1776914650733,7004,3.807,429,0,
smoke,10,/get-salt,2,416,1776914650736,7008,3.186,429,0,
smoke,10,/get-salt,2,417,1776914650740,7009,3.671,429,0,
smoke,10,/get-salt,2,418,1776914650743,7002,3.35,429,0,
smoke,10,/get-salt,2,419,1776914650747,7002,4.007,429,0,
smoke,10,/get-salt,2,420,1776914650752,7009,4.924,429,0,
smoke,10,/get-salt,2,421,1776914650756,7006,4.077,429,0,
smoke,10,/get-salt,2,422,1776914650760,7007,4.138,429,0,
smoke,10,/get-salt,2,423,1776914650763,7008,3.185,429,0,
smoke,10,/get-salt,2,424,1776914650767,7005,3.574,429,0,
smoke,10,/get-salt,2,425,1776914650771,7001,4.301,429,0,
smoke,10,/get-salt,2,426,1776914650775,7003,3.772,429,0,
smoke,10,/get-salt,2,427,1776914650786,7006,11.22,429,0,
smoke,10,/get-salt,2,428,1776914650793,7010,6.282,429,0,
smoke,10,/get-salt,2,429,1776914650796,7010,3.353,429,0,
smoke,10,/get-salt,2,430,1776914650799,7006,2.894,429,0,
smoke,10,/get-salt,2,431,1776914650803,7003,4.031,429,0,
smoke,10,/get-salt,2,432,1776914650807,7010,4.303,429,0,
smoke,10,/get-salt,2,433,1776914650811,7008,3.81,429,0,
smoke,10,/get-salt,2,434,1776914650815,7001,3.672,429,0,
smoke,10,/get-salt,2,435,1776914650818,7003,3.699,429,0,
smoke,10,/get-salt,2,436,1776914650822,7009,3.885,429,0,
smoke,10,/get-salt,2,437,1776914650826,7004,3.587,429,0,
smoke,10,/get-salt,2,438,1776914650830,7005,3.924,429,0,
smoke,10,/get-salt,2,439,1776914650834,7010,4.152,429,0,
smoke,10,/get-salt,2,440,1776914650838,7005,4.062,429,0,
smoke,10,/get-salt,2,441,1776914650842,7005,4.248,429,0,
smoke,10,/get-salt,2,442,1776914650846,7001,4.172,429,0,
smoke,10,/get-salt,2,443,1776914650854,7004,7.881,429,0,
smoke,10,/get-salt,2,444,1776914650858,7001,3.775,429,0,
smoke,10,/get-salt,2,445,1776914650862,7005,3.835,429,0,
smoke,10,/get-salt,2,446,1776914650866,7005,3.609,429,0,
smoke,10,/get-salt,2,447,1776914650870,7005,3.94,429,0,
smoke,10,/get-salt,2,448,1776914650873,7004,3.644,429,0,
smoke,10,/get-salt,2,449,1776914650877,7006,3.956,429,0,
smoke,10,/get-salt,2,450,1776914650881,7005,4.194,429,0,
smoke,10,/get-salt,2,451,1776914650886,7002,4.606,429,0,
smoke,10,/get-salt,2,452,1776914650890,7003,3.884,429,0,
smoke,10,/get-salt,2,453,1776914650894,7003,3.718,429,0,
smoke,10,/get-salt,2,454,1776914650897,7005,3.819,429,0,
smoke,10,/get-salt,2,455,1776914650901,7004,3.642,429,0,
smoke,10,/get-salt,2,456,1776914650904,7001,3.405,429,0,
smoke,10,/get-salt,2,457,1776914650909,7010,4.575,429,0,
smoke,10,/get-salt,2,458,1776914650917,7009,8.221,429,0,
smoke,10,/get-salt,2,459,1776914650921,7006,4.104,429,0,
smoke,10,/get-salt,2,460,1776914650925,7008,3.661,429,0,
smoke,10,/get-salt,2,461,1776914650929,7004,3.741,429,0,
smoke,10,/get-salt,2,462,1776914650933,7002,4.381,429,0,
smoke,10,/get-salt,2,463,1776914650937,7002,3.767,429,0,
smoke,10,/get-salt,2,464,1776914650941,7008,4.102,429,0,
smoke,10,/get-salt,2,465,1776914650945,7005,3.91,429,0,
smoke,10,/get-salt,2,466,1776914650949,7004,3.783,429,0,
smoke,10,/get-salt,2,467,1776914650953,7001,4.594,429,0,
smoke,10,/get-salt,2,468,1776914650958,7001,4.272,429,0,
smoke,10,/get-salt,2,469,1776914650962,7007,4.289,429,0,
smoke,10,/get-salt,2,470,1776914650965,7009,3.529,429,0,
smoke,10,/get-salt,2,471,1776914650969,7005,3.153,429,0,
smoke,10,/get-salt,2,472,1776914650977,7008,8.647,429,0,
smoke,10,/get-salt,2,473,1776914650981,7001,4.069,429,0,
smoke,10,/get-salt,2,474,1776914650986,7008,4.257,429,0,
smoke,10,/get-salt,2,475,1776914650989,7010,3.571,429,0,
smoke,10,/get-salt,2,476,1776914650993,7001,4.022,429,0,
smoke,10,/get-salt,2,477,1776914650997,7006,4.114,429,0,
smoke,10,/get-salt,2,478,1776914651002,7004,4.578,429,0,
smoke,10,/get-salt,2,479,1776914651006,7006,4.034,429,0,
smoke,10,/get-salt,2,480,1776914651010,7003,4.202,429,0,
smoke,10,/get-salt,2,481,1776914651015,7007,4.649,429,0,
smoke,10,/get-salt,2,482,1776914651019,7006,3.843,429,0,
smoke,10,/get-salt,2,483,1776914651022,7005,3.116,429,0,
smoke,10,/get-salt,2,484,1776914651028,7008,6.587,429,0,
smoke,10,/get-salt,2,485,1776914651032,7009,3.887,429,0,
smoke,10,/get-salt,2,486,1776914651036,7005,3.517,429,0,
smoke,10,/get-salt,2,487,1776914651046,7001,10.476,429,0,
smoke,10,/get-salt,2,488,1776914651051,7006,4.346,429,0,
smoke,10,/get-salt,2,489,1776914651055,7006,4.148,429,0,
smoke,10,/get-salt,2,490,1776914651058,7004,3.518,429,0,
smoke,10,/get-salt,2,491,1776914651062,7006,3.969,429,0,
smoke,10,/get-salt,2,492,1776914651066,7004,3.739,429,0,
smoke,10,/get-salt,2,493,1776914651070,7001,4.049,429,0,
smoke,10,/get-salt,2,494,1776914651075,7007,4.848,429,0,
smoke,10,/get-salt,2,495,1776914651079,7002,3.864,429,0,
smoke,10,/get-salt,2,496,1776914651084,7009,5.364,429,0,
smoke,10,/get-salt,2,497,1776914651089,7008,4.855,429,0,
smoke,10,/get-salt,2,498,1776914651099,7008,10.451,429,0,
smoke,10,/get-salt,2,499,1776914651103,7003,4.027,429,0,
smoke,10,/get-salt,2,500,1776914651107,7005,3.931,429,0,
smoke,10,/get-salt,2,501,1776914651111,7004,3.499,429,0,
smoke,10,/get-salt,2,502,1776914651114,7009,3.44,429,0,
smoke,10,/get-salt,2,503,1776914651118,7002,3.494,429,0,
smoke,10,/get-salt,2,504,1776914651123,7009,5.595,429,0,
smoke,10,/get-salt,2,505,1776914651127,7007,3.868,429,0,
smoke,10,/get-salt,2,506,1776914651130,7006,3.078,429,0,
smoke,10,/get-salt,2,507,1776914651135,7002,4.183,429,0,
smoke,10,/get-salt,2,508,1776914651139,7005,4.78,429,0,
smoke,10,/get-salt,2,509,1776914651144,7001,5.089,429,0,
smoke,10,/get-salt,2,510,1776914651148,7007,3.979,429,0,
smoke,10,/get-salt,2,511,1776914651152,7008,3.979,429,0,
smoke,10,/get-salt,2,512,1776914651156,7002,3.891,429,0,
smoke,10,/get-salt,2,513,1776914651160,7006,3.693,429,0,
smoke,10,/get-salt,2,514,1776914651165,7003,4.765,429,0,
smoke,10,/get-salt,2,515,1776914651169,7008,4.21,429,0,
smoke,10,/get-salt,2,516,1776914651173,7009,4.031,429,0,
smoke,10,/get-salt,2,517,1776914651177,7007,3.89,429,0,
smoke,10,/get-salt,2,518,1776914651184,7009,6.699,429,0,
smoke,10,/get-salt,2,519,1776914651187,7002,3.515,429,0,
smoke,10,/get-salt,2,520,1776914651191,7009,3.985,429,0,
smoke,10,/get-salt,2,521,1776914651195,7010,3.494,429,0,
smoke,10,/get-salt,2,522,1776914651199,7003,3.983,429,0,
smoke,10,/get-salt,2,523,1776914651203,7002,4.206,429,0,
smoke,10,/get-salt,2,524,1776914651206,7005,3.496,429,0,
smoke,10,/get-salt,2,525,1776914651211,7004,4.335,429,0,
smoke,10,/get-salt,2,526,1776914651215,7008,3.921,429,0,
smoke,10,/get-salt,2,527,1776914651219,7009,4.127,429,0,
smoke,10,/get-salt,2,528,1776914651225,7006,6.37,429,0,
smoke,10,/get-salt,2,529,1776914651229,7002,4.176,429,0,
smoke,10,/get-salt,2,530,1776914651232,7003,2.977,429,0,
smoke,10,/get-salt,2,531,1776914651237,7010,4.804,429,0,
smoke,10,/get-salt,2,532,1776914651247,7005,10.335,429,0,
smoke,10,/get-salt,2,533,1776914651252,7009,4.328,429,0,
smoke,10,/get-salt,2,534,1776914651256,7007,4.046,429,0,
smoke,10,/get-salt,2,535,1776914651260,7008,3.711,429,0,
smoke,10,/get-salt,2,536,1776914651264,7002,4.548,429,0,
smoke,10,/get-salt,2,537,1776914651268,7003,4.201,429,0,
smoke,10,/get-salt,2,538,1776914651273,7002,4.445,429,0,
smoke,10,/get-salt,2,539,1776914651277,7004,3.86,429,0,
smoke,10,/get-salt,2,540,1776914651281,7005,4.905,429,0,
smoke,10,/get-salt,2,541,1776914651286,7006,4.074,429,0,
smoke,10,/get-salt,2,542,1776914651290,7008,4.384,429,0,
smoke,10,/get-salt,2,543,1776914651294,7006,3.938,429,0,
smoke,10,/get-salt,2,544,1776914651298,7002,3.855,429,0,
smoke,10,/get-salt,2,545,1776914651302,7008,3.953,429,0,
smoke,10,/get-salt,2,546,1776914651305,7004,3.448,429,0,
smoke,10,/get-salt,2,547,1776914651312,7009,7.138,429,0,
smoke,10,/get-salt,2,548,1776914651316,7006,4,429,0,
smoke,10,/get-salt,2,549,1776914651320,7009,4.174,429,0,
smoke,10,/get-salt,2,550,1776914651325,7006,4.035,429,0,
smoke,10,/get-salt,2,551,1776914651329,7004,4.075,429,0,
smoke,10,/get-salt,2,552,1776914651332,7006,3.803,429,0,
smoke,10,/get-salt,2,553,1776914651336,7006,3.765,429,0,
smoke,10,/get-salt,2,554,1776914651339,7004,3.07,429,0,
smoke,10,/get-salt,2,555,1776914651344,7004,4.28,429,0,
smoke,10,/get-salt,2,556,1776914651347,7002,3.867,429,0,
smoke,10,/get-salt,2,557,1776914651351,7003,3.815,429,0,
smoke,10,/get-salt,2,558,1776914651355,7002,4.099,429,0,
smoke,10,/get-salt,2,559,1776914651360,7007,4.982,429,0,
smoke,10,/get-salt,2,560,1776914651364,7006,3.849,429,0,
smoke,10,/get-salt,2,561,1776914651368,7002,3.903,429,0,
smoke,10,/get-salt,2,562,1776914651376,7003,7.593,429,0,
smoke,10,/get-salt,2,563,1776914651380,7002,4.037,429,0,
smoke,10,/get-salt,2,564,1776914651384,7006,4.355,429,0,
smoke,10,/get-salt,2,565,1776914651388,7007,4.281,429,0,
smoke,10,/get-salt,2,566,1776914651392,7007,3.568,429,0,
smoke,10,/get-salt,2,567,1776914651396,7005,4.279,429,0,
smoke,10,/get-salt,2,568,1776914651400,7008,4.248,429,0,
smoke,10,/get-salt,2,569,1776914651405,7010,4.216,429,0,
smoke,10,/get-salt,2,570,1776914651408,7003,3.774,429,0,
smoke,10,/get-salt,2,571,1776914651413,7010,4.204,429,0,
smoke,10,/get-salt,2,572,1776914651416,7005,3.347,429,0,
smoke,10,/get-salt,2,573,1776914651420,7005,3.517,429,0,
smoke,10,/get-salt,2,574,1776914651423,7003,3.666,429,0,
smoke,10,/get-salt,2,575,1776914651427,7010,3.786,429,0,
smoke,10,/get-salt,2,576,1776914651431,7008,3.775,429,0,
smoke,10,/get-salt,2,577,1776914651439,7003,7.972,429,0,
smoke,10,/get-salt,2,578,1776914651443,7007,4.011,429,0,
smoke,10,/get-salt,2,579,1776914651447,7003,3.94,429,0,
smoke,10,/get-salt,2,580,1776914651451,7008,3.868,429,0,
smoke,10,/get-salt,2,581,1776914651455,7001,4.006,429,0,
smoke,10,/get-salt,2,582,1776914651458,7009,3.681,429,0,
smoke,10,/get-salt,2,583,1776914651462,7004,4.038,429,0,
smoke,10,/get-salt,2,584,1776914651466,7001,3.679,429,0,
smoke,10,/get-salt,2,585,1776914651469,7006,3.366,429,0,
smoke,10,/get-salt,2,586,1776914651473,7004,3.876,429,0,
smoke,10,/get-salt,2,587,1776914651477,7008,3.59,429,0,
smoke,10,/get-salt,2,588,1776914651481,7005,4.086,429,0,
smoke,10,/get-salt,2,589,1776914651484,7001,3.506,429,0,
smoke,10,/get-salt,2,590,1776914651488,7004,3.893,429,0,
smoke,10,/get-salt,2,591,1776914651492,7005,3.773,429,0,
smoke,10,/get-salt,2,592,1776914651500,7001,7.639,429,0,
smoke,10,/get-salt,2,593,1776914651503,7004,3.515,429,0,
smoke,10,/get-salt,2,594,1776914651507,7002,3.503,429,0,
smoke,10,/get-salt,2,595,1776914651511,7004,4.242,429,0,
smoke,10,/get-salt,2,596,1776914651515,7006,3.487,429,0,
smoke,10,/get-salt,2,597,1776914651518,7007,3.612,429,0,
smoke,10,/get-salt,2,598,1776914651521,7010,3.312,429,0,
smoke,10,/get-salt,2,599,1776914651525,7004,3.574,429,0,
smoke,10,/get-salt,2,600,1776914651529,7006,3.576,429,0,
smoke,10,/get-salt,2,601,1776914651533,7009,3.92,429,0,
smoke,10,/get-salt,2,602,1776914651536,7009,3.782,429,0,
smoke,10,/get-salt,2,603,1776914651540,7004,4.099,429,0,
smoke,10,/get-salt,2,604,1776914651544,7002,3.358,429,0,
smoke,10,/get-salt,2,605,1776914651549,7007,4.937,429,0,
smoke,10,/get-salt,2,606,1776914651552,7007,3.695,429,0,
smoke,10,/get-salt,2,607,1776914651560,7002,7.157,429,0,
smoke,10,/get-salt,2,608,1776914651563,7002,3.867,429,0,
smoke,10,/get-salt,2,609,1776914651567,7003,3.268,429,0,
smoke,10,/get-salt,2,610,1776914651570,7003,3.644,429,0,
smoke,10,/get-salt,2,611,1776914651573,7004,3.008,429,0,
smoke,10,/get-salt,2,612,1776914651577,7010,3.899,429,0,
smoke,10,/get-salt,2,613,1776914651581,7003,3.545,429,0,
smoke,10,/get-salt,2,614,1776914651584,7002,3.434,429,0,
smoke,10,/get-salt,2,615,1776914651588,7010,4.031,429,0,
smoke,10,/get-salt,2,616,1776914651592,7004,3.459,429,0,
smoke,10,/get-salt,2,617,1776914651595,7010,3.373,429,0,
smoke,10,/get-salt,2,618,1776914651599,7007,3.391,429,0,
smoke,10,/get-salt,2,619,1776914651602,7003,3.517,429,0,
smoke,10,/get-salt,2,620,1776914651604,7004,2.362,429,0,
smoke,10,/get-salt,2,621,1776914651608,7009,3.335,429,0,
smoke,10,/get-salt,2,622,1776914651612,7004,3.757,429,0,
smoke,10,/get-salt,2,623,1776914651620,7009,8.04,429,0,
smoke,10,/get-salt,2,624,1776914651623,7010,3.888,429,0,
smoke,10,/get-salt,2,625,1776914651628,7002,4.416,429,0,
smoke,10,/get-salt,2,626,1776914651631,7003,2.933,429,0,
smoke,10,/get-salt,2,627,1776914651635,7007,3.976,429,0,
smoke,10,/get-salt,2,628,1776914651639,7003,4.445,429,0,
smoke,10,/get-salt,2,629,1776914651643,7008,3.708,429,0,
smoke,10,/get-salt,2,630,1776914651646,7005,3.396,429,0,
smoke,10,/get-salt,2,631,1776914651650,7003,4.013,429,0,
smoke,10,/get-salt,2,632,1776914651654,7010,3.172,429,0,
smoke,10,/get-salt,2,633,1776914651658,7006,4.152,429,0,
smoke,10,/get-salt,2,634,1776914651661,7008,3.366,429,0,
smoke,10,/get-salt,2,635,1776914651665,7010,4.239,429,0,
smoke,10,/get-salt,2,636,1776914651669,7009,3.366,429,0,
smoke,10,/get-salt,2,637,1776914651672,7008,3.481,429,0,
smoke,10,/get-salt,2,638,1776914651680,7009,7.856,429,0,
smoke,10,/get-salt,2,639,1776914651684,7005,3.997,429,0,
smoke,10,/get-salt,2,640,1776914651688,7007,4.044,429,0,
smoke,10,/get-salt,2,641,1776914651692,7009,3.892,429,0,
smoke,10,/get-salt,2,642,1776914651696,7007,4.028,429,0,
smoke,10,/get-salt,2,643,1776914651700,7007,4.241,429,0,
smoke,10,/get-salt,2,644,1776914651704,7006,4.195,429,0,
smoke,10,/get-salt,2,645,1776914651709,7005,4.393,429,0,
smoke,10,/get-salt,2,646,1776914651713,7002,3.718,429,0,
smoke,10,/get-salt,2,647,1776914651717,7008,4.008,429,0,
smoke,10,/get-salt,2,648,1776914651730,7009,13.164,429,0,
smoke,10,/get-salt,2,649,1776914651734,7001,3.979,429,0,
smoke,10,/get-salt,2,650,1776914651738,7006,3.911,429,0,
smoke,10,/get-salt,2,651,1776914651742,7010,3.826,429,0,
smoke,10,/get-salt,2,652,1776914651745,7009,3.511,429,0,
smoke,10,/get-salt,2,653,1776914651750,7003,5.082,429,0,
smoke,10,/get-salt,2,654,1776914651755,7006,4.489,429,0,
smoke,10,/get-salt,2,655,1776914651759,7004,3.955,429,0,
smoke,10,/get-salt,2,656,1776914651763,7002,4.752,429,0,
smoke,10,/get-salt,2,657,1776914651767,7002,3.454,429,0,
smoke,10,/get-salt,2,658,1776914651771,7004,4.199,429,0,
smoke,10,/get-salt,2,659,1776914651775,7003,3.942,429,0,
smoke,10,/get-salt,2,660,1776914651779,7004,4.132,429,0,
smoke,10,/get-salt,2,661,1776914651783,7003,4.199,429,0,
smoke,10,/get-salt,2,662,1776914651787,7004,4.177,429,0,
smoke,10,/get-salt,2,663,1776914651791,7007,3.676,429,0,
smoke,10,/get-salt,2,664,1776914651794,7004,3.21,429,0,
smoke,10,/get-salt,2,665,1776914651798,7009,3.608,429,0,
smoke,10,/get-salt,2,666,1776914651803,7006,4.817,429,0,
smoke,10,/get-salt,2,667,1776914651811,7010,8.038,429,0,
smoke,10,/get-salt,2,668,1776914651815,7003,4.49,429,0,
smoke,10,/get-salt,2,669,1776914651819,7003,3.668,429,0,
smoke,10,/get-salt,2,670,1776914651823,7001,4.293,429,0,
smoke,10,/get-salt,2,671,1776914651828,7007,4.667,429,0,
smoke,10,/get-salt,2,672,1776914651833,7002,4.748,429,0,
smoke,10,/get-salt,2,673,1776914651837,7007,4.145,429,0,
smoke,10,/get-salt,2,674,1776914651841,7005,4.2,429,0,
smoke,10,/get-salt,2,675,1776914651846,7006,4.533,429,0,
smoke,10,/get-salt,2,676,1776914651850,7010,4.154,429,0,
smoke,10,/get-salt,2,677,1776914651855,7005,5.143,429,0,
smoke,10,/get-salt,2,678,1776914651858,7005,3.604,429,0,
smoke,10,/get-salt,2,679,1776914651862,7002,3.527,429,0,
smoke,10,/get-salt,2,680,1776914651865,7007,3.389,429,0,
smoke,10,/get-salt,2,681,1776914651874,7001,8.36,429,0,
smoke,10,/get-salt,2,682,1776914651877,7009,3.586,429,0,
smoke,10,/get-salt,2,683,1776914651881,7008,3.998,429,0,
smoke,10,/get-salt,2,684,1776914651885,7010,3.611,429,0,
smoke,10,/get-salt,2,685,1776914651888,7001,3.056,429,0,
smoke,10,/get-salt,2,686,1776914651892,7003,4.261,429,0,
smoke,10,/get-salt,2,687,1776914651897,7009,4.892,429,0,
smoke,10,/get-salt,2,688,1776914651900,7010,3.106,429,0,
smoke,10,/get-salt,2,689,1776914651905,7004,4.28,429,0,
smoke,10,/get-salt,2,690,1776914651909,7009,4.291,429,0,
smoke,10,/get-salt,2,691,1776914651913,7007,4.261,429,0,
smoke,10,/get-salt,2,692,1776914651917,7010,4.07,429,0,
smoke,10,/get-salt,2,693,1776914651921,7004,3.785,429,0,
smoke,10,/get-salt,2,694,1776914651925,7008,3.588,429,0,
smoke,10,/get-salt,2,695,1776914651929,7003,4.855,429,0,
smoke,10,/get-salt,2,696,1776914651933,7003,3.865,429,0,
smoke,10,/get-salt,2,697,1776914651941,7009,7.603,429,0,
smoke,10,/get-salt,2,698,1776914651944,7005,3.346,429,0,
smoke,10,/get-salt,2,699,1776914651949,7005,4.337,429,0,
smoke,10,/get-salt,2,700,1776914651954,7004,5.105,429,0,
smoke,10,/get-salt,2,701,1776914651958,7004,4.402,429,0,
smoke,10,/get-salt,2,702,1776914651962,7005,4.096,429,0,
smoke,10,/get-salt,2,703,1776914651966,7002,4.201,429,0,
smoke,10,/get-salt,2,704,1776914651971,7010,4.191,429,0,
smoke,10,/get-salt,2,705,1776914651975,7006,3.99,429,0,
smoke,10,/get-salt,2,706,1776914651979,7009,4.345,429,0,
smoke,10,/get-salt,2,707,1776914651983,7005,4.155,429,0,
smoke,10,/get-salt,2,708,1776914651987,7007,3.74,429,0,
smoke,10,/get-salt,2,709,1776914651991,7004,3.836,429,0,
smoke,10,/get-salt,2,710,1776914651994,7009,3.488,429,0,
smoke,10,/get-salt,2,711,1776914651999,7004,4.309,429,0,
smoke,10,/get-salt,2,712,1776914652006,7010,7.652,429,0,
smoke,10,/get-salt,2,713,1776914652010,7004,4.144,429,0,
smoke,10,/get-salt,2,714,1776914652014,7002,3.936,429,0,
smoke,10,/get-salt,2,715,1776914652018,7008,4.175,429,0,
smoke,10,/get-salt,2,716,1776914652023,7005,4.135,429,0,
smoke,10,/get-salt,2,717,1776914652027,7008,4.598,429,0,
smoke,10,/get-salt,2,718,1776914652032,7003,5.118,429,0,
smoke,10,/get-salt,2,719,1776914652036,7009,4.074,429,0,
smoke,10,/get-salt,2,720,1776914652041,7008,4.122,429,0,
smoke,10,/get-salt,2,721,1776914652044,7001,3.844,429,0,
smoke,10,/get-salt,2,722,1776914652048,7007,3.776,429,0,
smoke,10,/get-salt,2,723,1776914652052,7003,4.138,429,0,
smoke,10,/get-salt,2,724,1776914652057,7006,4.218,429,0,
smoke,10,/get-salt,2,725,1776914652061,7001,4.571,429,0,
smoke,10,/get-salt,2,726,1776914652069,7003,7.718,429,0,
smoke,10,/get-salt,2,727,1776914652072,7003,3.532,429,0,
smoke,10,/get-salt,2,728,1776914652075,7009,3.094,429,0,
smoke,10,/get-salt,2,729,1776914652079,7009,3.68,429,0,
smoke,10,/get-salt,2,730,1776914652083,7010,4.009,429,0,
smoke,10,/get-salt,2,731,1776914652087,7002,3.648,429,0,
smoke,10,/get-salt,2,732,1776914652091,7007,3.82,429,0,
smoke,10,/get-salt,2,733,1776914652094,7003,3.802,429,0,
smoke,10,/get-salt,2,734,1776914652098,7004,3.95,429,0,
smoke,10,/get-salt,2,735,1776914652103,7003,4.442,429,0,
smoke,10,/get-salt,2,736,1776914652107,7002,4.353,429,0,
smoke,10,/get-salt,2,737,1776914652111,7007,4.116,429,0,
smoke,10,/get-salt,2,738,1776914652115,7009,3.868,429,0,
smoke,10,/get-salt,2,739,1776914652120,7006,4.894,429,0,
smoke,10,/get-salt,2,740,1776914652123,7005,3.306,429,0,
smoke,10,/get-salt,2,741,1776914652127,7005,3.563,429,0,
smoke,10,/get-salt,2,742,1776914652135,7010,7.668,429,0,
smoke,10,/get-salt,2,743,1776914652138,7009,3.843,429,0,
smoke,10,/get-salt,2,744,1776914652143,7005,4.316,429,0,
smoke,10,/get-salt,2,745,1776914652147,7005,3.888,429,0,
smoke,10,/get-salt,2,746,1776914652151,7002,4.204,429,0,
smoke,10,/get-salt,2,747,1776914652155,7005,4.285,429,0,
smoke,10,/get-salt,2,748,1776914652159,7008,3.863,429,0,
smoke,10,/get-salt,2,749,1776914652163,7005,3.928,429,0,
smoke,10,/get-salt,2,750,1776914652166,7008,3.478,429,0,
smoke,10,/get-salt,2,751,1776914652170,7010,3.695,429,0,
smoke,10,/get-salt,2,752,1776914652174,7009,3.947,429,0,
smoke,10,/get-salt,2,753,1776914652178,7009,4.304,429,0,
smoke,10,/get-salt,2,754,1776914652182,7005,3.855,429,0,
smoke,10,/get-salt,2,755,1776914652186,7005,3.941,429,0,
smoke,10,/get-salt,2,756,1776914652195,7004,8.539,429,0,
smoke,10,/get-salt,2,757,1776914652199,7007,3.888,429,0,
smoke,10,/get-salt,2,758,1776914652202,7004,3.581,429,0,
smoke,10,/get-salt,2,759,1776914652206,7004,3.584,429,0,
smoke,10,/get-salt,2,760,1776914652210,7010,3.776,429,0,
smoke,10,/get-salt,2,761,1776914652213,7003,3.79,429,0,
smoke,10,/get-salt,2,762,1776914652217,7008,3.806,429,0,
smoke,10,/get-salt,2,763,1776914652221,7010,3.729,429,0,
smoke,10,/get-salt,2,764,1776914652225,7001,3.74,429,0,
smoke,10,/get-salt,2,765,1776914652229,7003,4.328,429,0,
smoke,10,/get-salt,2,766,1776914652233,7001,3.854,429,0,
smoke,10,/get-salt,2,767,1776914652236,7005,2.899,429,0,
smoke,10,/get-salt,2,768,1776914652240,7004,3.894,429,0,
smoke,10,/get-salt,2,769,1776914652245,7003,5.002,429,0,
smoke,10,/get-salt,2,770,1776914652248,7008,3.746,429,0,
smoke,10,/get-salt,2,771,1776914652256,7005,7.319,429,0,
smoke,10,/get-salt,2,772,1776914652259,7005,3.57,429,0,
smoke,10,/get-salt,2,773,1776914652264,7003,4.392,429,0,
smoke,10,/get-salt,2,774,1776914652268,7006,3.772,429,0,
smoke,10,/get-salt,2,775,1776914652272,7009,4.971,429,0,
smoke,10,/get-salt,2,776,1776914652278,7008,5.143,429,0,
smoke,10,/get-salt,2,777,1776914652281,7010,3.795,429,0,
smoke,10,/get-salt,2,778,1776914652285,7007,4.032,429,0,
smoke,10,/get-salt,2,779,1776914652291,7008,5.326,429,0,
smoke,10,/get-salt,2,780,1776914652295,7007,3.881,429,0,
smoke,10,/get-salt,2,781,1776914652299,7008,3.903,429,0,
smoke,10,/get-salt,2,782,1776914652302,7010,3.886,429,0,
smoke,10,/get-salt,2,783,1776914652306,7002,3.217,429,0,
smoke,10,/get-salt,2,784,1776914652309,7004,3.452,429,0,
smoke,10,/get-salt,2,785,1776914652313,7006,3.649,429,0,
smoke,10,/get-salt,2,786,1776914652317,7005,3.89,429,0,
smoke,10,/get-salt,2,787,1776914652325,7005,7.922,429,0,
smoke,10,/get-salt,2,788,1776914652329,7010,3.94,429,0,
smoke,10,/get-salt,2,789,1776914652333,7004,3.958,429,0,
smoke,10,/get-salt,2,790,1776914652336,7002,3.493,429,0,
smoke,10,/get-salt,2,791,1776914652340,7004,3.598,429,0,
smoke,10,/get-salt,2,792,1776914652348,7003,7.985,429,0,
smoke,10,/get-salt,2,793,1776914652358,7004,10.172,429,0,
smoke,10,/get-salt,2,794,1776914652363,7007,4.897,429,0,
smoke,10,/get-salt,2,795,1776914652368,7010,5.737,429,0,
smoke,10,/get-salt,2,796,1776914652374,7010,5.654,429,0,
smoke,10,/get-salt,2,797,1776914652378,7007,3.494,429,0,
smoke,10,/get-salt,2,798,1776914652382,7003,4.08,429,0,
smoke,10,/get-salt,2,799,1776914652386,7007,3.962,429,0,
smoke,10,/get-salt,2,800,1776914652390,7007,4.173,429,0,
smoke,10,/get-salt,2,801,1776914652394,7004,4.018,429,0,
smoke,10,/get-salt,2,802,1776914652397,7002,3.19,429,0,
smoke,10,/get-salt,2,803,1776914652400,7008,3.159,429,0,
smoke,10,/get-salt,2,804,1776914652406,7007,5.506,429,0,
smoke,10,/get-salt,2,805,1776914652409,7009,3.799,429,0,
smoke,10,/get-salt,2,806,1776914652414,7001,4.23,429,0,
smoke,10,/get-salt,2,807,1776914652418,7003,4.212,429,0,
smoke,10,/get-salt,2,808,1776914652422,7008,3.773,429,0,
smoke,10,/get-salt,2,809,1776914652426,7001,3.802,429,0,
smoke,10,/get-salt,2,810,1776914652429,7002,3.607,429,0,
smoke,10,/get-salt,2,811,1776914652432,7002,3.203,429,0,
smoke,10,/get-salt,2,812,1776914652439,7007,6.474,429,0,
smoke,10,/get-salt,2,813,1776914652443,7007,4.357,429,0,
smoke,10,/get-salt,2,814,1776914652447,7003,4.238,429,0,
smoke,10,/get-salt,2,815,1776914652452,7001,4.497,429,0,
smoke,10,/get-salt,2,816,1776914652457,7007,4.621,429,0,
smoke,10,/get-salt,2,817,1776914652461,7008,4.385,429,0,
smoke,10,/get-salt,2,818,1776914652465,7003,3.592,429,0,
smoke,10,/get-salt,2,819,1776914652468,7003,3.58,429,0,
smoke,10,/get-salt,2,820,1776914652474,7002,5.608,429,0,
smoke,10,/get-salt,2,821,1776914652479,7002,4.859,429,0,
smoke,10,/get-salt,2,822,1776914652482,7006,3.506,429,0,
smoke,10,/get-salt,2,823,1776914652486,7004,3.687,429,0,
smoke,10,/get-salt,2,824,1776914652489,7009,3.469,429,0,
smoke,10,/get-salt,2,825,1776914652496,7001,6.954,429,0,
smoke,10,/get-salt,2,826,1776914652501,7004,4.45,429,0,
smoke,10,/get-salt,2,827,1776914652505,7003,3.887,429,0,
smoke,10,/get-salt,2,828,1776914652508,7004,3.801,429,0,
smoke,10,/get-salt,2,829,1776914652512,7002,3.682,429,0,
smoke,10,/get-salt,2,830,1776914652516,7007,3.531,429,0,
smoke,10,/get-salt,2,831,1776914652520,7002,4.135,429,0,
smoke,10,/get-salt,2,832,1776914652524,7009,3.822,429,0,
smoke,10,/get-salt,2,833,1776914652527,7006,3.825,429,0,
smoke,10,/get-salt,2,834,1776914652531,7008,3.73,429,0,
smoke,10,/get-salt,2,835,1776914652535,7007,4.134,429,0,
smoke,10,/get-salt,2,836,1776914652540,7001,4.648,429,0,
smoke,10,/get-salt,2,837,1776914652544,7004,4.065,429,0,
smoke,10,/get-salt,2,838,1776914652548,7001,3.811,429,0,
smoke,10,/get-salt,2,839,1776914652552,7005,4.106,429,0,
smoke,10,/get-salt,2,840,1776914652556,7003,3.688,429,0,
smoke,10,/get-salt,2,841,1776914652566,7005,9.938,429,0,
smoke,10,/get-salt,2,842,1776914652569,7008,3.665,429,0,
smoke,10,/get-salt,2,843,1776914652573,7006,4.241,429,0,
smoke,10,/get-salt,2,844,1776914652578,7005,4.058,429,0,
smoke,10,/get-salt,2,845,1776914652581,7002,3.501,429,0,
smoke,10,/get-salt,2,846,1776914652587,7001,5.86,429,0,
smoke,10,/get-salt,2,847,1776914652590,7005,3.256,429,0,
smoke,10,/get-salt,2,848,1776914652593,7001,3.238,429,0,
smoke,10,/get-salt,2,849,1776914652598,7003,4.423,429,0,
smoke,10,/get-salt,2,850,1776914652602,7002,4.572,429,0,
smoke,10,/get-salt,2,851,1776914652607,7009,4.329,429,0,
smoke,10,/get-salt,2,852,1776914652611,7004,4.039,429,0,
smoke,10,/get-salt,2,853,1776914652614,7006,3.333,429,0,
smoke,10,/get-salt,2,854,1776914652618,7006,3.67,429,0,
smoke,10,/get-salt,2,855,1776914652621,7007,3.663,429,0,
smoke,10,/get-salt,2,856,1776914652629,7003,7.142,429,0,
smoke,10,/get-salt,2,857,1776914652632,7009,3.882,429,0,
smoke,10,/get-salt,2,858,1776914652636,7003,3.412,429,0,
smoke,10,/get-salt,2,859,1776914652640,7008,4.081,429,0,
smoke,10,/get-salt,2,860,1776914652644,7007,3.926,429,0,
smoke,10,/get-salt,2,861,1776914652647,7009,3.24,429,0,
smoke,10,/get-salt,2,862,1776914652651,7004,3.663,429,0,
smoke,10,/get-salt,2,863,1776914652655,7006,4.505,429,0,
smoke,10,/get-salt,2,864,1776914652659,7004,3.681,429,0,
smoke,10,/get-salt,2,865,1776914652662,7010,3.21,429,0,
smoke,10,/get-salt,2,866,1776914652666,7004,3.591,429,0,
smoke,10,/get-salt,2,867,1776914652670,7005,3.915,429,0,
smoke,10,/get-salt,2,868,1776914652674,7006,4.323,429,0,
smoke,10,/get-salt,2,869,1776914652689,7007,14.727,429,0,
smoke,10,/get-salt,2,870,1776914652693,7004,3.792,429,0,
smoke,10,/get-salt,2,871,1776914652696,7010,3.592,429,0,
smoke,10,/get-salt,2,872,1776914652701,7006,4.555,429,0,
smoke,10,/get-salt,2,873,1776914652705,7006,3.92,429,0,
smoke,10,/get-salt,2,874,1776914652708,7005,3.627,429,0,
smoke,10,/get-salt,2,875,1776914652712,7001,3.692,429,0,
smoke,10,/get-salt,2,876,1776914652716,7004,3.524,429,0,
smoke,10,/get-salt,2,877,1776914652721,7004,5.194,429,0,
smoke,10,/get-salt,2,878,1776914652725,7004,4.103,429,0,
smoke,10,/get-salt,2,879,1776914652729,7009,3.955,429,0,
smoke,10,/get-salt,2,880,1776914652732,7006,3.581,429,0,
smoke,10,/get-salt,2,881,1776914652736,7010,3.382,429,0,
smoke,10,/get-salt,2,882,1776914652740,7009,3.821,429,0,
smoke,10,/get-salt,2,883,1776914652744,7005,4.382,429,0,
smoke,10,/get-salt,2,884,1776914652748,7007,3.609,429,0,
smoke,10,/get-salt,2,885,1776914652755,7009,7.091,429,0,
smoke,10,/get-salt,2,886,1776914652759,7007,3.916,429,0,
smoke,10,/get-salt,2,887,1776914652762,7003,3.801,429,0,
smoke,10,/get-salt,2,888,1776914652766,7004,3.791,429,0,
smoke,10,/get-salt,2,889,1776914652770,7008,3.962,429,0,
smoke,10,/get-salt,2,890,1776914652774,7006,3.979,429,0,
smoke,10,/get-salt,2,891,1776914652778,7007,4.114,429,0,
smoke,10,/get-salt,2,892,1776914652782,7009,3.999,429,0,
smoke,10,/get-salt,2,893,1776914652786,7003,3.54,429,0,
smoke,10,/get-salt,2,894,1776914652789,7002,3.494,429,0,
smoke,10,/get-salt,2,895,1776914652793,7008,4.061,429,0,
smoke,10,/get-salt,2,896,1776914652797,7002,3.394,429,0,
smoke,10,/get-salt,2,897,1776914652801,7006,3.953,429,0,
smoke,10,/get-salt,2,898,1776914652805,7005,3.876,429,0,
smoke,10,/get-salt,2,899,1776914652812,7009,7.621,429,0,
smoke,10,/get-salt,2,900,1776914652816,7010,3.412,429,0,
smoke,10,/get-salt,2,901,1776914652819,7010,3.823,429,0,
smoke,10,/get-salt,2,902,1776914652823,7003,3.811,429,0,
smoke,10,/get-salt,2,903,1776914652827,7007,3.547,429,0,
smoke,10,/get-salt,2,904,1776914652831,7005,3.751,429,0,
smoke,10,/get-salt,2,905,1776914652834,7010,3.746,429,0,
smoke,10,/get-salt,2,906,1776914652838,7001,4.143,429,0,
smoke,10,/get-salt,2,907,1776914652842,7002,3.589,429,0,
smoke,10,/get-salt,2,908,1776914652846,7005,3.595,429,0,
smoke,10,/get-salt,2,909,1776914652849,7004,3.626,429,0,
smoke,10,/get-salt,2,910,1776914652853,7006,3.572,429,0,
smoke,10,/get-salt,2,911,1776914652857,7008,4.125,429,0,
smoke,10,/get-salt,2,912,1776914652861,7005,3.615,429,0,
smoke,10,/get-salt,2,913,1776914652864,7008,3.515,429,0,
smoke,10,/get-salt,2,914,1776914652867,7001,3.13,429,0,
smoke,10,/get-salt,2,915,1776914652877,7007,9.624,429,0,
smoke,10,/get-salt,2,916,1776914652881,7005,3.63,429,0,
smoke,10,/get-salt,2,917,1776914652884,7007,3.379,429,0,
smoke,10,/get-salt,2,918,1776914652888,7004,3.968,429,0,
smoke,10,/get-salt,2,919,1776914652892,7004,3.937,429,0,
smoke,10,/get-salt,2,920,1776914652896,7007,3.93,429,0,
smoke,10,/get-salt,2,921,1776914652900,7009,4.16,429,0,
smoke,10,/get-salt,2,922,1776914652904,7004,3.894,429,0,
smoke,10,/get-salt,2,923,1776914652908,7009,4.17,429,0,
smoke,10,/get-salt,2,924,1776914652913,7005,4.62,429,0,
smoke,10,/get-salt,2,925,1776914652917,7008,4.064,429,0,
smoke,10,/get-salt,2,926,1776914652921,7001,4.132,429,0,
smoke,10,/get-salt,2,927,1776914652925,7007,4.204,429,0,
smoke,10,/get-salt,2,928,1776914652929,7008,4.359,429,0,
smoke,10,/get-salt,2,929,1776914652933,7007,3.301,429,0,
smoke,10,/get-salt,2,930,1776914652940,7005,6.978,429,0,
smoke,10,/get-salt,2,931,1776914652945,7010,5.21,429,0,
smoke,10,/get-salt,2,932,1776914652949,7001,4.063,429,0,
smoke,10,/get-salt,2,933,1776914652953,7002,4.366,429,0,
smoke,10,/get-salt,2,934,1776914652957,7001,4.008,429,0,
smoke,10,/get-salt,2,935,1776914652962,7002,4.411,429,0,
smoke,10,/get-salt,2,936,1776914652965,7010,3.478,429,0,
smoke,10,/get-salt,2,937,1776914652969,7005,3.73,429,0,
smoke,10,/get-salt,2,938,1776914652973,7006,4.464,429,0,
smoke,10,/get-salt,2,939,1776914652978,7005,4.331,429,0,
smoke,10,/get-salt,2,940,1776914652981,7009,3.493,429,0,
smoke,10,/get-salt,2,941,1776914652985,7005,3.994,429,0,
smoke,10,/get-salt,2,942,1776914652989,7008,3.597,429,0,
smoke,10,/get-salt,2,943,1776914652992,7004,3.323,429,0,
smoke,10,/get-salt,2,944,1776914652996,7004,3.932,429,0,
smoke,10,/get-salt,2,945,1776914653004,7008,7.559,429,0,
smoke,10,/get-salt,2,946,1776914653010,7003,6.407,429,0,
smoke,10,/get-salt,2,947,1776914653017,7010,6.532,429,0,
smoke,10,/get-salt,2,948,1776914653025,7003,8.711,429,0,
smoke,10,/get-salt,2,949,1776914653029,7003,3.862,429,0,
smoke,10,/get-salt,2,950,1776914653033,7004,3.877,429,0,
smoke,10,/get-salt,2,951,1776914653037,7005,3.929,429,0,
smoke,10,/get-salt,2,952,1776914653041,7004,3.578,429,0,
smoke,10,/get-salt,2,953,1776914653045,7010,4.775,429,0,
smoke,10,/get-salt,2,954,1776914653050,7001,4.702,429,0,
smoke,10,/get-salt,2,955,1776914653055,7003,5.108,429,0,
smoke,10,/get-salt,2,956,1776914653060,7010,4.421,429,0,
smoke,10,/get-salt,2,957,1776914653068,7007,8.608,429,0,
smoke,10,/get-salt,2,958,1776914653077,7009,8.264,429,0,
smoke,10,/get-salt,2,959,1776914653080,7006,3.228,429,0,
smoke,10,/get-salt,2,960,1776914653084,7001,4.258,429,0,
smoke,10,/get-salt,2,961,1776914653087,7001,2.565,429,0,
smoke,10,/get-salt,2,962,1776914653093,7002,6.045,429,0,
smoke,10,/get-salt,2,963,1776914653096,7006,3.395,429,0,
smoke,10,/get-salt,2,964,1776914653101,7006,4.693,429,0,
smoke,10,/get-salt,2,965,1776914653104,7003,3.734,429,0,
smoke,10,/get-salt,2,966,1776914653109,7007,4.387,429,0,
smoke,10,/get-salt,2,967,1776914653115,7004,6.59,429,0,
smoke,10,/get-salt,2,968,1776914653119,7006,3.875,429,0,
smoke,10,/get-salt,2,969,1776914653123,7008,3.827,429,0,
smoke,10,/get-salt,2,970,1776914653127,7005,3.885,429,0,
smoke,10,/get-salt,2,971,1776914653131,7006,3.962,429,0,
smoke,10,/get-salt,2,972,1776914653135,7009,3.898,429,0,
smoke,10,/get-salt,2,973,1776914653140,7010,4.795,429,0,
smoke,10,/get-salt,2,974,1776914653145,7009,4.987,429,0,
smoke,10,/get-salt,2,975,1776914653152,7008,7.157,429,0,
smoke,10,/get-salt,2,976,1776914653156,7010,4.543,429,0,
smoke,10,/get-salt,2,977,1776914653162,7004,5.179,429,0,
smoke,10,/get-salt,2,978,1776914653166,7002,3.975,429,0,
smoke,10,/get-salt,2,979,1776914653169,7007,3.885,429,0,
smoke,10,/get-salt,2,980,1776914653179,7002,9.203,429,0,
smoke,10,/get-salt,2,981,1776914653183,7004,4.625,429,0,
smoke,10,/get-salt,2,982,1776914653190,7009,7.1,429,0,
smoke,10,/get-salt,2,983,1776914653194,7007,3.947,429,0,
smoke,10,/get-salt,2,984,1776914653199,7007,4.953,429,0,
smoke,10,/get-salt,2,985,1776914653204,7006,4.905,429,0,
smoke,10,/get-salt,2,986,1776914653208,7010,3.748,429,0,
smoke,10,/get-salt,2,987,1776914653212,7008,3.961,429,0,
smoke,10,/get-salt,2,988,1776914653216,7010,3.645,429,0,
smoke,10,/get-salt,2,989,1776914653220,7005,3.933,429,0,
smoke,10,/get-salt,2,990,1776914653223,7009,3.7,429,0,
smoke,10,/get-salt,2,991,1776914653227,7001,3.728,429,0,
smoke,10,/get-salt,2,992,1776914653230,7003,3.287,429,0,
smoke,10,/get-salt,2,993,1776914653234,7007,4.175,429,0,
smoke,10,/get-salt,2,994,1776914653239,7008,4.388,429,0,
smoke,10,/get-salt,2,995,1776914653247,7009,7.849,429,0,
smoke,10,/get-salt,2,996,1776914653251,7002,3.932,429,0,
smoke,10,/get-salt,2,997,1776914653254,7008,3.704,429,0,
smoke,10,/get-salt,2,998,1776914653258,7005,3.292,429,0,
smoke,10,/get-salt,2,999,1776914653262,7003,3.991,429,0,
smoke,10,/get-salt,2,1000,1776914653265,7007,3.63,429,0,
smoke,10,/get-salt,2,1001,1776914653269,7005,3.897,429,0,
smoke,10,/get-salt,2,1002,1776914653274,7009,4.776,429,0,
smoke,10,/get-salt,2,1003,1776914653278,7007,4.012,429,0,
smoke,10,/get-salt,2,1004,1776914653282,7004,3.793,429,0,
smoke,10,/get-salt,2,1005,1776914653285,7008,3.566,429,0,
smoke,10,/get-salt,2,1006,1776914653290,7002,4.708,429,0,
smoke,10,/get-salt,2,1007,1776914653294,7008,3.605,429,0,
smoke,10,/get-salt,2,1008,1776914653298,7001,4.045,429,0,
smoke,10,/get-salt,2,1009,1776914653302,7001,4.094,429,0,
smoke,10,/get-salt,2,1010,1776914653309,7002,7.429,429,0,
smoke,10,/get-salt,2,1011,1776914653313,7001,3.537,429,0,
smoke,10,/get-salt,2,1012,1776914653316,7001,3.673,429,0,
smoke,10,/get-salt,2,1013,1776914653321,7001,4.353,429,0,
smoke,10,/get-salt,2,1014,1776914653324,7005,3.111,429,0,
smoke,10,/get-salt,2,1015,1776914653328,7005,3.77,429,0,
smoke,10,/get-salt,2,1016,1776914653331,7009,3.707,429,0,
smoke,10,/get-salt,2,1017,1776914653335,7006,3.759,429,0,
smoke,10,/get-salt,2,1018,1776914653339,7008,3.585,429,0,
smoke,10,/get-salt,2,1019,1776914653343,7004,3.97,429,0,
smoke,10,/get-salt,2,1020,1776914653346,7001,3.549,429,0,
smoke,10,/get-salt,2,1021,1776914653350,7002,3.429,429,0,
smoke,10,/get-salt,2,1022,1776914653353,7010,3.551,429,0,
smoke,10,/get-salt,2,1023,1776914653357,7004,4.064,429,0,
smoke,10,/get-salt,2,1024,1776914653361,7007,3.9,429,0,
smoke,10,/get-salt,2,1025,1776914653369,7005,7.564,429,0,
smoke,10,/get-salt,2,1026,1776914653372,7006,3.543,429,0,
smoke,10,/get-salt,2,1027,1776914653376,7003,3.318,429,0,
smoke,10,/get-salt,2,1028,1776914653380,7005,3.985,429,0,
smoke,10,/get-salt,2,1029,1776914653383,7006,3.611,429,0,
smoke,10,/get-salt,2,1030,1776914653388,7008,4.488,429,0,
smoke,10,/get-salt,2,1031,1776914653392,7005,4.563,429,0,
smoke,10,/get-salt,2,1032,1776914653396,7010,3.742,429,0,
smoke,10,/get-salt,2,1033,1776914653400,7006,4.408,429,0,
smoke,10,/get-salt,2,1034,1776914653404,7008,3.436,429,0,
smoke,10,/get-salt,2,1035,1776914653408,7006,3.827,429,0,
smoke,10,/get-salt,2,1036,1776914653411,7006,3.692,429,0,
smoke,10,/get-salt,2,1037,1776914653415,7009,3.894,429,0,
smoke,10,/get-salt,2,1038,1776914653419,7007,3.289,429,0,
smoke,10,/get-salt,2,1039,1776914653421,7005,2.683,429,0,
smoke,10,/get-salt,2,1040,1776914653429,7003,7.315,429,0,
smoke,10,/get-salt,2,1041,1776914653432,7010,2.986,429,0,
smoke,10,/get-salt,2,1042,1776914653435,7001,2.951,429,0,
smoke,10,/get-salt,2,1043,1776914653438,7007,3.456,429,0,
smoke,10,/get-salt,2,1044,1776914653441,7010,3.303,429,0,
smoke,10,/get-salt,2,1045,1776914653444,7003,2.935,429,0,
smoke,10,/get-salt,2,1046,1776914653449,7007,4.351,429,0,
smoke,10,/get-salt,2,1047,1776914653455,7007,5.857,429,0,
smoke,10,/get-salt,2,1048,1776914653458,7003,3.001,429,0,
smoke,10,/get-salt,2,1049,1776914653462,7006,4.021,429,0,
smoke,10,/get-salt,2,1050,1776914653465,7009,3.181,429,0,
smoke,10,/get-salt,2,1051,1776914653469,7007,3.819,429,0,
smoke,10,/get-salt,2,1052,1776914653473,7006,4.324,429,0,
smoke,10,/get-salt,2,1053,1776914653475,7006,2.537,429,0,
smoke,10,/get-salt,2,1054,1776914653478,7008,2.111,429,0,
smoke,10,/get-salt,2,1055,1776914653485,7004,7.783,429,0,
smoke,10,/get-salt,2,1056,1776914653493,7002,7.936,429,0,
smoke,10,/get-salt,2,1057,1776914653497,7009,3.456,429,0,
smoke,10,/get-salt,2,1058,1776914653500,7007,3.652,429,0,
smoke,10,/get-salt,2,1059,1776914653504,7002,4.086,429,0,
smoke,10,/get-salt,2,1060,1776914653507,7007,2.93,429,0,
smoke,10,/get-salt,2,1061,1776914653510,7004,3.037,429,0,
smoke,10,/get-salt,2,1062,1776914653515,7001,4.309,429,0,
smoke,10,/get-salt,2,1063,1776914653519,7010,3.937,429,0,
smoke,10,/get-salt,2,1064,1776914653523,7001,3.964,429,0,
smoke,10,/get-salt,2,1065,1776914653527,7002,4.05,429,0,
smoke,10,/get-salt,2,1066,1776914653531,7007,4.253,429,0,
smoke,10,/get-salt,2,1067,1776914653535,7001,3.728,429,0,
smoke,10,/get-salt,2,1068,1776914653539,7004,3.876,429,0,
smoke,10,/get-salt,2,1069,1776914653543,7007,4.045,429,0,
smoke,10,/get-salt,2,1070,1776914653547,7003,4.705,429,0,
smoke,10,/get-salt,2,1071,1776914653559,7004,11.491,429,0,
smoke,10,/get-salt,2,1072,1776914653564,7001,4.842,429,0,
smoke,10,/get-salt,2,1073,1776914653569,7008,5.067,429,0,
smoke,10,/get-salt,2,1074,1776914653573,7007,4.731,429,0,
smoke,10,/get-salt,2,1075,1776914653577,7010,3.873,429,0,
smoke,10,/get-salt,2,1076,1776914653582,7001,4.694,429,0,
smoke,10,/get-salt,2,1077,1776914653585,7003,3.416,429,0,
smoke,10,/get-salt,2,1078,1776914653590,7009,4.524,429,0,
smoke,10,/get-salt,2,1079,1776914653595,7003,4.512,429,0,
smoke,10,/get-salt,2,1080,1776914653599,7004,4.399,429,0,
smoke,10,/get-salt,2,1081,1776914653604,7002,4.779,429,0,
smoke,10,/get-salt,2,1082,1776914653607,7008,3.617,429,0,
smoke,10,/get-salt,2,1083,1776914653612,7009,4.188,429,0,
smoke,10,/get-salt,2,1084,1776914653616,7008,4.731,429,0,
smoke,10,/get-salt,2,1085,1776914653621,7006,4.65,429,0,
smoke,10,/get-salt,2,1086,1776914653625,7008,3.642,429,0,
smoke,10,/get-salt,2,1087,1776914653632,7008,7.804,429,0,
smoke,10,/get-salt,2,1088,1776914653637,7009,4.676,429,0,
smoke,10,/get-salt,2,1089,1776914653641,7005,4.042,429,0,
smoke,10,/get-salt,2,1090,1776914653645,7006,3.985,429,0,
smoke,10,/get-salt,2,1091,1776914653648,7007,3.157,429,0,
smoke,10,/get-salt,2,1092,1776914653652,7004,3.869,429,0,
smoke,10,/get-salt,2,1093,1776914653656,7008,4.285,429,0,
smoke,10,/get-salt,2,1094,1776914653660,7001,3.624,429,0,
smoke,10,/get-salt,2,1095,1776914653664,7005,3.52,429,0,
smoke,10,/get-salt,2,1096,1776914653668,7001,4.65,429,0,
smoke,10,/get-salt,2,1097,1776914653673,7003,5.104,429,0,
smoke,10,/get-salt,2,1098,1776914653678,7009,4.21,429,0,
smoke,10,/get-salt,2,1099,1776914653684,7006,5.993,429,0,
smoke,10,/get-salt,2,1100,1776914653688,7009,4.18,429,0,
smoke,10,/get-salt,2,1101,1776914653699,7006,11.259,429,0,
smoke,10,/get-salt,2,1102,1776914653703,7003,3.99,429,0,
smoke,10,/get-salt,2,1103,1776914653707,7010,3.814,429,0,
smoke,10,/get-salt,2,1104,1776914653711,7005,4.297,429,0,
smoke,10,/get-salt,2,1105,1776914653719,7008,7.862,429,0,
smoke,10,/get-salt,2,1106,1776914653732,7007,12.881,429,0,
smoke,10,/get-salt,2,1107,1776914653736,7006,4.048,429,0,
smoke,10,/get-salt,2,1108,1776914653740,7001,4.33,429,0,
smoke,10,/get-salt,2,1109,1776914653747,7002,6.396,429,0,
smoke,10,/get-salt,2,1110,1776914653750,7005,3.639,429,0,
smoke,10,/get-salt,2,1111,1776914653754,7009,3.541,429,0,
smoke,10,/get-salt,2,1112,1776914653758,7003,3.955,429,0,
smoke,10,/get-salt,2,1113,1776914653762,7005,4.356,429,0,
smoke,10,/get-salt,2,1114,1776914653767,7004,5.167,429,0,
smoke,10,/get-salt,2,1115,1776914653771,7003,3.906,429,0,
smoke,10,/get-salt,2,1116,1776914653775,7004,3.834,429,0,
smoke,10,/get-salt,2,1117,1776914653779,7004,3.995,429,0,
smoke,10,/get-salt,2,1118,1776914653783,7001,3.835,429,0,
smoke,10,/get-salt,2,1119,1776914653787,7004,4.055,429,0,
smoke,10,/get-salt,2,1120,1776914653791,7010,4.173,429,0,
smoke,10,/get-salt,2,1121,1776914653795,7004,3.502,429,0,
smoke,10,/get-salt,2,1122,1776914653798,7009,3.869,429,0,
smoke,10,/get-salt,2,1123,1776914653803,7009,4.236,429,0,
smoke,10,/get-salt,2,1124,1776914653807,7009,4.037,429,0,
smoke,10,/get-salt,2,1125,1776914653815,7005,8.309,429,0,
smoke,10,/get-salt,2,1126,1776914653818,7009,3.375,429,0,
smoke,10,/get-salt,2,1127,1776914653823,7002,4.276,429,0,
smoke,10,/get-salt,2,1128,1776914653827,7008,4.516,429,0,
smoke,10,/get-salt,2,1129,1776914653831,7006,3.97,429,0,
smoke,10,/get-salt,2,1130,1776914653835,7004,3.972,429,0,
smoke,10,/get-salt,2,1131,1776914653839,7005,3.598,429,0,
smoke,10,/get-salt,2,1132,1776914653843,7009,4.485,429,0,
smoke,10,/get-salt,2,1133,1776914653848,7001,4.802,429,0,
smoke,10,/get-salt,2,1134,1776914653852,7005,3.837,429,0,
smoke,10,/get-salt,2,1135,1776914653856,7010,3.878,429,0,
smoke,10,/get-salt,2,1136,1776914653860,7005,4.137,429,0,
smoke,10,/get-salt,2,1137,1776914653864,7004,3.803,429,0,
smoke,10,/get-salt,2,1138,1776914653872,7003,8.653,429,0,
smoke,10,/get-salt,3,0,1776914648878,7010,6.615,429,0,
smoke,10,/get-salt,3,1,1776914648885,7009,7.033,429,0,
smoke,10,/get-salt,3,2,1776914648890,7005,4.613,429,0,
smoke,10,/get-salt,3,3,1776914648894,7009,3.945,429,0,
smoke,10,/get-salt,3,4,1776914648904,7002,9.993,429,0,
smoke,10,/get-salt,3,5,1776914648908,7009,4.795,429,0,
smoke,10,/get-salt,3,6,1776914648913,7005,4.372,429,0,
smoke,10,/get-salt,3,7,1776914648920,7007,6.889,429,0,
smoke,10,/get-salt,3,8,1776914648924,7004,3.997,429,0,
smoke,10,/get-salt,3,9,1776914648928,7009,4.281,429,0,
smoke,10,/get-salt,3,10,1776914648932,7007,3.956,429,0,
smoke,10,/get-salt,3,11,1776914648941,7001,9.111,429,0,
smoke,10,/get-salt,3,12,1776914648946,7001,4.532,429,0,
smoke,10,/get-salt,3,13,1776914648951,7007,5.516,429,0,
smoke,10,/get-salt,3,14,1776914648955,7008,4.039,429,0,
smoke,10,/get-salt,3,15,1776914648959,7005,4.208,429,0,
smoke,10,/get-salt,3,16,1776914648964,7005,4.2,429,0,
smoke,10,/get-salt,3,17,1776914648967,7003,3.569,429,0,
smoke,10,/get-salt,3,18,1776914648971,7009,3.961,429,0,
smoke,10,/get-salt,3,19,1776914648975,7007,4.189,429,0,
smoke,10,/get-salt,3,20,1776914648980,7006,4.642,429,0,
smoke,10,/get-salt,3,21,1776914648984,7006,4.403,429,0,
smoke,10,/get-salt,3,22,1776914648988,7010,4.081,429,0,
smoke,10,/get-salt,3,23,1776914648992,7005,3.893,429,0,
smoke,10,/get-salt,3,24,1776914649000,7001,7.892,429,0,
smoke,10,/get-salt,3,25,1776914649004,7003,3.592,429,0,
smoke,10,/get-salt,3,26,1776914649008,7005,4.319,429,0,
smoke,10,/get-salt,3,27,1776914649012,7005,4.093,429,0,
smoke,10,/get-salt,3,28,1776914649017,7008,4.426,429,0,
smoke,10,/get-salt,3,29,1776914649021,7004,4.669,429,0,
smoke,10,/get-salt,3,30,1776914649026,7009,4.631,429,0,
smoke,10,/get-salt,3,31,1776914649030,7005,4.346,429,0,
smoke,10,/get-salt,3,32,1776914649035,7008,4.271,429,0,
smoke,10,/get-salt,3,33,1776914649039,7006,4.652,429,0,
smoke,10,/get-salt,3,34,1776914649043,7002,4.211,429,0,
smoke,10,/get-salt,3,35,1776914649048,7008,4.63,429,0,
smoke,10,/get-salt,3,36,1776914649053,7005,4.407,429,0,
smoke,10,/get-salt,3,37,1776914649058,7002,5.153,429,0,
smoke,10,/get-salt,3,38,1776914649062,7006,4.381,429,0,
smoke,10,/get-salt,3,39,1776914649067,7005,4.408,429,0,
smoke,10,/get-salt,3,40,1776914649075,7006,8.19,429,0,
smoke,10,/get-salt,3,41,1776914649079,7006,4.022,429,0,
smoke,10,/get-salt,3,42,1776914649083,7006,4.354,429,0,
smoke,10,/get-salt,3,43,1776914649087,7009,4.106,429,0,
smoke,10,/get-salt,3,44,1776914649092,7005,4.84,429,0,
smoke,10,/get-salt,3,45,1776914649096,7006,4.063,429,0,
smoke,10,/get-salt,3,46,1776914649100,7003,4.086,429,0,
smoke,10,/get-salt,3,47,1776914649104,7007,4.096,429,0,
smoke,10,/get-salt,3,48,1776914649108,7003,3.786,429,0,
smoke,10,/get-salt,3,49,1776914649126,7009,18.018,429,0,
smoke,10,/get-salt,3,50,1776914649130,7004,3.597,429,0,
smoke,10,/get-salt,3,51,1776914649134,7006,3.827,429,0,
smoke,10,/get-salt,3,52,1776914649137,7003,3.892,429,0,
smoke,10,/get-salt,3,53,1776914649141,7001,3.974,429,0,
smoke,10,/get-salt,3,54,1776914649149,7004,7.682,429,0,
smoke,10,/get-salt,3,55,1776914649160,7010,11.23,429,0,
smoke,10,/get-salt,3,56,1776914649164,7001,4.047,429,0,
smoke,10,/get-salt,3,57,1776914649168,7010,3.685,429,0,
smoke,10,/get-salt,3,58,1776914649173,7005,4.472,429,0,
smoke,10,/get-salt,3,59,1776914649177,7001,4.673,429,0,
smoke,10,/get-salt,3,60,1776914649182,7001,4.385,429,0,
smoke,10,/get-salt,3,61,1776914649186,7001,4.225,429,0,
smoke,10,/get-salt,3,62,1776914649191,7002,4.684,429,0,
smoke,10,/get-salt,3,63,1776914649195,7006,4.397,429,0,
smoke,10,/get-salt,3,64,1776914649199,7009,4.061,429,0,
smoke,10,/get-salt,3,65,1776914649203,7003,4.352,429,0,
smoke,10,/get-salt,3,66,1776914649208,7002,4.211,429,0,
smoke,10,/get-salt,3,67,1776914649217,7004,9.001,429,0,
smoke,10,/get-salt,3,68,1776914649223,7006,6.138,429,0,
smoke,10,/get-salt,3,69,1776914649228,7007,5.271,429,0,
smoke,10,/get-salt,3,70,1776914649233,7001,5.289,429,0,
smoke,10,/get-salt,3,71,1776914649238,7007,4.428,429,0,
smoke,10,/get-salt,3,72,1776914649242,7005,4.338,429,0,
smoke,10,/get-salt,3,73,1776914649247,7008,5.033,429,0,
smoke,10,/get-salt,3,74,1776914649252,7009,4.564,429,0,
smoke,10,/get-salt,3,75,1776914649258,7008,6.133,429,0,
smoke,10,/get-salt,3,76,1776914649269,7008,11.419,429,0,
smoke,10,/get-salt,3,77,1776914649274,7007,4.519,429,0,
smoke,10,/get-salt,3,78,1776914649279,7004,4.827,429,0,
smoke,10,/get-salt,3,79,1776914649283,7001,4.266,429,0,
smoke,10,/get-salt,3,80,1776914649287,7007,4.165,429,0,
smoke,10,/get-salt,3,81,1776914649296,7008,8.74,429,0,
smoke,10,/get-salt,3,82,1776914649309,7003,13.571,429,0,
smoke,10,/get-salt,3,83,1776914649314,7003,4.398,429,0,
smoke,10,/get-salt,3,84,1776914649318,7001,4.006,429,0,
smoke,10,/get-salt,3,85,1776914649322,7002,3.924,429,0,
smoke,10,/get-salt,3,86,1776914649326,7001,3.936,429,0,
smoke,10,/get-salt,3,87,1776914649329,7005,3.72,429,0,
smoke,10,/get-salt,3,88,1776914649334,7007,4.96,429,0,
smoke,10,/get-salt,3,89,1776914649339,7009,4.383,429,0,
smoke,10,/get-salt,3,90,1776914649343,7002,4.5,429,0,
smoke,10,/get-salt,3,91,1776914649348,7002,4.275,429,0,
smoke,10,/get-salt,3,92,1776914649352,7003,4.115,429,0,
smoke,10,/get-salt,3,93,1776914649355,7004,3.746,429,0,
smoke,10,/get-salt,3,94,1776914649370,7004,14.469,429,0,
smoke,10,/get-salt,3,95,1776914649374,7005,4.172,429,0,
smoke,10,/get-salt,3,96,1776914649378,7010,3.963,429,0,
smoke,10,/get-salt,3,97,1776914649382,7009,3.992,429,0,
smoke,10,/get-salt,3,98,1776914649386,7005,3.995,429,0,
smoke,10,/get-salt,3,99,1776914649390,7004,4.43,429,0,
smoke,10,/get-salt,3,100,1776914649397,7009,6.611,429,0,
smoke,10,/get-salt,3,101,1776914649401,7005,4.082,429,0,
smoke,10,/get-salt,3,102,1776914649405,7004,4.259,429,0,
smoke,10,/get-salt,3,103,1776914649409,7001,3.936,429,0,
smoke,10,/get-salt,3,104,1776914649413,7010,4.027,429,0,
smoke,10,/get-salt,3,105,1776914649418,7009,4.291,429,0,
smoke,10,/get-salt,3,106,1776914649422,7004,4.021,429,0,
smoke,10,/get-salt,3,107,1776914649426,7008,4.174,429,0,
smoke,10,/get-salt,3,108,1776914649430,7006,3.86,429,0,
smoke,10,/get-salt,3,109,1776914649434,7005,4.384,429,0,
smoke,10,/get-salt,3,110,1776914649438,7004,4.324,429,0,
smoke,10,/get-salt,3,111,1776914649443,7003,4.297,429,0,
smoke,10,/get-salt,3,112,1776914649447,7008,4.287,429,0,
smoke,10,/get-salt,3,113,1776914649455,7001,8.457,429,0,
smoke,10,/get-salt,3,114,1776914649459,7010,3.816,429,0,
smoke,10,/get-salt,3,115,1776914649464,7002,4.291,429,0,
smoke,10,/get-salt,3,116,1776914649468,7003,4.523,429,0,
smoke,10,/get-salt,3,117,1776914649473,7004,4.382,429,0,
smoke,10,/get-salt,3,118,1776914649477,7008,4.216,429,0,
smoke,10,/get-salt,3,119,1776914649481,7004,4.228,429,0,
smoke,10,/get-salt,3,120,1776914649485,7006,4.276,429,0,
smoke,10,/get-salt,3,121,1776914649490,7001,4.376,429,0,
smoke,10,/get-salt,3,122,1776914649494,7002,4.255,429,0,
smoke,10,/get-salt,3,123,1776914649498,7009,4.315,429,0,
smoke,10,/get-salt,3,124,1776914649503,7007,4.459,429,0,
smoke,10,/get-salt,3,125,1776914649507,7010,4.128,429,0,
smoke,10,/get-salt,3,126,1776914649510,7002,3.613,429,0,
smoke,10,/get-salt,3,127,1776914649514,7001,4.016,429,0,
smoke,10,/get-salt,3,128,1776914649519,7001,4.251,429,0,
smoke,10,/get-salt,3,129,1776914649528,7006,9.051,429,0,
smoke,10,/get-salt,3,130,1776914649532,7006,3.985,429,0,
smoke,10,/get-salt,3,131,1776914649535,7002,3.656,429,0,
smoke,10,/get-salt,3,132,1776914649539,7005,3.688,429,0,
smoke,10,/get-salt,3,133,1776914649546,7008,7.025,429,0,
smoke,10,/get-salt,3,134,1776914649556,7008,9.563,429,0,
smoke,10,/get-salt,3,135,1776914649561,7001,5.776,429,0,
smoke,10,/get-salt,3,136,1776914649565,7002,3.424,429,0,
smoke,10,/get-salt,3,137,1776914649569,7009,4.522,429,0,
smoke,10,/get-salt,3,138,1776914649573,7010,3.908,429,0,
smoke,10,/get-salt,3,139,1776914649577,7008,4.118,429,0,
smoke,10,/get-salt,3,140,1776914649582,7005,4.63,429,0,
smoke,10,/get-salt,3,141,1776914649586,7010,4.204,429,0,
smoke,10,/get-salt,3,142,1776914649591,7005,4.3,429,0,
smoke,10,/get-salt,3,143,1776914649594,7008,3.827,429,0,
smoke,10,/get-salt,3,144,1776914649598,7005,3.783,429,0,
smoke,10,/get-salt,3,145,1776914649605,7002,6.778,429,0,
smoke,10,/get-salt,3,146,1776914649609,7004,4.45,429,0,
smoke,10,/get-salt,3,147,1776914649613,7002,3.311,429,0,
smoke,10,/get-salt,3,148,1776914649616,7008,3.668,429,0,
smoke,10,/get-salt,3,149,1776914649622,7009,5.107,429,0,
smoke,10,/get-salt,3,150,1776914649626,7004,4.252,429,0,
smoke,10,/get-salt,3,151,1776914649630,7010,4.173,429,0,
smoke,10,/get-salt,3,152,1776914649637,7005,6.954,429,0,
smoke,10,/get-salt,3,153,1776914649640,7008,3.13,429,0,
smoke,10,/get-salt,3,154,1776914649647,7007,6.531,429,0,
smoke,10,/get-salt,3,155,1776914649658,7007,11.843,429,0,
smoke,10,/get-salt,3,156,1776914649663,7008,4.391,429,0,
smoke,10,/get-salt,3,157,1776914649666,7003,3.417,429,0,
smoke,10,/get-salt,3,158,1776914649669,7003,3.05,429,0,
smoke,10,/get-salt,3,159,1776914649675,7004,5.37,429,0,
smoke,10,/get-salt,3,160,1776914649679,7001,3.914,429,0,
smoke,10,/get-salt,3,161,1776914649683,7001,4.021,429,0,
smoke,10,/get-salt,3,162,1776914649687,7003,4.137,429,0,
smoke,10,/get-salt,3,163,1776914649690,7002,3.298,429,0,
smoke,10,/get-salt,3,164,1776914649693,7008,3.13,429,0,
smoke,10,/get-salt,3,165,1776914649697,7009,3.773,429,0,
smoke,10,/get-salt,3,166,1776914649705,7006,8.055,429,0,
smoke,10,/get-salt,3,167,1776914649715,7009,9.5,429,0,
smoke,10,/get-salt,3,168,1776914649718,7004,3.077,429,0,
smoke,10,/get-salt,3,169,1776914649721,7007,3.569,429,0,
smoke,10,/get-salt,3,170,1776914649725,7006,3.519,429,0,
smoke,10,/get-salt,3,171,1776914649728,7005,3.753,429,0,
smoke,10,/get-salt,3,172,1776914649732,7010,3.872,429,0,
smoke,10,/get-salt,3,173,1776914649737,7002,4.156,429,0,
smoke,10,/get-salt,3,174,1776914649741,7009,4.723,429,0,
smoke,10,/get-salt,3,175,1776914649745,7010,3.975,429,0,
smoke,10,/get-salt,3,176,1776914649749,7001,4.273,429,0,
smoke,10,/get-salt,3,177,1776914649753,7001,3.759,429,0,
smoke,10,/get-salt,3,178,1776914649758,7008,4.275,429,0,
smoke,10,/get-salt,3,179,1776914649762,7009,3.996,429,0,
smoke,10,/get-salt,3,180,1776914649766,7010,4.857,429,0,
smoke,10,/get-salt,3,181,1776914649774,7004,7.378,429,0,
smoke,10,/get-salt,3,182,1776914649777,7010,3.318,429,0,
smoke,10,/get-salt,3,183,1776914649781,7006,3.69,429,0,
smoke,10,/get-salt,3,184,1776914649785,7004,4.04,429,0,
smoke,10,/get-salt,3,185,1776914649789,7010,3.705,429,0,
smoke,10,/get-salt,3,186,1776914649792,7004,3.802,429,0,
smoke,10,/get-salt,3,187,1776914649797,7001,4.575,429,0,
smoke,10,/get-salt,3,188,1776914649801,7007,4.034,429,0,
smoke,10,/get-salt,3,189,1776914649806,7006,5.494,429,0,
smoke,10,/get-salt,3,190,1776914649811,7002,4.871,429,0,
smoke,10,/get-salt,3,191,1776914649815,7006,3.745,429,0,
smoke,10,/get-salt,3,192,1776914649820,7008,4.622,429,0,
smoke,10,/get-salt,3,193,1776914649825,7003,5.123,429,0,
smoke,10,/get-salt,3,194,1776914649829,7010,4.232,429,0,
smoke,10,/get-salt,3,195,1776914649841,7002,12.064,429,0,
smoke,10,/get-salt,3,196,1776914649849,7006,7.671,429,0,
smoke,10,/get-salt,3,197,1776914649853,7005,4.078,429,0,
smoke,10,/get-salt,3,198,1776914649857,7006,3.821,429,0,
smoke,10,/get-salt,3,199,1776914649861,7008,3.865,429,0,
smoke,10,/get-salt,3,200,1776914649864,7002,3.886,429,0,
smoke,10,/get-salt,3,201,1776914649868,7010,3.819,429,0,
smoke,10,/get-salt,3,202,1776914649872,7006,3.952,429,0,
smoke,10,/get-salt,3,203,1776914649876,7004,4.078,429,0,
smoke,10,/get-salt,3,204,1776914649880,7002,4.091,429,0,
smoke,10,/get-salt,3,205,1776914649884,7008,3.681,429,0,
smoke,10,/get-salt,3,206,1776914649888,7002,4.051,429,0,
smoke,10,/get-salt,3,207,1776914649892,7006,3.792,429,0,
smoke,10,/get-salt,3,208,1776914649896,7005,4.084,429,0,
smoke,10,/get-salt,3,209,1776914649900,7006,3.596,429,0,
smoke,10,/get-salt,3,210,1776914649904,7005,4.422,429,0,
smoke,10,/get-salt,3,211,1776914649908,7005,4.17,429,0,
smoke,10,/get-salt,3,212,1776914649912,7004,4.218,429,0,
smoke,10,/get-salt,3,213,1776914649916,7003,3.958,429,0,
smoke,10,/get-salt,3,214,1776914649921,7004,4.256,429,0,
smoke,10,/get-salt,3,215,1776914649924,7008,3.655,429,0,
smoke,10,/get-salt,3,216,1776914649931,7003,6.321,429,0,
smoke,10,/get-salt,3,217,1776914649935,7010,4.047,429,0,
smoke,10,/get-salt,3,218,1776914649939,7002,4.301,429,0,
smoke,10,/get-salt,3,219,1776914649943,7006,3.732,429,0,
smoke,10,/get-salt,3,220,1776914649948,7008,4.958,429,0,
smoke,10,/get-salt,3,221,1776914649952,7002,3.783,429,0,
smoke,10,/get-salt,3,222,1776914649956,7010,4.673,429,0,
smoke,10,/get-salt,3,223,1776914649960,7009,3.42,429,0,
smoke,10,/get-salt,3,224,1776914649972,7004,12.537,429,0,
smoke,10,/get-salt,3,225,1776914649976,7006,3.759,429,0,
smoke,10,/get-salt,3,226,1776914649980,7008,4.137,429,0,
smoke,10,/get-salt,3,227,1776914649988,7003,8.204,429,0,
smoke,10,/get-salt,3,228,1776914649993,7010,4.877,429,0,
smoke,10,/get-salt,3,229,1776914649997,7007,4.325,429,0,
smoke,10,/get-salt,3,230,1776914650002,7005,4.422,429,0,
smoke,10,/get-salt,3,231,1776914650006,7007,4.382,429,0,
smoke,10,/get-salt,3,232,1776914650010,7001,3.866,429,0,
smoke,10,/get-salt,3,233,1776914650014,7008,3.883,429,0,
smoke,10,/get-salt,3,234,1776914650018,7010,3.92,429,0,
smoke,10,/get-salt,3,235,1776914650023,7005,5.222,429,0,
smoke,10,/get-salt,3,236,1776914650027,7006,3.791,429,0,
smoke,10,/get-salt,3,237,1776914650031,7007,3.937,429,0,
smoke,10,/get-salt,3,238,1776914650035,7005,3.64,429,0,
smoke,10,/get-salt,3,239,1776914650039,7002,3.931,429,0,
smoke,10,/get-salt,3,240,1776914650043,7005,4.079,429,0,
smoke,10,/get-salt,3,241,1776914650047,7006,4.055,429,0,
smoke,10,/get-salt,3,242,1776914650050,7001,3.558,429,0,
smoke,10,/get-salt,3,243,1776914650058,7008,7.625,429,0,
smoke,10,/get-salt,3,244,1776914650062,7007,3.948,429,0,
smoke,10,/get-salt,3,245,1776914650065,7010,3.63,429,0,
smoke,10,/get-salt,3,246,1776914650069,7007,3.991,429,0,
smoke,10,/get-salt,3,247,1776914650073,7001,3.89,429,0,
smoke,10,/get-salt,3,248,1776914650077,7004,3.797,429,0,
smoke,10,/get-salt,3,249,1776914650081,7004,3.497,429,0,
smoke,10,/get-salt,3,250,1776914650085,7007,3.921,429,0,
smoke,10,/get-salt,3,251,1776914650088,7009,3.931,429,0,
smoke,10,/get-salt,3,252,1776914650093,7005,4.151,429,0,
smoke,10,/get-salt,3,253,1776914650097,7002,3.904,429,0,
smoke,10,/get-salt,3,254,1776914650101,7001,3.991,429,0,
smoke,10,/get-salt,3,255,1776914650104,7006,3.797,429,0,
smoke,10,/get-salt,3,256,1776914650108,7004,3.544,429,0,
smoke,10,/get-salt,3,257,1776914650112,7007,3.913,429,0,
smoke,10,/get-salt,3,258,1776914650120,7008,8.123,429,0,
smoke,10,/get-salt,3,259,1776914650124,7005,3.7,429,0,
smoke,10,/get-salt,3,260,1776914650128,7006,4.23,429,0,
smoke,10,/get-salt,3,261,1776914650132,7002,3.998,429,0,
smoke,10,/get-salt,3,262,1776914650136,7008,3.875,429,0,
smoke,10,/get-salt,3,263,1776914650140,7008,3.809,429,0,
smoke,10,/get-salt,3,264,1776914650144,7001,4.011,429,0,
smoke,10,/get-salt,3,265,1776914650148,7004,4.499,429,0,
smoke,10,/get-salt,3,266,1776914650152,7004,4.354,429,0,
smoke,10,/get-salt,3,267,1776914650157,7003,4.126,429,0,
smoke,10,/get-salt,3,268,1776914650160,7007,3.886,429,0,
smoke,10,/get-salt,3,269,1776914650165,7003,4.067,429,0,
smoke,10,/get-salt,3,270,1776914650169,7003,4.061,429,0,
smoke,10,/get-salt,3,271,1776914650173,7008,4.162,429,0,
smoke,10,/get-salt,3,272,1776914650177,7007,4.015,429,0,
smoke,10,/get-salt,3,273,1776914650185,7010,8.151,429,0,
smoke,10,/get-salt,3,274,1776914650189,7002,3.608,429,0,
smoke,10,/get-salt,3,275,1776914650193,7007,4.585,429,0,
smoke,10,/get-salt,3,276,1776914650197,7008,4.09,429,0,
smoke,10,/get-salt,3,277,1776914650201,7002,3.774,429,0,
smoke,10,/get-salt,3,278,1776914650205,7010,4.089,429,0,
smoke,10,/get-salt,3,279,1776914650209,7004,4.152,429,0,
smoke,10,/get-salt,3,280,1776914650214,7009,4.357,429,0,
smoke,10,/get-salt,3,281,1776914650218,7001,4.115,429,0,
smoke,10,/get-salt,3,282,1776914650222,7010,4.052,429,0,
smoke,10,/get-salt,3,283,1776914650226,7002,4.244,429,0,
smoke,10,/get-salt,3,284,1776914650231,7003,5.23,429,0,
smoke,10,/get-salt,3,285,1776914650235,7006,3.55,429,0,
smoke,10,/get-salt,3,286,1776914650238,7002,3.315,429,0,
smoke,10,/get-salt,3,287,1776914650242,7007,3.936,429,0,
smoke,10,/get-salt,3,288,1776914650250,7009,8.379,429,0,
smoke,10,/get-salt,3,289,1776914650254,7007,3.921,429,0,
smoke,10,/get-salt,3,290,1776914650258,7003,4.064,429,0,
smoke,10,/get-salt,3,291,1776914650263,7008,4.284,429,0,
smoke,10,/get-salt,3,292,1776914650267,7008,4.271,429,0,
smoke,10,/get-salt,3,293,1776914650271,7003,4.139,429,0,
smoke,10,/get-salt,3,294,1776914650276,7008,4.517,429,0,
smoke,10,/get-salt,3,295,1776914650280,7009,3.947,429,0,
smoke,10,/get-salt,3,296,1776914650284,7009,4.353,429,0,
smoke,10,/get-salt,3,297,1776914650289,7002,5.184,429,0,
smoke,10,/get-salt,3,298,1776914650295,7010,5.41,429,0,
smoke,10,/get-salt,3,299,1776914650299,7005,4.269,429,0,
smoke,10,/get-salt,3,300,1776914650303,7003,3.887,429,0,
smoke,10,/get-salt,3,301,1776914650307,7008,3.809,429,0,
smoke,10,/get-salt,3,302,1776914650314,7004,7.541,429,0,
smoke,10,/get-salt,3,303,1776914650318,7009,3.895,429,0,
smoke,10,/get-salt,3,304,1776914650322,7007,4.208,429,0,
smoke,10,/get-salt,3,305,1776914650327,7006,4.917,429,0,
smoke,10,/get-salt,3,306,1776914650331,7010,4.316,429,0,
smoke,10,/get-salt,3,307,1776914650336,7004,4.05,429,0,
smoke,10,/get-salt,3,308,1776914650339,7009,3.916,429,0,
smoke,10,/get-salt,3,309,1776914650343,7001,3.785,429,0,
smoke,10,/get-salt,3,310,1776914650347,7007,4.055,429,0,
smoke,10,/get-salt,3,311,1776914650351,7003,4.106,429,0,
smoke,10,/get-salt,3,312,1776914650356,7004,4.307,429,0,
smoke,10,/get-salt,3,313,1776914650360,7010,4.167,429,0,
smoke,10,/get-salt,3,314,1776914650364,7010,4.326,429,0,
smoke,10,/get-salt,3,315,1776914650368,7002,3.427,429,0,
smoke,10,/get-salt,3,316,1776914650372,7008,4.28,429,0,
smoke,10,/get-salt,3,317,1776914650381,7009,9.508,429,0,
smoke,10,/get-salt,3,318,1776914650385,7006,3.744,429,0,
smoke,10,/get-salt,3,319,1776914650389,7002,3.616,429,0,
smoke,10,/get-salt,3,320,1776914650393,7006,4.309,429,0,
smoke,10,/get-salt,3,321,1776914650397,7008,3.566,429,0,
smoke,10,/get-salt,3,322,1776914650401,7010,4.013,429,0,
smoke,10,/get-salt,3,323,1776914650404,7010,3.47,429,0,
smoke,10,/get-salt,3,324,1776914650408,7004,3.937,429,0,
smoke,10,/get-salt,3,325,1776914650412,7007,3.998,429,0,
smoke,10,/get-salt,3,326,1776914650416,7003,3.48,429,0,
smoke,10,/get-salt,3,327,1776914650419,7009,3.145,429,0,
smoke,10,/get-salt,3,328,1776914650422,7007,3.593,429,0,
smoke,10,/get-salt,3,329,1776914650426,7008,3.587,429,0,
smoke,10,/get-salt,3,330,1776914650430,7004,3.888,429,0,
smoke,10,/get-salt,3,331,1776914650433,7003,3.387,429,0,
smoke,10,/get-salt,3,332,1776914650443,7008,9.312,429,0,
smoke,10,/get-salt,3,333,1776914650451,7007,7.979,429,0,
smoke,10,/get-salt,3,334,1776914650459,7004,8.404,429,0,
smoke,10,/get-salt,3,335,1776914650464,7009,4.642,429,0,
smoke,10,/get-salt,3,336,1776914650468,7007,4.036,429,0,
smoke,10,/get-salt,3,337,1776914650471,7009,3.506,429,0,
smoke,10,/get-salt,3,338,1776914650475,7002,4.156,429,0,
smoke,10,/get-salt,3,339,1776914650479,7004,4.093,429,0,
smoke,10,/get-salt,3,340,1776914650483,7006,3.909,429,0,
smoke,10,/get-salt,3,341,1776914650487,7004,4.052,429,0,
smoke,10,/get-salt,3,342,1776914650491,7003,3.364,429,0,
smoke,10,/get-salt,3,343,1776914650499,7002,7.99,429,0,
smoke,10,/get-salt,3,344,1776914650502,7008,3.399,429,0,
smoke,10,/get-salt,3,345,1776914650505,7010,3.052,429,0,
smoke,10,/get-salt,3,346,1776914650509,7004,3.767,429,0,
smoke,10,/get-salt,3,347,1776914650514,7003,4.618,429,0,
smoke,10,/get-salt,3,348,1776914650517,7004,3.656,429,0,
smoke,10,/get-salt,3,349,1776914650521,7007,3.651,429,0,
smoke,10,/get-salt,3,350,1776914650525,7009,3.98,429,0,
smoke,10,/get-salt,3,351,1776914650529,7007,3.842,429,0,
smoke,10,/get-salt,3,352,1776914650533,7009,3.768,429,0,
smoke,10,/get-salt,3,353,1776914650539,7006,6.648,429,0,
smoke,10,/get-salt,3,354,1776914650543,7001,3.613,429,0,
smoke,10,/get-salt,3,355,1776914650547,7007,3.933,429,0,
smoke,10,/get-salt,3,356,1776914650551,7001,4.339,429,0,
smoke,10,/get-salt,3,357,1776914650558,7004,6.484,429,0,
smoke,10,/get-salt,3,358,1776914650566,7008,7.955,429,0,
smoke,10,/get-salt,3,359,1776914650571,7010,5.449,429,0,
smoke,10,/get-salt,3,360,1776914650575,7009,4.096,429,0,
smoke,10,/get-salt,3,361,1776914650578,7009,2.952,429,0,
smoke,10,/get-salt,3,362,1776914650582,7007,4.099,429,0,
smoke,10,/get-salt,3,363,1776914650585,7001,3.254,429,0,
smoke,10,/get-salt,3,364,1776914650589,7005,3.297,429,0,
smoke,10,/get-salt,3,365,1776914650593,7009,4.032,429,0,
smoke,10,/get-salt,3,366,1776914650600,7001,7.312,429,0,
smoke,10,/get-salt,3,367,1776914650604,7002,3.498,429,0,
smoke,10,/get-salt,3,368,1776914650607,7008,3.481,429,0,
smoke,10,/get-salt,3,369,1776914650610,7007,3.284,429,0,
smoke,10,/get-salt,3,370,1776914650614,7010,3.933,429,0,
smoke,10,/get-salt,3,371,1776914650618,7003,4.048,429,0,
smoke,10,/get-salt,3,372,1776914650622,7004,3.296,429,0,
smoke,10,/get-salt,3,373,1776914650625,7001,3.268,429,0,
smoke,10,/get-salt,3,374,1776914650628,7002,3.082,429,0,
smoke,10,/get-salt,3,375,1776914650631,7007,3.116,429,0,
smoke,10,/get-salt,3,376,1776914650634,7006,3.265,429,0,
smoke,10,/get-salt,3,377,1776914650637,7001,2.535,429,0,
smoke,10,/get-salt,3,378,1776914650641,7005,4.163,429,0,
smoke,10,/get-salt,3,379,1776914650644,7006,3.224,429,0,
smoke,10,/get-salt,3,380,1776914650648,7002,3.413,429,0,
smoke,10,/get-salt,3,381,1776914650651,7001,2.897,429,0,
smoke,10,/get-salt,3,382,1776914650655,7004,4.057,429,0,
smoke,10,/get-salt,3,383,1776914650658,7006,3.703,429,0,
smoke,10,/get-salt,3,384,1776914650665,7010,6.624,429,0,
smoke,10,/get-salt,3,385,1776914650668,7004,3.309,429,0,
smoke,10,/get-salt,3,386,1776914650672,7001,4.087,429,0,
smoke,10,/get-salt,3,387,1776914650676,7009,3.276,429,0,
smoke,10,/get-salt,3,388,1776914650679,7010,3.761,429,0,
smoke,10,/get-salt,3,389,1776914650683,7010,3.078,429,0,
smoke,10,/get-salt,3,390,1776914650685,7004,2.913,429,0,
smoke,10,/get-salt,3,391,1776914650688,7003,2.969,429,0,
smoke,10,/get-salt,3,392,1776914650692,7008,3.974,429,0,
smoke,10,/get-salt,3,393,1776914650696,7007,3.58,429,0,
smoke,10,/get-salt,3,394,1776914650701,7007,4.922,429,0,
smoke,10,/get-salt,3,395,1776914650706,7010,4.597,429,0,
smoke,10,/get-salt,3,396,1776914650709,7006,3.839,429,0,
smoke,10,/get-salt,3,397,1776914650713,7005,3.806,429,0,
smoke,10,/get-salt,3,398,1776914650717,7001,3.498,429,0,
smoke,10,/get-salt,3,399,1776914650724,7005,6.896,429,0,
smoke,10,/get-salt,3,400,1776914650727,7005,3.591,429,0,
smoke,10,/get-salt,3,401,1776914650731,7008,3.727,429,0,
smoke,10,/get-salt,3,402,1776914650735,7004,3.731,429,0,
smoke,10,/get-salt,3,403,1776914650738,7002,3.861,429,0,
smoke,10,/get-salt,3,404,1776914650742,7009,3.598,429,0,
smoke,10,/get-salt,3,405,1776914650747,7007,4.653,429,0,
smoke,10,/get-salt,3,406,1776914650751,7003,4.035,429,0,
smoke,10,/get-salt,3,407,1776914650755,7005,3.729,429,0,
smoke,10,/get-salt,3,408,1776914650758,7004,3.602,429,0,
smoke,10,/get-salt,3,409,1776914650762,7010,3.665,429,0,
smoke,10,/get-salt,3,410,1776914650766,7003,3.733,429,0,
smoke,10,/get-salt,3,411,1776914650770,7002,4.043,429,0,
smoke,10,/get-salt,3,412,1776914650773,7003,3.506,429,0,
smoke,10,/get-salt,3,413,1776914650777,7002,4.011,429,0,
smoke,10,/get-salt,3,414,1776914650791,7004,13.565,429,0,
smoke,10,/get-salt,3,415,1776914650795,7009,3.852,429,0,
smoke,10,/get-salt,3,416,1776914650798,7003,3.254,429,0,
smoke,10,/get-salt,3,417,1776914650801,7004,3.55,429,0,
smoke,10,/get-salt,3,418,1776914650805,7009,4.112,429,0,
smoke,10,/get-salt,3,419,1776914650810,7009,4.076,429,0,
smoke,10,/get-salt,3,420,1776914650813,7004,3.78,429,0,
smoke,10,/get-salt,3,421,1776914650817,7006,3.665,429,0,
smoke,10,/get-salt,3,422,1776914650821,7003,3.657,429,0,
smoke,10,/get-salt,3,423,1776914650825,7010,4.269,429,0,
smoke,10,/get-salt,3,424,1776914650829,7002,3.612,429,0,
smoke,10,/get-salt,3,425,1776914650833,7008,4.495,429,0,
smoke,10,/get-salt,3,426,1776914650837,7004,4.118,429,0,
smoke,10,/get-salt,3,427,1776914650841,7002,3.658,429,0,
smoke,10,/get-salt,3,428,1776914650845,7009,3.975,429,0,
smoke,10,/get-salt,3,429,1776914650853,7007,8.039,429,0,
smoke,10,/get-salt,3,430,1776914650857,7003,3.693,429,0,
smoke,10,/get-salt,3,431,1776914650860,7003,3.249,429,0,
smoke,10,/get-salt,3,432,1776914650863,7008,3.439,429,0,
smoke,10,/get-salt,3,433,1776914650868,7006,4.43,429,0,
smoke,10,/get-salt,3,434,1776914650874,7002,5.886,429,0,
smoke,10,/get-salt,3,435,1776914650878,7003,3.982,429,0,
smoke,10,/get-salt,3,436,1776914650882,7004,4.28,429,0,
smoke,10,/get-salt,3,437,1776914650885,7009,3.665,429,0,
smoke,10,/get-salt,3,438,1776914650889,7008,3.985,429,0,
smoke,10,/get-salt,3,439,1776914650894,7002,4.461,429,0,
smoke,10,/get-salt,3,440,1776914650898,7003,3.875,429,0,
smoke,10,/get-salt,3,441,1776914650901,7009,3.548,429,0,
smoke,10,/get-salt,3,442,1776914650905,7003,3.35,429,0,
smoke,10,/get-salt,3,443,1776914650909,7004,4.667,429,0,
smoke,10,/get-salt,3,444,1776914650918,7009,8.266,429,0,
smoke,10,/get-salt,3,445,1776914650922,7010,4.036,429,0,
smoke,10,/get-salt,3,446,1776914650925,7010,3.715,429,0,
smoke,10,/get-salt,3,447,1776914650929,7008,3.711,429,0,
smoke,10,/get-salt,3,448,1776914650934,7002,4.365,429,0,
smoke,10,/get-salt,3,449,1776914650937,7003,3.756,429,0,
smoke,10,/get-salt,3,450,1776914650941,7005,4.135,429,0,
smoke,10,/get-salt,3,451,1776914650945,7008,3.969,429,0,
smoke,10,/get-salt,3,452,1776914650949,7006,3.776,429,0,
smoke,10,/get-salt,3,453,1776914650954,7010,4.603,429,0,
smoke,10,/get-salt,3,454,1776914650959,7010,4.99,429,0,
smoke,10,/get-salt,3,455,1776914650963,7003,3.898,429,0,
smoke,10,/get-salt,3,456,1776914650966,7008,3.385,429,0,
smoke,10,/get-salt,3,457,1776914650969,7008,3.355,429,0,
smoke,10,/get-salt,3,458,1776914650978,7006,8.964,429,0,
smoke,10,/get-salt,3,459,1776914650983,7003,4.199,429,0,
smoke,10,/get-salt,3,460,1776914650987,7002,4.191,429,0,
smoke,10,/get-salt,3,461,1776914650990,7005,3.298,429,0,
smoke,10,/get-salt,3,462,1776914650994,7008,3.537,429,0,
smoke,10,/get-salt,3,463,1776914650998,7007,4.08,429,0,
smoke,10,/get-salt,3,464,1776914651001,7003,3.709,429,0,
smoke,10,/get-salt,3,465,1776914651003,7010,1.75,429,0,
smoke,10,/get-salt,3,466,1776914651007,7003,3.664,429,0,
smoke,10,/get-salt,3,467,1776914651011,7008,3.695,429,0,
smoke,10,/get-salt,3,468,1776914651014,7005,3.793,429,0,
smoke,10,/get-salt,3,469,1776914651018,7007,3.947,429,0,
smoke,10,/get-salt,3,470,1776914651024,7004,6.004,429,0,
smoke,10,/get-salt,3,471,1776914651031,7002,6.392,429,0,
smoke,10,/get-salt,3,472,1776914651034,7005,3.674,429,0,
smoke,10,/get-salt,3,473,1776914651044,7007,9.467,429,0,
smoke,10,/get-salt,3,474,1776914651048,7001,3.952,429,0,
smoke,10,/get-salt,3,475,1776914651052,7004,3.839,429,0,
smoke,10,/get-salt,3,476,1776914651056,7010,3.918,429,0,
smoke,10,/get-salt,3,477,1776914651060,7007,4.454,429,0,
smoke,10,/get-salt,3,478,1776914651064,7008,3.493,429,0,
smoke,10,/get-salt,3,479,1776914651067,7002,3.593,429,0,
smoke,10,/get-salt,3,480,1776914651071,7006,4.241,429,0,
smoke,10,/get-salt,3,481,1776914651076,7010,4.724,429,0,
smoke,10,/get-salt,3,482,1776914651080,7006,3.712,429,0,
smoke,10,/get-salt,3,483,1776914651083,7006,3.45,429,0,
smoke,10,/get-salt,3,484,1776914651088,7010,4.542,429,0,
smoke,10,/get-salt,3,485,1776914651094,7008,6.096,429,0,
smoke,10,/get-salt,3,486,1776914651103,7006,8.712,429,0,
smoke,10,/get-salt,3,487,1776914651107,7008,3.918,429,0,
smoke,10,/get-salt,3,488,1776914651110,7010,3.721,429,0,
smoke,10,/get-salt,3,489,1776914651113,7009,3.192,429,0,
smoke,10,/get-salt,3,490,1776914651117,7005,3.799,429,0,
smoke,10,/get-salt,3,491,1776914651123,7009,5.244,429,0,
smoke,10,/get-salt,3,492,1776914651127,7010,4.115,429,0,
smoke,10,/get-salt,3,493,1776914651130,7006,3.112,429,0,
smoke,10,/get-salt,3,494,1776914651133,7005,3.153,429,0,
smoke,10,/get-salt,3,495,1776914651137,7005,4.137,429,0,
smoke,10,/get-salt,3,496,1776914651144,7008,6.557,429,0,
smoke,10,/get-salt,3,497,1776914651148,7006,4.126,429,0,
smoke,10,/get-salt,3,498,1776914651152,7005,3.767,429,0,
smoke,10,/get-salt,3,499,1776914651155,7003,3.95,429,0,
smoke,10,/get-salt,3,500,1776914651159,7005,3.628,429,0,
smoke,10,/get-salt,3,501,1776914651164,7001,4.552,429,0,
smoke,10,/get-salt,3,502,1776914651168,7009,4.055,429,0,
smoke,10,/get-salt,3,503,1776914651172,7006,4.128,429,0,
smoke,10,/get-salt,3,504,1776914651176,7001,4.171,429,0,
smoke,10,/get-salt,3,505,1776914651183,7008,6.607,429,0,
smoke,10,/get-salt,3,506,1776914651187,7002,3.992,429,0,
smoke,10,/get-salt,3,507,1776914651191,7009,4.01,429,0,
smoke,10,/get-salt,3,508,1776914651194,7009,3.619,429,0,
smoke,10,/get-salt,3,509,1776914651198,7006,3.879,429,0,
smoke,10,/get-salt,3,510,1776914651202,7006,4.217,429,0,
smoke,10,/get-salt,3,511,1776914651207,7004,4.382,429,0,
smoke,10,/get-salt,3,512,1776914651211,7003,4.307,429,0,
smoke,10,/get-salt,3,513,1776914651215,7005,3.907,429,0,
smoke,10,/get-salt,3,514,1776914651220,7006,4.518,429,0,
smoke,10,/get-salt,3,515,1776914651226,7009,6.782,429,0,
smoke,10,/get-salt,3,516,1776914651230,7008,3.749,429,0,
smoke,10,/get-salt,3,517,1776914651233,7005,3.048,429,0,
smoke,10,/get-salt,3,518,1776914651237,7009,3.48,429,0,
smoke,10,/get-salt,3,519,1776914651246,7010,9.568,429,0,
smoke,10,/get-salt,3,520,1776914651251,7003,5.126,429,0,
smoke,10,/get-salt,3,521,1776914651255,7004,4.016,429,0,
smoke,10,/get-salt,3,522,1776914651260,7006,4.455,429,0,
smoke,10,/get-salt,3,523,1776914651264,7009,3.825,429,0,
smoke,10,/get-salt,3,524,1776914651267,7001,3.784,429,0,
smoke,10,/get-salt,3,525,1776914651272,7008,4.146,429,0,
smoke,10,/get-salt,3,526,1776914651275,7009,3.864,429,0,
smoke,10,/get-salt,3,527,1776914651280,7004,4.31,429,0,
smoke,10,/get-salt,3,528,1776914651284,7010,3.752,429,0,
smoke,10,/get-salt,3,529,1776914651289,7007,5.095,429,0,
smoke,10,/get-salt,3,530,1776914651293,7007,4.154,429,0,
smoke,10,/get-salt,3,531,1776914651296,7005,3.667,429,0,
smoke,10,/get-salt,3,532,1776914651300,7009,4.018,429,0,
smoke,10,/get-salt,3,533,1776914651304,7006,3.864,429,0,
smoke,10,/get-salt,3,534,1776914651308,7001,3.78,429,0,
smoke,10,/get-salt,3,535,1776914651316,7002,7.399,429,0,
smoke,10,/get-salt,3,536,1776914651320,7008,4.102,429,0,
smoke,10,/get-salt,3,537,1776914651324,7004,4.081,429,0,
smoke,10,/get-salt,3,538,1776914651327,7010,3.766,429,0,
smoke,10,/get-salt,3,539,1776914651332,7003,4.291,429,0,
smoke,10,/get-salt,3,540,1776914651335,7001,3.616,429,0,
smoke,10,/get-salt,3,541,1776914651339,7008,3.228,429,0,
smoke,10,/get-salt,3,542,1776914651342,7004,3.726,429,0,
smoke,10,/get-salt,3,543,1776914651346,7004,3.927,429,0,
smoke,10,/get-salt,3,544,1776914651350,7003,3.771,429,0,
smoke,10,/get-salt,3,545,1776914651354,7010,3.992,429,0,
smoke,10,/get-salt,3,546,1776914651359,7007,4.601,429,0,
smoke,10,/get-salt,3,547,1776914651363,7001,3.968,429,0,
smoke,10,/get-salt,3,548,1776914651367,7006,4.009,429,0,
smoke,10,/get-salt,3,549,1776914651373,7002,6.679,429,0,
smoke,10,/get-salt,3,550,1776914651378,7004,4.259,429,0,
smoke,10,/get-salt,3,551,1776914651382,7006,4.34,429,0,
smoke,10,/get-salt,3,552,1776914651386,7006,4.206,429,0,
smoke,10,/get-salt,3,553,1776914651390,7007,4.084,429,0,
smoke,10,/get-salt,3,554,1776914651395,7004,4.761,429,0,
smoke,10,/get-salt,3,555,1776914651399,7006,4.138,429,0,
smoke,10,/get-salt,3,556,1776914651403,7002,4.341,429,0,
smoke,10,/get-salt,3,557,1776914651407,7004,3.715,429,0,
smoke,10,/get-salt,3,558,1776914651411,7006,3.892,429,0,
smoke,10,/get-salt,3,559,1776914651415,7005,3.7,429,0,
smoke,10,/get-salt,3,560,1776914651418,7007,3.236,429,0,
smoke,10,/get-salt,3,561,1776914651422,7008,3.779,429,0,
smoke,10,/get-salt,3,562,1776914651427,7002,4.861,429,0,
smoke,10,/get-salt,3,563,1776914651430,7001,3.653,429,0,
smoke,10,/get-salt,3,564,1776914651438,7003,7.955,429,0,
smoke,10,/get-salt,3,565,1776914651442,7008,4.02,429,0,
smoke,10,/get-salt,3,566,1776914651446,7009,3.971,429,0,
smoke,10,/get-salt,3,567,1776914651450,7008,3.828,429,0,
smoke,10,/get-salt,3,568,1776914651454,7003,3.976,429,0,
smoke,10,/get-salt,3,569,1776914651459,7002,5.06,429,0,
smoke,10,/get-salt,3,570,1776914651463,7002,3.493,429,0,
smoke,10,/get-salt,3,571,1776914651467,7003,3.877,429,0,
smoke,10,/get-salt,3,572,1776914651470,7007,3.476,429,0,
smoke,10,/get-salt,3,573,1776914651474,7009,4.029,429,0,
smoke,10,/get-salt,3,574,1776914651478,7007,3.553,429,0,
smoke,10,/get-salt,3,575,1776914651482,7009,3.993,429,0,
smoke,10,/get-salt,3,576,1776914651485,7006,3.672,429,0,
smoke,10,/get-salt,3,577,1776914651489,7006,4.171,429,0,
smoke,10,/get-salt,3,578,1776914651493,7010,3.715,429,0,
smoke,10,/get-salt,3,579,1776914651500,7006,6.913,429,0,
smoke,10,/get-salt,3,580,1776914651504,7002,4.095,429,0,
smoke,10,/get-salt,3,581,1776914651508,7004,4.07,429,0,
smoke,10,/get-salt,3,582,1776914651512,7008,3.826,429,0,
smoke,10,/get-salt,3,583,1776914651516,7010,3.607,429,0,
smoke,10,/get-salt,3,584,1776914651519,7004,3.377,429,0,
smoke,10,/get-salt,3,585,1776914651522,7006,3.297,429,0,
smoke,10,/get-salt,3,586,1776914651526,7002,3.502,429,0,
smoke,10,/get-salt,3,587,1776914651530,7005,3.862,429,0,
smoke,10,/get-salt,3,588,1776914651534,7007,3.856,429,0,
smoke,10,/get-salt,3,589,1776914651537,7005,3.629,429,0,
smoke,10,/get-salt,3,590,1776914651542,7009,4.493,429,0,
smoke,10,/get-salt,3,591,1776914651546,7008,4.038,429,0,
smoke,10,/get-salt,3,592,1776914651551,7005,4.795,429,0,
smoke,10,/get-salt,3,593,1776914651554,7006,3.776,429,0,
smoke,10,/get-salt,3,594,1776914651562,7006,7.554,429,0,
smoke,10,/get-salt,3,595,1776914651566,7004,3.671,429,0,
smoke,10,/get-salt,3,596,1776914651569,7004,3.6,429,0,
smoke,10,/get-salt,3,597,1776914651572,7009,3.116,429,0,
smoke,10,/get-salt,3,598,1776914651575,7001,3.097,429,0,
smoke,10,/get-salt,3,599,1776914651579,7008,3.904,429,0,
smoke,10,/get-salt,3,600,1776914651583,7001,3.68,429,0,
smoke,10,/get-salt,3,601,1776914651587,7004,4.152,429,0,
smoke,10,/get-salt,3,602,1776914651591,7003,3.748,429,0,
smoke,10,/get-salt,3,603,1776914651594,7006,2.95,429,0,
smoke,10,/get-salt,3,604,1776914651597,7002,3.098,429,0,
smoke,10,/get-salt,3,605,1776914651601,7002,3.519,429,0,
smoke,10,/get-salt,3,606,1776914651603,7010,2.983,429,0,
smoke,10,/get-salt,3,607,1776914651608,7002,4.678,429,0,
smoke,10,/get-salt,3,608,1776914651612,7006,3.744,429,0,
smoke,10,/get-salt,3,609,1776914651620,7001,8.007,429,0,
smoke,10,/get-salt,3,610,1776914651624,7008,3.981,429,0,
smoke,10,/get-salt,3,611,1776914651628,7005,3.662,429,0,
smoke,10,/get-salt,3,612,1776914651631,7004,3.635,429,0,
smoke,10,/get-salt,3,613,1776914651635,7004,3.901,429,0,
smoke,10,/get-salt,3,614,1776914651639,7008,3.702,429,0,
smoke,10,/get-salt,3,615,1776914651643,7010,3.821,429,0,
smoke,10,/get-salt,3,616,1776914651646,7008,3.365,429,0,
smoke,10,/get-salt,3,617,1776914651650,7002,3.962,429,0,
smoke,10,/get-salt,3,618,1776914651653,7008,3.281,429,0,
smoke,10,/get-salt,3,619,1776914651657,7003,3.641,429,0,
smoke,10,/get-salt,3,620,1776914651661,7008,3.713,429,0,
smoke,10,/get-salt,3,621,1776914651665,7009,4.089,429,0,
smoke,10,/get-salt,3,622,1776914651668,7004,3.119,429,0,
smoke,10,/get-salt,3,623,1776914651671,7006,3.548,429,0,
smoke,10,/get-salt,3,624,1776914651679,7005,7.739,429,0,
smoke,10,/get-salt,3,625,1776914651683,7006,4.088,429,0,
smoke,10,/get-salt,3,626,1776914651687,7007,3.969,429,0,
smoke,10,/get-salt,3,627,1776914651691,7002,3.919,429,0,
smoke,10,/get-salt,3,628,1776914651695,7007,4.111,429,0,
smoke,10,/get-salt,3,629,1776914651699,7002,4.08,429,0,
smoke,10,/get-salt,3,630,1776914651703,7002,4.081,429,0,
smoke,10,/get-salt,3,631,1776914651708,7007,4.139,429,0,
smoke,10,/get-salt,3,632,1776914651711,7002,3.833,429,0,
smoke,10,/get-salt,3,633,1776914651716,7003,4.318,429,0,
smoke,10,/get-salt,3,634,1776914651725,7002,8.856,429,0,
smoke,10,/get-salt,3,635,1776914651733,7010,8.724,429,0,
smoke,10,/get-salt,3,636,1776914651737,7010,3.97,429,0,
smoke,10,/get-salt,3,637,1776914651741,7001,3.869,429,0,
smoke,10,/get-salt,3,638,1776914651745,7001,3.487,429,0,
smoke,10,/get-salt,3,639,1776914651748,7001,3.756,429,0,
smoke,10,/get-salt,3,640,1776914651752,7005,3.771,429,0,
smoke,10,/get-salt,3,641,1776914651756,7008,3.94,429,0,
smoke,10,/get-salt,3,642,1776914651761,7007,4.461,429,0,
smoke,10,/get-salt,3,643,1776914651765,7007,4.126,429,0,
smoke,10,/get-salt,3,644,1776914651768,7009,3.591,429,0,
smoke,10,/get-salt,3,645,1776914651772,7010,3.765,429,0,
smoke,10,/get-salt,3,646,1776914651776,7001,4.076,429,0,
smoke,10,/get-salt,3,647,1776914651780,7005,4.101,429,0,
smoke,10,/get-salt,3,648,1776914651785,7005,4.265,429,0,
smoke,10,/get-salt,3,649,1776914651789,7002,4.153,429,0,
smoke,10,/get-salt,3,650,1776914651793,7009,4.107,429,0,
smoke,10,/get-salt,3,651,1776914651797,7006,3.974,429,0,
smoke,10,/get-salt,3,652,1776914651801,7002,4.019,429,0,
smoke,10,/get-salt,3,653,1776914651804,7002,3.39,429,0,
smoke,10,/get-salt,3,654,1776914651813,7001,8.562,429,0,
smoke,10,/get-salt,3,655,1776914651816,7010,3.668,429,0,
smoke,10,/get-salt,3,656,1776914651821,7001,4.217,429,0,
smoke,10,/get-salt,3,657,1776914651825,7006,4.355,429,0,
smoke,10,/get-salt,3,658,1776914651829,7007,3.855,429,0,
smoke,10,/get-salt,3,659,1776914651833,7006,4.151,429,0,
smoke,10,/get-salt,3,660,1776914651837,7010,4.21,429,0,
smoke,10,/get-salt,3,661,1776914651841,7008,4.214,429,0,
smoke,10,/get-salt,3,662,1776914651845,7002,3.715,429,0,
smoke,10,/get-salt,3,663,1776914651852,7009,6.487,429,0,
smoke,10,/get-salt,3,664,1776914651857,7006,5.202,429,0,
smoke,10,/get-salt,3,665,1776914651862,7003,4.742,429,0,
smoke,10,/get-salt,3,666,1776914651867,7009,5.537,429,0,
smoke,10,/get-salt,3,667,1776914651875,7002,8.087,429,0,
smoke,10,/get-salt,3,668,1776914651879,7010,3.259,429,0,
smoke,10,/get-salt,3,669,1776914651883,7007,4.079,429,0,
smoke,10,/get-salt,3,670,1776914651886,7005,3.652,429,0,
smoke,10,/get-salt,3,671,1776914651891,7004,4.31,429,0,
smoke,10,/get-salt,3,672,1776914651896,7005,5.008,429,0,
smoke,10,/get-salt,3,673,1776914651901,7001,5.564,429,0,
smoke,10,/get-salt,3,674,1776914651906,7003,4.342,429,0,
smoke,10,/get-salt,3,675,1776914651910,7003,4.288,429,0,
smoke,10,/get-salt,3,676,1776914651914,7009,4.215,429,0,
smoke,10,/get-salt,3,677,1776914651918,7004,3.979,429,0,
smoke,10,/get-salt,3,678,1776914651922,7005,3.892,429,0,
smoke,10,/get-salt,3,679,1776914651925,7005,3.442,429,0,
smoke,10,/get-salt,3,680,1776914651929,7006,3.681,429,0,
smoke,10,/get-salt,3,681,1776914651933,7010,3.904,429,0,
smoke,10,/get-salt,3,682,1776914651941,7010,7.611,429,0,
smoke,10,/get-salt,3,683,1776914651944,7005,3.408,429,0,
smoke,10,/get-salt,3,684,1776914651948,7008,3.823,429,0,
smoke,10,/get-salt,3,685,1776914651952,7009,4.641,429,0,
smoke,10,/get-salt,3,686,1776914651957,7002,4.374,429,0,
smoke,10,/get-salt,3,687,1776914651961,7004,4.354,429,0,
smoke,10,/get-salt,3,688,1776914651965,7004,3.68,429,0,
smoke,10,/get-salt,3,689,1776914651969,7004,4.017,429,0,
smoke,10,/get-salt,3,690,1776914651973,7009,4.04,429,0,
smoke,10,/get-salt,3,691,1776914651977,7004,4.408,429,0,
smoke,10,/get-salt,3,692,1776914651982,7008,4.175,429,0,
smoke,10,/get-salt,3,693,1776914651985,7004,3.343,429,0,
smoke,10,/get-salt,3,694,1776914651989,7001,3.916,429,0,
smoke,10,/get-salt,3,695,1776914651996,7008,7.139,429,0,
smoke,10,/get-salt,3,696,1776914652005,7010,8.85,429,0,
smoke,10,/get-salt,3,697,1776914652009,7003,3.86,429,0,
smoke,10,/get-salt,3,698,1776914652013,7001,4.12,429,0,
smoke,10,/get-salt,3,699,1776914652017,7004,3.942,429,0,
smoke,10,/get-salt,3,700,1776914652021,7004,4.411,429,0,
smoke,10,/get-salt,3,701,1776914652025,7003,3.858,429,0,
smoke,10,/get-salt,3,702,1776914652030,7008,4.705,429,0,
smoke,10,/get-salt,3,703,1776914652035,7001,5.247,429,0,
smoke,10,/get-salt,3,704,1776914652039,7004,3.834,429,0,
smoke,10,/get-salt,3,705,1776914652043,7002,3.885,429,0,
smoke,10,/get-salt,3,706,1776914652046,7002,3.74,429,0,
smoke,10,/get-salt,3,707,1776914652050,7003,3.773,429,0,
smoke,10,/get-salt,3,708,1776914652054,7005,4.225,429,0,
smoke,10,/get-salt,3,709,1776914652059,7003,4.15,429,0,
smoke,10,/get-salt,3,710,1776914652063,7010,4.321,429,0,
smoke,10,/get-salt,3,711,1776914652070,7005,7.511,429,0,
smoke,10,/get-salt,3,712,1776914652074,7006,3.561,429,0,
smoke,10,/get-salt,3,713,1776914652078,7006,3.943,429,0,
smoke,10,/get-salt,3,714,1776914652081,7001,3.508,429,0,
smoke,10,/get-salt,3,715,1776914652085,7009,3.739,429,0,
smoke,10,/get-salt,3,716,1776914652089,7005,4.257,429,0,
smoke,10,/get-salt,3,717,1776914652093,7008,3.876,429,0,
smoke,10,/get-salt,3,718,1776914652098,7001,4.189,429,0,
smoke,10,/get-salt,3,719,1776914652101,7003,3.554,429,0,
smoke,10,/get-salt,3,720,1776914652106,7009,4.583,429,0,
smoke,10,/get-salt,3,721,1776914652110,7008,4.003,429,0,
smoke,10,/get-salt,3,722,1776914652114,7003,3.927,429,0,
smoke,10,/get-salt,3,723,1776914652117,7003,3.856,429,0,
smoke,10,/get-salt,3,724,1776914652121,7002,3.792,429,0,
smoke,10,/get-salt,3,725,1776914652125,7004,3.525,429,0,
smoke,10,/get-salt,3,726,1776914652132,7010,7.12,429,0,
smoke,10,/get-salt,3,727,1776914652136,7001,4.283,429,0,
smoke,10,/get-salt,3,728,1776914652140,7005,4.005,429,0,
smoke,10,/get-salt,3,729,1776914652145,7010,4.395,429,0,
smoke,10,/get-salt,3,730,1776914652149,7010,4.168,429,0,
smoke,10,/get-salt,3,731,1776914652153,7006,4.269,429,0,
smoke,10,/get-salt,3,732,1776914652157,7002,4.343,429,0,
smoke,10,/get-salt,3,733,1776914652161,7010,3.987,429,0,
smoke,10,/get-salt,3,734,1776914652165,7005,3.42,429,0,
smoke,10,/get-salt,3,735,1776914652169,7004,4.008,429,0,
smoke,10,/get-salt,3,736,1776914652173,7008,4.199,429,0,
smoke,10,/get-salt,3,737,1776914652177,7008,4.068,429,0,
smoke,10,/get-salt,3,738,1776914652181,7009,3.58,429,0,
smoke,10,/get-salt,3,739,1776914652185,7010,4.036,429,0,
smoke,10,/get-salt,3,740,1776914652188,7004,3.534,429,0,
smoke,10,/get-salt,3,741,1776914652197,7005,9.113,429,0,
smoke,10,/get-salt,3,742,1776914652202,7003,4.187,429,0,
smoke,10,/get-salt,3,743,1776914652205,7004,3.393,429,0,
smoke,10,/get-salt,3,744,1776914652209,7003,4.241,429,0,
smoke,10,/get-salt,3,745,1776914652213,7008,3.438,429,0,
smoke,10,/get-salt,3,746,1776914652216,7005,3.768,429,0,
smoke,10,/get-salt,3,747,1776914652220,7002,3.844,429,0,
smoke,10,/get-salt,3,748,1776914652224,7004,3.666,429,0,
smoke,10,/get-salt,3,749,1776914652228,7002,3.83,429,0,
smoke,10,/get-salt,3,750,1776914652232,7001,3.908,429,0,
smoke,10,/get-salt,3,751,1776914652235,7009,3.271,429,0,
smoke,10,/get-salt,3,752,1776914652237,7002,2.27,429,0,
smoke,10,/get-salt,3,753,1776914652241,7007,3.58,429,0,
smoke,10,/get-salt,3,754,1776914652246,7001,4.795,429,0,
smoke,10,/get-salt,3,755,1776914652250,7007,3.919,429,0,
smoke,10,/get-salt,3,756,1776914652257,7009,7.276,429,0,
smoke,10,/get-salt,3,757,1776914652260,7010,3.646,429,0,
smoke,10,/get-salt,3,758,1776914652265,7007,4.19,429,0,
smoke,10,/get-salt,3,759,1776914652270,7010,4.961,429,0,
smoke,10,/get-salt,3,760,1776914652276,7005,6.221,429,0,
smoke,10,/get-salt,3,761,1776914652281,7002,5.169,429,0,
smoke,10,/get-salt,3,762,1776914652285,7004,4.114,429,0,
smoke,10,/get-salt,3,763,1776914652290,7006,5.252,429,0,
smoke,10,/get-salt,3,764,1776914652295,7006,4.738,429,0,
smoke,10,/get-salt,3,765,1776914652299,7005,3.843,429,0,
smoke,10,/get-salt,3,766,1776914652303,7008,3.767,429,0,
smoke,10,/get-salt,3,767,1776914652306,7005,3.591,429,0,
smoke,10,/get-salt,3,768,1776914652310,7005,3.648,429,0,
smoke,10,/get-salt,3,769,1776914652314,7009,3.66,429,0,
smoke,10,/get-salt,3,770,1776914652322,7006,8.55,429,0,
smoke,10,/get-salt,3,771,1776914652326,7002,3.706,429,0,
smoke,10,/get-salt,3,772,1776914652330,7005,3.886,429,0,
smoke,10,/get-salt,3,773,1776914652334,7003,4.22,429,0,
smoke,10,/get-salt,3,774,1776914652337,7009,3.379,429,0,
smoke,10,/get-salt,3,775,1776914652343,7008,6.015,429,0,
smoke,10,/get-salt,3,776,1776914652354,7002,10.536,429,0,
smoke,10,/get-salt,3,777,1776914652359,7009,4.681,429,0,
smoke,10,/get-salt,3,778,1776914652362,7009,3.668,429,0,
smoke,10,/get-salt,3,779,1776914652368,7008,5.659,429,0,
smoke,10,/get-salt,3,780,1776914652374,7005,5.731,429,0,
smoke,10,/get-salt,3,781,1776914652377,7003,3.509,429,0,
smoke,10,/get-salt,3,782,1776914652381,7002,3.756,429,0,
smoke,10,/get-salt,3,783,1776914652385,7001,3.741,429,0,
smoke,10,/get-salt,3,784,1776914652389,7002,4.215,429,0,
smoke,10,/get-salt,3,785,1776914652393,7008,4.053,429,0,
smoke,10,/get-salt,3,786,1776914652396,7009,3.406,429,0,
smoke,10,/get-salt,3,787,1776914652400,7005,3.181,429,0,
smoke,10,/get-salt,3,788,1776914652404,7007,4.762,429,0,
smoke,10,/get-salt,3,789,1776914652408,7003,3.796,429,0,
smoke,10,/get-salt,3,790,1776914652412,7002,3.601,429,0,
smoke,10,/get-salt,3,791,1776914652416,7003,4.02,429,0,
smoke,10,/get-salt,3,792,1776914652420,7010,4.048,429,0,
smoke,10,/get-salt,3,793,1776914652424,7005,3.777,429,0,
smoke,10,/get-salt,3,794,1776914652428,7002,3.866,429,0,
smoke,10,/get-salt,3,795,1776914652431,7005,3.314,429,0,
smoke,10,/get-salt,3,796,1776914652434,7005,3.271,429,0,
smoke,10,/get-salt,3,797,1776914652442,7003,7.438,429,0,
smoke,10,/get-salt,3,798,1776914652446,7003,4.114,429,0,
smoke,10,/get-salt,3,799,1776914652450,7004,4.416,429,0,
smoke,10,/get-salt,3,800,1776914652454,7005,4.243,429,0,
smoke,10,/get-salt,3,801,1776914652459,7004,4.345,429,0,
smoke,10,/get-salt,3,802,1776914652463,7002,4.232,429,0,
smoke,10,/get-salt,3,803,1776914652466,7003,3.192,429,0,
smoke,10,/get-salt,3,804,1776914652471,7001,4.629,429,0,
smoke,10,/get-salt,3,805,1776914652476,7002,5.138,429,0,
smoke,10,/get-salt,3,806,1776914652481,7004,4.721,429,0,
smoke,10,/get-salt,3,807,1776914652484,7007,3.138,429,0,
smoke,10,/get-salt,3,808,1776914652488,7009,3.753,429,0,
smoke,10,/get-salt,3,809,1776914652491,7004,3.461,429,0,
smoke,10,/get-salt,3,810,1776914652499,7005,7.62,429,0,
smoke,10,/get-salt,3,811,1776914652503,7007,3.99,429,0,
smoke,10,/get-salt,3,812,1776914652507,7004,3.946,429,0,
smoke,10,/get-salt,3,813,1776914652510,7002,3.776,429,0,
smoke,10,/get-salt,3,814,1776914652514,7007,3.35,429,0,
smoke,10,/get-salt,3,815,1776914652517,7008,3.106,429,0,
smoke,10,/get-salt,3,816,1776914652521,7006,3.717,429,0,
smoke,10,/get-salt,3,817,1776914652524,7003,3.909,429,0,
smoke,10,/get-salt,3,818,1776914652530,7009,5.844,429,0,
smoke,10,/get-salt,3,819,1776914652534,7007,3.596,429,0,
smoke,10,/get-salt,3,820,1776914652538,7001,4.321,429,0,
smoke,10,/get-salt,3,821,1776914652543,7007,4.602,429,0,
smoke,10,/get-salt,3,822,1776914652547,7007,3.919,429,0,
smoke,10,/get-salt,3,823,1776914652551,7002,3.949,429,0,
smoke,10,/get-salt,3,824,1776914652554,7007,3.611,429,0,
smoke,10,/get-salt,3,825,1776914652563,7007,8.951,429,0,
smoke,10,/get-salt,3,826,1776914652568,7009,4.721,429,0,
smoke,10,/get-salt,3,827,1776914652572,7004,3.971,429,0,
smoke,10,/get-salt,3,828,1776914652577,7010,4.711,429,0,
smoke,10,/get-salt,3,829,1776914652581,7008,3.906,429,0,
smoke,10,/get-salt,3,830,1776914652586,7001,5.465,429,0,
smoke,10,/get-salt,3,831,1776914652591,7003,4.545,429,0,
smoke,10,/get-salt,3,832,1776914652595,7006,4.421,429,0,
smoke,10,/get-salt,3,833,1776914652600,7007,4.75,429,0,
smoke,10,/get-salt,3,834,1776914652605,7004,5.009,429,0,
smoke,10,/get-salt,3,835,1776914652610,7005,5.217,429,0,
smoke,10,/get-salt,3,836,1776914652613,7005,3.276,429,0,
smoke,10,/get-salt,3,837,1776914652617,7003,4.088,429,0,
smoke,10,/get-salt,3,838,1776914652621,7007,3.711,429,0,
smoke,10,/get-salt,3,839,1776914652628,7009,7.181,429,0,
smoke,10,/get-salt,3,840,1776914652632,7008,3.841,429,0,
smoke,10,/get-salt,3,841,1776914652637,7002,4.554,429,0,
smoke,10,/get-salt,3,842,1776914652641,7008,4.115,429,0,
smoke,10,/get-salt,3,843,1776914652645,7002,3.739,429,0,
smoke,10,/get-salt,3,844,1776914652648,7004,3.569,429,0,
smoke,10,/get-salt,3,845,1776914652652,7004,4.338,429,0,
smoke,10,/get-salt,3,846,1776914652656,7008,4.002,429,0,
smoke,10,/get-salt,3,847,1776914652660,7001,3.611,429,0,
smoke,10,/get-salt,3,848,1776914652663,7010,3.379,429,0,
smoke,10,/get-salt,3,849,1776914652667,7001,3.501,429,0,
smoke,10,/get-salt,3,850,1776914652671,7004,4.064,429,0,
smoke,10,/get-salt,3,851,1776914652675,7008,4.133,429,0,
smoke,10,/get-salt,3,852,1776914652689,7007,13.964,429,0,
smoke,10,/get-salt,3,853,1776914652693,7001,3.771,429,0,
smoke,10,/get-salt,3,854,1776914652697,7008,3.723,429,0,
smoke,10,/get-salt,3,855,1776914652701,7007,4.49,429,0,
smoke,10,/get-salt,3,856,1776914652705,7006,3.944,429,0,
smoke,10,/get-salt,3,857,1776914652709,7001,3.5,429,0,
smoke,10,/get-salt,3,858,1776914652712,7007,3.704,429,0,
smoke,10,/get-salt,3,859,1776914652716,7003,3.67,429,0,
smoke,10,/get-salt,3,860,1776914652721,7004,5.163,429,0,
smoke,10,/get-salt,3,861,1776914652726,7004,4.408,429,0,
smoke,10,/get-salt,3,862,1776914652730,7010,4.108,429,0,
smoke,10,/get-salt,3,863,1776914652733,7010,3.49,429,0,
smoke,10,/get-salt,3,864,1776914652737,7009,4.218,429,0,
smoke,10,/get-salt,3,865,1776914652742,7005,4.34,429,0,
smoke,10,/get-salt,3,866,1776914652745,7007,3.772,429,0,
smoke,10,/get-salt,3,867,1776914652752,7003,6.811,429,0,
smoke,10,/get-salt,3,868,1776914652756,7005,3.478,429,0,
smoke,10,/get-salt,3,869,1776914652760,7008,3.882,429,0,
smoke,10,/get-salt,3,870,1776914652764,7009,3.867,429,0,
smoke,10,/get-salt,3,871,1776914652767,7004,3.904,429,0,
smoke,10,/get-salt,3,872,1776914652771,7003,3.864,429,0,
smoke,10,/get-salt,3,873,1776914652775,7007,3.916,429,0,
smoke,10,/get-salt,3,874,1776914652779,7009,4.215,429,0,
smoke,10,/get-salt,3,875,1776914652783,7005,4.012,429,0,
smoke,10,/get-salt,3,876,1776914652786,7006,2.78,429,0,
smoke,10,/get-salt,3,877,1776914652790,7008,3.385,429,0,
smoke,10,/get-salt,3,878,1776914652794,7007,4.009,429,0,
smoke,10,/get-salt,3,879,1776914652797,7005,3.52,429,0,
smoke,10,/get-salt,3,880,1776914652801,7006,3.913,429,0,
smoke,10,/get-salt,3,881,1776914652805,7001,3.895,429,0,
smoke,10,/get-salt,3,882,1776914652813,7004,7.691,429,0,
smoke,10,/get-salt,3,883,1776914652816,7001,3.316,429,0,
smoke,10,/get-salt,3,884,1776914652820,7009,3.811,429,0,
smoke,10,/get-salt,3,885,1776914652824,7008,3.842,429,0,
smoke,10,/get-salt,3,886,1776914652827,7005,3.611,429,0,
smoke,10,/get-salt,3,887,1776914652831,7009,3.677,429,0,
smoke,10,/get-salt,3,888,1776914652835,7008,4.263,429,0,
smoke,10,/get-salt,3,889,1776914652839,7002,4.095,429,0,
smoke,10,/get-salt,3,890,1776914652843,7004,3.907,429,0,
smoke,10,/get-salt,3,891,1776914652847,7006,3.369,429,0,
smoke,10,/get-salt,3,892,1776914652850,7005,3.776,429,0,
smoke,10,/get-salt,3,893,1776914652854,7007,3.838,429,0,
smoke,10,/get-salt,3,894,1776914652858,7006,3.863,429,0,
smoke,10,/get-salt,3,895,1776914652862,7008,3.617,429,0,
smoke,10,/get-salt,3,896,1776914652866,7002,3.953,429,0,
smoke,10,/get-salt,3,897,1776914652875,7008,9.681,429,0,
smoke,10,/get-salt,3,898,1776914652879,7003,3.794,429,0,
smoke,10,/get-salt,3,899,1776914652883,7002,3.894,429,0,
smoke,10,/get-salt,3,900,1776914652887,7010,4.381,429,0,
smoke,10,/get-salt,3,901,1776914652891,7007,3.945,429,0,
smoke,10,/get-salt,3,902,1776914652895,7007,4.029,429,0,
smoke,10,/get-salt,3,903,1776914652900,7007,4.161,429,0,
smoke,10,/get-salt,3,904,1776914652903,7010,3.865,429,0,
smoke,10,/get-salt,3,905,1776914652908,7005,4.163,429,0,
smoke,10,/get-salt,3,906,1776914652912,7001,4.614,429,0,
smoke,10,/get-salt,3,907,1776914652916,7004,4.063,429,0,
smoke,10,/get-salt,3,908,1776914652920,7009,4.116,429,0,
smoke,10,/get-salt,3,909,1776914652925,7009,4.142,429,0,
smoke,10,/get-salt,3,910,1776914652929,7010,4.043,429,0,
smoke,10,/get-salt,3,911,1776914652938,7005,9.105,429,0,
smoke,10,/get-salt,3,912,1776914652944,7006,5.956,429,0,
smoke,10,/get-salt,3,913,1776914652948,7007,4.01,429,0,
smoke,10,/get-salt,3,914,1776914652952,7006,4.666,429,0,
smoke,10,/get-salt,3,915,1776914652956,7010,3.831,429,0,
smoke,10,/get-salt,3,916,1776914652960,7005,3.972,429,0,
smoke,10,/get-salt,3,917,1776914652964,7004,4.178,429,0,
smoke,10,/get-salt,3,918,1776914652968,7010,3.689,429,0,
smoke,10,/get-salt,3,919,1776914652973,7005,4.489,429,0,
smoke,10,/get-salt,3,920,1776914652977,7005,4.459,429,0,
smoke,10,/get-salt,3,921,1776914652981,7001,3.65,429,0,
smoke,10,/get-salt,3,922,1776914652985,7009,4.325,429,0,
smoke,10,/get-salt,3,923,1776914652989,7001,3.574,429,0,
smoke,10,/get-salt,3,924,1776914652993,7010,4.024,429,0,
smoke,10,/get-salt,3,925,1776914652997,7003,3.935,429,0,
smoke,10,/get-salt,3,926,1776914653004,7008,7.52,429,0,
smoke,10,/get-salt,3,927,1776914653013,7008,8.675,429,0,
smoke,10,/get-salt,3,928,1776914653018,7006,5.734,429,0,
smoke,10,/get-salt,3,929,1776914653027,7005,8.774,429,0,
smoke,10,/get-salt,3,930,1776914653031,7008,3.763,429,0,
smoke,10,/get-salt,3,931,1776914653035,7008,4.319,429,0,
smoke,10,/get-salt,3,932,1776914653039,7006,4.027,429,0,
smoke,10,/get-salt,3,933,1776914653043,7004,3.649,429,0,
smoke,10,/get-salt,3,934,1776914653048,7003,4.738,429,0,
smoke,10,/get-salt,3,935,1776914653054,7002,6.082,429,0,
smoke,10,/get-salt,3,936,1776914653058,7002,4.534,429,0,
smoke,10,/get-salt,3,937,1776914653064,7004,5.149,429,0,
smoke,10,/get-salt,3,938,1776914653070,7003,6.31,429,0,
smoke,10,/get-salt,3,939,1776914653073,7008,3.399,429,0,
smoke,10,/get-salt,3,940,1776914653074,7002,1.091,429,0,
smoke,10,/get-salt,3,941,1776914653080,7004,5.797,429,0,
smoke,10,/get-salt,3,942,1776914653085,7010,4.578,429,0,
smoke,10,/get-salt,3,943,1776914653087,7007,2.209,429,0,
smoke,10,/get-salt,3,944,1776914653090,7006,2.637,429,0,
smoke,10,/get-salt,3,945,1776914653094,7007,4.884,429,0,
smoke,10,/get-salt,3,946,1776914653098,7006,3.523,429,0,
smoke,10,/get-salt,3,947,1776914653103,7002,4.49,429,0,
smoke,10,/get-salt,3,948,1776914653107,7001,4.793,429,0,
smoke,10,/get-salt,3,949,1776914653111,7005,3.56,429,0,
smoke,10,/get-salt,3,950,1776914653118,7010,6.798,429,0,
smoke,10,/get-salt,3,951,1776914653122,7005,3.976,429,0,
smoke,10,/get-salt,3,952,1776914653126,7005,3.851,429,0,
smoke,10,/get-salt,3,953,1776914653129,7004,3.892,429,0,
smoke,10,/get-salt,3,954,1776914653133,7005,3.923,429,0,
smoke,10,/get-salt,3,955,1776914653138,7006,4.64,429,0,
smoke,10,/get-salt,3,956,1776914653142,7002,4.317,429,0,
smoke,10,/get-salt,3,957,1776914653147,7010,4.391,429,0,
smoke,10,/get-salt,3,958,1776914653151,7006,4.771,429,0,
smoke,10,/get-salt,3,959,1776914653156,7004,4.172,429,0,
smoke,10,/get-salt,3,960,1776914653161,7009,5.153,429,0,
smoke,10,/get-salt,3,961,1776914653165,7006,4.005,429,0,
smoke,10,/get-salt,3,962,1776914653168,7006,3.422,429,0,
smoke,10,/get-salt,3,963,1776914653178,7006,9.339,429,0,
smoke,10,/get-salt,3,964,1776914653182,7006,4.902,429,0,
smoke,10,/get-salt,3,965,1776914653186,7003,3.992,429,0,
smoke,10,/get-salt,3,966,1776914653190,7006,3.49,429,0,
smoke,10,/get-salt,3,967,1776914653193,7008,3.049,429,0,
smoke,10,/get-salt,3,968,1776914653198,7010,4.595,429,0,
smoke,10,/get-salt,3,969,1776914653203,7006,4.88,429,0,
smoke,10,/get-salt,3,970,1776914653207,7010,4.411,429,0,
smoke,10,/get-salt,3,971,1776914653211,7008,3.844,429,0,
smoke,10,/get-salt,3,972,1776914653215,7005,3.912,429,0,
smoke,10,/get-salt,3,973,1776914653218,7005,3.333,429,0,
smoke,10,/get-salt,3,974,1776914653222,7010,3.98,429,0,
smoke,10,/get-salt,3,975,1776914653226,7004,3.782,429,0,
smoke,10,/get-salt,3,976,1776914653229,7006,3.253,429,0,
smoke,10,/get-salt,3,977,1776914653234,7010,4.509,429,0,
smoke,10,/get-salt,3,978,1776914653237,7005,3.251,429,0,
smoke,10,/get-salt,3,979,1776914653241,7010,4,429,0,
smoke,10,/get-salt,3,980,1776914653249,7005,7.764,429,0,
smoke,10,/get-salt,3,981,1776914653252,7010,3.746,429,0,
smoke,10,/get-salt,3,982,1776914653256,7003,3.468,429,0,
smoke,10,/get-salt,3,983,1776914653260,7005,3.718,429,0,
smoke,10,/get-salt,3,984,1776914653263,7001,3.561,429,0,
smoke,10,/get-salt,3,985,1776914653267,7001,3.583,429,0,
smoke,10,/get-salt,3,986,1776914653271,7003,4.354,429,0,
smoke,10,/get-salt,3,987,1776914653276,7005,4.622,429,0,
smoke,10,/get-salt,3,988,1776914653279,7003,3.491,429,0,
smoke,10,/get-salt,3,989,1776914653283,7004,3.735,429,0,
smoke,10,/get-salt,3,990,1776914653287,7002,4.167,429,0,
smoke,10,/get-salt,3,991,1776914653291,7009,3.921,429,0,
smoke,10,/get-salt,3,992,1776914653295,7004,3.919,429,0,
smoke,10,/get-salt,3,993,1776914653299,7009,3.994,429,0,
smoke,10,/get-salt,3,994,1776914653303,7005,4.079,429,0,
smoke,10,/get-salt,3,995,1776914653310,7002,7.373,429,0,
smoke,10,/get-salt,3,996,1776914653314,7003,3.578,429,0,
smoke,10,/get-salt,3,997,1776914653318,7006,3.652,429,0,
smoke,10,/get-salt,3,998,1776914653322,7001,4.214,429,0,
smoke,10,/get-salt,3,999,1776914653325,7009,2.925,429,0,
smoke,10,/get-salt,3,1000,1776914653329,7003,3.837,429,0,
smoke,10,/get-salt,3,1001,1776914653332,7001,3.665,429,0,
smoke,10,/get-salt,3,1002,1776914653336,7004,3.662,429,0,
smoke,10,/get-salt,3,1003,1776914653339,7004,3.511,429,0,
smoke,10,/get-salt,3,1004,1776914653344,7006,4.062,429,0,
smoke,10,/get-salt,3,1005,1776914653347,7009,3.521,429,0,
smoke,10,/get-salt,3,1006,1776914653350,7006,3.383,429,0,
smoke,10,/get-salt,3,1007,1776914653354,7005,3.358,429,0,
smoke,10,/get-salt,3,1008,1776914653358,7006,3.884,429,0,
smoke,10,/get-salt,3,1009,1776914653362,7010,3.934,429,0,
smoke,10,/get-salt,3,1010,1776914653369,7009,7.561,429,0,
smoke,10,/get-salt,3,1011,1776914653373,7009,3.528,429,0,
smoke,10,/get-salt,3,1012,1776914653376,7007,3.418,429,0,
smoke,10,/get-salt,3,1013,1776914653380,7003,3.895,429,0,
smoke,10,/get-salt,3,1014,1776914653384,7009,4.354,429,0,
smoke,10,/get-salt,3,1015,1776914653390,7002,5.169,429,0,
smoke,10,/get-salt,3,1016,1776914653393,7002,3.12,429,0,
smoke,10,/get-salt,3,1017,1776914653396,7007,3.744,429,0,
smoke,10,/get-salt,3,1018,1776914653400,7009,3.675,429,0,
smoke,10,/get-salt,3,1019,1776914653404,7001,4.187,429,0,
smoke,10,/get-salt,3,1020,1776914653408,7002,3.764,429,0,
smoke,10,/get-salt,3,1021,1776914653412,7009,3.741,429,0,
smoke,10,/get-salt,3,1022,1776914653416,7006,4.287,429,0,
smoke,10,/get-salt,3,1023,1776914653419,7002,3.156,429,0,
smoke,10,/get-salt,3,1024,1776914653422,7010,2.909,429,0,
smoke,10,/get-salt,3,1025,1776914653429,7006,7.052,429,0,
smoke,10,/get-salt,3,1026,1776914653433,7009,3.557,429,0,
smoke,10,/get-salt,3,1027,1776914653435,7005,2.396,429,0,
smoke,10,/get-salt,3,1028,1776914653439,7009,4.087,429,0,
smoke,10,/get-salt,3,1029,1776914653442,7009,2.955,429,0,
smoke,10,/get-salt,3,1030,1776914653446,7006,3.633,429,0,
smoke,10,/get-salt,3,1031,1776914653450,7008,3.957,429,0,
smoke,10,/get-salt,3,1032,1776914653455,7009,5.07,429,0,
smoke,10,/get-salt,3,1033,1776914653459,7007,4.129,429,0,
smoke,10,/get-salt,3,1034,1776914653463,7010,3.227,429,0,
smoke,10,/get-salt,3,1035,1776914653477,7001,14.54,429,0,
smoke,10,/get-salt,3,1036,1776914653480,7005,2.9,429,0,
smoke,10,/get-salt,3,1037,1776914653484,7008,3.963,429,0,
smoke,10,/get-salt,3,1038,1776914653492,7002,8.365,429,0,
smoke,10,/get-salt,3,1039,1776914653496,7007,3.573,429,0,
smoke,10,/get-salt,3,1040,1776914653500,7004,3.577,429,0,
smoke,10,/get-salt,3,1041,1776914653503,7006,3.639,429,0,
smoke,10,/get-salt,3,1042,1776914653507,7003,3.353,429,0,
smoke,10,/get-salt,3,1043,1776914653512,7006,5.598,429,0,
smoke,10,/get-salt,3,1044,1776914653516,7008,3.458,429,0,
smoke,10,/get-salt,3,1045,1776914653519,7008,3.766,429,0,
smoke,10,/get-salt,3,1046,1776914653523,7005,4.082,429,0,
smoke,10,/get-salt,3,1047,1776914653528,7010,4.072,429,0,
smoke,10,/get-salt,3,1048,1776914653532,7001,3.993,429,0,
smoke,10,/get-salt,3,1049,1776914653535,7006,3.774,429,0,
smoke,10,/get-salt,3,1050,1776914653539,7001,4.054,429,0,
smoke,10,/get-salt,3,1051,1776914653543,7008,3.63,429,0,
smoke,10,/get-salt,3,1052,1776914653551,7001,7.94,429,0,
smoke,10,/get-salt,3,1053,1776914653560,7005,9.505,429,0,
smoke,10,/get-salt,3,1054,1776914653565,7002,4.775,429,0,
smoke,10,/get-salt,3,1055,1776914653569,7006,3.893,429,0,
smoke,10,/get-salt,3,1056,1776914653573,7004,3.985,429,0,
smoke,10,/get-salt,3,1057,1776914653577,7006,3.463,429,0,
smoke,10,/get-salt,3,1058,1776914653581,7008,4.302,429,0,
smoke,10,/get-salt,3,1059,1776914653588,7006,6.828,429,0,
smoke,10,/get-salt,3,1060,1776914653595,7005,7.608,429,0,
smoke,10,/get-salt,3,1061,1776914653600,7004,4.407,429,0,
smoke,10,/get-salt,3,1062,1776914653605,7006,5.248,429,0,
smoke,10,/get-salt,3,1063,1776914653609,7004,3.979,429,0,
smoke,10,/get-salt,3,1064,1776914653613,7001,4.144,429,0,
smoke,10,/get-salt,3,1065,1776914653618,7009,4.653,429,0,
smoke,10,/get-salt,3,1066,1776914653622,7008,4.24,429,0,
smoke,10,/get-salt,3,1067,1776914653632,7008,9.535,429,0,
smoke,10,/get-salt,3,1068,1776914653636,7006,4.661,429,0,
smoke,10,/get-salt,3,1069,1776914653640,7008,4.026,429,0,
smoke,10,/get-salt,3,1070,1776914653645,7002,4.385,429,0,
smoke,10,/get-salt,3,1071,1776914653648,7009,3.287,429,0,
smoke,10,/get-salt,3,1072,1776914653653,7009,4.925,429,0,
smoke,10,/get-salt,3,1073,1776914653657,7008,4.369,429,0,
smoke,10,/get-salt,3,1074,1776914653661,7010,3.997,429,0,
smoke,10,/get-salt,3,1075,1776914653665,7008,3.45,429,0,
smoke,10,/get-salt,3,1076,1776914653670,7002,5.019,429,0,
smoke,10,/get-salt,3,1077,1776914653675,7009,5.146,429,0,
smoke,10,/get-salt,3,1078,1776914653679,7002,4.301,429,0,
smoke,10,/get-salt,3,1079,1776914653684,7007,5.121,429,0,
smoke,10,/get-salt,3,1080,1776914653687,7003,2.654,429,0,
smoke,10,/get-salt,3,1081,1776914653689,7002,2.289,429,0,
smoke,10,/get-salt,3,1082,1776914653692,7001,3.147,429,0,
smoke,10,/get-salt,3,1083,1776914653701,7007,8.315,429,0,
smoke,10,/get-salt,3,1084,1776914653705,7006,3.816,429,0,
smoke,10,/get-salt,3,1085,1776914653708,7009,3.691,429,0,
smoke,10,/get-salt,3,1086,1776914653716,7005,7.778,429,0,
smoke,10,/get-salt,3,1087,1776914653721,7008,5.227,429,0,
smoke,10,/get-salt,3,1088,1776914653732,7003,10.963,429,0,
smoke,10,/get-salt,3,1089,1776914653737,7006,4.38,429,0,
smoke,10,/get-salt,3,1090,1776914653741,7010,4.006,429,0,
smoke,10,/get-salt,3,1091,1776914653747,7005,6.398,429,0,
smoke,10,/get-salt,3,1092,1776914653751,7010,4.062,429,0,
smoke,10,/get-salt,3,1093,1776914653755,7004,4.024,429,0,
smoke,10,/get-salt,3,1094,1776914653759,7007,4.007,429,0,
smoke,10,/get-salt,3,1095,1776914653763,7001,4.246,429,0,
smoke,10,/get-salt,3,1096,1776914653767,7002,3.484,429,0,
smoke,10,/get-salt,3,1097,1776914653771,7006,4.034,429,0,
smoke,10,/get-salt,3,1098,1776914653775,7008,3.703,429,0,
smoke,10,/get-salt,3,1099,1776914653779,7008,4.077,429,0,
smoke,10,/get-salt,3,1100,1776914653782,7002,3.732,429,0,
smoke,10,/get-salt,3,1101,1776914653787,7008,4.064,429,0,
smoke,10,/get-salt,3,1102,1776914653790,7007,3.825,429,0,
smoke,10,/get-salt,3,1103,1776914653794,7002,3.679,429,0,
smoke,10,/get-salt,3,1104,1776914653798,7006,3.659,429,0,
smoke,10,/get-salt,3,1105,1776914653802,7010,3.891,429,0,
smoke,10,/get-salt,3,1106,1776914653806,7002,4.03,429,0,
smoke,10,/get-salt,3,1107,1776914653813,7009,7.331,429,0,
smoke,10,/get-salt,3,1108,1776914653817,7004,3.79,429,0,
smoke,10,/get-salt,3,1109,1776914653821,7002,3.88,429,0,
smoke,10,/get-salt,3,1110,1776914653825,7009,4.128,429,0,
smoke,10,/get-salt,3,1111,1776914653828,7006,3.695,429,0,
smoke,10,/get-salt,3,1112,1776914653832,7003,3.96,429,0,
smoke,10,/get-salt,3,1113,1776914653836,7003,3.691,429,0,
smoke,10,/get-salt,3,1114,1776914653840,7010,4.17,429,0,
smoke,10,/get-salt,3,1115,1776914653846,7010,5.528,429,0,
smoke,10,/get-salt,3,1116,1776914653850,7010,4.677,429,0,
smoke,10,/get-salt,3,1117,1776914653854,7005,3.458,429,0,
smoke,10,/get-salt,3,1118,1776914653858,7010,4.053,429,0,
smoke,10,/get-salt,3,1119,1776914653862,7005,4.039,429,0,
smoke,10,/get-salt,3,1120,1776914653866,7004,3.75,429,0,
smoke,10,/get-salt,3,1121,1776914653873,7007,7.267,429,0,
smoke,10,/get-salt,4,0,1776914648879,7003,7.376,429,0,
smoke,10,/get-salt,4,1,1776914648886,7004,7.233,429,0,
smoke,10,/get-salt,4,2,1776914648891,7007,4.489,429,0,
smoke,10,/get-salt,4,3,1776914648900,7004,9.52,429,0,
smoke,10,/get-salt,4,4,1776914648911,7006,10.981,429,0,
smoke,10,/get-salt,4,5,1776914648918,7003,6.753,429,0,
smoke,10,/get-salt,4,6,1776914648922,7006,4.062,429,0,
smoke,10,/get-salt,4,7,1776914648934,7004,12.066,429,0,
smoke,10,/get-salt,4,8,1776914648938,7006,3.771,429,0,
smoke,10,/get-salt,4,9,1776914648942,7005,4.643,429,0,
smoke,10,/get-salt,4,10,1776914648947,7006,4.744,429,0,
smoke,10,/get-salt,4,11,1776914648951,7002,4.279,429,0,
smoke,10,/get-salt,4,12,1776914648956,7003,4.186,429,0,
smoke,10,/get-salt,4,13,1776914648960,7008,4.118,429,0,
smoke,10,/get-salt,4,14,1776914648964,7007,4.341,429,0,
smoke,10,/get-salt,4,15,1776914648968,7003,3.943,429,0,
smoke,10,/get-salt,4,16,1776914648972,7004,4.117,429,0,
smoke,10,/get-salt,4,17,1776914648977,7006,4.402,429,0,
smoke,10,/get-salt,4,18,1776914648981,7002,4.713,429,0,
smoke,10,/get-salt,4,19,1776914648986,7005,4.507,429,0,
smoke,10,/get-salt,4,20,1776914648990,7008,4.664,429,0,
smoke,10,/get-salt,4,21,1776914648995,7002,4.096,429,0,
smoke,10,/get-salt,4,22,1776914649002,7006,7.672,429,0,
smoke,10,/get-salt,4,23,1776914649006,7008,3.508,429,0,
smoke,10,/get-salt,4,24,1776914649010,7002,4.427,429,0,
smoke,10,/get-salt,4,25,1776914649014,7007,4.065,429,0,
smoke,10,/get-salt,4,26,1776914649019,7005,4.58,429,0,
smoke,10,/get-salt,4,27,1776914649024,7009,4.675,429,0,
smoke,10,/get-salt,4,28,1776914649028,7006,4.425,429,0,
smoke,10,/get-salt,4,29,1776914649032,7007,4.178,429,0,
smoke,10,/get-salt,4,30,1776914649037,7010,4.852,429,0,
smoke,10,/get-salt,4,31,1776914649041,7008,4.115,429,0,
smoke,10,/get-salt,4,32,1776914649046,7006,4.678,429,0,
smoke,10,/get-salt,4,33,1776914649050,7008,4.515,429,0,
smoke,10,/get-salt,4,34,1776914649055,7004,5.079,429,0,
smoke,10,/get-salt,4,35,1776914649060,7009,4.382,429,0,
smoke,10,/get-salt,4,36,1776914649065,7008,4.727,429,0,
smoke,10,/get-salt,4,37,1776914649073,7008,8.241,429,0,
smoke,10,/get-salt,4,38,1776914649077,7004,4.02,429,0,
smoke,10,/get-salt,4,39,1776914649081,7009,4.118,429,0,
smoke,10,/get-salt,4,40,1776914649085,7005,4.171,429,0,
smoke,10,/get-salt,4,41,1776914649091,7007,5.497,429,0,
smoke,10,/get-salt,4,42,1776914649095,7005,4.181,429,0,
smoke,10,/get-salt,4,43,1776914649099,7004,4.216,429,0,
smoke,10,/get-salt,4,44,1776914649103,7002,4.066,429,0,
smoke,10,/get-salt,4,45,1776914649107,7002,3.625,429,0,
smoke,10,/get-salt,4,46,1776914649111,7006,4.327,429,0,
smoke,10,/get-salt,4,47,1776914649114,7002,3.309,429,0,
smoke,10,/get-salt,4,48,1776914649119,7007,4.327,429,0,
smoke,10,/get-salt,4,49,1776914649123,7010,4.519,429,0,
smoke,10,/get-salt,4,50,1776914649134,7003,11.053,429,0,
smoke,10,/get-salt,4,51,1776914649138,7006,3.841,429,0,
smoke,10,/get-salt,4,52,1776914649146,7001,7.616,429,0,
smoke,10,/get-salt,4,53,1776914649150,7008,4.111,429,0,
smoke,10,/get-salt,4,54,1776914649153,7008,3.051,429,0,
smoke,10,/get-salt,4,55,1776914649157,7004,3.713,429,0,
smoke,10,/get-salt,4,56,1776914649162,7004,5.455,429,0,
smoke,10,/get-salt,4,57,1776914649166,7002,3.991,429,0,
smoke,10,/get-salt,4,58,1776914649170,7004,4.09,429,0,
smoke,10,/get-salt,4,59,1776914649175,7005,4.728,429,0,
smoke,10,/get-salt,4,60,1776914649180,7001,4.564,429,0,
smoke,10,/get-salt,4,61,1776914649184,7003,4.25,429,0,
smoke,10,/get-salt,4,62,1776914649188,7009,4.233,429,0,
smoke,10,/get-salt,4,63,1776914649194,7004,5.954,429,0,
smoke,10,/get-salt,4,64,1776914649198,7005,4.045,429,0,
smoke,10,/get-salt,4,65,1776914649203,7001,4.503,429,0,
smoke,10,/get-salt,4,66,1776914649207,7003,4.125,429,0,
smoke,10,/get-salt,4,67,1776914649212,7008,5.03,429,0,
smoke,10,/get-salt,4,68,1776914649221,7002,9.757,429,0,
smoke,10,/get-salt,4,69,1776914649226,7010,4.199,429,0,
smoke,10,/get-salt,4,70,1776914649231,7004,5.437,429,0,
smoke,10,/get-salt,4,71,1776914649236,7005,4.474,429,0,
smoke,10,/get-salt,4,72,1776914649240,7006,4.435,429,0,
smoke,10,/get-salt,4,73,1776914649244,7004,4.321,429,0,
smoke,10,/get-salt,4,74,1776914649249,7006,4.619,429,0,
smoke,10,/get-salt,4,75,1776914649253,7004,4.21,429,0,
smoke,10,/get-salt,4,76,1776914649259,7007,5.936,429,0,
smoke,10,/get-salt,4,77,1776914649263,7004,3.702,429,0,
smoke,10,/get-salt,4,78,1776914649268,7007,5.554,429,0,
smoke,10,/get-salt,4,79,1776914649273,7005,4.511,429,0,
smoke,10,/get-salt,4,80,1776914649277,7005,4.576,429,0,
smoke,10,/get-salt,4,81,1776914649281,7009,3.982,429,0,
smoke,10,/get-salt,4,82,1776914649286,7004,4.519,429,0,
smoke,10,/get-salt,4,83,1776914649294,7004,8.432,429,0,
smoke,10,/get-salt,4,84,1776914649304,7009,9.559,429,0,
smoke,10,/get-salt,4,85,1776914649312,7001,8.345,429,0,
smoke,10,/get-salt,4,86,1776914649317,7007,4.267,429,0,
smoke,10,/get-salt,4,87,1776914649321,7009,4.122,429,0,
smoke,10,/get-salt,4,88,1776914649324,7001,3.393,429,0,
smoke,10,/get-salt,4,89,1776914649328,7004,3.587,429,0,
smoke,10,/get-salt,4,90,1776914649332,7009,4.416,429,0,
smoke,10,/get-salt,4,91,1776914649337,7010,4.794,429,0,
smoke,10,/get-salt,4,92,1776914649341,7008,3.675,429,0,
smoke,10,/get-salt,4,93,1776914649345,7001,3.908,429,0,
smoke,10,/get-salt,4,94,1776914649349,7004,4.232,429,0,
smoke,10,/get-salt,4,95,1776914649353,7001,4.06,429,0,
smoke,10,/get-salt,4,96,1776914649357,7003,3.969,429,0,
smoke,10,/get-salt,4,97,1776914649361,7005,4.213,429,0,
smoke,10,/get-salt,4,98,1776914649365,7009,3.709,429,0,
smoke,10,/get-salt,4,99,1776914649369,7004,3.865,429,0,
smoke,10,/get-salt,4,100,1776914649373,7001,4.785,429,0,
smoke,10,/get-salt,4,101,1776914649377,7007,3.768,429,0,
smoke,10,/get-salt,4,102,1776914649381,7009,3.983,429,0,
smoke,10,/get-salt,4,103,1776914649385,7007,4.036,429,0,
smoke,10,/get-salt,4,104,1776914649389,7009,3.904,429,0,
smoke,10,/get-salt,4,105,1776914649396,7006,7.082,429,0,
smoke,10,/get-salt,4,106,1776914649400,7004,4.176,429,0,
smoke,10,/get-salt,4,107,1776914649405,7008,4.305,429,0,
smoke,10,/get-salt,4,108,1776914649409,7007,3.929,429,0,
smoke,10,/get-salt,4,109,1776914649413,7006,4.081,429,0,
smoke,10,/get-salt,4,110,1776914649417,7007,4.123,429,0,
smoke,10,/get-salt,4,111,1776914649421,7003,4.197,429,0,
smoke,10,/get-salt,4,112,1776914649425,7009,4.029,429,0,
smoke,10,/get-salt,4,113,1776914649429,7010,4.004,429,0,
smoke,10,/get-salt,4,114,1776914649433,7008,4.08,429,0,
smoke,10,/get-salt,4,115,1776914649437,7009,4.322,429,0,
smoke,10,/get-salt,4,116,1776914649442,7009,4.459,429,0,
smoke,10,/get-salt,4,117,1776914649446,7003,4.202,429,0,
smoke,10,/get-salt,4,118,1776914649450,7010,3.895,429,0,
smoke,10,/get-salt,4,119,1776914649458,7006,7.695,429,0,
smoke,10,/get-salt,4,120,1776914649462,7003,4.779,429,0,
smoke,10,/get-salt,4,121,1776914649467,7006,4.189,429,0,
smoke,10,/get-salt,4,122,1776914649471,7005,4.562,429,0,
smoke,10,/get-salt,4,123,1776914649475,7004,4.199,429,0,
smoke,10,/get-salt,4,124,1776914649479,7005,3.929,429,0,
smoke,10,/get-salt,4,125,1776914649484,7007,4.212,429,0,
smoke,10,/get-salt,4,126,1776914649488,7009,4.167,429,0,
smoke,10,/get-salt,4,127,1776914649492,7010,4.24,429,0,
smoke,10,/get-salt,4,128,1776914649496,7001,3.981,429,0,
smoke,10,/get-salt,4,129,1776914649499,7002,3.472,429,0,
smoke,10,/get-salt,4,130,1776914649504,7003,4.057,429,0,
smoke,10,/get-salt,4,131,1776914649508,7010,4.119,429,0,
smoke,10,/get-salt,4,132,1776914649511,7004,3.636,429,0,
smoke,10,/get-salt,4,133,1776914649516,7005,4.394,429,0,
smoke,10,/get-salt,4,134,1776914649520,7008,4.369,429,0,
smoke,10,/get-salt,4,135,1776914649529,7002,8.478,429,0,
smoke,10,/get-salt,4,136,1776914649533,7010,4.056,429,0,
smoke,10,/get-salt,4,137,1776914649536,7010,3.437,429,0,
smoke,10,/get-salt,4,138,1776914649540,7009,3.907,429,0,
smoke,10,/get-salt,4,139,1776914649547,7005,6.803,429,0,
smoke,10,/get-salt,4,140,1776914649557,7007,10.127,429,0,
smoke,10,/get-salt,4,141,1776914649562,7002,4.879,429,0,
smoke,10,/get-salt,4,142,1776914649565,7007,3.508,429,0,
smoke,10,/get-salt,4,143,1776914649570,7004,4.492,429,0,
smoke,10,/get-salt,4,144,1776914649574,7001,3.827,429,0,
smoke,10,/get-salt,4,145,1776914649577,7003,3.498,429,0,
smoke,10,/get-salt,4,146,1776914649581,7008,4.153,429,0,
smoke,10,/get-salt,4,147,1776914649585,7010,4.06,429,0,
smoke,10,/get-salt,4,148,1776914649590,7010,4.316,429,0,
smoke,10,/get-salt,4,149,1776914649594,7005,3.918,429,0,
smoke,10,/get-salt,4,150,1776914649597,7010,3.783,429,0,
smoke,10,/get-salt,4,151,1776914649603,7007,5.449,429,0,
smoke,10,/get-salt,4,152,1776914649608,7004,5.343,429,0,
smoke,10,/get-salt,4,153,1776914649613,7003,5.071,429,0,
smoke,10,/get-salt,4,154,1776914649618,7009,4.426,429,0,
smoke,10,/get-salt,4,155,1776914649622,7006,4.29,429,0,
smoke,10,/get-salt,4,156,1776914649626,7009,4.244,429,0,
smoke,10,/get-salt,4,157,1776914649630,7004,4.136,429,0,
smoke,10,/get-salt,4,158,1776914649635,7006,4.718,429,0,
smoke,10,/get-salt,4,159,1776914649639,7001,3.621,429,0,
smoke,10,/get-salt,4,160,1776914649643,7003,3.996,429,0,
smoke,10,/get-salt,4,161,1776914649649,7007,6.308,429,0,
smoke,10,/get-salt,4,162,1776914649652,7002,3.133,429,0,
smoke,10,/get-salt,4,163,1776914649656,7008,3.809,429,0,
smoke,10,/get-salt,4,164,1776914649660,7010,3.758,429,0,
smoke,10,/get-salt,4,165,1776914649667,7004,6.984,429,0,
smoke,10,/get-salt,4,166,1776914649670,7006,3.367,429,0,
smoke,10,/get-salt,4,167,1776914649673,7002,3.191,429,0,
smoke,10,/get-salt,4,168,1776914649677,7009,4.134,429,0,
smoke,10,/get-salt,4,169,1776914649682,7008,4.38,429,0,
smoke,10,/get-salt,4,170,1776914649686,7008,4.075,429,0,
smoke,10,/get-salt,4,171,1776914649694,7006,7.744,429,0,
smoke,10,/get-salt,4,172,1776914649699,7007,4.966,429,0,
smoke,10,/get-salt,4,173,1776914649708,7009,9.337,429,0,
smoke,10,/get-salt,4,174,1776914649711,7005,3.106,429,0,
smoke,10,/get-salt,4,175,1776914649714,7008,2.51,429,0,
smoke,10,/get-salt,4,176,1776914649717,7001,3.567,429,0,
smoke,10,/get-salt,4,177,1776914649723,7003,5.461,429,0,
smoke,10,/get-salt,4,178,1776914649727,7004,4.134,429,0,
smoke,10,/get-salt,4,179,1776914649730,7002,3.759,429,0,
smoke,10,/get-salt,4,180,1776914649734,7008,3.953,429,0,
smoke,10,/get-salt,4,181,1776914649740,7010,5.569,429,0,
smoke,10,/get-salt,4,182,1776914649744,7007,4.391,429,0,
smoke,10,/get-salt,4,183,1776914649748,7010,4.052,429,0,
smoke,10,/get-salt,4,184,1776914649752,7007,3.173,429,0,
smoke,10,/get-salt,4,185,1776914649755,7003,3.811,429,0,
smoke,10,/get-salt,4,186,1776914649760,7004,4.472,429,0,
smoke,10,/get-salt,4,187,1776914649764,7005,3.968,429,0,
smoke,10,/get-salt,4,188,1776914649772,7002,7.922,429,0,
smoke,10,/get-salt,4,189,1776914649776,7008,3.815,429,0,
smoke,10,/get-salt,4,190,1776914649779,7001,3.248,429,0,
smoke,10,/get-salt,4,191,1776914649783,7009,3.861,429,0,
smoke,10,/get-salt,4,192,1776914649787,7001,4.095,429,0,
smoke,10,/get-salt,4,193,1776914649791,7001,3.939,429,0,
smoke,10,/get-salt,4,194,1776914649796,7007,5.201,429,0,
smoke,10,/get-salt,4,195,1776914649800,7003,4.155,429,0,
smoke,10,/get-salt,4,196,1776914649806,7004,5.335,429,0,
smoke,10,/get-salt,4,197,1776914649810,7010,3.979,429,0,
smoke,10,/get-salt,4,198,1776914649814,7006,4.441,429,0,
smoke,10,/get-salt,4,199,1776914649818,7007,3.956,429,0,
smoke,10,/get-salt,4,200,1776914649822,7004,4.453,429,0,
smoke,10,/get-salt,4,201,1776914649827,7008,4.199,429,0,
smoke,10,/get-salt,4,202,1776914649830,7006,3.705,429,0,
smoke,10,/get-salt,4,203,1776914649843,7006,12.762,429,0,
smoke,10,/get-salt,4,204,1776914649850,7010,7.227,429,0,
smoke,10,/get-salt,4,205,1776914649854,7009,3.516,429,0,
smoke,10,/get-salt,4,206,1776914649858,7010,4.214,429,0,
smoke,10,/get-salt,4,207,1776914649862,7010,4.112,429,0,
smoke,10,/get-salt,4,208,1776914649866,7003,3.775,429,0,
smoke,10,/get-salt,4,209,1776914649870,7001,3.914,429,0,
smoke,10,/get-salt,4,210,1776914649874,7003,3.958,429,0,
smoke,10,/get-salt,4,211,1776914649878,7010,4.095,429,0,
smoke,10,/get-salt,4,212,1776914649882,7006,4.036,429,0,
smoke,10,/get-salt,4,213,1776914649885,7003,3.495,429,0,
smoke,10,/get-salt,4,214,1776914649889,7010,3.636,429,0,
smoke,10,/get-salt,4,215,1776914649894,7007,4.471,429,0,
smoke,10,/get-salt,4,216,1776914649898,7002,4.155,429,0,
smoke,10,/get-salt,4,217,1776914649900,7007,2.536,429,0,
smoke,10,/get-salt,4,218,1776914649904,7006,3.381,429,0,
smoke,10,/get-salt,4,219,1776914649908,7006,4.158,429,0,
smoke,10,/get-salt,4,220,1776914649912,7007,4.335,429,0,
smoke,10,/get-salt,4,221,1776914649916,7006,3.808,429,0,
smoke,10,/get-salt,4,222,1776914649920,7004,4.406,429,0,
smoke,10,/get-salt,4,223,1776914649924,7007,3.723,429,0,
smoke,10,/get-salt,4,224,1776914649931,7008,7.258,429,0,
smoke,10,/get-salt,4,225,1776914649936,7001,4.32,429,0,
smoke,10,/get-salt,4,226,1776914649940,7001,4.19,429,0,
smoke,10,/get-salt,4,227,1776914649944,7006,3.806,429,0,
smoke,10,/get-salt,4,228,1776914649947,7010,2.914,429,0,
smoke,10,/get-salt,4,229,1776914649951,7009,4.012,429,0,
smoke,10,/get-salt,4,230,1776914649955,7006,4.389,429,0,
smoke,10,/get-salt,4,231,1776914649959,7007,4.024,429,0,
smoke,10,/get-salt,4,232,1776914649963,7010,3.552,429,0,
smoke,10,/get-salt,4,233,1776914649966,7010,3.395,429,0,
smoke,10,/get-salt,4,234,1776914649970,7005,3.659,429,0,
smoke,10,/get-salt,4,235,1776914649974,7008,3.857,429,0,
smoke,10,/get-salt,4,236,1776914649977,7009,3.939,429,0,
smoke,10,/get-salt,4,237,1776914649986,7003,8.124,429,0,
smoke,10,/get-salt,4,238,1776914649990,7009,4.358,429,0,
smoke,10,/get-salt,4,239,1776914649994,7007,4.552,429,0,
smoke,10,/get-salt,4,240,1776914649999,7002,4.435,429,0,
smoke,10,/get-salt,4,241,1776914650003,7003,4.275,429,0,
smoke,10,/get-salt,4,242,1776914650008,7005,5.179,429,0,
smoke,10,/get-salt,4,243,1776914650012,7005,3.167,429,0,
smoke,10,/get-salt,4,244,1776914650016,7003,4.272,429,0,
smoke,10,/get-salt,4,245,1776914650021,7002,4.799,429,0,
smoke,10,/get-salt,4,246,1776914650024,7001,3.772,429,0,
smoke,10,/get-salt,4,247,1776914650028,7007,3.836,429,0,
smoke,10,/get-salt,4,248,1776914650032,7010,3.889,429,0,
smoke,10,/get-salt,4,249,1776914650036,7001,3.681,429,0,
smoke,10,/get-salt,4,250,1776914650040,7001,3.837,429,0,
smoke,10,/get-salt,4,251,1776914650044,7007,4.142,429,0,
smoke,10,/get-salt,4,252,1776914650048,7002,4.014,429,0,
smoke,10,/get-salt,4,253,1776914650052,7010,3.666,429,0,
smoke,10,/get-salt,4,254,1776914650059,7003,7.446,429,0,
smoke,10,/get-salt,4,255,1776914650063,7008,3.828,429,0,
smoke,10,/get-salt,4,256,1776914650067,7005,3.824,429,0,
smoke,10,/get-salt,4,257,1776914650071,7003,4.045,429,0,
smoke,10,/get-salt,4,258,1776914650074,7003,3.706,429,0,
smoke,10,/get-salt,4,259,1776914650078,7005,3.936,429,0,
smoke,10,/get-salt,4,260,1776914650082,7002,3.811,429,0,
smoke,10,/get-salt,4,261,1776914650086,7004,4.03,429,0,
smoke,10,/get-salt,4,262,1776914650090,7006,3.644,429,0,
smoke,10,/get-salt,4,263,1776914650094,7003,4.02,429,0,
smoke,10,/get-salt,4,264,1776914650098,7010,3.865,429,0,
smoke,10,/get-salt,4,265,1776914650102,7003,3.923,429,0,
smoke,10,/get-salt,4,266,1776914650105,7009,3.603,429,0,
smoke,10,/get-salt,4,267,1776914650109,7010,3.635,429,0,
smoke,10,/get-salt,4,268,1776914650117,7007,8.149,429,0,
smoke,10,/get-salt,4,269,1776914650121,7002,3.897,429,0,
smoke,10,/get-salt,4,270,1776914650125,7004,4.024,429,0,
smoke,10,/get-salt,4,271,1776914650129,7002,4.197,429,0,
smoke,10,/get-salt,4,272,1776914650133,7008,3.656,429,0,
smoke,10,/get-salt,4,273,1776914650137,7008,4.074,429,0,
smoke,10,/get-salt,4,274,1776914650141,7006,3.871,429,0,
smoke,10,/get-salt,4,275,1776914650145,7009,4.146,429,0,
smoke,10,/get-salt,4,276,1776914650149,7002,4.506,429,0,
smoke,10,/get-salt,4,277,1776914650154,7007,4.252,429,0,
smoke,10,/get-salt,4,278,1776914650158,7010,4.018,429,0,
smoke,10,/get-salt,4,279,1776914650162,7008,4.04,429,0,
smoke,10,/get-salt,4,280,1776914650166,7004,4.005,429,0,
smoke,10,/get-salt,4,281,1776914650170,7008,4.093,429,0,
smoke,10,/get-salt,4,282,1776914650174,7006,4.111,429,0,
smoke,10,/get-salt,4,283,1776914650178,7009,3.959,429,0,
smoke,10,/get-salt,4,284,1776914650186,7009,7.924,429,0,
smoke,10,/get-salt,4,285,1776914650190,7009,4.009,429,0,
smoke,10,/get-salt,4,286,1776914650194,7006,4.381,429,0,
smoke,10,/get-salt,4,287,1776914650198,7009,3.959,429,0,
smoke,10,/get-salt,4,288,1776914650202,7002,3.814,429,0,
smoke,10,/get-salt,4,289,1776914650206,7009,4.316,429,0,
smoke,10,/get-salt,4,290,1776914650211,7004,4.146,429,0,
smoke,10,/get-salt,4,291,1776914650215,7002,4.195,429,0,
smoke,10,/get-salt,4,292,1776914650219,7006,4.214,429,0,
smoke,10,/get-salt,4,293,1776914650223,7010,4.116,429,0,
smoke,10,/get-salt,4,294,1776914650227,7009,4.321,429,0,
smoke,10,/get-salt,4,295,1776914650232,7002,4.269,429,0,
smoke,10,/get-salt,4,296,1776914650235,7004,3.606,429,0,
smoke,10,/get-salt,4,297,1776914650239,7009,3.629,429,0,
smoke,10,/get-salt,4,298,1776914650243,7006,4.124,429,0,
smoke,10,/get-salt,4,299,1776914650251,7002,8.126,429,0,
smoke,10,/get-salt,4,300,1776914650255,7003,4.045,429,0,
smoke,10,/get-salt,4,301,1776914650259,7005,4.104,429,0,
smoke,10,/get-salt,4,302,1776914650264,7009,4.196,429,0,
smoke,10,/get-salt,4,303,1776914650267,7004,3.941,429,0,
smoke,10,/get-salt,4,304,1776914650272,7006,4.454,429,0,
smoke,10,/get-salt,4,305,1776914650276,7005,4.526,429,0,
smoke,10,/get-salt,4,306,1776914650281,7002,4.358,429,0,
smoke,10,/get-salt,4,307,1776914650285,7004,4.379,429,0,
smoke,10,/get-salt,4,308,1776914650288,7006,2.78,429,0,
smoke,10,/get-salt,4,309,1776914650294,7001,6.157,429,0,
smoke,10,/get-salt,4,310,1776914650298,7008,4.21,429,0,
smoke,10,/get-salt,4,311,1776914650302,7010,3.974,429,0,
smoke,10,/get-salt,4,312,1776914650306,7004,3.765,429,0,
smoke,10,/get-salt,4,313,1776914650314,7009,7.476,429,0,
smoke,10,/get-salt,4,314,1776914650319,7007,5.053,429,0,
smoke,10,/get-salt,4,315,1776914650323,7006,4.423,429,0,
smoke,10,/get-salt,4,316,1776914650328,7006,4.483,429,0,
smoke,10,/get-salt,4,317,1776914650331,7009,3.101,429,0,
smoke,10,/get-salt,4,318,1776914650335,7009,4.091,429,0,
smoke,10,/get-salt,4,319,1776914650339,7008,3.823,429,0,
smoke,10,/get-salt,4,320,1776914650342,7002,3.817,429,0,
smoke,10,/get-salt,4,321,1776914650347,7004,4.079,429,0,
smoke,10,/get-salt,4,322,1776914650351,7008,4.111,429,0,
smoke,10,/get-salt,4,323,1776914650355,7007,4.209,429,0,
smoke,10,/get-salt,4,324,1776914650359,7001,4.219,429,0,
smoke,10,/get-salt,4,325,1776914650363,7004,4.324,429,0,
smoke,10,/get-salt,4,326,1776914650367,7006,3.354,429,0,
smoke,10,/get-salt,4,327,1776914650371,7003,3.824,429,0,
smoke,10,/get-salt,4,328,1776914650381,7003,10.045,429,0,
smoke,10,/get-salt,4,329,1776914650384,7005,3.669,429,0,
smoke,10,/get-salt,4,330,1776914650388,7006,3.892,429,0,
smoke,10,/get-salt,4,331,1776914650392,7007,3.952,429,0,
smoke,10,/get-salt,4,332,1776914650396,7002,3.582,429,0,
smoke,10,/get-salt,4,333,1776914650400,7003,3.831,429,0,
smoke,10,/get-salt,4,334,1776914650403,7008,3.367,429,0,
smoke,10,/get-salt,4,335,1776914650407,7007,3.588,429,0,
smoke,10,/get-salt,4,336,1776914650411,7002,4.028,429,0,
smoke,10,/get-salt,4,337,1776914650415,7002,3.953,429,0,
smoke,10,/get-salt,4,338,1776914650418,7001,3.821,429,0,
smoke,10,/get-salt,4,339,1776914650423,7003,4.425,429,0,
smoke,10,/get-salt,4,340,1776914650426,7010,3.598,429,0,
smoke,10,/get-salt,4,341,1776914650430,7005,3.852,429,0,
smoke,10,/get-salt,4,342,1776914650434,7006,3.608,429,0,
smoke,10,/get-salt,4,343,1776914650443,7008,9.299,429,0,
smoke,10,/get-salt,4,344,1776914650451,7004,7.961,429,0,
smoke,10,/get-salt,4,345,1776914650459,7003,8.338,429,0,
smoke,10,/get-salt,4,346,1776914650465,7006,5.485,429,0,
smoke,10,/get-salt,4,347,1776914650469,7009,3.986,429,0,
smoke,10,/get-salt,4,348,1776914650473,7008,4.397,429,0,
smoke,10,/get-salt,4,349,1776914650477,7003,3.765,429,0,
smoke,10,/get-salt,4,350,1776914650481,7008,3.771,429,0,
smoke,10,/get-salt,4,351,1776914650485,7006,4.165,429,0,
smoke,10,/get-salt,4,352,1776914650489,7005,3.842,429,0,
smoke,10,/get-salt,4,353,1776914650492,7007,3.43,429,0,
smoke,10,/get-salt,4,354,1776914650496,7007,4.12,429,0,
smoke,10,/get-salt,4,355,1776914650501,7001,4.556,429,0,
smoke,10,/get-salt,4,356,1776914650504,7010,3.369,429,0,
smoke,10,/get-salt,4,357,1776914650508,7009,3.742,429,0,
smoke,10,/get-salt,4,358,1776914650512,7001,3.704,429,0,
smoke,10,/get-salt,4,359,1776914650516,7003,3.763,429,0,
smoke,10,/get-salt,4,360,1776914650519,7004,3.474,429,0,
smoke,10,/get-salt,4,361,1776914650522,7009,3.208,429,0,
smoke,10,/get-salt,4,362,1776914650526,7002,4.174,429,0,
smoke,10,/get-salt,4,363,1776914650530,7009,3.739,429,0,
smoke,10,/get-salt,4,364,1776914650534,7002,3.908,429,0,
smoke,10,/get-salt,4,365,1776914650541,7006,6.437,429,0,
smoke,10,/get-salt,4,366,1776914650544,7008,3.79,429,0,
smoke,10,/get-salt,4,367,1776914650549,7001,4.916,429,0,
smoke,10,/get-salt,4,368,1776914650554,7009,4.608,429,0,
smoke,10,/get-salt,4,369,1776914650560,7006,5.904,429,0,
smoke,10,/get-salt,4,370,1776914650563,7004,3.579,429,0,
smoke,10,/get-salt,4,371,1776914650570,7007,6.207,429,0,
smoke,10,/get-salt,4,372,1776914650574,7001,4.24,429,0,
smoke,10,/get-salt,4,373,1776914650579,7007,4.987,429,0,
smoke,10,/get-salt,4,374,1776914650583,7003,4.066,429,0,
smoke,10,/get-salt,4,375,1776914650591,7009,8.301,429,0,
smoke,10,/get-salt,4,376,1776914650595,7007,3.487,429,0,
smoke,10,/get-salt,4,377,1776914650602,7008,6.998,429,0,
smoke,10,/get-salt,4,378,1776914650605,7007,3.629,429,0,
smoke,10,/get-salt,4,379,1776914650608,7002,3.121,429,0,
smoke,10,/get-salt,4,380,1776914650613,7005,4.378,429,0,
smoke,10,/get-salt,4,381,1776914650617,7007,3.829,429,0,
smoke,10,/get-salt,4,382,1776914650621,7001,3.843,429,0,
smoke,10,/get-salt,4,383,1776914650623,7010,2.575,429,0,
smoke,10,/get-salt,4,384,1776914650628,7006,4.405,429,0,
smoke,10,/get-salt,4,385,1776914650633,7002,5.764,429,0,
smoke,10,/get-salt,4,386,1776914650635,7010,2.1,429,0,
smoke,10,/get-salt,4,387,1776914650641,7003,5.286,429,0,
smoke,10,/get-salt,4,388,1776914650643,7001,2.786,429,0,
smoke,10,/get-salt,4,389,1776914650646,7007,2.466,429,0,
smoke,10,/get-salt,4,390,1776914650657,7003,10.984,429,0,
smoke,10,/get-salt,4,391,1776914650671,7003,13.709,429,0,
smoke,10,/get-salt,4,392,1776914650674,7008,3.515,429,0,
smoke,10,/get-salt,4,393,1776914650678,7001,3.464,429,0,
smoke,10,/get-salt,4,394,1776914650681,7007,3.262,429,0,
smoke,10,/get-salt,4,395,1776914650684,7009,3.104,429,0,
smoke,10,/get-salt,4,396,1776914650688,7006,3.511,429,0,
smoke,10,/get-salt,4,397,1776914650691,7010,3.843,429,0,
smoke,10,/get-salt,4,398,1776914650695,7001,3.792,429,0,
smoke,10,/get-salt,4,399,1776914650699,7008,3.539,429,0,
smoke,10,/get-salt,4,400,1776914650703,7002,3.903,429,0,
smoke,10,/get-salt,4,401,1776914650707,7009,4.003,429,0,
smoke,10,/get-salt,4,402,1776914650711,7002,4.099,429,0,
smoke,10,/get-salt,4,403,1776914650715,7003,3.955,429,0,
smoke,10,/get-salt,4,404,1776914650721,7008,6.818,429,0,
smoke,10,/get-salt,4,405,1776914650725,7009,3.523,429,0,
smoke,10,/get-salt,4,406,1776914650729,7004,3.752,429,0,
smoke,10,/get-salt,4,407,1776914650733,7007,3.779,429,0,
smoke,10,/get-salt,4,408,1776914650736,7009,3.226,429,0,
smoke,10,/get-salt,4,409,1776914650740,7007,4.31,429,0,
smoke,10,/get-salt,4,410,1776914650744,7001,3.471,429,0,
smoke,10,/get-salt,4,411,1776914650748,7009,3.985,429,0,
smoke,10,/get-salt,4,412,1776914650751,7004,3.653,429,0,
smoke,10,/get-salt,4,413,1776914650755,7004,4.064,429,0,
smoke,10,/get-salt,4,414,1776914650759,7009,4.189,429,0,
smoke,10,/get-salt,4,415,1776914650763,7010,3.251,429,0,
smoke,10,/get-salt,4,416,1776914650766,7008,3.568,429,0,
smoke,10,/get-salt,4,417,1776914650770,7003,4.145,429,0,
smoke,10,/get-salt,4,418,1776914650775,7008,4.984,429,0,
smoke,10,/get-salt,4,419,1776914650787,7010,11.277,429,0,
smoke,10,/get-salt,4,420,1776914650793,7007,6.351,429,0,
smoke,10,/get-salt,4,421,1776914650796,7007,3.261,429,0,
smoke,10,/get-salt,4,422,1776914650800,7004,3.307,429,0,
smoke,10,/get-salt,4,423,1776914650803,7010,2.926,429,0,
smoke,10,/get-salt,4,424,1776914650807,7003,4.319,429,0,
smoke,10,/get-salt,4,425,1776914650811,7006,3.717,429,0,
smoke,10,/get-salt,4,426,1776914650814,7003,3.83,429,0,
smoke,10,/get-salt,4,427,1776914650818,7004,3.673,429,0,
smoke,10,/get-salt,4,428,1776914650822,7007,3.722,429,0,
smoke,10,/get-salt,4,429,1776914650826,7002,4.436,429,0,
smoke,10,/get-salt,4,430,1776914650831,7009,4.719,429,0,
smoke,10,/get-salt,4,431,1776914650835,7005,4.197,429,0,
smoke,10,/get-salt,4,432,1776914650839,7008,3.921,429,0,
smoke,10,/get-salt,4,433,1776914650843,7010,3.935,429,0,
smoke,10,/get-salt,4,434,1776914650847,7003,4.277,429,0,
smoke,10,/get-salt,4,435,1776914650855,7008,7.818,429,0,
smoke,10,/get-salt,4,436,1776914650859,7001,3.336,429,0,
smoke,10,/get-salt,4,437,1776914650862,7008,3.76,429,0,
smoke,10,/get-salt,4,438,1776914650866,7008,4.138,429,0,
smoke,10,/get-salt,4,439,1776914650870,7009,3.878,429,0,
smoke,10,/get-salt,4,440,1776914650874,7003,3.68,429,0,
smoke,10,/get-salt,4,441,1776914650878,7008,3.909,429,0,
smoke,10,/get-salt,4,442,1776914650882,7004,4.38,429,0,
smoke,10,/get-salt,4,443,1776914650886,7001,3.974,429,0,
smoke,10,/get-salt,4,444,1776914650891,7001,4.345,429,0,
smoke,10,/get-salt,4,445,1776914650894,7007,3.622,429,0,
smoke,10,/get-salt,4,446,1776914650898,7001,3.939,429,0,
smoke,10,/get-salt,4,447,1776914650902,7007,3.585,429,0,
smoke,10,/get-salt,4,448,1776914650905,7005,3.346,429,0,
smoke,10,/get-salt,4,449,1776914650914,7009,8.654,429,0,
smoke,10,/get-salt,4,450,1776914650918,7009,4.339,429,0,
smoke,10,/get-salt,4,451,1776914650922,7006,4.039,429,0,
smoke,10,/get-salt,4,452,1776914650926,7006,3.596,429,0,
smoke,10,/get-salt,4,453,1776914650930,7009,3.754,429,0,
smoke,10,/get-salt,4,454,1776914650934,7009,4.432,429,0,
smoke,10,/get-salt,4,455,1776914650938,7003,3.735,429,0,
smoke,10,/get-salt,4,456,1776914650942,7001,4.111,429,0,
smoke,10,/get-salt,4,457,1776914650946,7007,3.897,429,0,
smoke,10,/get-salt,4,458,1776914650950,7007,3.806,429,0,
smoke,10,/get-salt,4,459,1776914650954,7005,4.719,429,0,
smoke,10,/get-salt,4,460,1776914650959,7003,4.951,429,0,
smoke,10,/get-salt,4,461,1776914650963,7001,3.88,429,0,
smoke,10,/get-salt,4,462,1776914650966,7001,3.289,429,0,
smoke,10,/get-salt,4,463,1776914650970,7005,3.445,429,0,
smoke,10,/get-salt,4,464,1776914650979,7003,9.039,429,0,
smoke,10,/get-salt,4,465,1776914650983,7009,4.158,429,0,
smoke,10,/get-salt,4,466,1776914650987,7005,4.163,429,0,
smoke,10,/get-salt,4,467,1776914650990,7010,3.206,429,0,
smoke,10,/get-salt,4,468,1776914650995,7003,4.409,429,0,
smoke,10,/get-salt,4,469,1776914650999,7006,4.204,429,0,
smoke,10,/get-salt,4,470,1776914651004,7007,4.553,429,0,
smoke,10,/get-salt,4,471,1776914651009,7006,4.901,429,0,
smoke,10,/get-salt,4,472,1776914651011,7010,2.939,429,0,
smoke,10,/get-salt,4,473,1776914651016,7007,4.588,429,0,
smoke,10,/get-salt,4,474,1776914651019,7006,3.434,429,0,
smoke,10,/get-salt,4,475,1776914651023,7008,3.953,429,0,
smoke,10,/get-salt,4,476,1776914651027,7005,4.039,429,0,
smoke,10,/get-salt,4,477,1776914651031,7010,3.913,429,0,
smoke,10,/get-salt,4,478,1776914651035,7009,3.779,429,0,
smoke,10,/get-salt,4,479,1776914651043,7004,8.217,429,0,
smoke,10,/get-salt,4,480,1776914651047,7010,4.06,429,0,
smoke,10,/get-salt,4,481,1776914651051,7001,3.831,429,0,
smoke,10,/get-salt,4,482,1776914651056,7006,5.171,429,0,
smoke,10,/get-salt,4,483,1776914651061,7005,4.864,429,0,
smoke,10,/get-salt,4,484,1776914651066,7002,5.032,429,0,
smoke,10,/get-salt,4,485,1776914651070,7010,4.095,429,0,
smoke,10,/get-salt,4,486,1776914651075,7003,4.803,429,0,
smoke,10,/get-salt,4,487,1776914651079,7009,3.794,429,0,
smoke,10,/get-salt,4,488,1776914651083,7006,3.592,429,0,
smoke,10,/get-salt,4,489,1776914651086,7005,3.644,429,0,
smoke,10,/get-salt,4,490,1776914651093,7009,7.046,429,0,
smoke,10,/get-salt,4,491,1776914651101,7009,7.742,429,0,
smoke,10,/get-salt,4,492,1776914651105,7001,4.059,429,0,
smoke,10,/get-salt,4,493,1776914651109,7006,3.929,429,0,
smoke,10,/get-salt,4,494,1776914651112,7003,3.181,429,0,
smoke,10,/get-salt,4,495,1776914651116,7010,3.635,429,0,
smoke,10,/get-salt,4,496,1776914651119,7002,3.316,429,0,
smoke,10,/get-salt,4,497,1776914651125,7003,5.84,429,0,
smoke,10,/get-salt,4,498,1776914651129,7010,3.507,429,0,
smoke,10,/get-salt,4,499,1776914651131,7001,2.678,429,0,
smoke,10,/get-salt,4,500,1776914651136,7006,4.914,429,0,
smoke,10,/get-salt,4,501,1776914651142,7008,5.472,429,0,
smoke,10,/get-salt,4,502,1776914651147,7007,4.821,429,0,
smoke,10,/get-salt,4,503,1776914651150,7001,3.947,429,0,
smoke,10,/get-salt,4,504,1776914651154,7010,3.876,429,0,
smoke,10,/get-salt,4,505,1776914651158,7007,3.675,429,0,
smoke,10,/get-salt,4,506,1776914651163,7009,4.548,429,0,
smoke,10,/get-salt,4,507,1776914651167,7003,4.372,429,0,
smoke,10,/get-salt,4,508,1776914651171,7005,4.137,429,0,
smoke,10,/get-salt,4,509,1776914651175,7009,4.075,429,0,
smoke,10,/get-salt,4,510,1776914651179,7004,3.848,429,0,
smoke,10,/get-salt,4,511,1776914651186,7001,6.997,429,0,
smoke,10,/get-salt,4,512,1776914651189,7002,3.442,429,0,
smoke,10,/get-salt,4,513,1776914651193,7008,3.735,429,0,
smoke,10,/get-salt,4,514,1776914651197,7005,3.885,429,0,
smoke,10,/get-salt,4,515,1776914651201,7003,4.042,429,0,
smoke,10,/get-salt,4,516,1776914651205,7003,4.124,429,0,
smoke,10,/get-salt,4,517,1776914651209,7002,4.083,429,0,
smoke,10,/get-salt,4,518,1776914651214,7010,4.279,429,0,
smoke,10,/get-salt,4,519,1776914651218,7007,3.878,429,0,
smoke,10,/get-salt,4,520,1776914651222,7005,4.043,429,0,
smoke,10,/get-salt,4,521,1776914651228,7003,6.536,429,0,
smoke,10,/get-salt,4,522,1776914651234,7010,5.499,429,0,
smoke,10,/get-salt,4,523,1776914651238,7006,3.941,429,0,
smoke,10,/get-salt,4,524,1776914651248,7006,10.817,429,0,
smoke,10,/get-salt,4,525,1776914651252,7005,3.781,429,0,
smoke,10,/get-salt,4,526,1776914651257,7001,4.511,429,0,
smoke,10,/get-salt,4,527,1776914651261,7002,4.42,429,0,
smoke,10,/get-salt,4,528,1776914651266,7005,4.688,429,0,
smoke,10,/get-salt,4,529,1776914651270,7006,3.753,429,0,
smoke,10,/get-salt,4,530,1776914651273,7002,3.913,429,0,
smoke,10,/get-salt,4,531,1776914651278,7007,4.965,429,0,
smoke,10,/get-salt,4,532,1776914651282,7001,3.672,429,0,
smoke,10,/get-salt,4,533,1776914651287,7006,4.957,429,0,
smoke,10,/get-salt,4,534,1776914651291,7008,4.08,429,0,
smoke,10,/get-salt,4,535,1776914651295,7009,4.054,429,0,
smoke,10,/get-salt,4,536,1776914651299,7002,3.786,429,0,
smoke,10,/get-salt,4,537,1776914651303,7006,3.918,429,0,
smoke,10,/get-salt,4,538,1776914651307,7002,3.708,429,0,
smoke,10,/get-salt,4,539,1776914651314,7006,7.209,429,0,
smoke,10,/get-salt,4,540,1776914651318,7007,4.216,429,0,
smoke,10,/get-salt,4,541,1776914651322,7001,4.131,429,0,
smoke,10,/get-salt,4,542,1776914651326,7001,3.786,429,0,
smoke,10,/get-salt,4,543,1776914651330,7008,4.373,429,0,
smoke,10,/get-salt,4,544,1776914651334,7001,3.524,429,0,
smoke,10,/get-salt,4,545,1776914651337,7008,3.513,429,0,
smoke,10,/get-salt,4,546,1776914651341,7005,3.214,429,0,
smoke,10,/get-salt,4,547,1776914651345,7003,4.229,429,0,
smoke,10,/get-salt,4,548,1776914651349,7009,3.608,429,0,
smoke,10,/get-salt,4,549,1776914651353,7009,3.843,429,0,
smoke,10,/get-salt,4,550,1776914651357,7001,4.526,429,0,
smoke,10,/get-salt,4,551,1776914651361,7009,3.83,429,0,
smoke,10,/get-salt,4,552,1776914651365,7007,3.94,429,0,
smoke,10,/get-salt,4,553,1776914651369,7006,3.75,429,0,
smoke,10,/get-salt,4,554,1776914651377,7006,8.129,429,0,
smoke,10,/get-salt,4,555,1776914651381,7001,3.832,429,0,
smoke,10,/get-salt,4,556,1776914651385,7007,4.838,429,0,
smoke,10,/get-salt,4,557,1776914651390,7003,4.079,429,0,
smoke,10,/get-salt,4,558,1776914651394,7003,4.038,429,0,
smoke,10,/get-salt,4,559,1776914651398,7002,4.219,429,0,
smoke,10,/get-salt,4,560,1776914651402,7005,3.851,429,0,
smoke,10,/get-salt,4,561,1776914651406,7002,4.436,429,0,
smoke,10,/get-salt,4,562,1776914651410,7005,4.009,429,0,
smoke,10,/get-salt,4,563,1776914651414,7006,4.089,429,0,
smoke,10,/get-salt,4,564,1776914651418,7001,3.487,429,0,
smoke,10,/get-salt,4,565,1776914651421,7001,3.715,429,0,
smoke,10,/get-salt,4,566,1776914651426,7002,4.956,429,0,
smoke,10,/get-salt,4,567,1776914651430,7005,3.589,429,0,
smoke,10,/get-salt,4,568,1776914651437,7002,7.483,429,0,
smoke,10,/get-salt,4,569,1776914651442,7007,4.024,429,0,
smoke,10,/get-salt,4,570,1776914651445,7002,3.888,429,0,
smoke,10,/get-salt,4,571,1776914651449,7003,3.869,429,0,
smoke,10,/get-salt,4,572,1776914651453,7007,4.063,429,0,
smoke,10,/get-salt,4,573,1776914651457,7002,4.024,429,0,
smoke,10,/get-salt,4,574,1776914651462,7007,4.139,429,0,
smoke,10,/get-salt,4,575,1776914651465,7001,3.891,429,0,
smoke,10,/get-salt,4,576,1776914651469,7006,3.529,429,0,
smoke,10,/get-salt,4,577,1776914651473,7010,3.861,429,0,
smoke,10,/get-salt,4,578,1776914651476,7009,3.251,429,0,
smoke,10,/get-salt,4,579,1776914651480,7003,4.089,429,0,
smoke,10,/get-salt,4,580,1776914651487,7004,7.303,429,0,
smoke,10,/get-salt,4,581,1776914651491,7005,3.511,429,0,
smoke,10,/get-salt,4,582,1776914651494,7005,3.468,429,0,
smoke,10,/get-salt,4,583,1776914651502,7007,7.064,429,0,
smoke,10,/get-salt,4,584,1776914651505,7001,3.246,429,0,
smoke,10,/get-salt,4,585,1776914651510,7009,5.485,429,0,
smoke,10,/get-salt,4,586,1776914651514,7007,3.98,429,0,
smoke,10,/get-salt,4,587,1776914651518,7009,3.534,429,0,
smoke,10,/get-salt,4,588,1776914651521,7006,3.387,429,0,
smoke,10,/get-salt,4,589,1776914651525,7003,3.55,429,0,
smoke,10,/get-salt,4,590,1776914651528,7006,3.527,429,0,
smoke,10,/get-salt,4,591,1776914651532,7003,3.817,429,0,
smoke,10,/get-salt,4,592,1776914651536,7009,3.857,429,0,
smoke,10,/get-salt,4,593,1776914651540,7009,4.062,429,0,
smoke,10,/get-salt,4,594,1776914651545,7010,4.532,429,0,
smoke,10,/get-salt,4,595,1776914651549,7002,4.929,429,0,
smoke,10,/get-salt,4,596,1776914651553,7009,3.707,429,0,
smoke,10,/get-salt,4,597,1776914651560,7005,7.242,429,0,
smoke,10,/get-salt,4,598,1776914651564,7008,3.607,429,0,
smoke,10,/get-salt,4,599,1776914651568,7009,3.896,429,0,
smoke,10,/get-salt,4,600,1776914651571,7006,3.307,429,0,
smoke,10,/get-salt,4,601,1776914651575,7008,3.819,429,0,
smoke,10,/get-salt,4,602,1776914651579,7008,3.889,429,0,
smoke,10,/get-salt,4,603,1776914651583,7001,3.637,429,0,
smoke,10,/get-salt,4,604,1776914651586,7001,3.243,429,0,
smoke,10,/get-salt,4,605,1776914651590,7005,4.402,429,0,
smoke,10,/get-salt,4,606,1776914651593,7002,3.225,429,0,
smoke,10,/get-salt,4,607,1776914651597,7001,3.044,429,0,
smoke,10,/get-salt,4,608,1776914651600,7007,3.589,429,0,
smoke,10,/get-salt,4,609,1776914651603,7005,3.103,429,0,
smoke,10,/get-salt,4,610,1776914651607,7001,3.277,429,0,
smoke,10,/get-salt,4,611,1776914651610,7005,3.933,429,0,
smoke,10,/get-salt,4,612,1776914651618,7004,8.003,429,0,
smoke,10,/get-salt,4,613,1776914651622,7003,3.848,429,0,
smoke,10,/get-salt,4,614,1776914651626,7003,4.041,429,0,
smoke,10,/get-salt,4,615,1776914651630,7005,3.633,429,0,
smoke,10,/get-salt,4,616,1776914651634,7005,3.999,429,0,
smoke,10,/get-salt,4,617,1776914651638,7008,4.1,429,0,
smoke,10,/get-salt,4,618,1776914651642,7002,3.974,429,0,
smoke,10,/get-salt,4,619,1776914651645,7008,3.345,429,0,
smoke,10,/get-salt,4,620,1776914651649,7008,3.706,429,0,
smoke,10,/get-salt,4,621,1776914651653,7007,3.553,429,0,
smoke,10,/get-salt,4,622,1776914651655,7002,2.627,429,0,
smoke,10,/get-salt,4,623,1776914651660,7004,4.443,429,0,
smoke,10,/get-salt,4,624,1776914651664,7007,4.169,429,0,
smoke,10,/get-salt,4,625,1776914651667,7010,3.372,429,0,
smoke,10,/get-salt,4,626,1776914651671,7001,3.517,429,0,
smoke,10,/get-salt,4,627,1776914651680,7008,8.771,429,0,
smoke,10,/get-salt,4,628,1776914651684,7010,3.995,429,0,
smoke,10,/get-salt,4,629,1776914651688,7007,3.986,429,0,
smoke,10,/get-salt,4,630,1776914651692,7009,3.926,429,0,
smoke,10,/get-salt,4,631,1776914651696,7007,4.114,429,0,
smoke,10,/get-salt,4,632,1776914651700,7007,4.133,429,0,
smoke,10,/get-salt,4,633,1776914651704,7010,4.331,429,0,
smoke,10,/get-salt,4,634,1776914651708,7009,3.919,429,0,
smoke,10,/get-salt,4,635,1776914651713,7006,4.895,429,0,
smoke,10,/get-salt,4,636,1776914651717,7007,4.084,429,0,
smoke,10,/get-salt,4,637,1776914651730,7006,13.174,429,0,
smoke,10,/get-salt,4,638,1776914651734,7009,3.9,429,0,
smoke,10,/get-salt,4,639,1776914651738,7003,4.03,429,0,
smoke,10,/get-salt,4,640,1776914651742,7004,3.85,429,0,
smoke,10,/get-salt,4,641,1776914651745,7003,3.429,429,0,
smoke,10,/get-salt,4,642,1776914651749,7010,3.375,429,0,
smoke,10,/get-salt,4,643,1776914651753,7004,4.23,429,0,
smoke,10,/get-salt,4,644,1776914651757,7004,3.81,429,0,
smoke,10,/get-salt,4,645,1776914651762,7002,4.66,429,0,
smoke,10,/get-salt,4,646,1776914651765,7009,3.839,429,0,
smoke,10,/get-salt,4,647,1776914651769,7010,3.807,429,0,
smoke,10,/get-salt,4,648,1776914651773,7004,3.756,429,0,
smoke,10,/get-salt,4,649,1776914651777,7007,4.136,429,0,
smoke,10,/get-salt,4,650,1776914651781,7005,4.164,429,0,
smoke,10,/get-salt,4,651,1776914651785,7002,4.135,429,0,
smoke,10,/get-salt,4,652,1776914651790,7008,4.528,429,0,
smoke,10,/get-salt,4,653,1776914651793,7010,3.556,429,0,
smoke,10,/get-salt,4,654,1776914651797,7006,4.041,429,0,
smoke,10,/get-salt,4,655,1776914651801,7007,3.73,429,0,
smoke,10,/get-salt,4,656,1776914651805,7004,4.117,429,0,
smoke,10,/get-salt,4,657,1776914651814,7009,8.311,429,0,
smoke,10,/get-salt,4,658,1776914651817,7004,3.518,429,0,
smoke,10,/get-salt,4,659,1776914651822,7006,4.398,429,0,
smoke,10,/get-salt,4,660,1776914651826,7007,4.297,429,0,
smoke,10,/get-salt,4,661,1776914651830,7001,4.266,429,0,
smoke,10,/get-salt,4,662,1776914651835,7006,4.488,429,0,
smoke,10,/get-salt,4,663,1776914651839,7008,4.179,429,0,
smoke,10,/get-salt,4,664,1776914651844,7009,5.075,429,0,
smoke,10,/get-salt,4,665,1776914651850,7007,6.541,429,0,
smoke,10,/get-salt,4,666,1776914651854,7002,3.706,429,0,
smoke,10,/get-salt,4,667,1776914651859,7008,4.646,429,0,
smoke,10,/get-salt,4,668,1776914651862,7008,3.623,429,0,
smoke,10,/get-salt,4,669,1776914651866,7008,3.451,429,0,
smoke,10,/get-salt,4,670,1776914651874,7003,8.239,429,0,
smoke,10,/get-salt,4,671,1776914651878,7010,3.603,429,0,
smoke,10,/get-salt,4,672,1776914651882,7009,3.976,429,0,
smoke,10,/get-salt,4,673,1776914651885,7002,3.665,429,0,
smoke,10,/get-salt,4,674,1776914651890,7004,4.305,429,0,
smoke,10,/get-salt,4,675,1776914651894,7002,3.86,429,0,
smoke,10,/get-salt,4,676,1776914651898,7007,4.458,429,0,
smoke,10,/get-salt,4,677,1776914651902,7005,3.523,429,0,
smoke,10,/get-salt,4,678,1776914651905,7008,3.519,429,0,
smoke,10,/get-salt,4,679,1776914651909,7007,4.235,429,0,
smoke,10,/get-salt,4,680,1776914651914,7006,4.24,429,0,
smoke,10,/get-salt,4,681,1776914651918,7002,3.999,429,0,
smoke,10,/get-salt,4,682,1776914651921,7006,3.865,429,0,
smoke,10,/get-salt,4,683,1776914651925,7010,3.467,429,0,
smoke,10,/get-salt,4,684,1776914651928,7010,3.289,429,0,
smoke,10,/get-salt,4,685,1776914651933,7005,4.31,429,0,
smoke,10,/get-salt,4,686,1776914651940,7001,7.693,429,0,
smoke,10,/get-salt,4,687,1776914651946,7004,5.348,429,0,
smoke,10,/get-salt,4,688,1776914651950,7002,4.231,429,0,
smoke,10,/get-salt,4,689,1776914651955,7001,5.254,429,0,
smoke,10,/get-salt,4,690,1776914651959,7005,3.537,429,0,
smoke,10,/get-salt,4,691,1776914651964,7005,5.43,429,0,
smoke,10,/get-salt,4,692,1776914651968,7005,4.019,429,0,
smoke,10,/get-salt,4,693,1776914651972,7009,4.386,429,0,
smoke,10,/get-salt,4,694,1776914651977,7003,4.375,429,0,
smoke,10,/get-salt,4,695,1776914651981,7005,4.273,429,0,
smoke,10,/get-salt,4,696,1776914651984,7001,3.368,429,0,
smoke,10,/get-salt,4,697,1776914651988,7005,3.917,429,0,
smoke,10,/get-salt,4,698,1776914651992,7008,3.683,429,0,
smoke,10,/get-salt,4,699,1776914651996,7007,4.283,429,0,
smoke,10,/get-salt,4,700,1776914652004,7001,7.566,429,0,
smoke,10,/get-salt,4,701,1776914652008,7007,3.966,429,0,
smoke,10,/get-salt,4,702,1776914652012,7006,4.109,429,0,
smoke,10,/get-salt,4,703,1776914652016,7008,3.817,429,0,
smoke,10,/get-salt,4,704,1776914652020,7008,4.535,429,0,
smoke,10,/get-salt,4,705,1776914652024,7001,3.845,429,0,
smoke,10,/get-salt,4,706,1776914652029,7009,4.61,429,0,
smoke,10,/get-salt,4,707,1776914652034,7001,5.231,429,0,
smoke,10,/get-salt,4,708,1776914652038,7001,3.953,429,0,
smoke,10,/get-salt,4,709,1776914652042,7003,4.154,429,0,
smoke,10,/get-salt,4,710,1776914652046,7010,3.818,429,0,
smoke,10,/get-salt,4,711,1776914652050,7005,3.753,429,0,
smoke,10,/get-salt,4,712,1776914652054,7002,4.254,429,0,
smoke,10,/get-salt,4,713,1776914652058,7009,4.136,429,0,
smoke,10,/get-salt,4,714,1776914652062,7003,4.247,429,0,
smoke,10,/get-salt,4,715,1776914652070,7004,7.597,429,0,
smoke,10,/get-salt,4,716,1776914652074,7006,3.527,429,0,
smoke,10,/get-salt,4,717,1776914652078,7006,4.017,429,0,
smoke,10,/get-salt,4,718,1776914652081,7006,3.57,429,0,
smoke,10,/get-salt,4,719,1776914652085,7002,3.647,429,0,
smoke,10,/get-salt,4,720,1776914652088,7001,3.692,429,0,
smoke,10,/get-salt,4,721,1776914652092,7009,3.638,429,0,
smoke,10,/get-salt,4,722,1776914652096,7007,4.101,429,0,
smoke,10,/get-salt,4,723,1776914652100,7008,4.164,429,0,
smoke,10,/get-salt,4,724,1776914652105,7009,4.615,429,0,
smoke,10,/get-salt,4,725,1776914652109,7003,3.726,429,0,
smoke,10,/get-salt,4,726,1776914652112,7010,3.717,429,0,
smoke,10,/get-salt,4,727,1776914652116,7008,3.89,429,0,
smoke,10,/get-salt,4,728,1776914652120,7009,3.298,429,0,
smoke,10,/get-salt,4,729,1776914652123,7005,3.371,429,0,
smoke,10,/get-salt,4,730,1776914652127,7010,3.607,429,0,
smoke,10,/get-salt,4,731,1776914652134,7003,7.516,429,0,
smoke,10,/get-salt,4,732,1776914652138,7001,3.828,429,0,
smoke,10,/get-salt,4,733,1776914652142,7004,4.41,429,0,
smoke,10,/get-salt,4,734,1776914652147,7001,5.008,429,0,
smoke,10,/get-salt,4,735,1776914652152,7010,4.294,429,0,
smoke,10,/get-salt,4,736,1776914652156,7005,4.166,429,0,
smoke,10,/get-salt,4,737,1776914652160,7007,4.068,429,0,
smoke,10,/get-salt,4,738,1776914652164,7003,3.605,429,0,
smoke,10,/get-salt,4,739,1776914652167,7005,3.252,429,0,
smoke,10,/get-salt,4,740,1776914652171,7001,3.749,429,0,
smoke,10,/get-salt,4,741,1776914652175,7009,4.395,429,0,
smoke,10,/get-salt,4,742,1776914652179,7010,4.266,429,0,
smoke,10,/get-salt,4,743,1776914652183,7004,3.974,429,0,
smoke,10,/get-salt,4,744,1776914652187,7002,3.856,429,0,
smoke,10,/get-salt,4,745,1776914652196,7001,8.868,429,0,
smoke,10,/get-salt,4,746,1776914652200,7010,4.443,429,0,
smoke,10,/get-salt,4,747,1776914652203,7004,3.051,429,0,
smoke,10,/get-salt,4,748,1776914652207,7003,3.937,429,0,
smoke,10,/get-salt,4,749,1776914652212,7009,4.239,429,0,
smoke,10,/get-salt,4,750,1776914652215,7007,3.644,429,0,
smoke,10,/get-salt,4,751,1776914652219,7001,3.731,429,0,
smoke,10,/get-salt,4,752,1776914652223,7009,3.585,429,0,
smoke,10,/get-salt,4,753,1776914652227,7009,4.021,429,0,
smoke,10,/get-salt,4,754,1776914652230,7006,3.791,429,0,
smoke,10,/get-salt,4,755,1776914652234,7004,3.29,429,0,
smoke,10,/get-salt,4,756,1776914652236,7004,2.369,429,0,
smoke,10,/get-salt,4,757,1776914652241,7002,5.08,429,0,
smoke,10,/get-salt,4,758,1776914652246,7007,4.863,429,0,
smoke,10,/get-salt,4,759,1776914652250,7001,4.334,429,0,
smoke,10,/get-salt,4,760,1776914652258,7007,7.405,429,0,
smoke,10,/get-salt,4,761,1776914652262,7007,3.966,429,0,
smoke,10,/get-salt,4,762,1776914652266,7004,4.158,429,0,
smoke,10,/get-salt,4,763,1776914652271,7010,5.215,429,0,
smoke,10,/get-salt,4,764,1776914652276,7005,5.137,429,0,
smoke,10,/get-salt,4,765,1776914652280,7007,4.027,429,0,
smoke,10,/get-salt,4,766,1776914652284,7002,4.03,429,0,
smoke,10,/get-salt,4,767,1776914652290,7009,5.173,429,0,
smoke,10,/get-salt,4,768,1776914652294,7009,4.365,429,0,
smoke,10,/get-salt,4,769,1776914652298,7003,4,429,0,
smoke,10,/get-salt,4,770,1776914652302,7005,3.832,429,0,
smoke,10,/get-salt,4,771,1776914652305,7002,3.561,429,0,
smoke,10,/get-salt,4,772,1776914652309,7008,3.398,429,0,
smoke,10,/get-salt,4,773,1776914652312,7009,3.695,429,0,
smoke,10,/get-salt,4,774,1776914652316,7010,3.882,429,0,
smoke,10,/get-salt,4,775,1776914652324,7008,7.714,429,0,
smoke,10,/get-salt,4,776,1776914652328,7009,3.727,429,0,
smoke,10,/get-salt,4,777,1776914652331,7009,3.671,429,0,
smoke,10,/get-salt,4,778,1776914652335,7008,3.363,429,0,
smoke,10,/get-salt,4,779,1776914652338,7010,3.27,429,0,
smoke,10,/get-salt,4,780,1776914652345,7007,6.854,429,0,
smoke,10,/get-salt,4,781,1776914652355,7009,9.877,429,0,
smoke,10,/get-salt,4,782,1776914652360,7008,4.986,429,0,
smoke,10,/get-salt,4,783,1776914652364,7007,4.055,429,0,
smoke,10,/get-salt,4,784,1776914652369,7001,5.656,429,0,
smoke,10,/get-salt,4,785,1776914652376,7004,6.353,429,0,
smoke,10,/get-salt,4,786,1776914652379,7008,3.511,429,0,
smoke,10,/get-salt,4,787,1776914652383,7001,3.619,429,0,
smoke,10,/get-salt,4,788,1776914652387,7007,4.321,429,0,
smoke,10,/get-salt,4,789,1776914652392,7008,4.21,429,0,
smoke,10,/get-salt,4,790,1776914652396,7006,3.994,429,0,
smoke,10,/get-salt,4,791,1776914652399,7002,3.178,429,0,
smoke,10,/get-salt,4,792,1776914652403,7007,4.477,429,0,
smoke,10,/get-salt,4,793,1776914652407,7005,3.763,429,0,
smoke,10,/get-salt,4,794,1776914652411,7004,4.415,429,0,
smoke,10,/get-salt,4,795,1776914652415,7008,3.994,429,0,
smoke,10,/get-salt,4,796,1776914652419,7002,4.081,429,0,
smoke,10,/get-salt,4,797,1776914652423,7009,3.834,429,0,
smoke,10,/get-salt,4,798,1776914652427,7007,3.835,429,0,
smoke,10,/get-salt,4,799,1776914652431,7008,3.4,429,0,
smoke,10,/get-salt,4,800,1776914652434,7003,3.209,429,0,
smoke,10,/get-salt,4,801,1776914652441,7006,6.925,429,0,
smoke,10,/get-salt,4,802,1776914652445,7004,4.107,429,0,
smoke,10,/get-salt,4,803,1776914652449,7009,4.325,429,0,
smoke,10,/get-salt,4,804,1776914652453,7001,3.982,429,0,
smoke,10,/get-salt,4,805,1776914652457,7006,4.288,429,0,
smoke,10,/get-salt,4,806,1776914652462,7005,4.259,429,0,
smoke,10,/get-salt,4,807,1776914652465,7002,3.502,429,0,
smoke,10,/get-salt,4,808,1776914652469,7007,3.767,429,0,
smoke,10,/get-salt,4,809,1776914652475,7004,5.707,429,0,
smoke,10,/get-salt,4,810,1776914652479,7010,4.693,429,0,
smoke,10,/get-salt,4,811,1776914652483,7010,3.358,429,0,
smoke,10,/get-salt,4,812,1776914652487,7001,4.017,429,0,
smoke,10,/get-salt,4,813,1776914652490,7008,3.393,429,0,
smoke,10,/get-salt,4,814,1776914652497,7010,7.015,429,0,
smoke,10,/get-salt,4,815,1776914652502,7005,5.048,429,0,
smoke,10,/get-salt,4,816,1776914652506,7001,3.951,429,0,
smoke,10,/get-salt,4,817,1776914652510,7004,3.729,429,0,
smoke,10,/get-salt,4,818,1776914652513,7003,3.387,429,0,
smoke,10,/get-salt,4,819,1776914652516,7005,3.193,429,0,
smoke,10,/get-salt,4,820,1776914652521,7004,4.736,429,0,
smoke,10,/get-salt,4,821,1776914652525,7009,4.047,429,0,
smoke,10,/get-salt,4,822,1776914652529,7002,3.41,429,0,
smoke,10,/get-salt,4,823,1776914652532,7006,3.504,429,0,
smoke,10,/get-salt,4,824,1776914652537,7006,4.389,429,0,
smoke,10,/get-salt,4,825,1776914652541,7004,4.211,429,0,
smoke,10,/get-salt,4,826,1776914652545,7003,3.94,429,0,
smoke,10,/get-salt,4,827,1776914652549,7001,3.903,429,0,
smoke,10,/get-salt,4,828,1776914652553,7005,3.864,429,0,
smoke,10,/get-salt,4,829,1776914652562,7002,9.572,429,0,
smoke,10,/get-salt,4,830,1776914652567,7003,4.703,429,0,
smoke,10,/get-salt,4,831,1776914652572,7005,5.531,429,0,
smoke,10,/get-salt,4,832,1776914652577,7008,4.786,429,0,
smoke,10,/get-salt,4,833,1776914652582,7004,4.659,429,0,
smoke,10,/get-salt,4,834,1776914652585,7008,3.409,429,0,
smoke,10,/get-salt,4,835,1776914652589,7005,3.342,429,0,
smoke,10,/get-salt,4,836,1776914652592,7009,3.417,429,0,
smoke,10,/get-salt,4,837,1776914652596,7003,3.683,429,0,
smoke,10,/get-salt,4,838,1776914652599,7003,3.673,429,0,
smoke,10,/get-salt,4,839,1776914652604,7004,4.623,429,0,
smoke,10,/get-salt,4,840,1776914652608,7002,3.683,429,0,
smoke,10,/get-salt,4,841,1776914652612,7004,4.104,429,0,
smoke,10,/get-salt,4,842,1776914652615,7009,3.52,429,0,
smoke,10,/get-salt,4,843,1776914652619,7008,3.784,429,0,
smoke,10,/get-salt,4,844,1776914652626,7008,7.255,429,0,
smoke,10,/get-salt,4,845,1776914652630,7008,3.856,429,0,
smoke,10,/get-salt,4,846,1776914652634,7008,3.908,429,0,
smoke,10,/get-salt,4,847,1776914652638,7010,4.199,429,0,
smoke,10,/get-salt,4,848,1776914652643,7010,4.708,429,0,
smoke,10,/get-salt,4,849,1776914652646,7008,3.348,429,0,
smoke,10,/get-salt,4,850,1776914652650,7004,3.9,429,0,
smoke,10,/get-salt,4,851,1776914652654,7001,4.191,429,0,
smoke,10,/get-salt,4,852,1776914652658,7003,3.785,429,0,
smoke,10,/get-salt,4,853,1776914652662,7005,3.343,429,0,
smoke,10,/get-salt,4,854,1776914652665,7005,3.567,429,0,
smoke,10,/get-salt,4,855,1776914652669,7005,3.79,429,0,
smoke,10,/get-salt,4,856,1776914652673,7002,3.866,429,0,
smoke,10,/get-salt,4,857,1776914652677,7003,4.413,429,0,
smoke,10,/get-salt,4,858,1776914652680,7009,2.712,429,0,
smoke,10,/get-salt,4,859,1776914652690,7002,9.988,429,0,
smoke,10,/get-salt,4,860,1776914652694,7009,3.642,429,0,
smoke,10,/get-salt,4,861,1776914652698,7003,3.916,429,0,
smoke,10,/get-salt,4,862,1776914652702,7004,4.275,429,0,
smoke,10,/get-salt,4,863,1776914652706,7004,4.634,429,0,
smoke,10,/get-salt,4,864,1776914652710,7008,3.322,429,0,
smoke,10,/get-salt,4,865,1776914652713,7009,3.408,429,0,
smoke,10,/get-salt,4,866,1776914652717,7007,3.981,429,0,
smoke,10,/get-salt,4,867,1776914652722,7006,5.311,429,0,
smoke,10,/get-salt,4,868,1776914652726,7004,3.897,429,0,
smoke,10,/get-salt,4,869,1776914652730,7010,3.711,429,0,
smoke,10,/get-salt,4,870,1776914652734,7005,3.486,429,0,
smoke,10,/get-salt,4,871,1776914652738,7006,4.061,429,0,
smoke,10,/get-salt,4,872,1776914652741,7004,3.652,429,0,
smoke,10,/get-salt,4,873,1776914652745,7007,3.906,429,0,
smoke,10,/get-salt,4,874,1776914652753,7005,7.38,429,0,
smoke,10,/get-salt,4,875,1776914652756,7002,3.597,429,0,
smoke,10,/get-salt,4,876,1776914652760,7008,3.907,429,0,
smoke,10,/get-salt,4,877,1776914652764,7003,3.802,429,0,
smoke,10,/get-salt,4,878,1776914652768,7009,3.835,429,0,
smoke,10,/get-salt,4,879,1776914652772,7004,3.994,429,0,
smoke,10,/get-salt,4,880,1776914652776,7004,3.915,429,0,
smoke,10,/get-salt,4,881,1776914652780,7010,4.108,429,0,
smoke,10,/get-salt,4,882,1776914652784,7006,4.056,429,0,
smoke,10,/get-salt,4,883,1776914652788,7006,3.764,429,0,
smoke,10,/get-salt,4,884,1776914652792,7003,4.077,429,0,
smoke,10,/get-salt,4,885,1776914652795,7004,3.568,429,0,
smoke,10,/get-salt,4,886,1776914652799,7007,3.863,429,0,
smoke,10,/get-salt,4,887,1776914652803,7009,3.893,429,0,
smoke,10,/get-salt,4,888,1776914652807,7004,3.935,429,0,
smoke,10,/get-salt,4,889,1776914652814,7008,7.293,429,0,
smoke,10,/get-salt,4,890,1776914652818,7008,3.499,429,0,
smoke,10,/get-salt,4,891,1776914652822,7009,3.94,429,0,
smoke,10,/get-salt,4,892,1776914652825,7007,3.458,429,0,
smoke,10,/get-salt,4,893,1776914652829,7010,3.462,429,0,
smoke,10,/get-salt,4,894,1776914652833,7010,4.072,429,0,
smoke,10,/get-salt,4,895,1776914652837,7010,4.227,429,0,
smoke,10,/get-salt,4,896,1776914652841,7007,3.981,429,0,
smoke,10,/get-salt,4,897,1776914652845,7005,4.088,429,0,
smoke,10,/get-salt,4,898,1776914652849,7001,3.515,429,0,
smoke,10,/get-salt,4,899,1776914652852,7003,3.731,429,0,
smoke,10,/get-salt,4,900,1776914652856,7005,3.971,429,0,
smoke,10,/get-salt,4,901,1776914652860,7002,3.567,429,0,
smoke,10,/get-salt,4,902,1776914652863,7001,3.574,429,0,
smoke,10,/get-salt,4,903,1776914652874,7005,10.778,429,0,
smoke,10,/get-salt,4,904,1776914652878,7008,3.774,429,0,
smoke,10,/get-salt,4,905,1776914652881,7003,3.039,429,0,
smoke,10,/get-salt,4,906,1776914652884,7008,3.354,429,0,
smoke,10,/get-salt,4,907,1776914652888,7004,3.894,429,0,
smoke,10,/get-salt,4,908,1776914652892,7004,4.033,429,0,
smoke,10,/get-salt,4,909,1776914652896,7010,3.924,429,0,
smoke,10,/get-salt,4,910,1776914652900,7004,4.127,429,0,
smoke,10,/get-salt,4,911,1776914652904,7005,3.938,429,0,
smoke,10,/get-salt,4,912,1776914652908,7005,4.022,429,0,
smoke,10,/get-salt,4,913,1776914652913,7003,4.776,429,0,
smoke,10,/get-salt,4,914,1776914652917,7009,4.048,429,0,
smoke,10,/get-salt,4,915,1776914652921,7009,4.161,429,0,
smoke,10,/get-salt,4,916,1776914652925,7001,4.144,429,0,
smoke,10,/get-salt,4,917,1776914652929,7004,3.542,429,0,
smoke,10,/get-salt,4,918,1776914652940,7010,11.286,429,0,
smoke,10,/get-salt,4,919,1776914652945,7007,4.211,429,0,
smoke,10,/get-salt,4,920,1776914652949,7002,4.033,429,0,
smoke,10,/get-salt,4,921,1776914652953,7005,4.154,429,0,
smoke,10,/get-salt,4,922,1776914652957,7010,3.845,429,0,
smoke,10,/get-salt,4,923,1776914652961,7009,3.99,429,0,
smoke,10,/get-salt,4,924,1776914652965,7010,4.117,429,0,
smoke,10,/get-salt,4,925,1776914652968,7010,3.802,429,0,
smoke,10,/get-salt,4,926,1776914652973,7005,4.521,429,0,
smoke,10,/get-salt,4,927,1776914652977,7007,4.429,429,0,
smoke,10,/get-salt,4,928,1776914652981,7009,3.556,429,0,
smoke,10,/get-salt,4,929,1776914652986,7006,5.146,429,0,
smoke,10,/get-salt,4,930,1776914652990,7007,3.511,429,0,
smoke,10,/get-salt,4,931,1776914652994,7001,4.471,429,0,
smoke,10,/get-salt,4,932,1776914652998,7008,3.851,429,0,
smoke,10,/get-salt,4,933,1776914653007,7007,8.773,429,0,
smoke,10,/get-salt,4,934,1776914653016,7005,9.415,429,0,
smoke,10,/get-salt,4,935,1776914653025,7008,8.789,429,0,
smoke,10,/get-salt,4,936,1776914653029,7007,3.988,429,0,
smoke,10,/get-salt,4,937,1776914653034,7007,4.543,429,0,
smoke,10,/get-salt,4,938,1776914653037,7003,3.956,429,0,
smoke,10,/get-salt,4,939,1776914653041,7003,4.005,429,0,
smoke,10,/get-salt,4,940,1776914653046,7007,4.626,429,0,
smoke,10,/get-salt,4,941,1776914653051,7007,5.081,429,0,
smoke,10,/get-salt,4,942,1776914653056,7005,4.708,429,0,
smoke,10,/get-salt,4,943,1776914653061,7008,4.623,429,0,
smoke,10,/get-salt,4,944,1776914653069,7007,8.197,429,0,
smoke,10,/get-salt,4,945,1776914653072,7006,3.321,429,0,
smoke,10,/get-salt,4,946,1776914653075,7003,3.145,429,0,
smoke,10,/get-salt,4,947,1776914653081,7009,6.156,429,0,
smoke,10,/get-salt,4,948,1776914653085,7007,3.768,429,0,
smoke,10,/get-salt,4,949,1776914653087,7009,2.279,429,0,
smoke,10,/get-salt,4,950,1776914653091,7009,3.086,429,0,
smoke,10,/get-salt,4,951,1776914653095,7009,4.277,429,0,
smoke,10,/get-salt,4,952,1776914653100,7009,5.213,429,0,
smoke,10,/get-salt,4,953,1776914653104,7010,3.718,429,0,
smoke,10,/get-salt,4,954,1776914653109,7004,5.443,429,0,
smoke,10,/get-salt,4,955,1776914653116,7007,6.568,429,0,
smoke,10,/get-salt,4,956,1776914653120,7005,3.96,429,0,
smoke,10,/get-salt,4,957,1776914653124,7002,4.259,429,0,
smoke,10,/get-salt,4,958,1776914653128,7008,3.793,429,0,
smoke,10,/get-salt,4,959,1776914653132,7006,4.002,429,0,
smoke,10,/get-salt,4,960,1776914653136,7009,3.866,429,0,
smoke,10,/get-salt,4,961,1776914653141,7010,4.981,429,0,
smoke,10,/get-salt,4,962,1776914653145,7001,4.873,429,0,
smoke,10,/get-salt,4,963,1776914653150,7005,4.022,429,0,
smoke,10,/get-salt,4,964,1776914653155,7008,5.284,429,0,
smoke,10,/get-salt,4,965,1776914653159,7004,4.495,429,0,
smoke,10,/get-salt,4,966,1776914653164,7007,4.697,429,0,
smoke,10,/get-salt,4,967,1776914653168,7010,3.89,429,0,
smoke,10,/get-salt,4,968,1776914653178,7004,10.058,429,0,
smoke,10,/get-salt,4,969,1776914653182,7003,4.092,429,0,
smoke,10,/get-salt,4,970,1776914653186,7008,4.035,429,0,
smoke,10,/get-salt,4,971,1776914653192,7003,6.128,429,0,
smoke,10,/get-salt,4,972,1776914653198,7007,5.768,429,0,
smoke,10,/get-salt,4,973,1776914653203,7007,5.4,429,0,
smoke,10,/get-salt,4,974,1776914653207,7008,3.939,429,0,
smoke,10,/get-salt,4,975,1776914653212,7005,4.146,429,0,
smoke,10,/get-salt,4,976,1776914653215,7007,3.77,429,0,
smoke,10,/get-salt,4,977,1776914653219,7007,3.346,429,0,
smoke,10,/get-salt,4,978,1776914653223,7002,4.315,429,0,
smoke,10,/get-salt,4,979,1776914653227,7008,3.644,429,0,
smoke,10,/get-salt,4,980,1776914653230,7009,3.278,429,0,
smoke,10,/get-salt,4,981,1776914653234,7010,4.129,429,0,
smoke,10,/get-salt,4,982,1776914653238,7010,4.038,429,0,
smoke,10,/get-salt,4,983,1776914653242,7008,3.597,429,0,
smoke,10,/get-salt,4,984,1776914653250,7009,8.089,429,0,
smoke,10,/get-salt,4,985,1776914653254,7003,3.799,429,0,
smoke,10,/get-salt,4,986,1776914653257,7003,3.424,429,0,
smoke,10,/get-salt,4,987,1776914653261,7010,3.768,429,0,
smoke,10,/get-salt,4,988,1776914653264,7002,3.418,429,0,
smoke,10,/get-salt,4,989,1776914653268,7008,3.811,429,0,
smoke,10,/get-salt,4,990,1776914653273,7004,5.053,429,0,
smoke,10,/get-salt,4,991,1776914653277,7005,3.768,429,0,
smoke,10,/get-salt,4,992,1776914653281,7006,3.826,429,0,
smoke,10,/get-salt,4,993,1776914653285,7008,3.892,429,0,
smoke,10,/get-salt,4,994,1776914653288,7009,3.725,429,0,
smoke,10,/get-salt,4,995,1776914653292,7002,3.982,429,0,
smoke,10,/get-salt,4,996,1776914653297,7010,4.713,429,0,
smoke,10,/get-salt,4,997,1776914653301,7007,4.077,429,0,
smoke,10,/get-salt,4,998,1776914653308,7003,7.323,429,0,
smoke,10,/get-salt,4,999,1776914653312,7007,3.776,429,0,
smoke,10,/get-salt,4,1000,1776914653315,7006,3.234,429,0,
smoke,10,/get-salt,4,1001,1776914653319,7007,3.838,429,0,
smoke,10,/get-salt,4,1002,1776914653323,7004,3.832,429,0,
smoke,10,/get-salt,4,1003,1776914653326,7006,3.017,429,0,
smoke,10,/get-salt,4,1004,1776914653330,7010,3.679,429,0,
smoke,10,/get-salt,4,1005,1776914653333,7009,3.464,429,0,
smoke,10,/get-salt,4,1006,1776914653337,7007,3.576,429,0,
smoke,10,/get-salt,4,1007,1776914653341,7008,3.925,429,0,
smoke,10,/get-salt,4,1008,1776914653345,7008,3.756,429,0,
smoke,10,/get-salt,4,1009,1776914653348,7010,3.425,429,0,
smoke,10,/get-salt,4,1010,1776914653351,7009,3.519,429,0,
smoke,10,/get-salt,4,1011,1776914653355,7001,3.484,429,0,
smoke,10,/get-salt,4,1012,1776914653359,7001,3.892,429,0,
smoke,10,/get-salt,4,1013,1776914653366,7002,7.485,429,0,
smoke,10,/get-salt,4,1014,1776914653370,7001,4.002,429,0,
smoke,10,/get-salt,4,1015,1776914653374,7004,3.352,429,0,
smoke,10,/get-salt,4,1016,1776914653377,7006,3.629,429,0,
smoke,10,/get-salt,4,1017,1776914653381,7003,3.434,429,0,
smoke,10,/get-salt,4,1018,1776914653386,7003,5.278,429,0,
smoke,10,/get-salt,4,1019,1776914653390,7009,4.346,429,0,
smoke,10,/get-salt,4,1020,1776914653394,7001,4.044,429,0,
smoke,10,/get-salt,4,1021,1776914653399,7006,4.475,429,0,
smoke,10,/get-salt,4,1022,1776914653402,7002,3.471,429,0,
smoke,10,/get-salt,4,1023,1776914653406,7005,3.873,429,0,
smoke,10,/get-salt,4,1024,1776914653410,7007,3.6,429,0,
smoke,10,/get-salt,4,1025,1776914653414,7003,4.287,429,0,
smoke,10,/get-salt,4,1026,1776914653418,7004,3.585,429,0,
smoke,10,/get-salt,4,1027,1776914653421,7003,2.925,429,0,
smoke,10,/get-salt,4,1028,1776914653427,7007,6.782,429,0,
smoke,10,/get-salt,4,1029,1776914653430,7002,2.977,429,0,
smoke,10,/get-salt,4,1030,1776914653433,7003,2.934,429,0,
smoke,10,/get-salt,4,1031,1776914653436,7003,2.75,429,0,
smoke,10,/get-salt,4,1032,1776914653440,7007,3.469,429,0,
smoke,10,/get-salt,4,1033,1776914653443,7007,3.246,429,0,
smoke,10,/get-salt,4,1034,1776914653447,7001,3.886,429,0,
smoke,10,/get-salt,4,1035,1776914653451,7004,4.265,429,0,
smoke,10,/get-salt,4,1036,1776914653456,7010,5.304,429,0,
smoke,10,/get-salt,4,1037,1776914653460,7007,3.42,429,0,
smoke,10,/get-salt,4,1038,1776914653467,7006,6.75,429,0,
smoke,10,/get-salt,4,1039,1776914653471,7004,4.516,429,0,
smoke,10,/get-salt,4,1040,1776914653474,7006,3.095,429,0,
smoke,10,/get-salt,4,1041,1776914653476,7008,2.172,429,0,
smoke,10,/get-salt,4,1042,1776914653484,7010,7.264,429,0,
smoke,10,/get-salt,4,1043,1776914653493,7001,9.239,429,0,
smoke,10,/get-salt,4,1044,1776914653496,7010,3.49,429,0,
smoke,10,/get-salt,4,1045,1776914653500,7007,3.74,429,0,
smoke,10,/get-salt,4,1046,1776914653504,7005,3.547,429,0,
smoke,10,/get-salt,4,1047,1776914653509,7004,5.542,429,0,
smoke,10,/get-salt,4,1048,1776914653513,7007,4.305,429,0,
smoke,10,/get-salt,4,1049,1776914653518,7001,4.491,429,0,
smoke,10,/get-salt,4,1050,1776914653522,7001,3.814,429,0,
smoke,10,/get-salt,4,1051,1776914653526,7002,4.066,429,0,
smoke,10,/get-salt,4,1052,1776914653530,7006,3.805,429,0,
smoke,10,/get-salt,4,1053,1776914653534,7001,3.862,429,0,
smoke,10,/get-salt,4,1054,1776914653537,7009,3.703,429,0,
smoke,10,/get-salt,4,1055,1776914653541,7007,4.187,429,0,
smoke,10,/get-salt,4,1056,1776914653545,7006,3.075,429,0,
smoke,10,/get-salt,4,1057,1776914653547,7008,2.358,429,0,
smoke,10,/get-salt,4,1058,1776914653551,7005,4.472,429,0,
smoke,10,/get-salt,4,1059,1776914653562,7008,10.271,429,0,
smoke,10,/get-salt,4,1060,1776914653566,7010,4.367,429,0,
smoke,10,/get-salt,4,1061,1776914653571,7009,4.659,429,0,
smoke,10,/get-salt,4,1062,1776914653575,7004,3.995,429,0,
smoke,10,/get-salt,4,1063,1776914653577,7003,2.316,429,0,
smoke,10,/get-salt,4,1064,1776914653582,7004,5.454,429,0,
smoke,10,/get-salt,4,1065,1776914653587,7002,4.093,429,0,
smoke,10,/get-salt,4,1066,1776914653590,7003,3.876,429,0,
smoke,10,/get-salt,4,1067,1776914653595,7001,4.525,429,0,
smoke,10,/get-salt,4,1068,1776914653599,7004,4.407,429,0,
smoke,10,/get-salt,4,1069,1776914653604,7009,5.026,429,0,
smoke,10,/get-salt,4,1070,1776914653608,7003,3.721,429,0,
smoke,10,/get-salt,4,1071,1776914653612,7003,4.18,429,0,
smoke,10,/get-salt,4,1072,1776914653617,7003,4.756,429,0,
smoke,10,/get-salt,4,1073,1776914653621,7010,4.213,429,0,
smoke,10,/get-salt,4,1074,1776914653624,7002,2.924,429,0,
smoke,10,/get-salt,4,1075,1776914653633,7010,8.942,429,0,
smoke,10,/get-salt,4,1076,1776914653638,7007,4.795,429,0,
smoke,10,/get-salt,4,1077,1776914653642,7008,3.872,429,0,
smoke,10,/get-salt,4,1078,1776914653646,7007,4.506,429,0,
smoke,10,/get-salt,4,1079,1776914653650,7005,4.067,429,0,
smoke,10,/get-salt,4,1080,1776914653655,7010,4.617,429,0,
smoke,10,/get-salt,4,1081,1776914653660,7005,4.647,429,0,
smoke,10,/get-salt,4,1082,1776914653663,7008,3.594,429,0,
smoke,10,/get-salt,4,1083,1776914653667,7006,4.099,429,0,
smoke,10,/get-salt,4,1084,1776914653672,7006,4.392,429,0,
smoke,10,/get-salt,4,1085,1776914653677,7010,5.357,429,0,
smoke,10,/get-salt,4,1086,1776914653683,7006,5.599,429,0,
smoke,10,/get-salt,4,1087,1776914653687,7004,3.847,429,0,
smoke,10,/get-salt,4,1088,1776914653691,7007,4.582,429,0,
smoke,10,/get-salt,4,1089,1776914653700,7010,8.983,429,0,
smoke,10,/get-salt,4,1090,1776914653704,7006,4.006,429,0,
smoke,10,/get-salt,4,1091,1776914653708,7006,3.658,429,0,
smoke,10,/get-salt,4,1092,1776914653715,7010,7.387,429,0,
smoke,10,/get-salt,4,1093,1776914653721,7002,5.495,429,0,
smoke,10,/get-salt,4,1094,1776914653732,7003,10.784,429,0,
smoke,10,/get-salt,4,1095,1776914653736,7001,3.993,429,0,
smoke,10,/get-salt,4,1096,1776914653739,7006,3.481,429,0,
smoke,10,/get-salt,4,1097,1776914653745,7004,6.169,429,0,
smoke,10,/get-salt,4,1098,1776914653749,7007,4.249,429,0,
smoke,10,/get-salt,4,1099,1776914653753,7004,3.968,429,0,
smoke,10,/get-salt,4,1100,1776914653757,7009,3.993,429,0,
smoke,10,/get-salt,4,1101,1776914653762,7005,4.248,429,0,
smoke,10,/get-salt,4,1102,1776914653766,7002,4.339,429,0,
smoke,10,/get-salt,4,1103,1776914653769,7004,3.274,429,0,
smoke,10,/get-salt,4,1104,1776914653773,7010,4.092,429,0,
smoke,10,/get-salt,4,1105,1776914653778,7009,4.208,429,0,
smoke,10,/get-salt,4,1106,1776914653781,7003,3.82,429,0,
smoke,10,/get-salt,4,1107,1776914653785,7002,3.958,429,0,
smoke,10,/get-salt,4,1108,1776914653789,7006,4.077,429,0,
smoke,10,/get-salt,4,1109,1776914653793,7001,3.986,429,0,
smoke,10,/get-salt,4,1110,1776914653797,7008,3.647,429,0,
smoke,10,/get-salt,4,1111,1776914653800,7008,3.415,429,0,
smoke,10,/get-salt,4,1112,1776914653804,7010,3.849,429,0,
smoke,10,/get-salt,4,1113,1776914653808,7006,3.971,429,0,
smoke,10,/get-salt,4,1114,1776914653815,7002,6.397,429,0,
smoke,10,/get-salt,4,1115,1776914653818,7002,3.407,429,0,
smoke,10,/get-salt,4,1116,1776914653822,7005,3.712,429,0,
smoke,10,/get-salt,4,1117,1776914653827,7007,4.659,429,0,
smoke,10,/get-salt,4,1118,1776914653830,7001,3.922,429,0,
smoke,10,/get-salt,4,1119,1776914653835,7009,4.076,429,0,
smoke,10,/get-salt,4,1120,1776914653838,7003,3.444,429,0,
smoke,10,/get-salt,4,1121,1776914653842,7006,3.825,429,0,
smoke,10,/get-salt,4,1122,1776914653847,7006,4.972,429,0,
smoke,10,/get-salt,4,1123,1776914653851,7006,4.192,429,0,
smoke,10,/get-salt,4,1124,1776914653854,7005,3.4,429,0,
smoke,10,/get-salt,4,1125,1776914653858,7009,3.977,429,0,
smoke,10,/get-salt,4,1126,1776914653862,7006,4.027,429,0,
smoke,10,/get-salt,4,1127,1776914653866,7005,3.857,429,0,
smoke,10,/get-salt,4,1128,1776914653873,7001,6.909,429,0,
smoke,10,/get-salt,5,0,1776914648878,7007,6.903,429,0,
smoke,10,/get-salt,5,1,1776914648887,7006,8.058,429,0,
smoke,10,/get-salt,5,2,1776914648897,7005,10.32,429,0,
smoke,10,/get-salt,5,3,1776914648900,7004,3.631,429,0,
smoke,10,/get-salt,5,4,1776914648904,7004,3.678,429,0,
smoke,10,/get-salt,5,5,1776914648909,7003,4.686,429,0,
smoke,10,/get-salt,5,6,1776914648913,7003,4.437,429,0,
smoke,10,/get-salt,5,7,1776914648920,7008,6.845,429,0,
smoke,10,/get-salt,5,8,1776914648925,7004,4.4,429,0,
smoke,10,/get-salt,5,9,1776914648929,7002,4.232,429,0,
smoke,10,/get-salt,5,10,1776914648933,7009,3.915,429,0,
smoke,10,/get-salt,5,11,1776914648937,7006,4.059,429,0,
smoke,10,/get-salt,5,12,1776914648941,7004,4.697,429,0,
smoke,10,/get-salt,5,13,1776914648946,7002,4.614,429,0,
smoke,10,/get-salt,5,14,1776914648951,7006,4.53,429,0,
smoke,10,/get-salt,5,15,1776914648955,7007,4.079,429,0,
smoke,10,/get-salt,5,16,1776914648959,7001,4.095,429,0,
smoke,10,/get-salt,5,17,1776914648971,7006,12.621,429,0,
smoke,10,/get-salt,5,18,1776914648976,7005,4.241,429,0,
smoke,10,/get-salt,5,19,1776914648980,7001,4.673,429,0,
smoke,10,/get-salt,5,20,1776914648985,7001,4.467,429,0,
smoke,10,/get-salt,5,21,1776914648990,7007,4.678,429,0,
smoke,10,/get-salt,5,22,1776914648994,7002,4.217,429,0,
smoke,10,/get-salt,5,23,1776914649002,7009,7.818,429,0,
smoke,10,/get-salt,5,24,1776914649005,7009,3.411,429,0,
smoke,10,/get-salt,5,25,1776914649009,7001,4.31,429,0,
smoke,10,/get-salt,5,26,1776914649013,7006,4.083,429,0,
smoke,10,/get-salt,5,27,1776914649018,7007,4.578,429,0,
smoke,10,/get-salt,5,28,1776914649023,7010,4.561,429,0,
smoke,10,/get-salt,5,29,1776914649027,7003,4.74,429,0,
smoke,10,/get-salt,5,30,1776914649032,7001,4.387,429,0,
smoke,10,/get-salt,5,31,1776914649037,7005,4.874,429,0,
smoke,10,/get-salt,5,32,1776914649041,7007,4.185,429,0,
smoke,10,/get-salt,5,33,1776914649045,7003,4.589,429,0,
smoke,10,/get-salt,5,34,1776914649050,7009,4.573,429,0,
smoke,10,/get-salt,5,35,1776914649054,7001,4.54,429,0,
smoke,10,/get-salt,5,36,1776914649059,7003,4.542,429,0,
smoke,10,/get-salt,5,37,1776914649064,7010,4.547,429,0,
smoke,10,/get-salt,5,38,1776914649068,7005,4.432,429,0,
smoke,10,/get-salt,5,39,1776914649076,7009,7.975,429,0,
smoke,10,/get-salt,5,40,1776914649080,7002,4.102,429,0,
smoke,10,/get-salt,5,41,1776914649084,7005,4.307,429,0,
smoke,10,/get-salt,5,42,1776914649089,7008,4.291,429,0,
smoke,10,/get-salt,5,43,1776914649093,7005,4.58,429,0,
smoke,10,/get-salt,5,44,1776914649097,7001,4.104,429,0,
smoke,10,/get-salt,5,45,1776914649102,7001,4.225,429,0,
smoke,10,/get-salt,5,46,1776914649105,7010,3.716,429,0,
smoke,10,/get-salt,5,47,1776914649109,7009,3.561,429,0,
smoke,10,/get-salt,5,48,1776914649112,7005,3.569,429,0,
smoke,10,/get-salt,5,49,1776914649117,7001,4.343,429,0,
smoke,10,/get-salt,5,50,1776914649120,7008,3.3,429,0,
smoke,10,/get-salt,5,51,1776914649125,7003,4.512,429,0,
smoke,10,/get-salt,5,52,1776914649130,7008,5.542,429,0,
smoke,10,/get-salt,5,53,1776914649134,7006,3.767,429,0,
smoke,10,/get-salt,5,54,1776914649138,7009,3.828,429,0,
smoke,10,/get-salt,5,55,1776914649142,7008,4.036,429,0,
smoke,10,/get-salt,5,56,1776914649149,7010,7.605,429,0,
smoke,10,/get-salt,5,57,1776914649153,7002,3.133,429,0,
smoke,10,/get-salt,5,58,1776914649156,7004,3.23,429,0,
smoke,10,/get-salt,5,59,1776914649160,7009,4.099,429,0,
smoke,10,/get-salt,5,60,1776914649164,7007,4.174,429,0,
smoke,10,/get-salt,5,61,1776914649169,7003,4.665,429,0,
smoke,10,/get-salt,5,62,1776914649173,7002,4.259,429,0,
smoke,10,/get-salt,5,63,1776914649178,7001,4.634,429,0,
smoke,10,/get-salt,5,64,1776914649182,7005,4.482,429,0,
smoke,10,/get-salt,5,65,1776914649187,7004,4.481,429,0,
smoke,10,/get-salt,5,66,1776914649191,7010,4.776,429,0,
smoke,10,/get-salt,5,67,1776914649196,7001,4.798,429,0,
smoke,10,/get-salt,5,68,1776914649200,7009,3.971,429,0,
smoke,10,/get-salt,5,69,1776914649205,7007,4.616,429,0,
smoke,10,/get-salt,5,70,1776914649209,7006,3.69,429,0,
smoke,10,/get-salt,5,71,1776914649216,7001,7.568,429,0,
smoke,10,/get-salt,5,72,1776914649222,7003,6.074,429,0,
smoke,10,/get-salt,5,73,1776914649228,7004,5.399,429,0,
smoke,10,/get-salt,5,74,1776914649233,7007,5.362,429,0,
smoke,10,/get-salt,5,75,1776914649237,7008,4.336,429,0,
smoke,10,/get-salt,5,76,1776914649242,7004,4.276,429,0,
smoke,10,/get-salt,5,77,1776914649246,7001,4.669,429,0,
smoke,10,/get-salt,5,78,1776914649251,7001,4.586,429,0,
smoke,10,/get-salt,5,79,1776914649256,7008,4.823,429,0,
smoke,10,/get-salt,5,80,1776914649261,7006,5.294,429,0,
smoke,10,/get-salt,5,81,1776914649265,7003,3.569,429,0,
smoke,10,/get-salt,5,82,1776914649270,7007,5.194,429,0,
smoke,10,/get-salt,5,83,1776914649274,7004,4.512,429,0,
smoke,10,/get-salt,5,84,1776914649278,7005,3.703,429,0,
smoke,10,/get-salt,5,85,1776914649282,7010,3.999,429,0,
smoke,10,/get-salt,5,86,1776914649286,7007,4.436,429,0,
smoke,10,/get-salt,5,87,1776914649295,7008,8.5,429,0,
smoke,10,/get-salt,5,88,1776914649305,7007,9.715,429,0,
smoke,10,/get-salt,5,89,1776914649313,7009,8.425,429,0,
smoke,10,/get-salt,5,90,1776914649317,7007,3.917,429,0,
smoke,10,/get-salt,5,91,1776914649321,7007,4.087,429,0,
smoke,10,/get-salt,5,92,1776914649325,7007,4.148,429,0,
smoke,10,/get-salt,5,93,1776914649329,7007,3.73,429,0,
smoke,10,/get-salt,5,94,1776914649334,7005,4.968,429,0,
smoke,10,/get-salt,5,95,1776914649338,7002,4.347,429,0,
smoke,10,/get-salt,5,96,1776914649343,7004,4.418,429,0,
smoke,10,/get-salt,5,97,1776914649347,7007,4.338,429,0,
smoke,10,/get-salt,5,98,1776914649351,7008,4.246,429,0,
smoke,10,/get-salt,5,99,1776914649355,7006,3.735,429,0,
smoke,10,/get-salt,5,100,1776914649359,7005,4.408,429,0,
smoke,10,/get-salt,5,101,1776914649364,7004,4.274,429,0,
smoke,10,/get-salt,5,102,1776914649368,7003,3.959,429,0,
smoke,10,/get-salt,5,103,1776914649372,7005,4.331,429,0,
smoke,10,/get-salt,5,104,1776914649376,7008,3.837,429,0,
smoke,10,/get-salt,5,105,1776914649380,7005,4.067,429,0,
smoke,10,/get-salt,5,106,1776914649384,7007,4.115,429,0,
smoke,10,/get-salt,5,107,1776914649388,7008,3.946,429,0,
smoke,10,/get-salt,5,108,1776914649392,7008,4.459,429,0,
smoke,10,/get-salt,5,109,1776914649399,7003,6.539,429,0,
smoke,10,/get-salt,5,110,1776914649403,7005,4.235,429,0,
smoke,10,/get-salt,5,111,1776914649407,7006,4.225,429,0,
smoke,10,/get-salt,5,112,1776914649411,7008,3.969,429,0,
smoke,10,/get-salt,5,113,1776914649415,7009,3.929,429,0,
smoke,10,/get-salt,5,114,1776914649420,7010,4.22,429,0,
smoke,10,/get-salt,5,115,1776914649424,7009,4.113,429,0,
smoke,10,/get-salt,5,116,1776914649428,7002,4.093,429,0,
smoke,10,/get-salt,5,117,1776914649432,7001,4.021,429,0,
smoke,10,/get-salt,5,118,1776914649436,7009,4.329,429,0,
smoke,10,/get-salt,5,119,1776914649440,7004,3.629,429,0,
smoke,10,/get-salt,5,120,1776914649444,7008,3.857,429,0,
smoke,10,/get-salt,5,121,1776914649447,7001,3.766,429,0,
smoke,10,/get-salt,5,122,1776914649455,7005,7.768,429,0,
smoke,10,/get-salt,5,123,1776914649459,7005,3.614,429,0,
smoke,10,/get-salt,5,124,1776914649463,7004,3.981,429,0,
smoke,10,/get-salt,5,125,1776914649467,7001,4.381,429,0,
smoke,10,/get-salt,5,126,1776914649472,7003,4.451,429,0,
smoke,10,/get-salt,5,127,1776914649476,7001,4.289,429,0,
smoke,10,/get-salt,5,128,1776914649480,7006,4.315,429,0,
smoke,10,/get-salt,5,129,1776914649484,7009,3.802,429,0,
smoke,10,/get-salt,5,130,1776914649488,7004,4.259,429,0,
smoke,10,/get-salt,5,131,1776914649493,7003,4.336,429,0,
smoke,10,/get-salt,5,132,1776914649497,7008,4.206,429,0,
smoke,10,/get-salt,5,133,1776914649501,7006,4.469,429,0,
smoke,10,/get-salt,5,134,1776914649513,7006,11.802,429,0,
smoke,10,/get-salt,5,135,1776914649517,7007,3.871,429,0,
smoke,10,/get-salt,5,136,1776914649526,7009,9.099,429,0,
smoke,10,/get-salt,5,137,1776914649530,7006,4.215,429,0,
smoke,10,/get-salt,5,138,1776914649534,7001,3.831,429,0,
smoke,10,/get-salt,5,139,1776914649538,7006,3.379,429,0,
smoke,10,/get-salt,5,140,1776914649543,7010,5.408,429,0,
smoke,10,/get-salt,5,141,1776914649563,7009,20.491,429,0,
smoke,10,/get-salt,5,142,1776914649567,7006,3.773,429,0,
smoke,10,/get-salt,5,143,1776914649572,7010,4.562,429,0,
smoke,10,/get-salt,5,144,1776914649576,7001,3.856,429,0,
smoke,10,/get-salt,5,145,1776914649579,7006,3.796,429,0,
smoke,10,/get-salt,5,146,1776914649584,7008,5.052,429,0,
smoke,10,/get-salt,5,147,1776914649589,7010,4.285,429,0,
smoke,10,/get-salt,5,148,1776914649593,7010,3.917,429,0,
smoke,10,/get-salt,5,149,1776914649597,7003,3.817,429,0,
smoke,10,/get-salt,5,150,1776914649601,7005,4.251,429,0,
smoke,10,/get-salt,5,151,1776914649608,7002,6.804,429,0,
smoke,10,/get-salt,5,152,1776914649611,7008,3.719,429,0,
smoke,10,/get-salt,5,153,1776914649615,7007,3.63,429,0,
smoke,10,/get-salt,5,154,1776914649619,7009,3.662,429,0,
smoke,10,/get-salt,5,155,1776914649623,7003,4.115,429,0,
smoke,10,/get-salt,5,156,1776914649627,7005,4.157,429,0,
smoke,10,/get-salt,5,157,1776914649631,7005,4.156,429,0,
smoke,10,/get-salt,5,158,1776914649634,7004,2.933,429,0,
smoke,10,/get-salt,5,159,1776914649637,7001,3.395,429,0,
smoke,10,/get-salt,5,160,1776914649642,7006,4.051,429,0,
smoke,10,/get-salt,5,161,1776914649648,7003,6.68,429,0,
smoke,10,/get-salt,5,162,1776914649651,7005,3.253,429,0,
smoke,10,/get-salt,5,163,1776914649655,7010,3.173,429,0,
smoke,10,/get-salt,5,164,1776914649658,7005,3.343,429,0,
smoke,10,/get-salt,5,165,1776914649662,7003,4.321,429,0,
smoke,10,/get-salt,5,166,1776914649664,7009,1.756,429,0,
smoke,10,/get-salt,5,167,1776914649670,7001,5.564,429,0,
smoke,10,/get-salt,5,168,1776914649675,7005,5.469,429,0,
smoke,10,/get-salt,5,169,1776914649679,7010,3.844,429,0,
smoke,10,/get-salt,5,170,1776914649683,7005,4.074,429,0,
smoke,10,/get-salt,5,171,1776914649687,7001,4.099,429,0,
smoke,10,/get-salt,5,172,1776914649690,7007,2.444,429,0,
smoke,10,/get-salt,5,173,1776914649692,7010,2.31,429,0,
smoke,10,/get-salt,5,174,1776914649695,7008,3.026,429,0,
smoke,10,/get-salt,5,175,1776914649698,7001,3.231,429,0,
smoke,10,/get-salt,5,176,1776914649707,7001,8.478,429,0,
smoke,10,/get-salt,5,177,1776914649710,7004,3.612,429,0,
smoke,10,/get-salt,5,178,1776914649715,7009,5.162,429,0,
smoke,10,/get-salt,5,179,1776914649721,7002,5.344,429,0,
smoke,10,/get-salt,5,180,1776914649724,7007,3.402,429,0,
smoke,10,/get-salt,5,181,1776914649728,7010,3.842,429,0,
smoke,10,/get-salt,5,182,1776914649732,7007,3.929,429,0,
smoke,10,/get-salt,5,183,1776914649736,7007,4.126,429,0,
smoke,10,/get-salt,5,184,1776914649740,7005,4.244,429,0,
smoke,10,/get-salt,5,185,1776914649744,7006,3.679,429,0,
smoke,10,/get-salt,5,186,1776914649748,7007,4.037,429,0,
smoke,10,/get-salt,5,187,1776914649754,7003,6.394,429,0,
smoke,10,/get-salt,5,188,1776914649759,7008,4.321,429,0,
smoke,10,/get-salt,5,189,1776914649763,7009,3.952,429,0,
smoke,10,/get-salt,5,190,1776914649771,7009,7.876,429,0,
smoke,10,/get-salt,5,191,1776914649775,7004,3.88,429,0,
smoke,10,/get-salt,5,192,1776914649778,7002,3.212,429,0,
smoke,10,/get-salt,5,193,1776914649782,7010,3.81,429,0,
smoke,10,/get-salt,5,194,1776914649786,7008,4.399,429,0,
smoke,10,/get-salt,5,195,1776914649790,7009,3.918,429,0,
smoke,10,/get-salt,5,196,1776914649793,7009,3.541,429,0,
smoke,10,/get-salt,5,197,1776914649798,7001,4.354,429,0,
smoke,10,/get-salt,5,198,1776914649802,7008,4.036,429,0,
smoke,10,/get-salt,5,199,1776914649805,7008,3.277,429,0,
smoke,10,/get-salt,5,200,1776914649810,7009,4.911,429,0,
smoke,10,/get-salt,5,201,1776914649814,7006,4.227,429,0,
smoke,10,/get-salt,5,202,1776914649818,7010,4.094,429,0,
smoke,10,/get-salt,5,203,1776914649823,7008,4.438,429,0,
smoke,10,/get-salt,5,204,1776914649827,7003,4.08,429,0,
smoke,10,/get-salt,5,205,1776914649835,7005,7.858,429,0,
smoke,10,/get-salt,5,206,1776914649846,7006,11.546,429,0,
smoke,10,/get-salt,5,207,1776914649851,7007,4.269,429,0,
smoke,10,/get-salt,5,208,1776914649854,7005,3.587,429,0,
smoke,10,/get-salt,5,209,1776914649858,7007,4.264,429,0,
smoke,10,/get-salt,5,210,1776914649862,7008,3.345,429,0,
smoke,10,/get-salt,5,211,1776914649866,7008,4.531,429,0,
smoke,10,/get-salt,5,212,1776914649870,7003,3.913,429,0,
smoke,10,/get-salt,5,213,1776914649875,7010,4.598,429,0,
smoke,10,/get-salt,5,214,1776914649879,7003,3.924,429,0,
smoke,10,/get-salt,5,215,1776914649883,7002,3.842,429,0,
smoke,10,/get-salt,5,216,1776914649886,7001,3.616,429,0,
smoke,10,/get-salt,5,217,1776914649890,7002,3.528,429,0,
smoke,10,/get-salt,5,218,1776914649894,7008,4.189,429,0,
smoke,10,/get-salt,5,219,1776914649898,7005,4.05,429,0,
smoke,10,/get-salt,5,220,1776914649901,7007,2.599,429,0,
smoke,10,/get-salt,5,221,1776914649905,7009,4.337,429,0,
smoke,10,/get-salt,5,222,1776914649910,7009,4.548,429,0,
smoke,10,/get-salt,5,223,1776914649914,7009,4.279,429,0,
smoke,10,/get-salt,5,224,1776914649918,7005,3.957,429,0,
smoke,10,/get-salt,5,225,1776914649921,7008,3.695,429,0,
smoke,10,/get-salt,5,226,1776914649925,7007,3.679,429,0,
smoke,10,/get-salt,5,227,1776914649932,7009,6.684,429,0,
smoke,10,/get-salt,5,228,1776914649936,7004,4.261,429,0,
smoke,10,/get-salt,5,229,1776914649940,7010,4.211,429,0,
smoke,10,/get-salt,5,230,1776914649944,7001,3.737,429,0,
smoke,10,/get-salt,5,231,1776914649947,7009,3.377,429,0,
smoke,10,/get-salt,5,232,1776914649952,7008,4.981,429,0,
smoke,10,/get-salt,5,233,1776914649957,7009,4.43,429,0,
smoke,10,/get-salt,5,234,1776914649960,7004,3.611,429,0,
smoke,10,/get-salt,5,235,1776914649964,7006,3.364,429,0,
smoke,10,/get-salt,5,236,1776914649967,7004,3.336,429,0,
smoke,10,/get-salt,5,237,1776914649970,7009,3.322,429,0,
smoke,10,/get-salt,5,238,1776914649974,7007,3.876,429,0,
smoke,10,/get-salt,5,239,1776914649978,7001,4,429,0,
smoke,10,/get-salt,5,240,1776914649987,7008,8.233,429,0,
smoke,10,/get-salt,5,241,1776914649991,7009,4.199,429,0,
smoke,10,/get-salt,5,242,1776914649995,7004,4.529,429,0,
smoke,10,/get-salt,5,243,1776914650000,7003,4.49,429,0,
smoke,10,/get-salt,5,244,1776914650004,7003,4.235,429,0,
smoke,10,/get-salt,5,245,1776914650008,7009,3.908,429,0,
smoke,10,/get-salt,5,246,1776914650013,7010,4.816,429,0,
smoke,10,/get-salt,5,247,1776914650017,7010,4.351,429,0,
smoke,10,/get-salt,5,248,1776914650021,7004,4.307,429,0,
smoke,10,/get-salt,5,249,1776914650025,7008,3.991,429,0,
smoke,10,/get-salt,5,250,1776914650029,7006,3.957,429,0,
smoke,10,/get-salt,5,251,1776914650033,7004,3.624,429,0,
smoke,10,/get-salt,5,252,1776914650037,7009,3.99,429,0,
smoke,10,/get-salt,5,253,1776914650041,7009,4.014,429,0,
smoke,10,/get-salt,5,254,1776914650045,7004,4.033,429,0,
smoke,10,/get-salt,5,255,1776914650049,7010,3.802,429,0,
smoke,10,/get-salt,5,256,1776914650056,7006,7.34,429,0,
smoke,10,/get-salt,5,257,1776914650060,7001,3.868,429,0,
smoke,10,/get-salt,5,258,1776914650064,7004,3.845,429,0,
smoke,10,/get-salt,5,259,1776914650068,7008,3.921,429,0,
smoke,10,/get-salt,5,260,1776914650072,7008,3.784,429,0,
smoke,10,/get-salt,5,261,1776914650076,7009,3.867,429,0,
smoke,10,/get-salt,5,262,1776914650080,7010,3.978,429,0,
smoke,10,/get-salt,5,263,1776914650083,7001,3.748,429,0,
smoke,10,/get-salt,5,264,1776914650087,7009,3.952,429,0,
smoke,10,/get-salt,5,265,1776914650091,7005,4.224,429,0,
smoke,10,/get-salt,5,266,1776914650095,7008,3.952,429,0,
smoke,10,/get-salt,5,267,1776914650099,7007,3.977,429,0,
smoke,10,/get-salt,5,268,1776914650103,7008,3.825,429,0,
smoke,10,/get-salt,5,269,1776914650107,7006,3.501,429,0,
smoke,10,/get-salt,5,270,1776914650111,7005,3.852,429,0,
smoke,10,/get-salt,5,271,1776914650119,7007,8.021,429,0,
smoke,10,/get-salt,5,272,1776914650122,7009,3.795,429,0,
smoke,10,/get-salt,5,273,1776914650127,7002,4.201,429,0,
smoke,10,/get-salt,5,274,1776914650131,7002,4.117,429,0,
smoke,10,/get-salt,5,275,1776914650135,7004,3.836,429,0,
smoke,10,/get-salt,5,276,1776914650138,7008,3.846,429,0,
smoke,10,/get-salt,5,277,1776914650143,7004,4.144,429,0,
smoke,10,/get-salt,5,278,1776914650147,7003,4.192,429,0,
smoke,10,/get-salt,5,279,1776914650151,7004,4.512,429,0,
smoke,10,/get-salt,5,280,1776914650155,7006,3.933,429,0,
smoke,10,/get-salt,5,281,1776914650159,7001,4.008,429,0,
smoke,10,/get-salt,5,282,1776914650163,7006,4.199,429,0,
smoke,10,/get-salt,5,283,1776914650167,7005,4.018,429,0,
smoke,10,/get-salt,5,284,1776914650171,7001,4,429,0,
smoke,10,/get-salt,5,285,1776914650176,7003,4.412,429,0,
smoke,10,/get-salt,5,286,1776914650191,7008,15.379,429,0,
smoke,10,/get-salt,5,287,1776914650195,7007,3.81,429,0,
smoke,10,/get-salt,5,288,1776914650199,7002,4.017,429,0,
smoke,10,/get-salt,5,289,1776914650203,7010,3.933,429,0,
smoke,10,/get-salt,5,290,1776914650208,7006,4.646,429,0,
smoke,10,/get-salt,5,291,1776914650212,7001,4.148,429,0,
smoke,10,/get-salt,5,292,1776914650216,7001,4.223,429,0,
smoke,10,/get-salt,5,293,1776914650220,7001,4.164,429,0,
smoke,10,/get-salt,5,294,1776914650224,7009,3.747,429,0,
smoke,10,/get-salt,5,295,1776914650228,7003,4.32,429,0,
smoke,10,/get-salt,5,296,1776914650233,7009,4.207,429,0,
smoke,10,/get-salt,5,297,1776914650236,7002,3.435,429,0,
smoke,10,/get-salt,5,298,1776914650240,7005,3.776,429,0,
smoke,10,/get-salt,5,299,1776914650248,7002,7.854,429,0,
smoke,10,/get-salt,5,300,1776914650252,7004,4.029,429,0,
smoke,10,/get-salt,5,301,1776914650256,7009,4.024,429,0,
smoke,10,/get-salt,5,302,1776914650260,7004,4.124,429,0,
smoke,10,/get-salt,5,303,1776914650264,7001,4.297,429,0,
smoke,10,/get-salt,5,304,1776914650268,7008,4.209,429,0,
smoke,10,/get-salt,5,305,1776914650272,7005,4.024,429,0,
smoke,10,/get-salt,5,306,1776914650276,7001,3.767,429,0,
smoke,10,/get-salt,5,307,1776914650280,7007,3.954,429,0,
smoke,10,/get-salt,5,308,1776914650285,7004,4.761,429,0,
smoke,10,/get-salt,5,309,1776914650291,7001,5.963,429,0,
smoke,10,/get-salt,5,310,1776914650295,7010,4.549,429,0,
smoke,10,/get-salt,5,311,1776914650300,7001,4.357,429,0,
smoke,10,/get-salt,5,312,1776914650304,7004,4.039,429,0,
smoke,10,/get-salt,5,313,1776914650312,7010,8.169,429,0,
smoke,10,/get-salt,5,314,1776914650316,7010,4.023,429,0,
smoke,10,/get-salt,5,315,1776914650320,7001,3.581,429,0,
smoke,10,/get-salt,5,316,1776914650324,7006,4.05,429,0,
smoke,10,/get-salt,5,317,1776914650328,7002,4.875,429,0,
smoke,10,/get-salt,5,318,1776914650333,7003,4.522,429,0,
smoke,10,/get-salt,5,319,1776914650337,7007,4.018,429,0,
smoke,10,/get-salt,5,320,1776914650341,7006,3.933,429,0,
smoke,10,/get-salt,5,321,1776914650344,7009,3.436,429,0,
smoke,10,/get-salt,5,322,1776914650349,7001,4.259,429,0,
smoke,10,/get-salt,5,323,1776914650353,7002,4.044,429,0,
smoke,10,/get-salt,5,324,1776914650357,7008,4.121,429,0,
smoke,10,/get-salt,5,325,1776914650361,7009,4.528,429,0,
smoke,10,/get-salt,5,326,1776914650365,7004,3.841,429,0,
smoke,10,/get-salt,5,327,1776914650368,7010,3.209,429,0,
smoke,10,/get-salt,5,328,1776914650373,7005,4.261,429,0,
smoke,10,/get-salt,5,329,1776914650382,7004,9.603,429,0,
smoke,10,/get-salt,5,330,1776914650386,7001,3.753,429,0,
smoke,10,/get-salt,5,331,1776914650390,7004,3.703,429,0,
smoke,10,/get-salt,5,332,1776914650393,7006,3.669,429,0,
smoke,10,/get-salt,5,333,1776914650398,7004,4.165,429,0,
smoke,10,/get-salt,5,334,1776914650401,7004,3.842,429,0,
smoke,10,/get-salt,5,335,1776914650405,7005,3.545,429,0,
smoke,10,/get-salt,5,336,1776914650409,7006,3.904,429,0,
smoke,10,/get-salt,5,337,1776914650413,7006,4.014,429,0,
smoke,10,/get-salt,5,338,1776914650417,7002,3.874,429,0,
smoke,10,/get-salt,5,339,1776914650421,7007,3.87,429,0,
smoke,10,/get-salt,5,340,1776914650424,7005,3.686,429,0,
smoke,10,/get-salt,5,341,1776914650429,7001,4.584,429,0,
smoke,10,/get-salt,5,342,1776914650432,7008,3.229,429,0,
smoke,10,/get-salt,5,343,1776914650440,7004,7.989,429,0,
smoke,10,/get-salt,5,344,1776914650448,7010,7.878,429,0,
smoke,10,/get-salt,5,345,1776914650457,7006,9.31,429,0,
smoke,10,/get-salt,5,346,1776914650462,7005,4.99,429,0,
smoke,10,/get-salt,5,347,1776914650466,7010,4.041,429,0,
smoke,10,/get-salt,5,348,1776914650471,7005,4.118,429,0,
smoke,10,/get-salt,5,349,1776914650474,7002,3.97,429,0,
smoke,10,/get-salt,5,350,1776914650478,7007,3.813,429,0,
smoke,10,/get-salt,5,351,1776914650482,7002,3.784,429,0,
smoke,10,/get-salt,5,352,1776914650486,7002,4.139,429,0,
smoke,10,/get-salt,5,353,1776914650490,7005,3.777,429,0,
smoke,10,/get-salt,5,354,1776914650494,7003,3.953,429,0,
smoke,10,/get-salt,5,355,1776914650500,7008,5.977,429,0,
smoke,10,/get-salt,5,356,1776914650503,7002,3.094,429,0,
smoke,10,/get-salt,5,357,1776914650507,7001,3.59,429,0,
smoke,10,/get-salt,5,358,1776914650510,7005,3.546,429,0,
smoke,10,/get-salt,5,359,1776914650514,7003,3.744,429,0,
smoke,10,/get-salt,5,360,1776914650518,7007,3.631,429,0,
smoke,10,/get-salt,5,361,1776914650521,7002,3.765,429,0,
smoke,10,/get-salt,5,362,1776914650525,7010,3.989,429,0,
smoke,10,/get-salt,5,363,1776914650529,7010,3.808,429,0,
smoke,10,/get-salt,5,364,1776914650533,7005,3.804,429,0,
smoke,10,/get-salt,5,365,1776914650540,7005,6.583,429,0,
smoke,10,/get-salt,5,366,1776914650543,7003,3.603,429,0,
smoke,10,/get-salt,5,367,1776914650547,7009,4.016,429,0,
smoke,10,/get-salt,5,368,1776914650551,7009,4.313,429,0,
smoke,10,/get-salt,5,369,1776914650558,7002,6.439,429,0,
smoke,10,/get-salt,5,370,1776914650568,7009,9.879,429,0,
smoke,10,/get-salt,5,371,1776914650571,7006,3.531,429,0,
smoke,10,/get-salt,5,372,1776914650576,7004,5.035,429,0,
smoke,10,/get-salt,5,373,1776914650580,7010,4.072,429,0,
smoke,10,/get-salt,5,374,1776914650584,7005,3.752,429,0,
smoke,10,/get-salt,5,375,1776914650590,7003,5.337,429,0,
smoke,10,/get-salt,5,376,1776914650593,7010,3.897,429,0,
smoke,10,/get-salt,5,377,1776914650602,7007,8.542,429,0,
smoke,10,/get-salt,5,378,1776914650606,7003,4.071,429,0,
smoke,10,/get-salt,5,379,1776914650610,7001,3.446,429,0,
smoke,10,/get-salt,5,380,1776914650614,7007,4.229,429,0,
smoke,10,/get-salt,5,381,1776914650618,7001,4.154,429,0,
smoke,10,/get-salt,5,382,1776914650621,7009,3.307,429,0,
smoke,10,/get-salt,5,383,1776914650625,7002,3.264,429,0,
smoke,10,/get-salt,5,384,1776914650627,7002,2.591,429,0,
smoke,10,/get-salt,5,385,1776914650631,7008,3.602,429,0,
smoke,10,/get-salt,5,386,1776914650640,7003,9.23,429,0,
smoke,10,/get-salt,5,387,1776914650645,7009,5.204,429,0,
smoke,10,/get-salt,5,388,1776914650657,7003,11.425,429,0,
smoke,10,/get-salt,5,389,1776914650670,7003,13.243,429,0,
smoke,10,/get-salt,5,390,1776914650673,7008,3.493,429,0,
smoke,10,/get-salt,5,391,1776914650677,7008,3.457,429,0,
smoke,10,/get-salt,5,392,1776914650680,7010,3.328,429,0,
smoke,10,/get-salt,5,393,1776914650683,7003,3.292,429,0,
smoke,10,/get-salt,5,394,1776914650687,7008,3.212,429,0,
smoke,10,/get-salt,5,395,1776914650690,7002,2.936,429,0,
smoke,10,/get-salt,5,396,1776914650694,7007,4.042,429,0,
smoke,10,/get-salt,5,397,1776914650697,7005,3.424,429,0,
smoke,10,/get-salt,5,398,1776914650701,7010,3.462,429,0,
smoke,10,/get-salt,5,399,1776914650705,7001,4.159,429,0,
smoke,10,/get-salt,5,400,1776914650709,7008,3.879,429,0,
smoke,10,/get-salt,5,401,1776914650712,7010,3.834,429,0,
smoke,10,/get-salt,5,402,1776914650716,7008,3.633,429,0,
smoke,10,/get-salt,5,403,1776914650723,7006,6.91,429,0,
smoke,10,/get-salt,5,404,1776914650727,7001,3.838,429,0,
smoke,10,/get-salt,5,405,1776914650730,7010,3.66,429,0,
smoke,10,/get-salt,5,406,1776914650734,7010,3.895,429,0,
smoke,10,/get-salt,5,407,1776914650737,7005,2.943,429,0,
smoke,10,/get-salt,5,408,1776914650741,7003,3.675,429,0,
smoke,10,/get-salt,5,409,1776914650744,7008,3.43,429,0,
smoke,10,/get-salt,5,410,1776914650748,7001,3.948,429,0,
smoke,10,/get-salt,5,411,1776914650753,7003,4.954,429,0,
smoke,10,/get-salt,5,412,1776914650757,7007,3.611,429,0,
smoke,10,/get-salt,5,413,1776914650761,7009,3.991,429,0,
smoke,10,/get-salt,5,414,1776914650764,7008,3.416,429,0,
smoke,10,/get-salt,5,415,1776914650768,7005,4.017,429,0,
smoke,10,/get-salt,5,416,1776914650774,7004,5.209,429,0,
smoke,10,/get-salt,5,417,1776914650778,7004,3.959,429,0,
smoke,10,/get-salt,5,418,1776914650791,7010,13.508,429,0,
smoke,10,/get-salt,5,419,1776914650802,7001,10.702,429,0,
smoke,10,/get-salt,5,420,1776914650806,7004,4.233,429,0,
smoke,10,/get-salt,5,421,1776914650810,7010,3.825,429,0,
smoke,10,/get-salt,5,422,1776914650814,7009,3.936,429,0,
smoke,10,/get-salt,5,423,1776914650817,7008,3.556,429,0,
smoke,10,/get-salt,5,424,1776914650821,7005,3.734,429,0,
smoke,10,/get-salt,5,425,1776914650826,7006,4.541,429,0,
smoke,10,/get-salt,5,426,1776914650830,7008,4.688,429,0,
smoke,10,/get-salt,5,427,1776914650834,7010,4.149,429,0,
smoke,10,/get-salt,5,428,1776914650839,7001,4.357,429,0,
smoke,10,/get-salt,5,429,1776914650843,7007,3.838,429,0,
smoke,10,/get-salt,5,430,1776914650847,7006,4.261,429,0,
smoke,10,/get-salt,5,431,1776914650855,7003,7.84,429,0,
smoke,10,/get-salt,5,432,1776914650859,7003,4.623,429,0,
smoke,10,/get-salt,5,433,1776914650863,7005,3.557,429,0,
smoke,10,/get-salt,5,434,1776914650867,7002,3.936,429,0,
smoke,10,/get-salt,5,435,1776914650871,7002,3.781,429,0,
smoke,10,/get-salt,5,436,1776914650875,7004,3.921,429,0,
smoke,10,/get-salt,5,437,1776914650879,7008,4.278,429,0,
smoke,10,/get-salt,5,438,1776914650883,7002,4.355,429,0,
smoke,10,/get-salt,5,439,1776914650887,7008,3.808,429,0,
smoke,10,/get-salt,5,440,1776914650891,7008,3.982,429,0,
smoke,10,/get-salt,5,441,1776914650895,7008,3.548,429,0,
smoke,10,/get-salt,5,442,1776914650899,7009,4.042,429,0,
smoke,10,/get-salt,5,443,1776914650903,7008,4.255,429,0,
smoke,10,/get-salt,5,444,1776914650906,7003,3.396,429,0,
smoke,10,/get-salt,5,445,1776914650915,7005,8.97,429,0,
smoke,10,/get-salt,5,446,1776914650919,7004,4.177,429,0,
smoke,10,/get-salt,5,447,1776914650923,7007,3.957,429,0,
smoke,10,/get-salt,5,448,1776914650927,7010,3.417,429,0,
smoke,10,/get-salt,5,449,1776914650931,7009,4.021,429,0,
smoke,10,/get-salt,5,450,1776914650935,7002,4.037,429,0,
smoke,10,/get-salt,5,451,1776914650939,7005,4.183,429,0,
smoke,10,/get-salt,5,452,1776914650943,7010,3.888,429,0,
smoke,10,/get-salt,5,453,1776914650947,7001,4.048,429,0,
smoke,10,/get-salt,5,454,1776914650951,7009,4.277,429,0,
smoke,10,/get-salt,5,455,1776914650955,7001,4.175,429,0,
smoke,10,/get-salt,5,456,1776914650960,7010,4.944,429,0,
smoke,10,/get-salt,5,457,1776914650964,7008,3.649,429,0,
smoke,10,/get-salt,5,458,1776914650967,7010,3.316,429,0,
smoke,10,/get-salt,5,459,1776914650971,7005,3.318,429,0,
smoke,10,/get-salt,5,460,1776914650980,7001,9.433,429,0,
smoke,10,/get-salt,5,461,1776914650986,7004,5.826,429,0,
smoke,10,/get-salt,5,462,1776914650989,7006,3.436,429,0,
smoke,10,/get-salt,5,463,1776914650994,7004,4.986,429,0,
smoke,10,/get-salt,5,464,1776914650999,7006,4.1,429,0,
smoke,10,/get-salt,5,465,1776914651003,7002,4.183,429,0,
smoke,10,/get-salt,5,466,1776914651007,7006,3.835,429,0,
smoke,10,/get-salt,5,467,1776914651010,7004,3.141,429,0,
smoke,10,/get-salt,5,468,1776914651016,7003,6.687,429,0,
smoke,10,/get-salt,5,469,1776914651020,7002,3.346,429,0,
smoke,10,/get-salt,5,470,1776914651022,7007,2.397,429,0,
smoke,10,/get-salt,5,471,1776914651027,7004,4.404,429,0,
smoke,10,/get-salt,5,472,1776914651030,7005,3.679,429,0,
smoke,10,/get-salt,5,473,1776914651034,7004,3.722,429,0,
smoke,10,/get-salt,5,474,1776914651043,7006,8.845,429,0,
smoke,10,/get-salt,5,475,1776914651047,7001,4.229,429,0,
smoke,10,/get-salt,5,476,1776914651051,7005,3.873,429,0,
smoke,10,/get-salt,5,477,1776914651055,7001,4.251,429,0,
smoke,10,/get-salt,5,478,1776914651060,7009,4.391,429,0,
smoke,10,/get-salt,5,479,1776914651063,7010,3.569,429,0,
smoke,10,/get-salt,5,480,1776914651068,7006,4.415,429,0,
smoke,10,/get-salt,5,481,1776914651072,7005,4.241,429,0,
smoke,10,/get-salt,5,482,1776914651076,7009,4.681,429,0,
smoke,10,/get-salt,5,483,1776914651081,7002,4.111,429,0,
smoke,10,/get-salt,5,484,1776914651084,7006,3.063,429,0,
smoke,10,/get-salt,5,485,1776914651088,7005,4.746,429,0,
smoke,10,/get-salt,5,486,1776914651094,7008,6.043,429,0,
smoke,10,/get-salt,5,487,1776914651103,7003,8.599,429,0,
smoke,10,/get-salt,5,488,1776914651107,7003,3.858,429,0,
smoke,10,/get-salt,5,489,1776914651111,7006,3.646,429,0,
smoke,10,/get-salt,5,490,1776914651114,7001,3.329,429,0,
smoke,10,/get-salt,5,491,1776914651118,7010,3.65,429,0,
smoke,10,/get-salt,5,492,1776914651123,7007,5.446,429,0,
smoke,10,/get-salt,5,493,1776914651127,7010,3.955,429,0,
smoke,10,/get-salt,5,494,1776914651130,7010,3.129,429,0,
smoke,10,/get-salt,5,495,1776914651134,7002,4.068,429,0,
smoke,10,/get-salt,5,496,1776914651141,7008,6.588,429,0,
smoke,10,/get-salt,5,497,1776914651146,7004,4.85,429,0,
smoke,10,/get-salt,5,498,1776914651150,7004,3.985,429,0,
smoke,10,/get-salt,5,499,1776914651153,7009,3.846,429,0,
smoke,10,/get-salt,5,500,1776914651157,7005,3.951,429,0,
smoke,10,/get-salt,5,501,1776914651162,7007,4.413,429,0,
smoke,10,/get-salt,5,502,1776914651166,7009,3.798,429,0,
smoke,10,/get-salt,5,503,1776914651170,7009,4.188,429,0,
smoke,10,/get-salt,5,504,1776914651174,7001,3.97,429,0,
smoke,10,/get-salt,5,505,1776914651178,7010,3.8,429,0,
smoke,10,/get-salt,5,506,1776914651185,7010,6.919,429,0,
smoke,10,/get-salt,5,507,1776914651188,7003,3.765,429,0,
smoke,10,/get-salt,5,508,1776914651192,7008,3.716,429,0,
smoke,10,/get-salt,5,509,1776914651196,7008,3.747,429,0,
smoke,10,/get-salt,5,510,1776914651200,7005,4.034,429,0,
smoke,10,/get-salt,5,511,1776914651204,7010,4.297,429,0,
smoke,10,/get-salt,5,512,1776914651208,7007,3.971,429,0,
smoke,10,/get-salt,5,513,1776914651212,7004,4.401,429,0,
smoke,10,/get-salt,5,514,1776914651216,7003,3.77,429,0,
smoke,10,/get-salt,5,515,1776914651220,7006,4.045,429,0,
smoke,10,/get-salt,5,516,1776914651228,7002,7.32,429,0,
smoke,10,/get-salt,5,517,1776914651232,7006,4.199,429,0,
smoke,10,/get-salt,5,518,1776914651238,7004,6.136,429,0,
smoke,10,/get-salt,5,519,1776914651249,7001,10.76,429,0,
smoke,10,/get-salt,5,520,1776914651253,7008,3.78,429,0,
smoke,10,/get-salt,5,521,1776914651256,7010,3.729,429,0,
smoke,10,/get-salt,5,522,1776914651261,7010,4.493,429,0,
smoke,10,/get-salt,5,523,1776914651264,7010,3.719,429,0,
smoke,10,/get-salt,5,524,1776914651268,7010,3.335,429,0,
smoke,10,/get-salt,5,525,1776914651272,7006,4.156,429,0,
smoke,10,/get-salt,5,526,1776914651276,7002,3.829,429,0,
smoke,10,/get-salt,5,527,1776914651281,7009,5.274,429,0,
smoke,10,/get-salt,5,528,1776914651285,7009,4.129,429,0,
smoke,10,/get-salt,5,529,1776914651290,7002,5.076,429,0,
smoke,10,/get-salt,5,530,1776914651294,7001,4.042,429,0,
smoke,10,/get-salt,5,531,1776914651298,7001,3.813,429,0,
smoke,10,/get-salt,5,532,1776914651302,7001,4.008,429,0,
smoke,10,/get-salt,5,533,1776914651306,7002,3.822,429,0,
smoke,10,/get-salt,5,534,1776914651313,7010,7.027,429,0,
smoke,10,/get-salt,5,535,1776914651317,7005,4.183,429,0,
smoke,10,/get-salt,5,536,1776914651321,7010,4.116,429,0,
smoke,10,/get-salt,5,537,1776914651325,7004,3.82,429,0,
smoke,10,/get-salt,5,538,1776914651330,7007,4.373,429,0,
smoke,10,/get-salt,5,539,1776914651333,7009,3.533,429,0,
smoke,10,/get-salt,5,540,1776914651337,7010,3.718,429,0,
smoke,10,/get-salt,5,541,1776914651340,7010,3.308,429,0,
smoke,10,/get-salt,5,542,1776914651344,7002,4.326,429,0,
smoke,10,/get-salt,5,543,1776914651348,7007,3.909,429,0,
smoke,10,/get-salt,5,544,1776914651352,7002,3.457,429,0,
smoke,10,/get-salt,5,545,1776914651356,7006,4.411,429,0,
smoke,10,/get-salt,5,546,1776914651360,7004,3.706,429,0,
smoke,10,/get-salt,5,547,1776914651364,7002,3.845,429,0,
smoke,10,/get-salt,5,548,1776914651368,7003,3.962,429,0,
smoke,10,/get-salt,5,549,1776914651375,7003,7.503,429,0,
smoke,10,/get-salt,5,550,1776914651379,7010,4.063,429,0,
smoke,10,/get-salt,5,551,1776914651383,7009,4.021,429,0,
smoke,10,/get-salt,5,552,1776914651388,7002,4.53,429,0,
smoke,10,/get-salt,5,553,1776914651392,7008,4.477,429,0,
smoke,10,/get-salt,5,554,1776914651397,7002,4.184,429,0,
smoke,10,/get-salt,5,555,1776914651401,7004,4.404,429,0,
smoke,10,/get-salt,5,556,1776914651405,7004,4.031,429,0,
smoke,10,/get-salt,5,557,1776914651409,7007,3.894,429,0,
smoke,10,/get-salt,5,558,1776914651412,7008,3.391,429,0,
smoke,10,/get-salt,5,559,1776914651416,7004,4.143,429,0,
smoke,10,/get-salt,5,560,1776914651420,7003,3.408,429,0,
smoke,10,/get-salt,5,561,1776914651424,7006,4.268,429,0,
smoke,10,/get-salt,5,562,1776914651428,7007,3.658,429,0,
smoke,10,/get-salt,5,563,1776914651432,7009,3.953,429,0,
smoke,10,/get-salt,5,564,1776914651440,7010,7.856,429,0,
smoke,10,/get-salt,5,565,1776914651444,7008,3.969,429,0,
smoke,10,/get-salt,5,566,1776914651447,7002,3.764,429,0,
smoke,10,/get-salt,5,567,1776914651451,7005,4.107,429,0,
smoke,10,/get-salt,5,568,1776914651455,7005,3.932,429,0,
smoke,10,/get-salt,5,569,1776914651460,7003,4.23,429,0,
smoke,10,/get-salt,5,570,1776914651463,7006,3.507,429,0,
smoke,10,/get-salt,5,571,1776914651466,7002,3.164,429,0,
smoke,10,/get-salt,5,572,1776914651470,7004,4.037,429,0,
smoke,10,/get-salt,5,573,1776914651474,7003,4.155,429,0,
smoke,10,/get-salt,5,574,1776914651478,7009,3.546,429,0,
smoke,10,/get-salt,5,575,1776914651482,7003,4.015,429,0,
smoke,10,/get-salt,5,576,1776914651486,7002,3.641,429,0,
smoke,10,/get-salt,5,577,1776914651489,7005,3.471,429,0,
smoke,10,/get-salt,5,578,1776914651493,7010,3.577,429,0,
smoke,10,/get-salt,5,579,1776914651499,7002,6.439,429,0,
smoke,10,/get-salt,5,580,1776914651502,7009,3.266,429,0,
smoke,10,/get-salt,5,581,1776914651506,7004,3.708,429,0,
smoke,10,/get-salt,5,582,1776914651510,7010,3.648,429,0,
smoke,10,/get-salt,5,583,1776914651514,7006,3.756,429,0,
smoke,10,/get-salt,5,584,1776914651517,7006,3.499,429,0,
smoke,10,/get-salt,5,585,1776914651521,7010,3.426,429,0,
smoke,10,/get-salt,5,586,1776914651524,7009,3.402,429,0,
smoke,10,/get-salt,5,587,1776914651528,7007,3.595,429,0,
smoke,10,/get-salt,5,588,1776914651531,7003,3.794,429,0,
smoke,10,/get-salt,5,589,1776914651535,7004,3.749,429,0,
smoke,10,/get-salt,5,590,1776914651539,7005,3.836,429,0,
smoke,10,/get-salt,5,591,1776914651543,7002,4.099,429,0,
smoke,10,/get-salt,5,592,1776914651548,7005,4.946,429,0,
smoke,10,/get-salt,5,593,1776914651552,7007,3.693,429,0,
smoke,10,/get-salt,5,594,1776914651559,7009,7.143,429,0,
smoke,10,/get-salt,5,595,1776914651563,7005,3.901,429,0,
smoke,10,/get-salt,5,596,1776914651566,7003,3.271,429,0,
smoke,10,/get-salt,5,597,1776914651570,7006,4.07,429,0,
smoke,10,/get-salt,5,598,1776914651573,7007,2.928,429,0,
smoke,10,/get-salt,5,599,1776914651577,7001,3.528,429,0,
smoke,10,/get-salt,5,600,1776914651580,7007,3.936,429,0,
smoke,10,/get-salt,5,601,1776914651585,7008,4.162,429,0,
smoke,10,/get-salt,5,602,1776914651589,7003,4.037,429,0,
smoke,10,/get-salt,5,603,1776914651592,7005,3.403,429,0,
smoke,10,/get-salt,5,604,1776914651596,7006,3.497,429,0,
smoke,10,/get-salt,5,605,1776914651599,7008,3.406,429,0,
smoke,10,/get-salt,5,606,1776914651602,7005,3.353,429,0,
smoke,10,/get-salt,5,607,1776914651606,7003,3.353,429,0,
smoke,10,/get-salt,5,608,1776914651610,7007,3.906,429,0,
smoke,10,/get-salt,5,609,1776914651617,7007,7.626,429,0,
smoke,10,/get-salt,5,610,1776914651621,7008,3.924,429,0,
smoke,10,/get-salt,5,611,1776914651625,7001,3.966,429,0,
smoke,10,/get-salt,5,612,1776914651629,7008,3.571,429,0,
smoke,10,/get-salt,5,613,1776914651632,7008,3.586,429,0,
smoke,10,/get-salt,5,614,1776914651636,7008,4.135,429,0,
smoke,10,/get-salt,5,615,1776914651640,7008,3.632,429,0,
smoke,10,/get-salt,5,616,1776914651644,7005,3.601,429,0,
smoke,10,/get-salt,5,617,1776914651647,7010,3.461,429,0,
smoke,10,/get-salt,5,618,1776914651651,7006,4.039,429,0,
smoke,10,/get-salt,5,619,1776914651654,7007,2.917,429,0,
smoke,10,/get-salt,5,620,1776914651657,7003,3.22,429,0,
smoke,10,/get-salt,5,621,1776914651661,7001,4.071,429,0,
smoke,10,/get-salt,5,622,1776914651665,7002,3.633,429,0,
smoke,10,/get-salt,5,623,1776914651668,7009,3.171,429,0,
smoke,10,/get-salt,5,624,1776914651672,7008,3.523,429,0,
smoke,10,/get-salt,5,625,1776914651680,7010,8.722,429,0,
smoke,10,/get-salt,5,626,1776914651684,7010,3.971,429,0,
smoke,10,/get-salt,5,627,1776914651688,7001,3.978,429,0,
smoke,10,/get-salt,5,628,1776914651692,7001,3.985,429,0,
smoke,10,/get-salt,5,629,1776914651696,7008,4.018,429,0,
smoke,10,/get-salt,5,630,1776914651708,7007,11.994,429,0,
smoke,10,/get-salt,5,631,1776914651712,7010,3.741,429,0,
smoke,10,/get-salt,5,632,1776914651716,7001,3.997,429,0,
smoke,10,/get-salt,5,633,1776914651724,7001,7.935,429,0,
smoke,10,/get-salt,5,634,1776914651733,7005,8.772,429,0,
smoke,10,/get-salt,5,635,1776914651737,7002,4.069,429,0,
smoke,10,/get-salt,5,636,1776914651741,7006,3.901,429,0,
smoke,10,/get-salt,5,637,1776914651744,7007,3.522,429,0,
smoke,10,/get-salt,5,638,1776914651748,7006,3.663,429,0,
smoke,10,/get-salt,5,639,1776914651751,7001,3.294,429,0,
smoke,10,/get-salt,5,640,1776914651755,7003,4.016,429,0,
smoke,10,/get-salt,5,641,1776914651760,7006,4.416,429,0,
smoke,10,/get-salt,5,642,1776914651764,7006,4.319,429,0,
smoke,10,/get-salt,5,643,1776914651768,7007,3.462,429,0,
smoke,10,/get-salt,5,644,1776914651771,7007,3.804,429,0,
smoke,10,/get-salt,5,645,1776914651775,7009,3.922,429,0,
smoke,10,/get-salt,5,646,1776914651779,7005,4.152,429,0,
smoke,10,/get-salt,5,647,1776914651784,7007,4.183,429,0,
smoke,10,/get-salt,5,648,1776914651788,7005,4.202,429,0,
smoke,10,/get-salt,5,649,1776914651792,7004,4.001,429,0,
smoke,10,/get-salt,5,650,1776914651795,7003,3.023,429,0,
smoke,10,/get-salt,5,651,1776914651798,7004,3.339,429,0,
smoke,10,/get-salt,5,652,1776914651802,7004,3.337,429,0,
smoke,10,/get-salt,5,653,1776914651805,7002,3.344,429,0,
smoke,10,/get-salt,5,654,1776914651814,7002,9.538,429,0,
smoke,10,/get-salt,5,655,1776914651818,7001,3.598,429,0,
smoke,10,/get-salt,5,656,1776914651822,7006,4.329,429,0,
smoke,10,/get-salt,5,657,1776914651827,7010,4.336,429,0,
smoke,10,/get-salt,5,658,1776914651831,7002,3.835,429,0,
smoke,10,/get-salt,5,659,1776914651834,7003,3.656,429,0,
smoke,10,/get-salt,5,660,1776914651838,7010,4.218,429,0,
smoke,10,/get-salt,5,661,1776914651842,7004,3.907,429,0,
smoke,10,/get-salt,5,662,1776914651848,7001,5.297,429,0,
smoke,10,/get-salt,5,663,1776914651853,7007,5.687,429,0,
smoke,10,/get-salt,5,664,1776914651858,7002,4.348,429,0,
smoke,10,/get-salt,5,665,1776914651861,7005,3.541,429,0,
smoke,10,/get-salt,5,666,1776914651865,7008,3.302,429,0,
smoke,10,/get-salt,5,667,1776914651873,7010,8.06,429,0,
smoke,10,/get-salt,5,668,1776914651876,7002,3.584,429,0,
smoke,10,/get-salt,5,669,1776914651880,7003,3.98,429,0,
smoke,10,/get-salt,5,670,1776914651885,7006,4.398,429,0,
smoke,10,/get-salt,5,671,1776914651888,7007,3.853,429,0,
smoke,10,/get-salt,5,672,1776914651893,7010,4.685,429,0,
smoke,10,/get-salt,5,673,1776914651898,7010,4.443,429,0,
smoke,10,/get-salt,5,674,1776914651901,7003,3.141,429,0,
smoke,10,/get-salt,5,675,1776914651906,7002,5.181,429,0,
smoke,10,/get-salt,5,676,1776914651910,7006,4.339,429,0,
smoke,10,/get-salt,5,677,1776914651914,7009,4.119,429,0,
smoke,10,/get-salt,5,678,1776914651918,7010,4.017,429,0,
smoke,10,/get-salt,5,679,1776914651922,7008,3.972,429,0,
smoke,10,/get-salt,5,680,1776914651926,7010,3.35,429,0,
smoke,10,/get-salt,5,681,1776914651930,7007,4.089,429,0,
smoke,10,/get-salt,5,682,1776914651934,7007,3.91,429,0,
smoke,10,/get-salt,5,683,1776914651941,7005,7.654,429,0,
smoke,10,/get-salt,5,684,1776914651945,7002,3.728,429,0,
smoke,10,/get-salt,5,685,1776914651949,7002,4.27,429,0,
smoke,10,/get-salt,5,686,1776914651955,7010,5.224,429,0,
smoke,10,/get-salt,5,687,1776914651959,7007,4.811,429,0,
smoke,10,/get-salt,5,688,1776914651963,7009,3.681,429,0,
smoke,10,/get-salt,5,689,1776914651967,7008,4.071,429,0,
smoke,10,/get-salt,5,690,1776914651971,7003,4.276,429,0,
smoke,10,/get-salt,5,691,1776914651975,7006,3.994,429,0,
smoke,10,/get-salt,5,692,1776914651980,7008,4.29,429,0,
smoke,10,/get-salt,5,693,1776914651984,7001,3.918,429,0,
smoke,10,/get-salt,5,694,1776914651988,7008,3.89,429,0,
smoke,10,/get-salt,5,695,1776914651992,7001,4.072,429,0,
smoke,10,/get-salt,5,696,1776914651995,7005,3.427,429,0,
smoke,10,/get-salt,5,697,1776914652003,7005,7.937,429,0,
smoke,10,/get-salt,5,698,1776914652007,7008,4.046,429,0,
smoke,10,/get-salt,5,699,1776914652011,7010,4.148,429,0,
smoke,10,/get-salt,5,700,1776914652015,7009,3.875,429,0,
smoke,10,/get-salt,5,701,1776914652020,7010,4.407,429,0,
smoke,10,/get-salt,5,702,1776914652024,7009,4.246,429,0,
smoke,10,/get-salt,5,703,1776914652028,7010,4.63,429,0,
smoke,10,/get-salt,5,704,1776914652034,7006,5.237,429,0,
smoke,10,/get-salt,5,705,1776914652038,7004,3.914,429,0,
smoke,10,/get-salt,5,706,1776914652042,7002,4.15,429,0,
smoke,10,/get-salt,5,707,1776914652046,7001,3.775,429,0,
smoke,10,/get-salt,5,708,1776914652049,7008,3.844,429,0,
smoke,10,/get-salt,5,709,1776914652054,7004,4.209,429,0,
smoke,10,/get-salt,5,710,1776914652058,7005,4.152,429,0,
smoke,10,/get-salt,5,711,1776914652062,7004,4.223,429,0,
smoke,10,/get-salt,5,712,1776914652070,7006,7.673,429,0,
smoke,10,/get-salt,5,713,1776914652073,7009,3.501,429,0,
smoke,10,/get-salt,5,714,1776914652077,7009,3.999,429,0,
smoke,10,/get-salt,5,715,1776914652081,7002,3.544,429,0,
smoke,10,/get-salt,5,716,1776914652084,7006,3.709,429,0,
smoke,10,/get-salt,5,717,1776914652089,7005,4.376,429,0,
smoke,10,/get-salt,5,718,1776914652093,7001,3.718,429,0,
smoke,10,/get-salt,5,719,1776914652097,7004,4.116,429,0,
smoke,10,/get-salt,5,720,1776914652101,7003,4.058,429,0,
smoke,10,/get-salt,5,721,1776914652105,7004,4.673,429,0,
smoke,10,/get-salt,5,722,1776914652109,7005,3.823,429,0,
smoke,10,/get-salt,5,723,1776914652113,7005,4.033,429,0,
smoke,10,/get-salt,5,724,1776914652117,7005,3.806,429,0,
smoke,10,/get-salt,5,725,1776914652121,7003,3.919,429,0,
smoke,10,/get-salt,5,726,1776914652124,7009,3.525,429,0,
smoke,10,/get-salt,5,727,1776914652132,7009,7.11,429,0,
smoke,10,/get-salt,5,728,1776914652136,7003,4.12,429,0,
smoke,10,/get-salt,5,729,1776914652140,7008,4.025,429,0,
smoke,10,/get-salt,5,730,1776914652144,7008,4.355,429,0,
smoke,10,/get-salt,5,731,1776914652148,7004,4.187,429,0,
smoke,10,/get-salt,5,732,1776914652153,7004,4.285,429,0,
smoke,10,/get-salt,5,733,1776914652156,7007,3.687,429,0,
smoke,10,/get-salt,5,734,1776914652160,7003,3.975,429,0,
smoke,10,/get-salt,5,735,1776914652164,7006,3.622,429,0,
smoke,10,/get-salt,5,736,1776914652168,7010,3.733,429,0,
smoke,10,/get-salt,5,737,1776914652171,7001,3.781,429,0,
smoke,10,/get-salt,5,738,1776914652175,7007,3.968,429,0,
smoke,10,/get-salt,5,739,1776914652180,7008,4.155,429,0,
smoke,10,/get-salt,5,740,1776914652184,7004,4.555,429,0,
smoke,10,/get-salt,5,741,1776914652188,7001,3.547,429,0,
smoke,10,/get-salt,5,742,1776914652196,7009,8.608,429,0,
smoke,10,/get-salt,5,743,1776914652200,7008,3.708,429,0,
smoke,10,/get-salt,5,744,1776914652204,7006,3.797,429,0,
smoke,10,/get-salt,5,745,1776914652208,7007,3.901,429,0,
smoke,10,/get-salt,5,746,1776914652211,7007,3.542,429,0,
smoke,10,/get-salt,5,747,1776914652215,7010,3.713,429,0,
smoke,10,/get-salt,5,748,1776914652219,7003,3.684,429,0,
smoke,10,/get-salt,5,749,1776914652222,7008,3.645,429,0,
smoke,10,/get-salt,5,750,1776914652226,7003,3.978,429,0,
smoke,10,/get-salt,5,751,1776914652230,7003,3.821,429,0,
smoke,10,/get-salt,5,752,1776914652234,7007,3.928,429,0,
smoke,10,/get-salt,5,753,1776914652236,7002,2.333,429,0,
smoke,10,/get-salt,5,754,1776914652239,7008,2.929,429,0,
smoke,10,/get-salt,5,755,1776914652244,7005,5.083,429,0,
smoke,10,/get-salt,5,756,1776914652248,7006,3.784,429,0,
smoke,10,/get-salt,5,757,1776914652255,7008,6.963,429,0,
smoke,10,/get-salt,5,758,1776914652259,7002,3.526,429,0,
smoke,10,/get-salt,5,759,1776914652263,7009,3.881,429,0,
smoke,10,/get-salt,5,760,1776914652266,7002,3.804,429,0,
smoke,10,/get-salt,5,761,1776914652275,7002,8.655,429,0,
smoke,10,/get-salt,5,762,1776914652279,7006,4.357,429,0,
smoke,10,/get-salt,5,763,1776914652283,7007,4.112,429,0,
smoke,10,/get-salt,5,764,1776914652289,7009,5.176,429,0,
smoke,10,/get-salt,5,765,1776914652293,7006,4.388,429,0,
smoke,10,/get-salt,5,766,1776914652297,7010,4.058,429,0,
smoke,10,/get-salt,5,767,1776914652301,7007,3.803,429,0,
smoke,10,/get-salt,5,768,1776914652304,7004,3.488,429,0,
smoke,10,/get-salt,5,769,1776914652308,7008,3.822,429,0,
smoke,10,/get-salt,5,770,1776914652312,7001,3.746,429,0,
smoke,10,/get-salt,5,771,1776914652317,7001,5.018,429,0,
smoke,10,/get-salt,5,772,1776914652325,7009,8.014,429,0,
smoke,10,/get-salt,5,773,1776914652329,7002,3.973,429,0,
smoke,10,/get-salt,5,774,1776914652333,7004,3.923,429,0,
smoke,10,/get-salt,5,775,1776914652336,7004,3.478,429,0,
smoke,10,/get-salt,5,776,1776914652341,7004,4.54,429,0,
smoke,10,/get-salt,5,777,1776914652348,7006,7.192,429,0,
smoke,10,/get-salt,5,778,1776914652357,7009,8.641,429,0,
smoke,10,/get-salt,5,779,1776914652362,7003,5.131,429,0,
smoke,10,/get-salt,5,780,1776914652367,7010,4.778,429,0,
smoke,10,/get-salt,5,781,1776914652372,7004,5.251,429,0,
smoke,10,/get-salt,5,782,1776914652377,7001,4.82,429,0,
smoke,10,/get-salt,5,783,1776914652381,7002,3.749,429,0,
smoke,10,/get-salt,5,784,1776914652384,7001,3.78,429,0,
smoke,10,/get-salt,5,785,1776914652389,7009,4.183,429,0,
smoke,10,/get-salt,5,786,1776914652393,7005,4.119,429,0,
smoke,10,/get-salt,5,787,1776914652396,7006,3.469,429,0,
smoke,10,/get-salt,5,788,1776914652399,7009,3.236,429,0,
smoke,10,/get-salt,5,789,1776914652404,7007,4.607,429,0,
smoke,10,/get-salt,5,790,1776914652408,7001,3.802,429,0,
smoke,10,/get-salt,5,791,1776914652413,7004,5.056,429,0,
smoke,10,/get-salt,5,792,1776914652417,7010,4.364,429,0,
smoke,10,/get-salt,5,793,1776914652421,7006,3.712,429,0,
smoke,10,/get-salt,5,794,1776914652424,7005,3.506,429,0,
smoke,10,/get-salt,5,795,1776914652428,7004,3.749,429,0,
smoke,10,/get-salt,5,796,1776914652431,7001,3.295,429,0,
smoke,10,/get-salt,5,797,1776914652437,7003,6.008,429,0,
smoke,10,/get-salt,5,798,1776914652442,7001,4.49,429,0,
smoke,10,/get-salt,5,799,1776914652446,7009,4.127,429,0,
smoke,10,/get-salt,5,800,1776914652451,7001,4.402,429,0,
smoke,10,/get-salt,5,801,1776914652455,7008,4.254,429,0,
smoke,10,/get-salt,5,802,1776914652459,7009,4.35,429,0,
smoke,10,/get-salt,5,803,1776914652463,7002,4.16,429,0,
smoke,10,/get-salt,5,804,1776914652467,7010,3.254,429,0,
smoke,10,/get-salt,5,805,1776914652471,7005,4.58,429,0,
smoke,10,/get-salt,5,806,1776914652476,7002,5.139,429,0,
smoke,10,/get-salt,5,807,1776914652481,7007,4.665,429,0,
smoke,10,/get-salt,5,808,1776914652484,7005,3.281,429,0,
smoke,10,/get-salt,5,809,1776914652488,7002,3.929,429,0,
smoke,10,/get-salt,5,810,1776914652492,7010,3.439,429,0,
smoke,10,/get-salt,5,811,1776914652499,7001,7.841,429,0,
smoke,10,/get-salt,5,812,1776914652503,7004,3.956,429,0,
smoke,10,/get-salt,5,813,1776914652507,7001,3.457,429,0,
smoke,10,/get-salt,5,814,1776914652511,7010,3.903,429,0,
smoke,10,/get-salt,5,815,1776914652514,7005,3.288,429,0,
smoke,10,/get-salt,5,816,1776914652517,7008,3.043,429,0,
smoke,10,/get-salt,5,817,1776914652521,7003,3.724,429,0,
smoke,10,/get-salt,5,818,1776914652525,7006,4.048,429,0,
smoke,10,/get-salt,5,819,1776914652528,7006,3.323,429,0,
smoke,10,/get-salt,5,820,1776914652532,7001,3.527,429,0,
smoke,10,/get-salt,5,821,1776914652536,7008,4.372,429,0,
smoke,10,/get-salt,5,822,1776914652540,7010,4.204,429,0,
smoke,10,/get-salt,5,823,1776914652544,7001,4.027,429,0,
smoke,10,/get-salt,5,824,1776914652548,7002,3.879,429,0,
smoke,10,/get-salt,5,825,1776914652552,7004,3.949,429,0,
smoke,10,/get-salt,5,826,1776914652560,7002,8.17,429,0,
smoke,10,/get-salt,5,827,1776914652566,7007,5.593,429,0,
smoke,10,/get-salt,5,828,1776914652571,7002,4.713,429,0,
smoke,10,/get-salt,5,829,1776914652575,7005,4.736,429,0,
smoke,10,/get-salt,5,830,1776914652579,7006,3.108,429,0,
smoke,10,/get-salt,5,831,1776914652583,7003,4.074,429,0,
smoke,10,/get-salt,5,832,1776914652586,7003,3.816,429,0,
smoke,10,/get-salt,5,833,1776914652590,7004,3.295,429,0,
smoke,10,/get-salt,5,834,1776914652594,7005,4.039,429,0,
smoke,10,/get-salt,5,835,1776914652598,7006,4.46,429,0,
smoke,10,/get-salt,5,836,1776914652602,7001,3.427,429,0,
smoke,10,/get-salt,5,837,1776914652607,7003,5.472,429,0,
smoke,10,/get-salt,5,838,1776914652611,7007,4.009,429,0,
smoke,10,/get-salt,5,839,1776914652615,7009,3.416,429,0,
smoke,10,/get-salt,5,840,1776914652618,7004,3.638,429,0,
smoke,10,/get-salt,5,841,1776914652625,7009,6.896,429,0,
smoke,10,/get-salt,5,842,1776914652629,7002,3.779,429,0,
smoke,10,/get-salt,5,843,1776914652633,7006,4.032,429,0,
smoke,10,/get-salt,5,844,1776914652637,7008,4.514,429,0,
smoke,10,/get-salt,5,845,1776914652642,7006,4.113,429,0,
smoke,10,/get-salt,5,846,1776914652645,7002,3.803,429,0,
smoke,10,/get-salt,5,847,1776914652649,7008,3.58,429,0,
smoke,10,/get-salt,5,848,1776914652653,7007,4.372,429,0,
smoke,10,/get-salt,5,849,1776914652657,7010,3.877,429,0,
smoke,10,/get-salt,5,850,1776914652661,7002,3.446,429,0,
smoke,10,/get-salt,5,851,1776914652664,7009,3.418,429,0,
smoke,10,/get-salt,5,852,1776914652668,7002,3.659,429,0,
smoke,10,/get-salt,5,853,1776914652672,7007,3.836,429,0,
smoke,10,/get-salt,5,854,1776914652676,7004,4.346,429,0,
smoke,10,/get-salt,5,855,1776914652680,7010,3.616,429,0,
smoke,10,/get-salt,5,856,1776914652688,7009,8.454,429,0,
smoke,10,/get-salt,5,857,1776914652692,7003,3.756,429,0,
smoke,10,/get-salt,5,858,1776914652696,7009,3.729,429,0,
smoke,10,/get-salt,5,859,1776914652700,7009,4.318,429,0,
smoke,10,/get-salt,5,860,1776914652704,7010,4.021,429,0,
smoke,10,/get-salt,5,861,1776914652708,7002,3.693,429,0,
smoke,10,/get-salt,5,862,1776914652711,7010,3.306,429,0,
smoke,10,/get-salt,5,863,1776914652714,7010,3.44,429,0,
smoke,10,/get-salt,5,864,1776914652719,7008,5.145,429,0,
smoke,10,/get-salt,5,865,1776914652724,7007,4.192,429,0,
smoke,10,/get-salt,5,866,1776914652727,7007,3.773,429,0,
smoke,10,/get-salt,5,867,1776914652731,7004,3.76,429,0,
smoke,10,/get-salt,5,868,1776914652735,7001,3.672,429,0,
smoke,10,/get-salt,5,869,1776914652738,7010,3.482,429,0,
smoke,10,/get-salt,5,870,1776914652743,7008,4.224,429,0,
smoke,10,/get-salt,5,871,1776914652746,7003,3.783,429,0,
smoke,10,/get-salt,5,872,1776914652754,7009,7.237,429,0,
smoke,10,/get-salt,5,873,1776914652757,7005,3.773,429,0,
smoke,10,/get-salt,5,874,1776914652761,7003,3.759,429,0,
smoke,10,/get-salt,5,875,1776914652765,7001,3.831,429,0,
smoke,10,/get-salt,5,876,1776914652769,7005,3.932,429,0,
smoke,10,/get-salt,5,877,1776914652773,7009,3.988,429,0,
smoke,10,/get-salt,5,878,1776914652777,7001,3.961,429,0,
smoke,10,/get-salt,5,879,1776914652781,7004,4.062,429,0,
smoke,10,/get-salt,5,880,1776914652785,7007,4.003,429,0,
smoke,10,/get-salt,5,881,1776914652791,7005,5.824,429,0,
smoke,10,/get-salt,5,882,1776914652795,7003,3.77,429,0,
smoke,10,/get-salt,5,883,1776914652798,7002,3.244,429,0,
smoke,10,/get-salt,5,884,1776914652802,7005,4.065,429,0,
smoke,10,/get-salt,5,885,1776914652806,7005,3.802,429,0,
smoke,10,/get-salt,5,886,1776914652813,7008,7.563,429,0,
smoke,10,/get-salt,5,887,1776914652817,7010,3.502,429,0,
smoke,10,/get-salt,5,888,1776914652821,7003,3.831,429,0,
smoke,10,/get-salt,5,889,1776914652824,7007,3.807,429,0,
smoke,10,/get-salt,5,890,1776914652828,7001,3.613,429,0,
smoke,10,/get-salt,5,891,1776914652832,7008,3.821,429,0,
smoke,10,/get-salt,5,892,1776914652836,7004,4.198,429,0,
smoke,10,/get-salt,5,893,1776914652840,7008,4.071,429,0,
smoke,10,/get-salt,5,894,1776914652844,7006,3.956,429,0,
smoke,10,/get-salt,5,895,1776914652848,7003,3.567,429,0,
smoke,10,/get-salt,5,896,1776914652851,7003,3.787,429,0,
smoke,10,/get-salt,5,897,1776914652855,7004,3.966,429,0,
smoke,10,/get-salt,5,898,1776914652859,7010,3.317,429,0,
smoke,10,/get-salt,5,899,1776914652863,7008,3.761,429,0,
smoke,10,/get-salt,5,900,1776914652867,7007,3.97,429,0,
smoke,10,/get-salt,5,901,1776914652876,7004,9.533,429,0,
smoke,10,/get-salt,5,902,1776914652880,7006,3.5,429,0,
smoke,10,/get-salt,5,903,1776914652883,7005,3.159,429,0,
smoke,10,/get-salt,5,904,1776914652886,7008,3.09,429,0,
smoke,10,/get-salt,5,905,1776914652890,7010,3.954,429,0,
smoke,10,/get-salt,5,906,1776914652893,7004,3.66,429,0,
smoke,10,/get-salt,5,907,1776914652897,7004,3.729,429,0,
smoke,10,/get-salt,5,908,1776914652901,7003,4.293,429,0,
smoke,10,/get-salt,5,909,1776914652906,7008,4.167,429,0,
smoke,10,/get-salt,5,910,1776914652909,7001,3.833,429,0,
smoke,10,/get-salt,5,911,1776914652914,7004,4.876,429,0,
smoke,10,/get-salt,5,912,1776914652919,7007,4.835,429,0,
smoke,10,/get-salt,5,913,1776914652923,7004,3.452,429,0,
smoke,10,/get-salt,5,914,1776914652926,7003,3.669,429,0,
smoke,10,/get-salt,5,915,1776914652930,7010,3.501,429,0,
smoke,10,/get-salt,5,916,1776914652942,7010,12.202,429,0,
smoke,10,/get-salt,5,917,1776914652946,7001,4.192,429,0,
smoke,10,/get-salt,5,918,1776914652950,7004,3.94,429,0,
smoke,10,/get-salt,5,919,1776914652954,7010,3.931,429,0,
smoke,10,/get-salt,5,920,1776914652958,7008,3.851,429,0,
smoke,10,/get-salt,5,921,1776914652962,7003,4.225,429,0,
smoke,10,/get-salt,5,922,1776914652966,7007,3.892,429,0,
smoke,10,/get-salt,5,923,1776914652971,7001,4.738,429,0,
smoke,10,/get-salt,5,924,1776914652975,7006,4.368,429,0,
smoke,10,/get-salt,5,925,1776914652986,7005,11.25,429,0,
smoke,10,/get-salt,5,926,1776914652990,7005,3.609,429,0,
smoke,10,/get-salt,5,927,1776914652994,7004,3.655,429,0,
smoke,10,/get-salt,5,928,1776914652998,7005,3.892,429,0,
smoke,10,/get-salt,5,929,1776914653006,7005,8.608,429,0,
smoke,10,/get-salt,5,930,1776914653013,7009,7.093,429,0,
smoke,10,/get-salt,5,931,1776914653024,7008,10.495,429,0,
smoke,10,/get-salt,5,932,1776914653028,7002,4.161,429,0,
smoke,10,/get-salt,5,933,1776914653032,7009,3.778,429,0,
smoke,10,/get-salt,5,934,1776914653036,7002,4.4,429,0,
smoke,10,/get-salt,5,935,1776914653040,7009,4.064,429,0,
smoke,10,/get-salt,5,936,1776914653045,7002,4.773,429,0,
smoke,10,/get-salt,5,937,1776914653050,7001,4.691,429,0,
smoke,10,/get-salt,5,938,1776914653055,7008,5.062,429,0,
smoke,10,/get-salt,5,939,1776914653059,7010,4.473,429,0,
smoke,10,/get-salt,5,940,1776914653065,7010,5.642,429,0,
smoke,10,/get-salt,5,941,1776914653071,7002,6.252,429,0,
smoke,10,/get-salt,5,942,1776914653078,7009,6.51,429,0,
smoke,10,/get-salt,5,943,1776914653083,7003,4.859,429,0,
smoke,10,/get-salt,5,944,1776914653086,7007,3.274,429,0,
smoke,10,/get-salt,5,945,1776914653088,7001,2.462,429,0,
smoke,10,/get-salt,5,946,1776914653093,7003,5.218,429,0,
smoke,10,/get-salt,5,947,1776914653098,7007,4.08,429,0,
smoke,10,/get-salt,5,948,1776914653102,7001,4.573,429,0,
smoke,10,/get-salt,5,949,1776914653106,7005,3.494,429,0,
smoke,10,/get-salt,5,950,1776914653110,7004,4.623,429,0,
smoke,10,/get-salt,5,951,1776914653117,7004,6.633,429,0,
smoke,10,/get-salt,5,952,1776914653121,7010,3.925,429,0,
smoke,10,/get-salt,5,953,1776914653125,7005,3.883,429,0,
smoke,10,/get-salt,5,954,1776914653129,7006,3.858,429,0,
smoke,10,/get-salt,5,955,1776914653133,7008,3.955,429,0,
smoke,10,/get-salt,5,956,1776914653136,7005,3.764,429,0,
smoke,10,/get-salt,5,957,1776914653141,7008,5.086,429,0,
smoke,10,/get-salt,5,958,1776914653146,7005,4.912,429,0,
smoke,10,/get-salt,5,959,1776914653150,7001,3.644,429,0,
smoke,10,/get-salt,5,960,1776914653155,7002,5.254,429,0,
smoke,10,/get-salt,5,961,1776914653160,7002,4.44,429,0,
smoke,10,/get-salt,5,962,1776914653164,7001,4.726,429,0,
smoke,10,/get-salt,5,963,1776914653168,7003,3.187,429,0,
smoke,10,/get-salt,5,964,1776914653172,7009,4.114,429,0,
smoke,10,/get-salt,5,965,1776914653181,7005,9.011,429,0,
smoke,10,/get-salt,5,966,1776914653188,7007,7.694,429,0,
smoke,10,/get-salt,5,967,1776914653192,7008,3.374,429,0,
smoke,10,/get-salt,5,968,1776914653197,7010,5.473,429,0,
smoke,10,/get-salt,5,969,1776914653202,7009,4.812,429,0,
smoke,10,/get-salt,5,970,1776914653207,7007,4.452,429,0,
smoke,10,/get-salt,5,971,1776914653210,7003,3.263,429,0,
smoke,10,/get-salt,5,972,1776914653214,7007,4.598,429,0,
smoke,10,/get-salt,5,973,1776914653219,7001,4.629,429,0,
smoke,10,/get-salt,5,974,1776914653224,7003,4.518,429,0,
smoke,10,/get-salt,5,975,1776914653227,7002,3.7,429,0,
smoke,10,/get-salt,5,976,1776914653232,7010,4.692,429,0,
smoke,10,/get-salt,5,977,1776914653236,7005,4.121,429,0,
smoke,10,/get-salt,5,978,1776914653240,7007,3.908,429,0,
smoke,10,/get-salt,5,979,1776914653248,7008,7.761,429,0,
smoke,10,/get-salt,5,980,1776914653252,7003,3.809,429,0,
smoke,10,/get-salt,5,981,1776914653255,7001,3.683,429,0,
smoke,10,/get-salt,5,982,1776914653259,7006,3.674,429,0,
smoke,10,/get-salt,5,983,1776914653262,7004,3.457,429,0,
smoke,10,/get-salt,5,984,1776914653266,7002,3.421,429,0,
smoke,10,/get-salt,5,985,1776914653270,7001,4.345,429,0,
smoke,10,/get-salt,5,986,1776914653275,7007,4.626,429,0,
smoke,10,/get-salt,5,987,1776914653279,7005,3.758,429,0,
smoke,10,/get-salt,5,988,1776914653283,7006,3.943,429,0,
smoke,10,/get-salt,5,989,1776914653287,7007,4.074,429,0,
smoke,10,/get-salt,5,990,1776914653291,7007,4.064,429,0,
smoke,10,/get-salt,5,991,1776914653294,7010,3.409,429,0,
smoke,10,/get-salt,5,992,1776914653298,7007,4.409,429,0,
smoke,10,/get-salt,5,993,1776914653303,7005,4.087,429,0,
smoke,10,/get-salt,5,994,1776914653310,7001,7.393,429,0,
smoke,10,/get-salt,5,995,1776914653314,7006,3.651,429,0,
smoke,10,/get-salt,5,996,1776914653317,7004,3.617,429,0,
smoke,10,/get-salt,5,997,1776914653322,7001,4.307,429,0,
smoke,10,/get-salt,5,998,1776914653324,7004,2.887,429,0,
smoke,10,/get-salt,5,999,1776914653328,7001,3.878,429,0,
smoke,10,/get-salt,5,1000,1776914653332,7002,3.672,429,0,
smoke,10,/get-salt,5,1001,1776914653335,7005,3.478,429,0,
smoke,10,/get-salt,5,1002,1776914653339,7009,3.64,429,0,
smoke,10,/get-salt,5,1003,1776914653343,7008,3.934,429,0,
smoke,10,/get-salt,5,1004,1776914653347,7006,3.539,429,0,
smoke,10,/get-salt,5,1005,1776914653350,7005,3.526,429,0,
smoke,10,/get-salt,5,1006,1776914653354,7004,3.382,429,0,
smoke,10,/get-salt,5,1007,1776914653357,7003,3.375,429,0,
smoke,10,/get-salt,5,1008,1776914653361,7007,3.873,429,0,
smoke,10,/get-salt,5,1009,1776914653368,7003,7.637,429,0,
smoke,10,/get-salt,5,1010,1776914653372,7003,3.503,429,0,
smoke,10,/get-salt,5,1011,1776914653375,7004,3.315,429,0,
smoke,10,/get-salt,5,1012,1776914653379,7004,3.99,429,0,
smoke,10,/get-salt,5,1013,1776914653384,7002,4.475,429,0,
smoke,10,/get-salt,5,1014,1776914653388,7002,4.483,429,0,
smoke,10,/get-salt,5,1015,1776914653393,7008,4.89,429,0,
smoke,10,/get-salt,5,1016,1776914653398,7003,4.941,429,0,
smoke,10,/get-salt,5,1017,1776914653402,7005,3.978,429,0,
smoke,10,/get-salt,5,1018,1776914653406,7007,3.858,429,0,
smoke,10,/get-salt,5,1019,1776914653409,7008,3.57,429,0,
smoke,10,/get-salt,5,1020,1776914653413,7003,3.943,429,0,
smoke,10,/get-salt,5,1021,1776914653417,7004,3.783,429,0,
smoke,10,/get-salt,5,1022,1776914653420,7001,2.928,429,0,
smoke,10,/get-salt,5,1023,1776914653427,7001,7.055,429,0,
smoke,10,/get-salt,5,1024,1776914653430,7003,2.971,429,0,
smoke,10,/get-salt,5,1025,1776914653433,7009,2.952,429,0,
smoke,10,/get-salt,5,1026,1776914653436,7005,2.642,429,0,
smoke,10,/get-salt,5,1027,1776914653440,7009,4.302,429,0,
smoke,10,/get-salt,5,1028,1776914653443,7010,3.081,429,0,
smoke,10,/get-salt,5,1029,1776914653447,7003,3.984,429,0,
smoke,10,/get-salt,5,1030,1776914653455,7001,7.752,429,0,
smoke,10,/get-salt,5,1031,1776914653459,7010,4.011,429,0,
smoke,10,/get-salt,5,1032,1776914653462,7010,3.35,429,0,
smoke,10,/get-salt,5,1033,1776914653466,7002,3.304,429,0,
smoke,10,/get-salt,5,1034,1776914653470,7003,4.612,429,0,
smoke,10,/get-salt,5,1035,1776914653475,7007,4.784,429,0,
smoke,10,/get-salt,5,1036,1776914653483,7003,7.725,429,0,
smoke,10,/get-salt,5,1037,1776914653492,7005,8.918,429,0,
smoke,10,/get-salt,5,1038,1776914653495,7004,3.756,429,0,
smoke,10,/get-salt,5,1039,1776914653499,7002,3.543,429,0,
smoke,10,/get-salt,5,1040,1776914653502,7009,3.361,429,0,
smoke,10,/get-salt,5,1041,1776914653509,7004,6.395,429,0,
smoke,10,/get-salt,5,1042,1776914653513,7006,4.311,429,0,
smoke,10,/get-salt,5,1043,1776914653518,7007,4.564,429,0,
smoke,10,/get-salt,5,1044,1776914653521,7010,3.789,429,0,
smoke,10,/get-salt,5,1045,1776914653525,7010,4.072,429,0,
smoke,10,/get-salt,5,1046,1776914653530,7007,4.663,429,0,
smoke,10,/get-salt,5,1047,1776914653534,7007,3.871,429,0,
smoke,10,/get-salt,5,1048,1776914653538,7010,3.667,429,0,
smoke,10,/get-salt,5,1049,1776914653542,7008,4.139,429,0,
smoke,10,/get-salt,5,1050,1776914653550,7001,7.837,429,0,
smoke,10,/get-salt,5,1051,1776914653561,7006,11.22,429,0,
smoke,10,/get-salt,5,1052,1776914653566,7005,4.733,429,0,
smoke,10,/get-salt,5,1053,1776914653570,7002,3.911,429,0,
smoke,10,/get-salt,5,1054,1776914653574,7007,4.734,429,0,
smoke,10,/get-salt,5,1055,1776914653579,7005,4.309,429,0,
smoke,10,/get-salt,5,1056,1776914653584,7005,5.024,429,0,
smoke,10,/get-salt,5,1057,1776914653589,7001,5.723,429,0,
smoke,10,/get-salt,5,1058,1776914653592,7006,2.837,429,0,
smoke,10,/get-salt,5,1059,1776914653597,7009,4.532,429,0,
smoke,10,/get-salt,5,1060,1776914653603,7001,5.84,429,0,
smoke,10,/get-salt,5,1061,1776914653606,7010,3.654,429,0,
smoke,10,/get-salt,5,1062,1776914653610,7005,3.913,429,0,
smoke,10,/get-salt,5,1063,1776914653615,7003,4.552,429,0,
smoke,10,/get-salt,5,1064,1776914653620,7004,5.023,429,0,
smoke,10,/get-salt,5,1065,1776914653624,7008,4.089,429,0,
smoke,10,/get-salt,5,1066,1776914653633,7001,8.931,429,0,
smoke,10,/get-salt,5,1067,1776914653637,7002,4.691,429,0,
smoke,10,/get-salt,5,1068,1776914653641,7002,4.03,429,0,
smoke,10,/get-salt,5,1069,1776914653646,7009,4.422,429,0,
smoke,10,/get-salt,5,1070,1776914653650,7005,4.062,429,0,
smoke,10,/get-salt,5,1071,1776914653654,7002,3.77,429,0,
smoke,10,/get-salt,5,1072,1776914653658,7009,4.338,429,0,
smoke,10,/get-salt,5,1073,1776914653662,7005,4.265,429,0,
smoke,10,/get-salt,5,1074,1776914653667,7008,4.212,429,0,
smoke,10,/get-salt,5,1075,1776914653671,7006,4.397,429,0,
smoke,10,/get-salt,5,1076,1776914653676,7007,5.048,429,0,
smoke,10,/get-salt,5,1077,1776914653682,7009,6.318,429,0,
smoke,10,/get-salt,5,1078,1776914653686,7009,3.455,429,0,
smoke,10,/get-salt,5,1079,1776914653689,7004,2.707,429,0,
smoke,10,/get-salt,5,1080,1776914653690,7003,1.911,429,0,
smoke,10,/get-salt,5,1081,1776914653699,7004,8.143,429,0,
smoke,10,/get-salt,5,1082,1776914653703,7003,4.025,429,0,
smoke,10,/get-salt,5,1083,1776914653706,7006,3.806,429,0,
smoke,10,/get-salt,5,1084,1776914653712,7001,5.233,429,0,
smoke,10,/get-salt,5,1085,1776914653719,7006,7.824,429,0,
smoke,10,/get-salt,5,1086,1776914653730,7001,10.176,429,0,
smoke,10,/get-salt,5,1087,1776914653735,7002,5.479,429,0,
smoke,10,/get-salt,5,1088,1776914653740,7007,4.654,429,0,
smoke,10,/get-salt,5,1089,1776914653746,7010,6.178,429,0,
smoke,10,/get-salt,5,1090,1776914653751,7003,4.687,429,0,
smoke,10,/get-salt,5,1091,1776914653755,7008,4.002,429,0,
smoke,10,/get-salt,5,1092,1776914653759,7007,4.014,429,0,
smoke,10,/get-salt,5,1093,1776914653763,7009,4.288,429,0,
smoke,10,/get-salt,5,1094,1776914653766,7002,3.422,429,0,
smoke,10,/get-salt,5,1095,1776914653771,7007,4.123,429,0,
smoke,10,/get-salt,5,1096,1776914653774,7010,3.723,429,0,
smoke,10,/get-salt,5,1097,1776914653778,7010,4.149,429,0,
smoke,10,/get-salt,5,1098,1776914653782,7008,3.671,429,0,
smoke,10,/get-salt,5,1099,1776914653786,7005,3.979,429,0,
smoke,10,/get-salt,5,1100,1776914653791,7003,4.619,429,0,
smoke,10,/get-salt,5,1101,1776914653794,7010,3.61,429,0,
smoke,10,/get-salt,5,1102,1776914653798,7005,3.79,429,0,
smoke,10,/get-salt,5,1103,1776914653802,7004,3.82,429,0,
smoke,10,/get-salt,5,1104,1776914653806,7006,4.064,429,0,
smoke,10,/get-salt,5,1105,1776914653814,7002,8.113,429,0,
smoke,10,/get-salt,5,1106,1776914653818,7001,3.394,429,0,
smoke,10,/get-salt,5,1107,1776914653821,7004,3.729,429,0,
smoke,10,/get-salt,5,1108,1776914653826,7001,4.388,429,0,
smoke,10,/get-salt,5,1109,1776914653830,7005,4.042,429,0,
smoke,10,/get-salt,5,1110,1776914653834,7005,4.037,429,0,
smoke,10,/get-salt,5,1111,1776914653837,7010,3.523,429,0,
smoke,10,/get-salt,5,1112,1776914653841,7004,4.181,429,0,
smoke,10,/get-salt,5,1113,1776914653845,7005,3.947,429,0,
smoke,10,/get-salt,5,1114,1776914653850,7007,4.759,429,0,
smoke,10,/get-salt,5,1115,1776914653854,7010,3.449,429,0,
smoke,10,/get-salt,5,1116,1776914653858,7006,3.981,429,0,
smoke,10,/get-salt,5,1117,1776914653862,7008,4.007,429,0,
smoke,10,/get-salt,5,1118,1776914653865,7004,3.854,429,0,
smoke,10,/get-salt,5,1119,1776914653873,7008,7.438,429,0,
smoke,10,/get-salt,6,0,1776914648881,7005,9.235,429,0,
smoke,10,/get-salt,6,1,1776914648889,7003,8.283,429,0,
smoke,10,/get-salt,6,2,1776914648893,7001,4.092,429,0,
smoke,10,/get-salt,6,3,1776914648896,7010,2.651,429,0,
smoke,10,/get-salt,6,4,1776914648899,7001,2.608,429,0,
smoke,10,/get-salt,6,5,1776914648902,7006,3.432,429,0,
smoke,10,/get-salt,6,6,1776914648906,7010,3.629,429,0,
smoke,10,/get-salt,6,7,1776914648921,7010,15.073,429,0,
smoke,10,/get-salt,6,8,1776914648925,7004,4.351,429,0,
smoke,10,/get-salt,6,9,1776914648929,7007,4.242,429,0,
smoke,10,/get-salt,6,10,1776914648940,7007,10.875,429,0,
smoke,10,/get-salt,6,11,1776914648945,7002,4.478,429,0,
smoke,10,/get-salt,6,12,1776914648949,7003,4.821,429,0,
smoke,10,/get-salt,6,13,1776914648954,7004,4.199,429,0,
smoke,10,/get-salt,6,14,1776914648958,7007,4.238,429,0,
smoke,10,/get-salt,6,15,1776914648962,7006,4.504,429,0,
smoke,10,/get-salt,6,16,1776914648966,7006,3.829,429,0,
smoke,10,/get-salt,6,17,1776914648970,7007,4.01,429,0,
smoke,10,/get-salt,6,18,1776914648974,7006,4.146,429,0,
smoke,10,/get-salt,6,19,1776914648979,7002,4.536,429,0,
smoke,10,/get-salt,6,20,1776914648983,7003,4.091,429,0,
smoke,10,/get-salt,6,21,1776914648987,7010,4.41,429,0,
smoke,10,/get-salt,6,22,1776914648992,7008,4.352,429,0,
smoke,10,/get-salt,6,23,1776914649000,7007,7.926,429,0,
smoke,10,/get-salt,6,24,1776914649004,7008,3.733,429,0,
smoke,10,/get-salt,6,25,1776914649008,7003,4.186,429,0,
smoke,10,/get-salt,6,26,1776914649012,7006,4.129,429,0,
smoke,10,/get-salt,6,27,1776914649016,7010,4.349,429,0,
smoke,10,/get-salt,6,28,1776914649021,7002,4.701,429,0,
smoke,10,/get-salt,6,29,1776914649025,7002,4.592,429,0,
smoke,10,/get-salt,6,30,1776914649030,7006,4.427,429,0,
smoke,10,/get-salt,6,31,1776914649034,7007,4.3,429,0,
smoke,10,/get-salt,6,32,1776914649039,7002,4.544,429,0,
smoke,10,/get-salt,6,33,1776914649043,7010,4.33,429,0,
smoke,10,/get-salt,6,34,1776914649047,7002,4.14,429,0,
smoke,10,/get-salt,6,35,1776914649052,7010,4.811,429,0,
smoke,10,/get-salt,6,36,1776914649057,7007,4.627,429,0,
smoke,10,/get-salt,6,37,1776914649061,7008,4.453,429,0,
smoke,10,/get-salt,6,38,1776914649066,7008,4.61,429,0,
smoke,10,/get-salt,6,39,1776914649074,7001,7.874,429,0,
smoke,10,/get-salt,6,40,1776914649078,7004,3.977,429,0,
smoke,10,/get-salt,6,41,1776914649082,7001,4.325,429,0,
smoke,10,/get-salt,6,42,1776914649086,7003,3.839,429,0,
smoke,10,/get-salt,6,43,1776914649090,7004,4.381,429,0,
smoke,10,/get-salt,6,44,1776914649094,7005,3.758,429,0,
smoke,10,/get-salt,6,45,1776914649098,7010,4.267,429,0,
smoke,10,/get-salt,6,46,1776914649102,7007,3.84,429,0,
smoke,10,/get-salt,6,47,1776914649106,7009,3.74,429,0,
smoke,10,/get-salt,6,48,1776914649110,7010,3.863,429,0,
smoke,10,/get-salt,6,49,1776914649113,7005,3.401,429,0,
smoke,10,/get-salt,6,50,1776914649117,7003,4.11,429,0,
smoke,10,/get-salt,6,51,1776914649122,7010,4.568,429,0,
smoke,10,/get-salt,6,52,1776914649127,7010,4.764,429,0,
smoke,10,/get-salt,6,53,1776914649131,7010,4.852,429,0,
smoke,10,/get-salt,6,54,1776914649136,7010,4.423,429,0,
smoke,10,/get-salt,6,55,1776914649140,7004,3.822,429,0,
smoke,10,/get-salt,6,56,1776914649148,7010,8.253,429,0,
smoke,10,/get-salt,6,57,1776914649152,7006,3.834,429,0,
smoke,10,/get-salt,6,58,1776914649155,7009,3.138,429,0,
smoke,10,/get-salt,6,59,1776914649159,7006,4.42,429,0,
smoke,10,/get-salt,6,60,1776914649164,7008,4.369,429,0,
smoke,10,/get-salt,6,61,1776914649168,7006,3.83,429,0,
smoke,10,/get-salt,6,62,1776914649172,7001,4.471,429,0,
smoke,10,/get-salt,6,63,1776914649177,7008,4.695,429,0,
smoke,10,/get-salt,6,64,1776914649181,7006,4.466,429,0,
smoke,10,/get-salt,6,65,1776914649185,7010,3.791,429,0,
smoke,10,/get-salt,6,66,1776914649190,7008,4.678,429,0,
smoke,10,/get-salt,6,67,1776914649194,7010,3.813,429,0,
smoke,10,/get-salt,6,68,1776914649199,7006,5.811,429,0,
smoke,10,/get-salt,6,69,1776914649204,7001,4.489,429,0,
smoke,10,/get-salt,6,70,1776914649208,7001,4.228,429,0,
smoke,10,/get-salt,6,71,1776914649212,7008,4.07,429,0,
smoke,10,/get-salt,6,72,1776914649222,7002,9.596,429,0,
smoke,10,/get-salt,6,73,1776914649227,7002,4.886,429,0,
smoke,10,/get-salt,6,74,1776914649232,7001,5.325,429,0,
smoke,10,/get-salt,6,75,1776914649236,7003,4.398,429,0,
smoke,10,/get-salt,6,76,1776914649241,7009,4.753,429,0,
smoke,10,/get-salt,6,77,1776914649246,7010,4.6,429,0,
smoke,10,/get-salt,6,78,1776914649250,7005,4.643,429,0,
smoke,10,/get-salt,6,79,1776914649256,7002,5.75,429,0,
smoke,10,/get-salt,6,80,1776914649268,7008,11.703,429,0,
smoke,10,/get-salt,6,81,1776914649272,7009,4.569,429,0,
smoke,10,/get-salt,6,82,1776914649277,7003,4.596,429,0,
smoke,10,/get-salt,6,83,1776914649281,7001,4.082,429,0,
smoke,10,/get-salt,6,84,1776914649286,7004,4.416,429,0,
smoke,10,/get-salt,6,85,1776914649294,7008,8.42,429,0,
smoke,10,/get-salt,6,86,1776914649301,7008,6.834,429,0,
smoke,10,/get-salt,6,87,1776914649312,7008,11.196,429,0,
smoke,10,/get-salt,6,88,1776914649316,7004,4.292,429,0,
smoke,10,/get-salt,6,89,1776914649320,7004,4.062,429,0,
smoke,10,/get-salt,6,90,1776914649324,7010,4.073,429,0,
smoke,10,/get-salt,6,91,1776914649328,7006,3.66,429,0,
smoke,10,/get-salt,6,92,1776914649333,7004,4.484,429,0,
smoke,10,/get-salt,6,93,1776914649337,7009,4.751,429,0,
smoke,10,/get-salt,6,94,1776914649342,7002,4.932,429,0,
smoke,10,/get-salt,6,95,1776914649347,7006,4.327,429,0,
smoke,10,/get-salt,6,96,1776914649351,7001,4.375,429,0,
smoke,10,/get-salt,6,97,1776914649355,7004,3.614,429,0,
smoke,10,/get-salt,6,98,1776914649359,7008,4.443,429,0,
smoke,10,/get-salt,6,99,1776914649363,7002,4.11,429,0,
smoke,10,/get-salt,6,100,1776914649367,7006,4.042,429,0,
smoke,10,/get-salt,6,101,1776914649372,7010,4.382,429,0,
smoke,10,/get-salt,6,102,1776914649375,7001,3.901,429,0,
smoke,10,/get-salt,6,103,1776914649379,7004,3.988,429,0,
smoke,10,/get-salt,6,104,1776914649384,7002,4.205,429,0,
smoke,10,/get-salt,6,105,1776914649388,7003,3.922,429,0,
smoke,10,/get-salt,6,106,1776914649392,7001,4.422,429,0,
smoke,10,/get-salt,6,107,1776914649399,7007,6.56,429,0,
smoke,10,/get-salt,6,108,1776914649403,7002,4.225,429,0,
smoke,10,/get-salt,6,109,1776914649407,7010,4.303,429,0,
smoke,10,/get-salt,6,110,1776914649411,7001,3.843,429,0,
smoke,10,/get-salt,6,111,1776914649415,7004,3.929,429,0,
smoke,10,/get-salt,6,112,1776914649419,7003,4.307,429,0,
smoke,10,/get-salt,6,113,1776914649423,7002,3.966,429,0,
smoke,10,/get-salt,6,114,1776914649427,7010,4.207,429,0,
smoke,10,/get-salt,6,115,1776914649431,7010,4.04,429,0,
smoke,10,/get-salt,6,116,1776914649436,7001,4.267,429,0,
smoke,10,/get-salt,6,117,1776914649439,7003,3.606,429,0,
smoke,10,/get-salt,6,118,1776914649444,7005,4.709,429,0,
smoke,10,/get-salt,6,119,1776914649448,7006,4.187,429,0,
smoke,10,/get-salt,6,120,1776914649456,7010,7.914,429,0,
smoke,10,/get-salt,6,121,1776914649460,7005,4.052,429,0,
smoke,10,/get-salt,6,122,1776914649464,7008,4.238,429,0,
smoke,10,/get-salt,6,123,1776914649469,7002,4.538,429,0,
smoke,10,/get-salt,6,124,1776914649473,7007,4.468,429,0,
smoke,10,/get-salt,6,125,1776914649478,7003,4.093,429,0,
smoke,10,/get-salt,6,126,1776914649482,7003,4.351,429,0,
smoke,10,/get-salt,6,127,1776914649486,7004,4.229,429,0,
smoke,10,/get-salt,6,128,1776914649491,7010,4.383,429,0,
smoke,10,/get-salt,6,129,1776914649494,7002,3.765,429,0,
smoke,10,/get-salt,6,130,1776914649499,7010,4.367,429,0,
smoke,10,/get-salt,6,131,1776914649503,7006,4.441,429,0,
smoke,10,/get-salt,6,132,1776914649507,7009,4.104,429,0,
smoke,10,/get-salt,6,133,1776914649515,7007,7.618,429,0,
smoke,10,/get-salt,6,134,1776914649519,7007,4.303,429,0,
smoke,10,/get-salt,6,135,1776914649527,7007,8.203,429,0,
smoke,10,/get-salt,6,136,1776914649531,7010,4.021,429,0,
smoke,10,/get-salt,6,137,1776914649535,7010,3.377,429,0,
smoke,10,/get-salt,6,138,1776914649538,7005,3.621,429,0,
smoke,10,/get-salt,6,139,1776914649544,7009,6.064,429,0,
smoke,10,/get-salt,6,140,1776914649555,7010,10.789,429,0,
smoke,10,/get-salt,6,141,1776914649561,7009,5.39,429,0,
smoke,10,/get-salt,6,142,1776914649564,7001,3.78,429,0,
smoke,10,/get-salt,6,143,1776914649568,7004,3.994,429,0,
smoke,10,/get-salt,6,144,1776914649573,7008,4.541,429,0,
smoke,10,/get-salt,6,145,1776914649577,7008,3.809,429,0,
smoke,10,/get-salt,6,146,1776914649581,7008,3.955,429,0,
smoke,10,/get-salt,6,147,1776914649585,7009,4.169,429,0,
smoke,10,/get-salt,6,148,1776914649589,7001,4.35,429,0,
smoke,10,/get-salt,6,149,1776914649593,7009,3.966,429,0,
smoke,10,/get-salt,6,150,1776914649597,7006,3.672,429,0,
smoke,10,/get-salt,6,151,1776914649602,7006,5.414,429,0,
smoke,10,/get-salt,6,152,1776914649607,7009,4.949,429,0,
smoke,10,/get-salt,6,153,1776914649612,7006,4.544,429,0,
smoke,10,/get-salt,6,154,1776914649617,7009,5.382,429,0,
smoke,10,/get-salt,6,155,1776914649621,7003,4.01,429,0,
smoke,10,/get-salt,6,156,1776914649625,7003,3.797,429,0,
smoke,10,/get-salt,6,157,1776914649629,7006,4.144,429,0,
smoke,10,/get-salt,6,158,1776914649633,7001,3.589,429,0,
smoke,10,/get-salt,6,159,1776914649636,7003,2.825,429,0,
smoke,10,/get-salt,6,160,1776914649639,7008,3.543,429,0,
smoke,10,/get-salt,6,161,1776914649646,7003,7.097,429,0,
smoke,10,/get-salt,6,162,1776914649650,7003,3.992,429,0,
smoke,10,/get-salt,6,163,1776914649654,7002,3.298,429,0,
smoke,10,/get-salt,6,164,1776914649657,7007,3.544,429,0,
smoke,10,/get-salt,6,165,1776914649661,7006,3.867,429,0,
smoke,10,/get-salt,6,166,1776914649663,7009,2.342,429,0,
smoke,10,/get-salt,6,167,1776914649665,7006,2.089,429,0,
smoke,10,/get-salt,6,168,1776914649668,7004,3.048,429,0,
smoke,10,/get-salt,6,169,1776914649672,7004,3.537,429,0,
smoke,10,/get-salt,6,170,1776914649676,7005,4.211,429,0,
smoke,10,/get-salt,6,171,1776914649680,7007,3.608,429,0,
smoke,10,/get-salt,6,172,1776914649684,7009,4.493,429,0,
smoke,10,/get-salt,6,173,1776914649688,7007,4.066,429,0,
smoke,10,/get-salt,6,174,1776914649691,7002,2.584,429,0,
smoke,10,/get-salt,6,175,1776914649695,7003,3.677,429,0,
smoke,10,/get-salt,6,176,1776914649699,7010,4.408,429,0,
smoke,10,/get-salt,6,177,1776914649706,7008,7.216,429,0,
smoke,10,/get-salt,6,178,1776914649710,7005,3.602,429,0,
smoke,10,/get-salt,6,179,1776914649718,7002,8.208,429,0,
smoke,10,/get-salt,6,180,1776914649722,7004,3.516,429,0,
smoke,10,/get-salt,6,181,1776914649725,7007,3.455,429,0,
smoke,10,/get-salt,6,182,1776914649729,7009,3.866,429,0,
smoke,10,/get-salt,6,183,1776914649733,7007,3.819,429,0,
smoke,10,/get-salt,6,184,1776914649737,7004,4.631,429,0,
smoke,10,/get-salt,6,185,1776914649742,7002,4.226,429,0,
smoke,10,/get-salt,6,186,1776914649746,7002,3.963,429,0,
smoke,10,/get-salt,6,187,1776914649750,7005,4.368,429,0,
smoke,10,/get-salt,6,188,1776914649754,7010,3.687,429,0,
smoke,10,/get-salt,6,189,1776914649758,7010,4.303,429,0,
smoke,10,/get-salt,6,190,1776914649762,7003,4.411,429,0,
smoke,10,/get-salt,6,191,1776914649767,7002,4.421,429,0,
smoke,10,/get-salt,6,192,1776914649774,7010,7.381,429,0,
smoke,10,/get-salt,6,193,1776914649777,7010,3.223,429,0,
smoke,10,/get-salt,6,194,1776914649781,7003,3.774,429,0,
smoke,10,/get-salt,6,195,1776914649785,7008,4.103,429,0,
smoke,10,/get-salt,6,196,1776914649789,7002,3.671,429,0,
smoke,10,/get-salt,6,197,1776914649793,7003,3.658,429,0,
smoke,10,/get-salt,6,198,1776914649796,7004,3.831,429,0,
smoke,10,/get-salt,6,199,1776914649801,7007,4.085,429,0,
smoke,10,/get-salt,6,200,1776914649804,7007,3.142,429,0,
smoke,10,/get-salt,6,201,1776914649808,7005,4.519,429,0,
smoke,10,/get-salt,6,202,1776914649813,7001,4.4,429,0,
smoke,10,/get-salt,6,203,1776914649816,7002,3.496,429,0,
smoke,10,/get-salt,6,204,1776914649821,7009,4.443,429,0,
smoke,10,/get-salt,6,205,1776914649824,7010,3.858,429,0,
smoke,10,/get-salt,6,206,1776914649828,7002,3.694,429,0,
smoke,10,/get-salt,6,207,1776914649839,7003,10.62,429,0,
smoke,10,/get-salt,6,208,1776914649848,7009,9.634,429,0,
smoke,10,/get-salt,6,209,1776914649852,7010,4.077,429,0,
smoke,10,/get-salt,6,210,1776914649856,7006,3.813,429,0,
smoke,10,/get-salt,6,211,1776914649861,7002,4.784,429,0,
smoke,10,/get-salt,6,212,1776914649865,7008,4.399,429,0,
smoke,10,/get-salt,6,213,1776914649869,7002,3.962,429,0,
smoke,10,/get-salt,6,214,1776914649873,7009,3.938,429,0,
smoke,10,/get-salt,6,215,1776914649877,7002,4.001,429,0,
smoke,10,/get-salt,6,216,1776914649881,7006,3.689,429,0,
smoke,10,/get-salt,6,217,1776914649885,7004,3.589,429,0,
smoke,10,/get-salt,6,218,1776914649888,7009,3.161,429,0,
smoke,10,/get-salt,6,219,1776914649892,7002,3.665,429,0,
smoke,10,/get-salt,6,220,1776914649896,7008,4.091,429,0,
smoke,10,/get-salt,6,221,1776914649899,7004,3.701,429,0,
smoke,10,/get-salt,6,222,1776914649903,7003,3.456,429,0,
smoke,10,/get-salt,6,223,1776914649907,7001,4.324,429,0,
smoke,10,/get-salt,6,224,1776914649911,7008,4.142,429,0,
smoke,10,/get-salt,6,225,1776914649915,7002,3.782,429,0,
smoke,10,/get-salt,6,226,1776914649919,7005,4.377,429,0,
smoke,10,/get-salt,6,227,1776914649923,7010,3.71,429,0,
smoke,10,/get-salt,6,228,1776914649929,7008,6.306,429,0,
smoke,10,/get-salt,6,229,1776914649933,7005,3.988,429,0,
smoke,10,/get-salt,6,230,1776914649938,7010,4.184,429,0,
smoke,10,/get-salt,6,231,1776914649942,7007,3.916,429,0,
smoke,10,/get-salt,6,232,1776914649945,7005,3.672,429,0,
smoke,10,/get-salt,6,233,1776914649949,7009,4.011,429,0,
smoke,10,/get-salt,6,234,1776914649954,7009,4.527,429,0,
smoke,10,/get-salt,6,235,1776914649957,7009,3.701,429,0,
smoke,10,/get-salt,6,236,1776914649961,7005,3.598,429,0,
smoke,10,/get-salt,6,237,1776914649964,7002,3.337,429,0,
smoke,10,/get-salt,6,238,1776914649968,7002,3.367,429,0,
smoke,10,/get-salt,6,239,1776914649972,7010,3.889,429,0,
smoke,10,/get-salt,6,240,1776914649975,7001,3.802,429,0,
smoke,10,/get-salt,6,241,1776914649980,7006,4.142,429,0,
smoke,10,/get-salt,6,242,1776914649988,7001,8.233,429,0,
smoke,10,/get-salt,6,243,1776914649992,7006,4.48,429,0,
smoke,10,/get-salt,6,244,1776914649997,7008,4.277,429,0,
smoke,10,/get-salt,6,245,1776914650001,7006,4.411,429,0,
smoke,10,/get-salt,6,246,1776914650005,7002,4.335,429,0,
smoke,10,/get-salt,6,247,1776914650012,7004,6.967,429,0,
smoke,10,/get-salt,6,248,1776914650017,7004,4.362,429,0,
smoke,10,/get-salt,6,249,1776914650021,7001,4.304,429,0,
smoke,10,/get-salt,6,250,1776914650025,7003,4.093,429,0,
smoke,10,/get-salt,6,251,1776914650029,7009,3.868,429,0,
smoke,10,/get-salt,6,252,1776914650033,7006,3.717,429,0,
smoke,10,/get-salt,6,253,1776914650037,7004,3.812,429,0,
smoke,10,/get-salt,6,254,1776914650041,7010,4.063,429,0,
smoke,10,/get-salt,6,255,1776914650045,7002,4.055,429,0,
smoke,10,/get-salt,6,256,1776914650049,7006,3.898,429,0,
smoke,10,/get-salt,6,257,1776914650056,7006,7.068,429,0,
smoke,10,/get-salt,6,258,1776914650060,7002,4.053,429,0,
smoke,10,/get-salt,6,259,1776914650064,7001,3.893,429,0,
smoke,10,/get-salt,6,260,1776914650067,7002,3.85,429,0,
smoke,10,/get-salt,6,261,1776914650071,7010,3.885,429,0,
smoke,10,/get-salt,6,262,1776914650075,7009,3.799,429,0,
smoke,10,/get-salt,6,263,1776914650079,7006,4.036,429,0,
smoke,10,/get-salt,6,264,1776914650083,7009,3.761,429,0,
smoke,10,/get-salt,6,265,1776914650087,7005,3.861,429,0,
smoke,10,/get-salt,6,266,1776914650091,7006,4.248,429,0,
smoke,10,/get-salt,6,267,1776914650095,7004,4.055,429,0,
smoke,10,/get-salt,6,268,1776914650099,7005,3.919,429,0,
smoke,10,/get-salt,6,269,1776914650103,7003,3.828,429,0,
smoke,10,/get-salt,6,270,1776914650106,7010,3.572,429,0,
smoke,10,/get-salt,6,271,1776914650110,7008,3.73,429,0,
smoke,10,/get-salt,6,272,1776914650118,7009,8.063,429,0,
smoke,10,/get-salt,6,273,1776914650122,7002,3.789,429,0,
smoke,10,/get-salt,6,274,1776914650126,7008,4.2,429,0,
smoke,10,/get-salt,6,275,1776914650130,7002,4.147,429,0,
smoke,10,/get-salt,6,276,1776914650134,7005,3.75,429,0,
smoke,10,/get-salt,6,277,1776914650138,7002,3.866,429,0,
smoke,10,/get-salt,6,278,1776914650142,7009,4.084,429,0,
smoke,10,/get-salt,6,279,1776914650146,7004,4.238,429,0,
smoke,10,/get-salt,6,280,1776914650151,7007,4.418,429,0,
smoke,10,/get-salt,6,281,1776914650155,7008,3.985,429,0,
smoke,10,/get-salt,6,282,1776914650159,7008,4.157,429,0,
smoke,10,/get-salt,6,283,1776914650163,7001,4.118,429,0,
smoke,10,/get-salt,6,284,1776914650167,7002,3.969,429,0,
smoke,10,/get-salt,6,285,1776914650171,7005,3.653,429,0,
smoke,10,/get-salt,6,286,1776914650175,7002,3.981,429,0,
smoke,10,/get-salt,6,287,1776914650183,7001,8.362,429,0,
smoke,10,/get-salt,6,288,1776914650187,7008,3.628,429,0,
smoke,10,/get-salt,6,289,1776914650191,7002,4.097,429,0,
smoke,10,/get-salt,6,290,1776914650195,7006,3.91,429,0,
smoke,10,/get-salt,6,291,1776914650199,7004,3.922,429,0,
smoke,10,/get-salt,6,292,1776914650203,7008,3.963,429,0,
smoke,10,/get-salt,6,293,1776914650207,7001,4.253,429,0,
smoke,10,/get-salt,6,294,1776914650211,7003,4.158,429,0,
smoke,10,/get-salt,6,295,1776914650215,7008,4.125,429,0,
smoke,10,/get-salt,6,296,1776914650219,7009,4.197,429,0,
smoke,10,/get-salt,6,297,1776914650224,7009,4.174,429,0,
smoke,10,/get-salt,6,298,1776914650228,7002,4.357,429,0,
smoke,10,/get-salt,6,299,1776914650232,7006,4.28,429,0,
smoke,10,/get-salt,6,300,1776914650236,7006,3.468,429,0,
smoke,10,/get-salt,6,301,1776914650239,7005,3.684,429,0,
smoke,10,/get-salt,6,302,1776914650248,7004,8.758,429,0,
smoke,10,/get-salt,6,303,1776914650252,7006,3.936,429,0,
smoke,10,/get-salt,6,304,1776914650256,7006,4.061,429,0,
smoke,10,/get-salt,6,305,1776914650260,7002,4.173,429,0,
smoke,10,/get-salt,6,306,1776914650265,7003,4.264,429,0,
smoke,10,/get-salt,6,307,1776914650269,7007,4.154,429,0,
smoke,10,/get-salt,6,308,1776914650274,7009,4.869,429,0,
smoke,10,/get-salt,6,309,1776914650278,7009,4.116,429,0,
smoke,10,/get-salt,6,310,1776914650282,7007,3.993,429,0,
smoke,10,/get-salt,6,311,1776914650284,7009,2.771,429,0,
smoke,10,/get-salt,6,312,1776914650287,7008,2.752,429,0,
smoke,10,/get-salt,6,313,1776914650290,7002,2.745,429,0,
smoke,10,/get-salt,6,314,1776914650293,7005,3.487,429,0,
smoke,10,/get-salt,6,315,1776914650297,7003,4.002,429,0,
smoke,10,/get-salt,6,316,1776914650302,7002,4.545,429,0,
smoke,10,/get-salt,6,317,1776914650306,7007,3.672,429,0,
smoke,10,/get-salt,6,318,1776914650313,7003,7.516,429,0,
smoke,10,/get-salt,6,319,1776914650317,7007,3.994,429,0,
smoke,10,/get-salt,6,320,1776914650321,7008,3.684,429,0,
smoke,10,/get-salt,6,321,1776914650325,7005,4.455,429,0,
smoke,10,/get-salt,6,322,1776914650330,7003,4.978,429,0,
smoke,10,/get-salt,6,323,1776914650334,7003,3.957,429,0,
smoke,10,/get-salt,6,324,1776914650338,7002,3.961,429,0,
smoke,10,/get-salt,6,325,1776914650342,7001,3.779,429,0,
smoke,10,/get-salt,6,326,1776914650346,7005,4.01,429,0,
smoke,10,/get-salt,6,327,1776914650350,7004,4.136,429,0,
smoke,10,/get-salt,6,328,1776914650354,7007,4.198,429,0,
smoke,10,/get-salt,6,329,1776914650359,7010,4.204,429,0,
smoke,10,/get-salt,6,330,1776914650363,7007,4.351,429,0,
smoke,10,/get-salt,6,331,1776914650366,7005,3.452,429,0,
smoke,10,/get-salt,6,332,1776914650370,7004,3.423,429,0,
smoke,10,/get-salt,6,333,1776914650375,7003,4.702,429,0,
smoke,10,/get-salt,6,334,1776914650383,7001,8.761,429,0,
smoke,10,/get-salt,6,335,1776914650387,7008,3.829,429,0,
smoke,10,/get-salt,6,336,1776914650391,7007,3.906,429,0,
smoke,10,/get-salt,6,337,1776914650394,7010,3.403,429,0,
smoke,10,/get-salt,6,338,1776914650399,7004,4.016,429,0,
smoke,10,/get-salt,6,339,1776914650403,7006,4.095,429,0,
smoke,10,/get-salt,6,340,1776914650406,7006,3.495,429,0,
smoke,10,/get-salt,6,341,1776914650410,7002,4.028,429,0,
smoke,10,/get-salt,6,342,1776914650414,7005,4.033,429,0,
smoke,10,/get-salt,6,343,1776914650418,7006,3.765,429,0,
smoke,10,/get-salt,6,344,1776914650422,7002,3.587,429,0,
smoke,10,/get-salt,6,345,1776914650425,7007,3.454,429,0,
smoke,10,/get-salt,6,346,1776914650429,7007,4.229,429,0,
smoke,10,/get-salt,6,347,1776914650433,7001,3.304,429,0,
smoke,10,/get-salt,6,348,1776914650441,7004,8.5,429,0,
smoke,10,/get-salt,6,349,1776914650449,7009,8.42,429,0,
smoke,10,/get-salt,6,350,1776914650458,7003,8.63,429,0,
smoke,10,/get-salt,6,351,1776914650464,7006,5.958,429,0,
smoke,10,/get-salt,6,352,1776914650468,7008,4.01,429,0,
smoke,10,/get-salt,6,353,1776914650473,7002,4.504,429,0,
smoke,10,/get-salt,6,354,1776914650476,7002,3.913,429,0,
smoke,10,/get-salt,6,355,1776914650480,7003,3.567,429,0,
smoke,10,/get-salt,6,356,1776914650484,7003,4.095,429,0,
smoke,10,/get-salt,6,357,1776914650488,7004,3.962,429,0,
smoke,10,/get-salt,6,358,1776914650492,7008,3.829,429,0,
smoke,10,/get-salt,6,359,1776914650496,7006,3.67,429,0,
smoke,10,/get-salt,6,360,1776914650500,7006,4.747,429,0,
smoke,10,/get-salt,6,361,1776914650503,7005,3.092,429,0,
smoke,10,/get-salt,6,362,1776914650507,7002,3.47,429,0,
smoke,10,/get-salt,6,363,1776914650511,7010,3.644,429,0,
smoke,10,/get-salt,6,364,1776914650514,7002,3.763,429,0,
smoke,10,/get-salt,6,365,1776914650518,7004,3.567,429,0,
smoke,10,/get-salt,6,366,1776914650522,7010,3.699,429,0,
smoke,10,/get-salt,6,367,1776914650526,7005,4.132,429,0,
smoke,10,/get-salt,6,368,1776914650529,7006,3.703,429,0,
smoke,10,/get-salt,6,369,1776914650533,7002,3.84,429,0,
smoke,10,/get-salt,6,370,1776914650540,7008,6.604,429,0,
smoke,10,/get-salt,6,371,1776914650544,7005,3.626,429,0,
smoke,10,/get-salt,6,372,1776914650548,7002,4.089,429,0,
smoke,10,/get-salt,6,373,1776914650552,7010,4.247,429,0,
smoke,10,/get-salt,6,374,1776914650558,7001,6.387,429,0,
smoke,10,/get-salt,6,375,1776914650561,7002,2.371,429,0,
smoke,10,/get-salt,6,376,1776914650563,7006,2.303,429,0,
smoke,10,/get-salt,6,377,1776914650567,7001,3.973,429,0,
smoke,10,/get-salt,6,378,1776914650572,7003,4.761,429,0,
smoke,10,/get-salt,6,379,1776914650576,7002,3.772,429,0,
smoke,10,/get-salt,6,380,1776914650579,7010,3.701,429,0,
smoke,10,/get-salt,6,381,1776914650583,7001,4.077,429,0,
smoke,10,/get-salt,6,382,1776914650587,7002,3.688,429,0,
smoke,10,/get-salt,6,383,1776914650591,7006,3.806,429,0,
smoke,10,/get-salt,6,384,1776914650594,7009,3.466,429,0,
smoke,10,/get-salt,6,385,1776914650601,7006,6.869,429,0,
smoke,10,/get-salt,6,386,1776914650605,7002,3.508,429,0,
smoke,10,/get-salt,6,387,1776914650608,7009,2.931,429,0,
smoke,10,/get-salt,6,388,1776914650611,7002,3.539,429,0,
smoke,10,/get-salt,6,389,1776914650615,7009,3.987,429,0,
smoke,10,/get-salt,6,390,1776914650619,7006,3.907,429,0,
smoke,10,/get-salt,6,391,1776914650622,7001,2.997,429,0,
smoke,10,/get-salt,6,392,1776914650625,7010,3.224,429,0,
smoke,10,/get-salt,6,393,1776914650628,7007,3.187,429,0,
smoke,10,/get-salt,6,394,1776914650631,7007,2.967,429,0,
smoke,10,/get-salt,6,395,1776914650634,7004,2.577,429,0,
smoke,10,/get-salt,6,396,1776914650638,7007,4.121,429,0,
smoke,10,/get-salt,6,397,1776914650642,7004,3.764,429,0,
smoke,10,/get-salt,6,398,1776914650645,7004,2.791,429,0,
smoke,10,/get-salt,6,399,1776914650648,7001,3.41,429,0,
smoke,10,/get-salt,6,400,1776914650650,7010,2.125,429,0,
smoke,10,/get-salt,6,401,1776914650651,7006,1.091,429,0,
smoke,10,/get-salt,6,402,1776914650655,7009,3.925,429,0,
smoke,10,/get-salt,6,403,1776914650659,7005,3.927,429,0,
smoke,10,/get-salt,6,404,1776914650666,7007,6.47,429,0,
smoke,10,/get-salt,6,405,1776914650670,7007,3.859,429,0,
smoke,10,/get-salt,6,406,1776914650673,7006,3.464,429,0,
smoke,10,/get-salt,6,407,1776914650676,7003,3.417,429,0,
smoke,10,/get-salt,6,408,1776914650680,7009,3.36,429,0,
smoke,10,/get-salt,6,409,1776914650683,7007,3.353,429,0,
smoke,10,/get-salt,6,410,1776914650686,7010,3.069,429,0,
smoke,10,/get-salt,6,411,1776914650691,7007,4.385,429,0,
smoke,10,/get-salt,6,412,1776914650694,7009,3.786,429,0,
smoke,10,/get-salt,6,413,1776914650698,7006,3.54,429,0,
smoke,10,/get-salt,6,414,1776914650702,7009,3.744,429,0,
smoke,10,/get-salt,6,415,1776914650706,7004,4.262,429,0,
smoke,10,/get-salt,6,416,1776914650710,7002,4.015,429,0,
smoke,10,/get-salt,6,417,1776914650713,7001,3.514,429,0,
smoke,10,/get-salt,6,418,1776914650717,7005,3.53,429,0,
smoke,10,/get-salt,6,419,1776914650724,7010,6.822,429,0,
smoke,10,/get-salt,6,420,1776914650728,7009,3.733,429,0,
smoke,10,/get-salt,6,421,1776914650731,7008,3.792,429,0,
smoke,10,/get-salt,6,422,1776914650735,7010,3.561,429,0,
smoke,10,/get-salt,6,423,1776914650738,7007,3.099,429,0,
smoke,10,/get-salt,6,424,1776914650742,7005,3.597,429,0,
smoke,10,/get-salt,6,425,1776914650746,7010,3.944,429,0,
smoke,10,/get-salt,6,426,1776914650750,7002,3.946,429,0,
smoke,10,/get-salt,6,427,1776914650754,7010,4.148,429,0,
smoke,10,/get-salt,6,428,1776914650759,7002,4.851,429,0,
smoke,10,/get-salt,6,429,1776914650762,7005,3.595,429,0,
smoke,10,/get-salt,6,430,1776914650766,7001,3.763,429,0,
smoke,10,/get-salt,6,431,1776914650770,7003,4.096,429,0,
smoke,10,/get-salt,6,432,1776914650775,7001,4.796,429,0,
smoke,10,/get-salt,6,433,1776914650786,7007,10.708,429,0,
smoke,10,/get-salt,6,434,1776914650792,7010,6.756,429,0,
smoke,10,/get-salt,6,435,1776914650796,7008,3.331,429,0,
smoke,10,/get-salt,6,436,1776914650799,7003,2.901,429,0,
smoke,10,/get-salt,6,437,1776914650803,7007,4.811,429,0,
smoke,10,/get-salt,6,438,1776914650808,7006,4.312,429,0,
smoke,10,/get-salt,6,439,1776914650811,7005,3.823,429,0,
smoke,10,/get-salt,6,440,1776914650816,7006,4.098,429,0,
smoke,10,/get-salt,6,441,1776914650819,7004,3.581,429,0,
smoke,10,/get-salt,6,442,1776914650823,7009,3.98,429,0,
smoke,10,/get-salt,6,443,1776914650827,7003,4.033,429,0,
smoke,10,/get-salt,6,444,1776914650831,7006,4.266,429,0,
smoke,10,/get-salt,6,445,1776914650836,7004,4.165,429,0,
smoke,10,/get-salt,6,446,1776914650840,7006,3.924,429,0,
smoke,10,/get-salt,6,447,1776914650844,7010,3.967,429,0,
smoke,10,/get-salt,6,448,1776914650852,7009,8.665,429,0,
smoke,10,/get-salt,6,449,1776914650856,7005,3.576,429,0,
smoke,10,/get-salt,6,450,1776914650860,7001,4.464,429,0,
smoke,10,/get-salt,6,451,1776914650864,7008,3.265,429,0,
smoke,10,/get-salt,6,452,1776914650867,7009,3.803,429,0,
smoke,10,/get-salt,6,453,1776914650871,7006,3.787,429,0,
smoke,10,/get-salt,6,454,1776914650875,7006,4.001,429,0,
smoke,10,/get-salt,6,455,1776914650879,7009,4.147,429,0,
smoke,10,/get-salt,6,456,1776914650884,7003,4.365,429,0,
smoke,10,/get-salt,6,457,1776914650888,7010,4.649,429,0,
smoke,10,/get-salt,6,458,1776914650892,7007,4.085,429,0,
smoke,10,/get-salt,6,459,1776914650896,7007,3.831,429,0,
smoke,10,/get-salt,6,460,1776914650900,7001,3.934,429,0,
smoke,10,/get-salt,6,461,1776914650904,7010,3.439,429,0,
smoke,10,/get-salt,6,462,1776914650908,7008,4.117,429,0,
smoke,10,/get-salt,6,463,1776914650916,7005,8.418,429,0,
smoke,10,/get-salt,6,464,1776914650920,7007,4.106,429,0,
smoke,10,/get-salt,6,465,1776914650924,7001,3.745,429,0,
smoke,10,/get-salt,6,466,1776914650927,7010,3.471,429,0,
smoke,10,/get-salt,6,467,1776914650932,7009,4.273,429,0,
smoke,10,/get-salt,6,468,1776914650936,7006,3.98,429,0,
smoke,10,/get-salt,6,469,1776914650940,7008,4.152,429,0,
smoke,10,/get-salt,6,470,1776914650944,7010,3.866,429,0,
smoke,10,/get-salt,6,471,1776914650948,7001,3.864,429,0,
smoke,10,/get-salt,6,472,1776914650952,7007,4.516,429,0,
smoke,10,/get-salt,6,473,1776914650956,7001,4.252,429,0,
smoke,10,/get-salt,6,474,1776914650961,7002,4.827,429,0,
smoke,10,/get-salt,6,475,1776914650965,7001,3.463,429,0,
smoke,10,/get-salt,6,476,1776914650968,7005,3.287,429,0,
smoke,10,/get-salt,6,477,1776914650978,7001,10.056,429,0,
smoke,10,/get-salt,6,478,1776914650982,7005,4.108,429,0,
smoke,10,/get-salt,6,479,1776914650985,7006,3.044,429,0,
smoke,10,/get-salt,6,480,1776914650989,7008,3.677,429,0,
smoke,10,/get-salt,6,481,1776914650992,7001,3.382,429,0,
smoke,10,/get-salt,6,482,1776914650996,7008,4.195,429,0,
smoke,10,/get-salt,6,483,1776914651001,7001,4.182,429,0,
smoke,10,/get-salt,6,484,1776914651006,7003,5.595,429,0,
smoke,10,/get-salt,6,485,1776914651011,7010,4.731,429,0,
smoke,10,/get-salt,6,486,1776914651014,7009,2.691,429,0,
smoke,10,/get-salt,6,487,1776914651018,7010,3.932,429,0,
smoke,10,/get-salt,6,488,1776914651021,7004,3.358,429,0,
smoke,10,/get-salt,6,489,1776914651025,7006,4.28,429,0,
smoke,10,/get-salt,6,490,1776914651029,7006,3.955,429,0,
smoke,10,/get-salt,6,491,1776914651033,7003,3.599,429,0,
smoke,10,/get-salt,6,492,1776914651036,7009,3.628,429,0,
smoke,10,/get-salt,6,493,1776914651047,7001,10.188,429,0,
smoke,10,/get-salt,6,494,1776914651050,7005,3.437,429,0,
smoke,10,/get-salt,6,495,1776914651054,7001,4.219,429,0,
smoke,10,/get-salt,6,496,1776914651059,7008,4.812,429,0,
smoke,10,/get-salt,6,497,1776914651065,7004,5.755,429,0,
smoke,10,/get-salt,6,498,1776914651069,7004,3.881,429,0,
smoke,10,/get-salt,6,499,1776914651074,7010,4.941,429,0,
smoke,10,/get-salt,6,500,1776914651078,7009,3.9,429,0,
smoke,10,/get-salt,6,501,1776914651081,7009,3.791,429,0,
smoke,10,/get-salt,6,502,1776914651085,7002,3.771,429,0,
smoke,10,/get-salt,6,503,1776914651091,7003,5.482,429,0,
smoke,10,/get-salt,6,504,1776914651100,7002,9.54,429,0,
smoke,10,/get-salt,6,505,1776914651104,7009,4.072,429,0,
smoke,10,/get-salt,6,506,1776914651108,7002,3.791,429,0,
smoke,10,/get-salt,6,507,1776914651111,7003,3.347,429,0,
smoke,10,/get-salt,6,508,1776914651116,7005,4.832,429,0,
smoke,10,/get-salt,6,509,1776914651120,7005,3.343,429,0,
smoke,10,/get-salt,6,510,1776914651125,7006,5.814,429,0,
smoke,10,/get-salt,6,511,1776914651129,7010,3.508,429,0,
smoke,10,/get-salt,6,512,1776914651134,7002,4.823,429,0,
smoke,10,/get-salt,6,513,1776914651140,7009,6.147,429,0,
smoke,10,/get-salt,6,514,1776914651145,7004,4.848,429,0,
smoke,10,/get-salt,6,515,1776914651149,7004,4.116,429,0,
smoke,10,/get-salt,6,516,1776914651153,7007,3.893,429,0,
smoke,10,/get-salt,6,517,1776914651157,7009,3.863,429,0,
smoke,10,/get-salt,6,518,1776914651161,7010,4.744,429,0,
smoke,10,/get-salt,6,519,1776914651165,7008,3.797,429,0,
smoke,10,/get-salt,6,520,1776914651169,7010,4.183,429,0,
smoke,10,/get-salt,6,521,1776914651173,7006,3.999,429,0,
smoke,10,/get-salt,6,522,1776914651177,7002,3.904,429,0,
smoke,10,/get-salt,6,523,1776914651184,7010,6.808,429,0,
smoke,10,/get-salt,6,524,1776914651188,7010,3.804,429,0,
smoke,10,/get-salt,6,525,1776914651192,7002,3.778,429,0,
smoke,10,/get-salt,6,526,1776914651195,7010,3.744,429,0,
smoke,10,/get-salt,6,527,1776914651199,7001,3.934,429,0,
smoke,10,/get-salt,6,528,1776914651204,7001,4.369,429,0,
smoke,10,/get-salt,6,529,1776914651208,7001,3.867,429,0,
smoke,10,/get-salt,6,530,1776914651212,7006,4.485,429,0,
smoke,10,/get-salt,6,531,1776914651216,7009,3.678,429,0,
smoke,10,/get-salt,6,532,1776914651220,7002,4.09,429,0,
smoke,10,/get-salt,6,533,1776914651225,7003,5.548,429,0,
smoke,10,/get-salt,6,534,1776914651229,7009,3.436,429,0,
smoke,10,/get-salt,6,535,1776914651236,7008,7.307,429,0,
smoke,10,/get-salt,6,536,1776914651246,7003,9.519,429,0,
smoke,10,/get-salt,6,537,1776914651251,7009,5.159,429,0,
smoke,10,/get-salt,6,538,1776914651255,7010,4.079,429,0,
smoke,10,/get-salt,6,539,1776914651259,7008,4.151,429,0,
smoke,10,/get-salt,6,540,1776914651263,7007,4.063,429,0,
smoke,10,/get-salt,6,541,1776914651267,7002,3.908,429,0,
smoke,10,/get-salt,6,542,1776914651271,7006,3.502,429,0,
smoke,10,/get-salt,6,543,1776914651275,7005,4.025,429,0,
smoke,10,/get-salt,6,544,1776914651280,7001,5.517,429,0,
smoke,10,/get-salt,6,545,1776914651285,7010,4.626,429,0,
smoke,10,/get-salt,6,546,1776914651289,7007,4.649,429,0,
smoke,10,/get-salt,6,547,1776914651293,7006,4.017,429,0,
smoke,10,/get-salt,6,548,1776914651297,7001,3.842,429,0,
smoke,10,/get-salt,6,549,1776914651301,7006,3.986,429,0,
smoke,10,/get-salt,6,550,1776914651306,7009,4.265,429,0,
smoke,10,/get-salt,6,551,1776914651313,7010,7.079,429,0,
smoke,10,/get-salt,6,552,1776914651317,7008,4.066,429,0,
smoke,10,/get-salt,6,553,1776914651321,7003,4.193,429,0,
smoke,10,/get-salt,6,554,1776914651325,7007,3.891,429,0,
smoke,10,/get-salt,6,555,1776914651329,7002,4.216,429,0,
smoke,10,/get-salt,6,556,1776914651333,7005,3.653,429,0,
smoke,10,/get-salt,6,557,1776914651337,7009,3.792,429,0,
smoke,10,/get-salt,6,558,1776914651340,7005,3.147,429,0,
smoke,10,/get-salt,6,559,1776914651344,7007,4.348,429,0,
smoke,10,/get-salt,6,560,1776914651348,7006,3.999,429,0,
smoke,10,/get-salt,6,561,1776914651352,7009,3.503,429,0,
smoke,10,/get-salt,6,562,1776914651356,7004,4.232,429,0,
smoke,10,/get-salt,6,563,1776914651359,7004,3.689,429,0,
smoke,10,/get-salt,6,564,1776914651363,7006,3.975,429,0,
smoke,10,/get-salt,6,565,1776914651367,7010,3.876,429,0,
smoke,10,/get-salt,6,566,1776914651375,7005,7.359,429,0,
smoke,10,/get-salt,6,567,1776914651379,7007,4.219,429,0,
smoke,10,/get-salt,6,568,1776914651385,7005,5.84,429,0,
smoke,10,/get-salt,6,569,1776914651389,7002,4.053,429,0,
smoke,10,/get-salt,6,570,1776914651393,7009,3.96,429,0,
smoke,10,/get-salt,6,571,1776914651397,7006,4.602,429,0,
smoke,10,/get-salt,6,572,1776914651401,7007,3.93,429,0,
smoke,10,/get-salt,6,573,1776914651405,7004,4.016,429,0,
smoke,10,/get-salt,6,574,1776914651409,7008,3.872,429,0,
smoke,10,/get-salt,6,575,1776914651414,7003,4.382,429,0,
smoke,10,/get-salt,6,576,1776914651417,7001,3.565,429,0,
smoke,10,/get-salt,6,577,1776914651421,7009,3.866,429,0,
smoke,10,/get-salt,6,578,1776914651425,7002,4.284,429,0,
smoke,10,/get-salt,6,579,1776914651429,7008,3.468,429,0,
smoke,10,/get-salt,6,580,1776914651433,7002,4.184,429,0,
smoke,10,/get-salt,6,581,1776914651440,7004,7.371,429,0,
smoke,10,/get-salt,6,582,1776914651444,7010,3.95,429,0,
smoke,10,/get-salt,6,583,1776914651448,7005,3.855,429,0,
smoke,10,/get-salt,6,584,1776914651452,7010,4.151,429,0,
smoke,10,/get-salt,6,585,1776914651456,7009,3.93,429,0,
smoke,10,/get-salt,6,586,1776914651460,7006,4.246,429,0,
smoke,10,/get-salt,6,587,1776914651464,7001,3.785,429,0,
smoke,10,/get-salt,6,588,1776914651468,7001,3.473,429,0,
smoke,10,/get-salt,6,589,1776914651471,7004,3.339,429,0,
smoke,10,/get-salt,6,590,1776914651475,7007,4.006,429,0,
smoke,10,/get-salt,6,591,1776914651479,7006,4.191,429,0,
smoke,10,/get-salt,6,592,1776914651483,7006,3.956,429,0,
smoke,10,/get-salt,6,593,1776914651487,7006,3.786,429,0,
smoke,10,/get-salt,6,594,1776914651491,7007,4.254,429,0,
smoke,10,/get-salt,6,595,1776914651498,7009,7.082,429,0,
smoke,10,/get-salt,6,596,1776914651502,7008,3.41,429,0,
smoke,10,/get-salt,6,597,1776914651505,7001,3.253,429,0,
smoke,10,/get-salt,6,598,1776914651509,7008,3.949,429,0,
smoke,10,/get-salt,6,599,1776914651513,7009,3.756,429,0,
smoke,10,/get-salt,6,600,1776914651516,7001,3.546,429,0,
smoke,10,/get-salt,6,601,1776914651520,7005,3.562,429,0,
smoke,10,/get-salt,6,602,1776914651523,7006,3.328,429,0,
smoke,10,/get-salt,6,603,1776914651527,7004,3.518,429,0,
smoke,10,/get-salt,6,604,1776914651531,7005,3.801,429,0,
smoke,10,/get-salt,6,605,1776914651534,7006,3.886,429,0,
smoke,10,/get-salt,6,606,1776914651538,7001,3.613,429,0,
smoke,10,/get-salt,6,607,1776914651541,7004,3.22,429,0,
smoke,10,/get-salt,6,608,1776914651545,7007,4.09,429,0,
smoke,10,/get-salt,6,609,1776914651550,7010,4.764,429,0,
smoke,10,/get-salt,6,610,1776914651554,7004,3.874,429,0,
smoke,10,/get-salt,6,611,1776914651561,7006,7.235,429,0,
smoke,10,/get-salt,6,612,1776914651565,7007,3.609,429,0,
smoke,10,/get-salt,6,613,1776914651570,7006,4.717,429,0,
smoke,10,/get-salt,6,614,1776914651573,7003,3.045,429,0,
smoke,10,/get-salt,6,615,1776914651576,7005,3.517,429,0,
smoke,10,/get-salt,6,616,1776914651580,7006,3.928,429,0,
smoke,10,/get-salt,6,617,1776914651584,7002,3.707,429,0,
smoke,10,/get-salt,6,618,1776914651588,7008,4.132,429,0,
smoke,10,/get-salt,6,619,1776914651591,7006,3.544,429,0,
smoke,10,/get-salt,6,620,1776914651594,7006,2.982,429,0,
smoke,10,/get-salt,6,621,1776914651598,7005,3.43,429,0,
smoke,10,/get-salt,6,622,1776914651601,7009,3.584,429,0,
smoke,10,/get-salt,6,623,1776914651605,7002,3.8,429,0,
smoke,10,/get-salt,6,624,1776914651609,7003,3.959,429,0,
smoke,10,/get-salt,6,625,1776914651618,7010,8.374,429,0,
smoke,10,/get-salt,6,626,1776914651622,7001,3.965,429,0,
smoke,10,/get-salt,6,627,1776914651625,7006,3.855,429,0,
smoke,10,/get-salt,6,628,1776914651629,7002,3.592,429,0,
smoke,10,/get-salt,6,629,1776914651633,7008,4.071,429,0,
smoke,10,/get-salt,6,630,1776914651637,7005,4.144,429,0,
smoke,10,/get-salt,6,631,1776914651641,7008,3.983,429,0,
smoke,10,/get-salt,6,632,1776914651645,7008,3.319,429,0,
smoke,10,/get-salt,6,633,1776914651648,7005,3.668,429,0,
smoke,10,/get-salt,6,634,1776914651652,7002,3.857,429,0,
smoke,10,/get-salt,6,635,1776914651655,7002,2.525,429,0,
smoke,10,/get-salt,6,636,1776914651659,7009,4.226,429,0,
smoke,10,/get-salt,6,637,1776914651663,7004,3.684,429,0,
smoke,10,/get-salt,6,638,1776914651666,7004,3.392,429,0,
smoke,10,/get-salt,6,639,1776914651669,7009,3.368,429,0,
smoke,10,/get-salt,6,640,1776914651677,7009,7.771,429,0,
smoke,10,/get-salt,6,641,1776914651681,7002,4.166,429,0,
smoke,10,/get-salt,6,642,1776914651685,7002,4.05,429,0,
smoke,10,/get-salt,6,643,1776914651689,7007,3.755,429,0,
smoke,10,/get-salt,6,644,1776914651693,7001,3.79,429,0,
smoke,10,/get-salt,6,645,1776914651697,7002,4.07,429,0,
smoke,10,/get-salt,6,646,1776914651701,7004,3.932,429,0,
smoke,10,/get-salt,6,647,1776914651705,7002,3.968,429,0,
smoke,10,/get-salt,6,648,1776914651710,7005,4.821,429,0,
smoke,10,/get-salt,6,649,1776914651714,7010,3.841,429,0,
smoke,10,/get-salt,6,650,1776914651718,7008,4.246,429,0,
smoke,10,/get-salt,6,651,1776914651731,7004,12.96,429,0,
smoke,10,/get-salt,6,652,1776914651734,7006,3.662,429,0,
smoke,10,/get-salt,6,653,1776914651739,7006,4.078,429,0,
smoke,10,/get-salt,6,654,1776914651742,7010,3.888,429,0,
smoke,10,/get-salt,6,655,1776914651746,7007,3.414,429,0,
smoke,10,/get-salt,6,656,1776914651749,7006,3.462,429,0,
smoke,10,/get-salt,6,657,1776914651753,7003,4.147,429,0,
smoke,10,/get-salt,6,658,1776914651757,7008,3.828,429,0,
smoke,10,/get-salt,6,659,1776914651762,7009,4.659,429,0,
smoke,10,/get-salt,6,660,1776914651766,7003,3.692,429,0,
smoke,10,/get-salt,6,661,1776914651770,7005,3.934,429,0,
smoke,10,/get-salt,6,662,1776914651773,7009,3.808,429,0,
smoke,10,/get-salt,6,663,1776914651778,7005,4.455,429,0,
smoke,10,/get-salt,6,664,1776914651782,7003,4.164,429,0,
smoke,10,/get-salt,6,665,1776914651786,7005,4.118,429,0,
smoke,10,/get-salt,6,666,1776914651790,7004,3.391,429,0,
smoke,10,/get-salt,6,667,1776914651793,7002,3.658,429,0,
smoke,10,/get-salt,6,668,1776914651796,7002,2.947,429,0,
smoke,10,/get-salt,6,669,1776914651800,7008,3.574,429,0,
smoke,10,/get-salt,6,670,1776914651804,7008,4.175,429,0,
smoke,10,/get-salt,6,671,1776914651813,7008,9.366,429,0,
smoke,10,/get-salt,6,672,1776914651817,7008,3.523,429,0,
smoke,10,/get-salt,6,673,1776914651821,7003,4.324,429,0,
smoke,10,/get-salt,6,674,1776914651825,7009,4.337,429,0,
smoke,10,/get-salt,6,675,1776914651829,7005,3.772,429,0,
smoke,10,/get-salt,6,676,1776914651833,7006,4.237,429,0,
smoke,10,/get-salt,6,677,1776914651838,7010,4.208,429,0,
smoke,10,/get-salt,6,678,1776914651843,7009,5.689,429,0,
smoke,10,/get-salt,6,679,1776914651847,7006,3.902,429,0,
smoke,10,/get-salt,6,680,1776914651852,7007,5.21,429,0,
smoke,10,/get-salt,6,681,1776914651856,7004,3.234,429,0,
smoke,10,/get-salt,6,682,1776914651859,7005,3.456,429,0,
smoke,10,/get-salt,6,683,1776914651863,7008,3.734,429,0,
smoke,10,/get-salt,6,684,1776914651867,7005,3.8,429,0,
smoke,10,/get-salt,6,685,1776914651875,7005,8.241,429,0,
smoke,10,/get-salt,6,686,1776914651879,7007,4.043,429,0,
smoke,10,/get-salt,6,687,1776914651883,7001,3.978,429,0,
smoke,10,/get-salt,6,688,1776914651889,7005,6.301,429,0,
smoke,10,/get-salt,6,689,1776914651895,7005,5.502,429,0,
smoke,10,/get-salt,6,690,1776914651899,7004,4.071,429,0,
smoke,10,/get-salt,6,691,1776914651904,7002,5.282,429,0,
smoke,10,/get-salt,6,692,1776914651908,7002,4.21,429,0,
smoke,10,/get-salt,6,693,1776914651913,7008,4.314,429,0,
smoke,10,/get-salt,6,694,1776914651917,7001,4.208,429,0,
smoke,10,/get-salt,6,695,1776914651921,7001,3.745,429,0,
smoke,10,/get-salt,6,696,1776914651924,7008,3.664,429,0,
smoke,10,/get-salt,6,697,1776914651927,7009,3.023,429,0,
smoke,10,/get-salt,6,698,1776914651932,7006,4.15,429,0,
smoke,10,/get-salt,6,699,1776914651940,7001,8.219,429,0,
smoke,10,/get-salt,6,700,1776914651945,7004,4.95,429,0,
smoke,10,/get-salt,6,701,1776914651949,7006,4.381,429,0,
smoke,10,/get-salt,6,702,1776914651954,7009,5.125,429,0,
smoke,10,/get-salt,6,703,1776914651959,7004,4.785,429,0,
smoke,10,/get-salt,6,704,1776914651963,7001,3.64,429,0,
smoke,10,/get-salt,6,705,1776914651967,7003,4.21,429,0,
smoke,10,/get-salt,6,706,1776914651971,7006,4.193,429,0,
smoke,10,/get-salt,6,707,1776914651975,7004,4.002,429,0,
smoke,10,/get-salt,6,708,1776914651979,7003,4.257,429,0,
smoke,10,/get-salt,6,709,1776914651983,7006,4.085,429,0,
smoke,10,/get-salt,6,710,1776914651987,7003,3.879,429,0,
smoke,10,/get-salt,6,711,1776914651991,7009,3.81,429,0,
smoke,10,/get-salt,6,712,1776914651996,7010,4.374,429,0,
smoke,10,/get-salt,6,713,1776914652004,7008,8.053,429,0,
smoke,10,/get-salt,6,714,1776914652008,7001,3.963,429,0,
smoke,10,/get-salt,6,715,1776914652012,7004,4.149,429,0,
smoke,10,/get-salt,6,716,1776914652015,7002,3.813,429,0,
smoke,10,/get-salt,6,717,1776914652020,7001,4.35,429,0,
smoke,10,/get-salt,6,718,1776914652023,7004,3.474,429,0,
smoke,10,/get-salt,6,719,1776914652028,7010,4.569,429,0,
smoke,10,/get-salt,6,720,1776914652033,7006,5.252,429,0,
smoke,10,/get-salt,6,721,1776914652037,7002,3.935,429,0,
smoke,10,/get-salt,6,722,1776914652041,7010,4.15,429,0,
smoke,10,/get-salt,6,723,1776914652045,7010,3.843,429,0,
smoke,10,/get-salt,6,724,1776914652049,7006,3.849,429,0,
smoke,10,/get-salt,6,725,1776914652053,7009,4.131,429,0,
smoke,10,/get-salt,6,726,1776914652057,7006,3.798,429,0,
smoke,10,/get-salt,6,727,1776914652061,7006,3.69,429,0,
smoke,10,/get-salt,6,728,1776914652065,7006,4.272,429,0,
smoke,10,/get-salt,6,729,1776914652072,7008,7.088,429,0,
smoke,10,/get-salt,6,730,1776914652077,7003,4.671,429,0,
smoke,10,/get-salt,6,731,1776914652080,7008,3.585,429,0,
smoke,10,/get-salt,6,732,1776914652084,7010,3.731,429,0,
smoke,10,/get-salt,6,733,1776914652088,7008,4.046,429,0,
smoke,10,/get-salt,6,734,1776914652092,7005,3.711,429,0,
smoke,10,/get-salt,6,735,1776914652096,7002,3.992,429,0,
smoke,10,/get-salt,6,736,1776914652100,7007,4.317,429,0,
smoke,10,/get-salt,6,737,1776914652105,7002,4.449,429,0,
smoke,10,/get-salt,6,738,1776914652108,7001,3.786,429,0,
smoke,10,/get-salt,6,739,1776914652113,7008,4.486,429,0,
smoke,10,/get-salt,6,740,1776914652117,7007,3.848,429,0,
smoke,10,/get-salt,6,741,1776914652121,7010,3.954,429,0,
smoke,10,/get-salt,6,742,1776914652124,7005,3.496,429,0,
smoke,10,/get-salt,6,743,1776914652131,7001,7.164,429,0,
smoke,10,/get-salt,6,744,1776914652135,7003,4.073,429,0,
smoke,10,/get-salt,6,745,1776914652139,7007,3.94,429,0,
smoke,10,/get-salt,6,746,1776914652144,7008,4.334,429,0,
smoke,10,/get-salt,6,747,1776914652148,7001,4.194,429,0,
smoke,10,/get-salt,6,748,1776914652152,7002,4.229,429,0,
smoke,10,/get-salt,6,749,1776914652157,7001,4.61,429,0,
smoke,10,/get-salt,6,750,1776914652161,7004,3.872,429,0,
smoke,10,/get-salt,6,751,1776914652164,7005,3.586,429,0,
smoke,10,/get-salt,6,752,1776914652168,7004,3.877,429,0,
smoke,10,/get-salt,6,753,1776914652172,7007,3.849,429,0,
smoke,10,/get-salt,6,754,1776914652176,7003,3.902,429,0,
smoke,10,/get-salt,6,755,1776914652180,7001,3.995,429,0,
smoke,10,/get-salt,6,756,1776914652184,7007,3.827,429,0,
smoke,10,/get-salt,6,757,1776914652187,7001,3.72,429,0,
smoke,10,/get-salt,6,758,1776914652196,7010,8.189,429,0,
smoke,10,/get-salt,6,759,1776914652199,7004,3.921,429,0,
smoke,10,/get-salt,6,760,1776914652203,7003,3.686,429,0,
smoke,10,/get-salt,6,761,1776914652207,7001,3.779,429,0,
smoke,10,/get-salt,6,762,1776914652211,7009,3.765,429,0,
smoke,10,/get-salt,6,763,1776914652214,7002,3.749,429,0,
smoke,10,/get-salt,6,764,1776914652218,7007,3.72,429,0,
smoke,10,/get-salt,6,765,1776914652222,7001,3.759,429,0,
smoke,10,/get-salt,6,766,1776914652226,7001,3.83,429,0,
smoke,10,/get-salt,6,767,1776914652230,7004,3.909,429,0,
smoke,10,/get-salt,6,768,1776914652233,7004,3.717,429,0,
smoke,10,/get-salt,6,769,1776914652237,7010,3.5,429,0,
smoke,10,/get-salt,6,770,1776914652240,7004,3.502,429,0,
smoke,10,/get-salt,6,771,1776914652245,7003,4.82,429,0,
smoke,10,/get-salt,6,772,1776914652249,7009,3.78,429,0,
smoke,10,/get-salt,6,773,1776914652258,7005,8.444,429,0,
smoke,10,/get-salt,6,774,1776914652261,7004,3.789,429,0,
smoke,10,/get-salt,6,775,1776914652265,7006,4.174,429,0,
smoke,10,/get-salt,6,776,1776914652269,7001,3.731,429,0,
smoke,10,/get-salt,6,777,1776914652275,7003,6.197,429,0,
smoke,10,/get-salt,6,778,1776914652280,7007,4.367,429,0,
smoke,10,/get-salt,6,779,1776914652284,7009,4.141,429,0,
smoke,10,/get-salt,6,780,1776914652289,7008,5.163,429,0,
smoke,10,/get-salt,6,781,1776914652293,7004,4.367,429,0,
smoke,10,/get-salt,6,782,1776914652297,7008,4.019,429,0,
smoke,10,/get-salt,6,783,1776914652301,7009,3.849,429,0,
smoke,10,/get-salt,6,784,1776914652305,7009,3.48,429,0,
smoke,10,/get-salt,6,785,1776914652307,7006,2.635,429,0,
smoke,10,/get-salt,6,786,1776914652311,7006,3.709,429,0,
smoke,10,/get-salt,6,787,1776914652315,7010,4.252,429,0,
smoke,10,/get-salt,6,788,1776914652323,7010,7.737,429,0,
smoke,10,/get-salt,6,789,1776914652327,7010,3.831,429,0,
smoke,10,/get-salt,6,790,1776914652330,7003,3.253,429,0,
smoke,10,/get-salt,6,791,1776914652334,7009,3.389,429,0,
smoke,10,/get-salt,6,792,1776914652337,7002,3.463,429,0,
smoke,10,/get-salt,6,793,1776914652343,7009,5.687,429,0,
smoke,10,/get-salt,6,794,1776914652353,7008,10.624,429,0,
smoke,10,/get-salt,6,795,1776914652358,7004,4.94,429,0,
smoke,10,/get-salt,6,796,1776914652366,7003,7.913,429,0,
smoke,10,/get-salt,6,797,1776914652373,7007,6.302,429,0,
smoke,10,/get-salt,6,798,1776914652376,7006,3.838,429,0,
smoke,10,/get-salt,6,799,1776914652380,7004,3.639,429,0,
smoke,10,/get-salt,6,800,1776914652384,7004,3.822,429,0,
smoke,10,/get-salt,6,801,1776914652388,7006,4.187,429,0,
smoke,10,/get-salt,6,802,1776914652392,7004,4.175,429,0,
smoke,10,/get-salt,6,803,1776914652396,7003,3.514,429,0,
smoke,10,/get-salt,6,804,1776914652399,7002,3.263,429,0,
smoke,10,/get-salt,6,805,1776914652403,7010,3.721,429,0,
smoke,10,/get-salt,6,806,1776914652406,7002,3.542,429,0,
smoke,10,/get-salt,6,807,1776914652411,7008,4.666,429,0,
smoke,10,/get-salt,6,808,1776914652415,7006,3.959,429,0,
smoke,10,/get-salt,6,809,1776914652419,7004,4.068,429,0,
smoke,10,/get-salt,6,810,1776914652423,7009,3.899,429,0,
smoke,10,/get-salt,6,811,1776914652427,7005,3.783,429,0,
smoke,10,/get-salt,6,812,1776914652430,7004,3.525,429,0,
smoke,10,/get-salt,6,813,1776914652433,7002,3.198,429,0,
smoke,10,/get-salt,6,814,1776914652440,7001,6.845,429,0,
smoke,10,/get-salt,6,815,1776914652444,7004,4.144,429,0,
smoke,10,/get-salt,6,816,1776914652449,7001,4.207,429,0,
smoke,10,/get-salt,6,817,1776914652454,7008,4.818,429,0,
smoke,10,/get-salt,6,818,1776914652458,7002,4.673,429,0,
smoke,10,/get-salt,6,819,1776914652463,7001,4.33,429,0,
smoke,10,/get-salt,6,820,1776914652465,7003,2.957,429,0,
smoke,10,/get-salt,6,821,1776914652469,7010,3.896,429,0,
smoke,10,/get-salt,6,822,1776914652475,7005,5.681,429,0,
smoke,10,/get-salt,6,823,1776914652480,7007,4.764,429,0,
smoke,10,/get-salt,6,824,1776914652483,7005,3.192,429,0,
smoke,10,/get-salt,6,825,1776914652486,7010,3.388,429,0,
smoke,10,/get-salt,6,826,1776914652490,7010,3.41,429,0,
smoke,10,/get-salt,6,827,1776914652497,7001,6.736,429,0,
smoke,10,/get-salt,6,828,1776914652501,7009,4.876,429,0,
smoke,10,/get-salt,6,829,1776914652505,7007,3.889,429,0,
smoke,10,/get-salt,6,830,1776914652509,7001,3.873,429,0,
smoke,10,/get-salt,6,831,1776914652512,7002,3.128,429,0,
smoke,10,/get-salt,6,832,1776914652515,7005,2.968,429,0,
smoke,10,/get-salt,6,833,1776914652519,7004,4.102,429,0,
smoke,10,/get-salt,6,834,1776914652523,7004,3.345,429,0,
smoke,10,/get-salt,6,835,1776914652527,7006,4.246,429,0,
smoke,10,/get-salt,6,836,1776914652531,7006,3.787,429,0,
smoke,10,/get-salt,6,837,1776914652535,7002,4.003,429,0,
smoke,10,/get-salt,6,838,1776914652539,7004,3.809,429,0,
smoke,10,/get-salt,6,839,1776914652542,7010,3.783,429,0,
smoke,10,/get-salt,6,840,1776914652546,7007,3.828,429,0,
smoke,10,/get-salt,6,841,1776914652550,7002,3.578,429,0,
smoke,10,/get-salt,6,842,1776914652553,7010,3.594,429,0,
smoke,10,/get-salt,6,843,1776914652565,7009,11.71,429,0,
smoke,10,/get-salt,6,844,1776914652570,7007,4.415,429,0,
smoke,10,/get-salt,6,845,1776914652575,7008,5.435,429,0,
smoke,10,/get-salt,6,846,1776914652579,7007,4.388,429,0,
smoke,10,/get-salt,6,847,1776914652583,7001,4.057,429,0,
smoke,10,/get-salt,6,848,1776914652588,7005,4.717,429,0,
smoke,10,/get-salt,6,849,1776914652592,7001,4.122,429,0,
smoke,10,/get-salt,6,850,1776914652596,7004,3.703,429,0,
smoke,10,/get-salt,6,851,1776914652600,7010,4.152,429,0,
smoke,10,/get-salt,6,852,1776914652605,7009,5.016,429,0,
smoke,10,/get-salt,6,853,1776914652609,7003,4.113,429,0,
smoke,10,/get-salt,6,854,1776914652613,7001,3.344,429,0,
smoke,10,/get-salt,6,855,1776914652616,7009,3.643,429,0,
smoke,10,/get-salt,6,856,1776914652620,7002,3.703,429,0,
smoke,10,/get-salt,6,857,1776914652627,7001,7.161,429,0,
smoke,10,/get-salt,6,858,1776914652631,7010,3.761,429,0,
smoke,10,/get-salt,6,859,1776914652635,7002,4.057,429,0,
smoke,10,/get-salt,6,860,1776914652639,7009,4.111,429,0,
smoke,10,/get-salt,6,861,1776914652643,7007,4.204,429,0,
smoke,10,/get-salt,6,862,1776914652647,7004,3.45,429,0,
smoke,10,/get-salt,6,863,1776914652651,7001,3.77,429,0,
smoke,10,/get-salt,6,864,1776914652655,7010,4.358,429,0,
smoke,10,/get-salt,6,865,1776914652659,7002,3.763,429,0,
smoke,10,/get-salt,6,866,1776914652662,7003,3.204,429,0,
smoke,10,/get-salt,6,867,1776914652666,7004,3.649,429,0,
smoke,10,/get-salt,6,868,1776914652669,7003,3.862,429,0,
smoke,10,/get-salt,6,869,1776914652674,7008,4.244,429,0,
smoke,10,/get-salt,6,870,1776914652678,7001,3.987,429,0,
smoke,10,/get-salt,6,871,1776914652680,7002,2.692,429,0,
smoke,10,/get-salt,6,872,1776914652688,7004,8.047,429,0,
smoke,10,/get-salt,6,873,1776914652692,7007,3.882,429,0,
smoke,10,/get-salt,6,874,1776914652696,7010,3.551,429,0,
smoke,10,/get-salt,6,875,1776914652700,7006,4.492,429,0,
smoke,10,/get-salt,6,876,1776914652704,7008,3.942,429,0,
smoke,10,/get-salt,6,877,1776914652708,7003,3.737,429,0,
smoke,10,/get-salt,6,878,1776914652711,7005,3.297,429,0,
smoke,10,/get-salt,6,879,1776914652715,7004,3.512,429,0,
smoke,10,/get-salt,6,880,1776914652720,7001,5.118,429,0,
smoke,10,/get-salt,6,881,1776914652724,7001,4.108,429,0,
smoke,10,/get-salt,6,882,1776914652728,7001,3.847,429,0,
smoke,10,/get-salt,6,883,1776914652732,7007,3.608,429,0,
smoke,10,/get-salt,6,884,1776914652737,7003,5.524,429,0,
smoke,10,/get-salt,6,885,1776914652741,7005,3.844,429,0,
smoke,10,/get-salt,6,886,1776914652746,7006,5.22,429,0,
smoke,10,/get-salt,6,887,1776914652753,7008,7.129,429,0,
smoke,10,/get-salt,6,888,1776914652757,7005,3.356,429,0,
smoke,10,/get-salt,6,889,1776914652761,7009,3.916,429,0,
smoke,10,/get-salt,6,890,1776914652764,7010,3.79,429,0,
smoke,10,/get-salt,6,891,1776914652768,7003,3.824,429,0,
smoke,10,/get-salt,6,892,1776914652772,7007,3.991,429,0,
smoke,10,/get-salt,6,893,1776914652776,7006,3.912,429,0,
smoke,10,/get-salt,6,894,1776914652780,7003,4.138,429,0,
smoke,10,/get-salt,6,895,1776914652784,7006,4.009,429,0,
smoke,10,/get-salt,6,896,1776914652787,7009,2.919,429,0,
smoke,10,/get-salt,6,897,1776914652791,7006,4.059,429,0,
smoke,10,/get-salt,6,898,1776914652795,7002,3.708,429,0,
smoke,10,/get-salt,6,899,1776914652799,7004,3.823,429,0,
smoke,10,/get-salt,6,900,1776914652803,7009,3.95,429,0,
smoke,10,/get-salt,6,901,1776914652807,7003,3.868,429,0,
smoke,10,/get-salt,6,902,1776914652814,7002,7.337,429,0,
smoke,10,/get-salt,6,903,1776914652817,7009,3.514,429,0,
smoke,10,/get-salt,6,904,1776914652821,7001,3.974,429,0,
smoke,10,/get-salt,6,905,1776914652825,7001,4.047,429,0,
smoke,10,/get-salt,6,906,1776914652829,7009,3.516,429,0,
smoke,10,/get-salt,6,907,1776914652833,7003,4.075,429,0,
smoke,10,/get-salt,6,908,1776914652837,7010,4.238,429,0,
smoke,10,/get-salt,6,909,1776914652841,7008,3.986,429,0,
smoke,10,/get-salt,6,910,1776914652845,7009,4.108,429,0,
smoke,10,/get-salt,6,911,1776914652849,7001,3.49,429,0,
smoke,10,/get-salt,6,912,1776914652853,7006,3.642,429,0,
smoke,10,/get-salt,6,913,1776914652857,7003,4.064,429,0,
smoke,10,/get-salt,6,914,1776914652860,7009,3.665,429,0,
smoke,10,/get-salt,6,915,1776914652864,7006,3.474,429,0,
smoke,10,/get-salt,6,916,1776914652867,7002,3.152,429,0,
smoke,10,/get-salt,6,917,1776914652876,7007,9.547,429,0,
smoke,10,/get-salt,6,918,1776914652880,7005,3.698,429,0,
smoke,10,/get-salt,6,919,1776914652883,7003,3.169,429,0,
smoke,10,/get-salt,6,920,1776914652887,7008,3.268,429,0,
smoke,10,/get-salt,6,921,1776914652891,7001,3.94,429,0,
smoke,10,/get-salt,6,922,1776914652895,7005,3.952,429,0,
smoke,10,/get-salt,6,923,1776914652899,7007,4.425,429,0,
smoke,10,/get-salt,6,924,1776914652903,7005,3.667,429,0,
smoke,10,/get-salt,6,925,1776914652907,7001,4.223,429,0,
smoke,10,/get-salt,6,926,1776914652911,7006,4.649,429,0,
smoke,10,/get-salt,6,927,1776914652915,7009,3.994,429,0,
smoke,10,/get-salt,6,928,1776914652919,7008,3.27,429,0,
smoke,10,/get-salt,6,929,1776914652924,7002,4.991,429,0,
smoke,10,/get-salt,6,930,1776914652928,7009,4.132,429,0,
smoke,10,/get-salt,6,931,1776914652931,7003,3.571,429,0,
smoke,10,/get-salt,6,932,1776914652939,7009,7.341,429,0,
smoke,10,/get-salt,6,933,1776914652943,7007,4.444,429,0,
smoke,10,/get-salt,6,934,1776914652947,7003,4.022,429,0,
smoke,10,/get-salt,6,935,1776914652951,7006,4.146,429,0,
smoke,10,/get-salt,6,936,1776914652955,7008,3.952,429,0,
smoke,10,/get-salt,6,937,1776914652959,7006,3.834,429,0,
smoke,10,/get-salt,6,938,1776914652964,7010,4.692,429,0,
smoke,10,/get-salt,6,939,1776914652968,7002,3.672,429,0,
smoke,10,/get-salt,6,940,1776914652972,7010,4.441,429,0,
smoke,10,/get-salt,6,941,1776914652977,7002,4.513,429,0,
smoke,10,/get-salt,6,942,1776914652980,7008,3.671,429,0,
smoke,10,/get-salt,6,943,1776914652985,7001,4.326,429,0,
smoke,10,/get-salt,6,944,1776914652988,7002,3.65,429,0,
smoke,10,/get-salt,6,945,1776914652993,7005,4.774,429,0,
smoke,10,/get-salt,6,946,1776914652997,7006,3.927,429,0,
smoke,10,/get-salt,6,947,1776914653004,7007,7.428,429,0,
smoke,10,/get-salt,6,948,1776914653011,7007,6.557,429,0,
smoke,10,/get-salt,6,949,1776914653018,7005,7.13,429,0,
smoke,10,/get-salt,6,950,1776914653027,7005,8.893,429,0,
smoke,10,/get-salt,6,951,1776914653031,7006,3.674,429,0,
smoke,10,/get-salt,6,952,1776914653035,7005,3.994,429,0,
smoke,10,/get-salt,6,953,1776914653039,7007,3.993,429,0,
smoke,10,/get-salt,6,954,1776914653042,7001,3.536,429,0,
smoke,10,/get-salt,6,955,1776914653047,7005,4.786,429,0,
smoke,10,/get-salt,6,956,1776914653052,7008,5.01,429,0,
smoke,10,/get-salt,6,957,1776914653057,7009,4.709,429,0,
smoke,10,/get-salt,6,958,1776914653062,7007,5.579,429,0,
smoke,10,/get-salt,6,959,1776914653069,7001,7.234,429,0,
smoke,10,/get-salt,6,960,1776914653077,7009,7.437,429,0,
smoke,10,/get-salt,6,961,1776914653079,7010,1.996,429,0,
smoke,10,/get-salt,6,962,1776914653083,7005,4.344,429,0,
smoke,10,/get-salt,6,963,1776914653092,7002,8.983,429,0,
smoke,10,/get-salt,6,964,1776914653096,7005,4.15,429,0,
smoke,10,/get-salt,6,965,1776914653101,7008,4.699,429,0,
smoke,10,/get-salt,6,966,1776914653105,7003,3.709,429,0,
smoke,10,/get-salt,6,967,1776914653109,7001,3.723,429,0,
smoke,10,/get-salt,6,968,1776914653115,7003,6.609,429,0,
smoke,10,/get-salt,6,969,1776914653119,7006,3.786,429,0,
smoke,10,/get-salt,6,970,1776914653123,7001,3.813,429,0,
smoke,10,/get-salt,6,971,1776914653127,7003,3.888,429,0,
smoke,10,/get-salt,6,972,1776914653131,7008,3.9,429,0,
smoke,10,/get-salt,6,973,1776914653135,7007,3.942,429,0,
smoke,10,/get-salt,6,974,1776914653139,7010,4.768,429,0,
smoke,10,/get-salt,6,975,1776914653144,7003,5.048,429,0,
smoke,10,/get-salt,6,976,1776914653151,7007,6.747,429,0,
smoke,10,/get-salt,6,977,1776914653156,7010,4.945,429,0,
smoke,10,/get-salt,6,978,1776914653161,7005,5.178,429,0,
smoke,10,/get-salt,6,979,1776914653165,7005,4.056,429,0,
smoke,10,/get-salt,6,980,1776914653169,7004,3.239,429,0,
smoke,10,/get-salt,6,981,1776914653177,7008,8.158,429,0,
smoke,10,/get-salt,6,982,1776914653182,7010,4.982,429,0,
smoke,10,/get-salt,6,983,1776914653188,7001,5.898,429,0,
smoke,10,/get-salt,6,984,1776914653195,7001,7.717,429,0,
smoke,10,/get-salt,6,985,1776914653201,7003,5.518,429,0,
smoke,10,/get-salt,6,986,1776914653206,7008,5.326,429,0,
smoke,10,/get-salt,6,987,1776914653209,7004,3.27,429,0,
smoke,10,/get-salt,6,988,1776914653214,7010,4.359,429,0,
smoke,10,/get-salt,6,989,1776914653218,7002,4.538,429,0,
smoke,10,/get-salt,6,990,1776914653223,7007,4.181,429,0,
smoke,10,/get-salt,6,991,1776914653226,7007,3.639,429,0,
smoke,10,/get-salt,6,992,1776914653229,7009,3.285,429,0,
smoke,10,/get-salt,6,993,1776914653233,7006,3.698,429,0,
smoke,10,/get-salt,6,994,1776914653237,7007,4.07,429,0,
smoke,10,/get-salt,6,995,1776914653242,7005,4.818,429,0,
smoke,10,/get-salt,6,996,1776914653250,7009,8.122,429,0,
smoke,10,/get-salt,6,997,1776914653254,7009,3.728,429,0,
smoke,10,/get-salt,6,998,1776914653257,7007,3.338,429,0,
smoke,10,/get-salt,6,999,1776914653261,7001,3.814,429,0,
smoke,10,/get-salt,6,1000,1776914653265,7004,3.501,429,0,
smoke,10,/get-salt,6,1001,1776914653268,7005,3.799,429,0,
smoke,10,/get-salt,6,1002,1776914653273,7006,4.952,429,0,
smoke,10,/get-salt,6,1003,1776914653277,7010,3.789,429,0,
smoke,10,/get-salt,6,1004,1776914653281,7003,3.913,429,0,
smoke,10,/get-salt,6,1005,1776914653285,7008,3.871,429,0,
smoke,10,/get-salt,6,1006,1776914653289,7002,4.153,429,0,
smoke,10,/get-salt,6,1007,1776914653293,7008,4.064,429,0,
smoke,10,/get-salt,6,1008,1776914653297,7005,3.429,429,0,
smoke,10,/get-salt,6,1009,1776914653301,7007,4.135,429,0,
smoke,10,/get-salt,6,1010,1776914653304,7010,3.705,429,0,
smoke,10,/get-salt,6,1011,1776914653312,7002,7.384,429,0,
smoke,10,/get-salt,6,1012,1776914653315,7006,3.146,429,0,
smoke,10,/get-salt,6,1013,1776914653319,7002,3.864,429,0,
smoke,10,/get-salt,6,1014,1776914653322,7009,3.329,429,0,
smoke,10,/get-salt,6,1015,1776914653325,7009,3.099,429,0,
smoke,10,/get-salt,6,1016,1776914653329,7001,3.708,429,0,
smoke,10,/get-salt,6,1017,1776914653333,7005,3.579,429,0,
smoke,10,/get-salt,6,1018,1776914653337,7008,3.977,429,0,
smoke,10,/get-salt,6,1019,1776914653340,7004,3.357,429,0,
smoke,10,/get-salt,6,1020,1776914653344,7008,3.996,429,0,
smoke,10,/get-salt,6,1021,1776914653347,7006,3.441,429,0,
smoke,10,/get-salt,6,1022,1776914653351,7004,3.37,429,0,
smoke,10,/get-salt,6,1023,1776914653354,7008,3.502,429,0,
smoke,10,/get-salt,6,1024,1776914653358,7006,3.854,429,0,
smoke,10,/get-salt,6,1025,1776914653362,7001,3.967,429,0,
smoke,10,/get-salt,6,1026,1776914653370,7003,7.503,429,0,
smoke,10,/get-salt,6,1027,1776914653373,7006,3.49,429,0,
smoke,10,/get-salt,6,1028,1776914653377,7009,3.506,429,0,
smoke,10,/get-salt,6,1029,1776914653380,7004,3.848,429,0,
smoke,10,/get-salt,6,1030,1776914653386,7009,6.043,429,0,
smoke,10,/get-salt,6,1031,1776914653391,7003,4.302,429,0,
smoke,10,/get-salt,6,1032,1776914653395,7002,4.517,429,0,
smoke,10,/get-salt,6,1033,1776914653399,7009,4.021,429,0,
smoke,10,/get-salt,6,1034,1776914653404,7010,4.224,429,0,
smoke,10,/get-salt,6,1035,1776914653407,7010,3.876,429,0,
smoke,10,/get-salt,6,1036,1776914653411,7008,3.655,429,0,
smoke,10,/get-salt,6,1037,1776914653415,7007,3.898,429,0,
smoke,10,/get-salt,6,1038,1776914653418,7001,3.383,429,0,
smoke,10,/get-salt,6,1039,1776914653422,7009,3.239,429,0,
smoke,10,/get-salt,6,1040,1776914653428,7010,6.471,429,0,
smoke,10,/get-salt,6,1041,1776914653431,7007,2.962,429,0,
smoke,10,/get-salt,6,1042,1776914653434,7004,2.66,429,0,
smoke,10,/get-salt,6,1043,1776914653437,7003,3.34,429,0,
smoke,10,/get-salt,6,1044,1776914653441,7004,3.705,429,0,
smoke,10,/get-salt,6,1045,1776914653444,7001,2.95,429,0,
smoke,10,/get-salt,6,1046,1776914653447,7002,3.764,429,0,
smoke,10,/get-salt,6,1047,1776914653451,7009,3.927,429,0,
smoke,10,/get-salt,6,1048,1776914653457,7004,5.308,429,0,
smoke,10,/get-salt,6,1049,1776914653461,7006,4.437,429,0,
smoke,10,/get-salt,6,1050,1776914653467,7007,6.177,429,0,
smoke,10,/get-salt,6,1051,1776914653472,7003,4.718,429,0,
smoke,10,/get-salt,6,1052,1776914653475,7009,2.479,429,0,
smoke,10,/get-salt,6,1053,1776914653482,7003,7.292,429,0,
smoke,10,/get-salt,6,1054,1776914653490,7004,8.423,429,0,
smoke,10,/get-salt,6,1055,1776914653494,7001,4.195,429,0,
smoke,10,/get-salt,6,1056,1776914653499,7006,4.142,429,0,
smoke,10,/get-salt,6,1057,1776914653504,7010,5.433,429,0,
smoke,10,/get-salt,6,1058,1776914653508,7008,4.231,429,0,
smoke,10,/get-salt,6,1059,1776914653511,7005,3.041,429,0,
smoke,10,/get-salt,6,1060,1776914653516,7006,5.057,429,0,
smoke,10,/get-salt,6,1061,1776914653520,7010,3.786,429,0,
smoke,10,/get-salt,6,1062,1776914653525,7010,4.882,429,0,
smoke,10,/get-salt,6,1063,1776914653529,7007,4.191,429,0,
smoke,10,/get-salt,6,1064,1776914653533,7007,3.865,429,0,
smoke,10,/get-salt,6,1065,1776914653537,7009,3.776,429,0,
smoke,10,/get-salt,6,1066,1776914653541,7010,4.105,429,0,
smoke,10,/get-salt,6,1067,1776914653544,7009,3.146,429,0,
smoke,10,/get-salt,6,1068,1776914653548,7003,3.528,429,0,
smoke,10,/get-salt,6,1069,1776914653558,7010,10.745,429,0,
smoke,10,/get-salt,6,1070,1776914653563,7008,4.806,429,0,
smoke,10,/get-salt,6,1071,1776914653568,7002,4.74,429,0,
smoke,10,/get-salt,6,1072,1776914653574,7009,5.841,429,0,
smoke,10,/get-salt,6,1073,1776914653581,7002,7.448,429,0,
smoke,10,/get-salt,6,1074,1776914653585,7005,3.795,429,0,
smoke,10,/get-salt,6,1075,1776914653591,7010,5.717,429,0,
smoke,10,/get-salt,6,1076,1776914653597,7004,6.307,429,0,
smoke,10,/get-salt,6,1077,1776914653601,7010,4.247,429,0,
smoke,10,/get-salt,6,1078,1776914653605,7002,4.009,429,0,
smoke,10,/get-salt,6,1079,1776914653609,7008,3.917,429,0,
smoke,10,/get-salt,6,1080,1776914653614,7008,4.199,429,0,
smoke,10,/get-salt,6,1081,1776914653619,7005,5.368,429,0,
smoke,10,/get-salt,6,1082,1776914653623,7008,3.989,429,0,
smoke,10,/get-salt,6,1083,1776914653631,7002,7.693,429,0,
smoke,10,/get-salt,6,1084,1776914653635,7002,4.1,429,0,
smoke,10,/get-salt,6,1085,1776914653639,7009,4.426,429,0,
smoke,10,/get-salt,6,1086,1776914653643,7008,4.27,429,0,
smoke,10,/get-salt,6,1087,1776914653648,7001,4.215,429,0,
smoke,10,/get-salt,6,1088,1776914653651,7002,3.611,429,0,
smoke,10,/get-salt,6,1089,1776914653655,7008,4.21,429,0,
smoke,10,/get-salt,6,1090,1776914653659,7008,3.879,429,0,
smoke,10,/get-salt,6,1091,1776914653663,7009,3.651,429,0,
smoke,10,/get-salt,6,1092,1776914653668,7004,4.768,429,0,
smoke,10,/get-salt,6,1093,1776914653672,7007,4.438,429,0,
smoke,10,/get-salt,6,1094,1776914653677,7001,4.529,429,0,
smoke,10,/get-salt,6,1095,1776914653683,7007,6.403,429,0,
smoke,10,/get-salt,6,1096,1776914653686,7002,3.037,429,0,
smoke,10,/get-salt,6,1097,1776914653689,7008,2.706,429,0,
smoke,10,/get-salt,6,1098,1776914653690,7002,1.122,429,0,
smoke,10,/get-salt,6,1099,1776914653700,7003,9.726,429,0,
smoke,10,/get-salt,6,1100,1776914653704,7008,3.967,429,0,
smoke,10,/get-salt,6,1101,1776914653708,7009,3.782,429,0,
smoke,10,/get-salt,6,1102,1776914653715,7003,7.112,429,0,
smoke,10,/get-salt,6,1103,1776914653722,7001,7.711,429,0,
smoke,10,/get-salt,6,1104,1776914653733,7005,10.253,429,0,
smoke,10,/get-salt,6,1105,1776914653737,7006,4.84,429,0,
smoke,10,/get-salt,6,1106,1776914653742,7001,4.082,429,0,
smoke,10,/get-salt,6,1107,1776914653747,7007,5.903,429,0,
smoke,10,/get-salt,6,1108,1776914653752,7001,4.078,429,0,
smoke,10,/get-salt,6,1109,1776914653756,7001,4.01,429,0,
smoke,10,/get-salt,6,1110,1776914653760,7002,4.013,429,0,
smoke,10,/get-salt,6,1111,1776914653764,7010,4.251,429,0,
smoke,10,/get-salt,6,1112,1776914653769,7006,5.122,429,0,
smoke,10,/get-salt,6,1113,1776914653773,7004,3.645,429,0,
smoke,10,/get-salt,6,1114,1776914653777,7009,4.05,429,0,
smoke,10,/get-salt,6,1115,1776914653781,7004,4.352,429,0,
smoke,10,/get-salt,6,1116,1776914653785,7001,3.949,429,0,
smoke,10,/get-salt,6,1117,1776914653789,7007,4.057,429,0,
smoke,10,/get-salt,6,1118,1776914653793,7004,4.024,429,0,
smoke,10,/get-salt,6,1119,1776914653797,7008,3.711,429,0,
smoke,10,/get-salt,6,1120,1776914653801,7009,4.531,429,0,
smoke,10,/get-salt,6,1121,1776914653805,7001,3.908,429,0,
smoke,10,/get-salt,6,1122,1776914653812,7009,7.236,429,0,
smoke,10,/get-salt,6,1123,1776914653816,7009,4.008,429,0,
smoke,10,/get-salt,6,1124,1776914653820,7008,3.348,429,0,
smoke,10,/get-salt,6,1125,1776914653824,7005,3.728,429,0,
smoke,10,/get-salt,6,1126,1776914653828,7002,4.554,429,0,
smoke,10,/get-salt,6,1127,1776914653832,7004,3.924,429,0,
smoke,10,/get-salt,6,1128,1776914653836,7002,3.762,429,0,
smoke,10,/get-salt,6,1129,1776914653840,7001,3.81,429,0,
smoke,10,/get-salt,6,1130,1776914653844,7009,4.634,429,0,
smoke,10,/get-salt,6,1131,1776914653849,7001,4.727,429,0,
smoke,10,/get-salt,6,1132,1776914653853,7002,3.797,429,0,
smoke,10,/get-salt,6,1133,1776914653857,7003,3.973,429,0,
smoke,10,/get-salt,6,1134,1776914653861,7010,3.956,429,0,
smoke,10,/get-salt,6,1135,1776914653865,7002,3.968,429,0,
smoke,10,/get-salt,6,1136,1776914653873,7010,7.963,429,0,
smoke,10,/get-salt,7,0,1776914648880,7009,7.879,429,0,
smoke,10,/get-salt,7,1,1776914648888,7003,8.186,429,0,
smoke,10,/get-salt,7,2,1776914648892,7001,4.188,429,0,
smoke,10,/get-salt,7,3,1776914648902,7001,10.517,429,0,
smoke,10,/get-salt,7,4,1776914648906,7010,3.666,429,0,
smoke,10,/get-salt,7,5,1776914648911,7006,4.353,429,0,
smoke,10,/get-salt,7,6,1776914648917,7004,6.794,429,0,
smoke,10,/get-salt,7,7,1776914648921,7001,4.092,429,0,
smoke,10,/get-salt,7,8,1776914648926,7010,4.614,429,0,
smoke,10,/get-salt,7,9,1776914648930,7001,4.285,429,0,
smoke,10,/get-salt,7,10,1776914648934,7009,3.992,429,0,
smoke,10,/get-salt,7,11,1776914648938,7001,3.849,429,0,
smoke,10,/get-salt,7,12,1776914648943,7001,4.617,429,0,
smoke,10,/get-salt,7,13,1776914648948,7009,4.807,429,0,
smoke,10,/get-salt,7,14,1776914648952,7003,4.664,429,0,
smoke,10,/get-salt,7,15,1776914648957,7010,4.353,429,0,
smoke,10,/get-salt,7,16,1776914648961,7002,4.359,429,0,
smoke,10,/get-salt,7,17,1776914648965,7001,3.946,429,0,
smoke,10,/get-salt,7,18,1776914648969,7006,4.046,429,0,
smoke,10,/get-salt,7,19,1776914648973,7005,4.026,429,0,
smoke,10,/get-salt,7,20,1776914648978,7002,4.531,429,0,
smoke,10,/get-salt,7,21,1776914648982,7003,4.634,429,0,
smoke,10,/get-salt,7,22,1776914648987,7002,4.537,429,0,
smoke,10,/get-salt,7,23,1776914648991,7002,4.456,429,0,
smoke,10,/get-salt,7,24,1776914648999,7009,7.932,429,0,
smoke,10,/get-salt,7,25,1776914649003,7010,3.986,429,0,
smoke,10,/get-salt,7,26,1776914649007,7003,4.088,429,0,
smoke,10,/get-salt,7,27,1776914649011,7002,4.182,429,0,
smoke,10,/get-salt,7,28,1776914649016,7003,4.26,429,0,
smoke,10,/get-salt,7,29,1776914649020,7004,4.735,429,0,
smoke,10,/get-salt,7,30,1776914649025,7005,4.592,429,0,
smoke,10,/get-salt,7,31,1776914649029,7001,4.387,429,0,
smoke,10,/get-salt,7,32,1776914649034,7003,4.281,429,0,
smoke,10,/get-salt,7,33,1776914649038,7005,4.6,429,0,
smoke,10,/get-salt,7,34,1776914649043,7004,4.427,429,0,
smoke,10,/get-salt,7,35,1776914649048,7009,4.936,429,0,
smoke,10,/get-salt,7,36,1776914649052,7006,3.944,429,0,
smoke,10,/get-salt,7,37,1776914649056,7002,4.536,429,0,
smoke,10,/get-salt,7,38,1776914649061,7007,4.556,429,0,
smoke,10,/get-salt,7,39,1776914649065,7005,4.701,429,0,
smoke,10,/get-salt,7,40,1776914649073,7001,7.75,429,0,
smoke,10,/get-salt,7,41,1776914649077,7006,4.053,429,0,
smoke,10,/get-salt,7,42,1776914649081,7002,4.156,429,0,
smoke,10,/get-salt,7,43,1776914649086,7007,4.077,429,0,
smoke,10,/get-salt,7,44,1776914649090,7001,4.211,429,0,
smoke,10,/get-salt,7,45,1776914649094,7007,3.85,429,0,
smoke,10,/get-salt,7,46,1776914649098,7006,4.226,429,0,
smoke,10,/get-salt,7,47,1776914649103,7001,4.866,429,0,
smoke,10,/get-salt,7,48,1776914649106,7002,3.585,429,0,
smoke,10,/get-salt,7,49,1776914649110,7009,3.974,429,0,
smoke,10,/get-salt,7,50,1776914649113,7003,3.203,429,0,
smoke,10,/get-salt,7,51,1776914649118,7010,4.225,429,0,
smoke,10,/get-salt,7,52,1776914649122,7007,4.661,429,0,
smoke,10,/get-salt,7,53,1776914649127,7003,4.7,429,0,
smoke,10,/get-salt,7,54,1776914649131,7004,3.974,429,0,
smoke,10,/get-salt,7,55,1776914649135,7005,4.071,429,0,
smoke,10,/get-salt,7,56,1776914649139,7004,3.723,429,0,
smoke,10,/get-salt,7,57,1776914649147,7010,8.213,429,0,
smoke,10,/get-salt,7,58,1776914649158,7010,10.866,429,0,
smoke,10,/get-salt,7,59,1776914649162,7003,3.654,429,0,
smoke,10,/get-salt,7,60,1776914649166,7001,3.958,429,0,
smoke,10,/get-salt,7,61,1776914649169,7003,3.69,429,0,
smoke,10,/get-salt,7,62,1776914649174,7003,4.693,429,0,
smoke,10,/get-salt,7,63,1776914649179,7001,4.636,429,0,
smoke,10,/get-salt,7,64,1776914649190,7001,11.521,429,0,
smoke,10,/get-salt,7,65,1776914649194,7005,4.277,429,0,
smoke,10,/get-salt,7,66,1776914649198,7003,4.05,429,0,
smoke,10,/get-salt,7,67,1776914649203,7003,4.514,429,0,
smoke,10,/get-salt,7,68,1776914649207,7007,4.09,429,0,
smoke,10,/get-salt,7,69,1776914649211,7010,3.721,429,0,
smoke,10,/get-salt,7,70,1776914649221,7007,10.303,429,0,
smoke,10,/get-salt,7,71,1776914649227,7004,5.972,429,0,
smoke,10,/get-salt,7,72,1776914649232,7004,5.333,429,0,
smoke,10,/get-salt,7,73,1776914649237,7007,4.366,429,0,
smoke,10,/get-salt,7,74,1776914649241,7006,3.839,429,0,
smoke,10,/get-salt,7,75,1776914649245,7005,4.587,429,0,
smoke,10,/get-salt,7,76,1776914649250,7006,4.715,429,0,
smoke,10,/get-salt,7,77,1776914649254,7003,4.086,429,0,
smoke,10,/get-salt,7,78,1776914649260,7010,5.858,429,0,
smoke,10,/get-salt,7,79,1776914649264,7003,3.719,429,0,
smoke,10,/get-salt,7,80,1776914649269,7006,5.129,429,0,
smoke,10,/get-salt,7,81,1776914649273,7005,4.559,429,0,
smoke,10,/get-salt,7,82,1776914649278,7004,4.933,429,0,
smoke,10,/get-salt,7,83,1776914649282,7010,4.138,429,0,
smoke,10,/get-salt,7,84,1776914649287,7006,4.266,429,0,
smoke,10,/get-salt,7,85,1776914649295,7009,8.659,429,0,
smoke,10,/get-salt,7,86,1776914649305,7002,9.791,429,0,
smoke,10,/get-salt,7,87,1776914649313,7008,8.313,429,0,
smoke,10,/get-salt,7,88,1776914649317,7005,3.939,429,0,
smoke,10,/get-salt,7,89,1776914649321,7008,3.951,429,0,
smoke,10,/get-salt,7,90,1776914649325,7009,3.399,429,0,
smoke,10,/get-salt,7,91,1776914649329,7009,3.793,429,0,
smoke,10,/get-salt,7,92,1776914649333,7002,4.888,429,0,
smoke,10,/get-salt,7,93,1776914649338,7001,4.3,429,0,
smoke,10,/get-salt,7,94,1776914649342,7010,4.095,429,0,
smoke,10,/get-salt,7,95,1776914649346,7006,4.271,429,0,
smoke,10,/get-salt,7,96,1776914649351,7006,4.493,429,0,
smoke,10,/get-salt,7,97,1776914649354,7004,3.508,429,0,
smoke,10,/get-salt,7,98,1776914649359,7004,4.43,429,0,
smoke,10,/get-salt,7,99,1776914649363,7010,4.142,429,0,
smoke,10,/get-salt,7,100,1776914649367,7004,4.004,429,0,
smoke,10,/get-salt,7,101,1776914649371,7005,4.477,429,0,
smoke,10,/get-salt,7,102,1776914649375,7003,3.834,429,0,
smoke,10,/get-salt,7,103,1776914649379,7001,4.135,429,0,
smoke,10,/get-salt,7,104,1776914649383,7007,4.188,429,0,
smoke,10,/get-salt,7,105,1776914649387,7006,3.795,429,0,
smoke,10,/get-salt,7,106,1776914649392,7001,4.452,429,0,
smoke,10,/get-salt,7,107,1776914649398,7001,6.676,429,0,
smoke,10,/get-salt,7,108,1776914649402,7003,4.138,429,0,
smoke,10,/get-salt,7,109,1776914649407,7003,4.292,429,0,
smoke,10,/get-salt,7,110,1776914649411,7007,3.862,429,0,
smoke,10,/get-salt,7,111,1776914649415,7009,3.934,429,0,
smoke,10,/get-salt,7,112,1776914649419,7010,4.349,429,0,
smoke,10,/get-salt,7,113,1776914649423,7008,3.914,429,0,
smoke,10,/get-salt,7,114,1776914649427,7004,4.148,429,0,
smoke,10,/get-salt,7,115,1776914649431,7006,4.126,429,0,
smoke,10,/get-salt,7,116,1776914649435,7006,4.232,429,0,
smoke,10,/get-salt,7,117,1776914649441,7008,5.339,429,0,
smoke,10,/get-salt,7,118,1776914649445,7007,4.133,429,0,
smoke,10,/get-salt,7,119,1776914649449,7006,3.868,429,0,
smoke,10,/get-salt,7,120,1776914649457,7008,7.951,429,0,
smoke,10,/get-salt,7,121,1776914649461,7006,4.079,429,0,
smoke,10,/get-salt,7,122,1776914649465,7003,4.651,429,0,
smoke,10,/get-salt,7,123,1776914649470,7008,4.403,429,0,
smoke,10,/get-salt,7,124,1776914649475,7001,4.835,429,0,
smoke,10,/get-salt,7,125,1776914649479,7007,4.36,429,0,
smoke,10,/get-salt,7,126,1776914649483,7002,4.177,429,0,
smoke,10,/get-salt,7,127,1776914649487,7007,4.209,429,0,
smoke,10,/get-salt,7,128,1776914649492,7002,4.964,429,0,
smoke,10,/get-salt,7,129,1776914649496,7006,4.056,429,0,
smoke,10,/get-salt,7,130,1776914649500,7010,4,429,0,
smoke,10,/get-salt,7,131,1776914649504,7004,3.958,429,0,
smoke,10,/get-salt,7,132,1776914649508,7007,4.134,429,0,
smoke,10,/get-salt,7,133,1776914649512,7006,3.729,429,0,
smoke,10,/get-salt,7,134,1776914649517,7006,4.344,429,0,
smoke,10,/get-salt,7,135,1776914649525,7005,8.65,429,0,
smoke,10,/get-salt,7,136,1776914649529,7008,4.152,429,0,
smoke,10,/get-salt,7,137,1776914649533,7007,4.068,429,0,
smoke,10,/get-salt,7,138,1776914649537,7009,3.469,429,0,
smoke,10,/get-salt,7,139,1776914649542,7001,4.728,429,0,
smoke,10,/get-salt,7,140,1776914649550,7007,8.495,429,0,
smoke,10,/get-salt,7,141,1776914649560,7005,9.523,429,0,
smoke,10,/get-salt,7,142,1776914649564,7005,4.046,429,0,
smoke,10,/get-salt,7,143,1776914649568,7009,3.818,429,0,
smoke,10,/get-salt,7,144,1776914649572,7002,4.562,429,0,
smoke,10,/get-salt,7,145,1776914649576,7010,3.978,429,0,
smoke,10,/get-salt,7,146,1776914649580,7008,3.798,429,0,
smoke,10,/get-salt,7,147,1776914649584,7006,4.202,429,0,
smoke,10,/get-salt,7,148,1776914649588,7003,4.315,429,0,
smoke,10,/get-salt,7,149,1776914649592,7005,3.926,429,0,
smoke,10,/get-salt,7,150,1776914649596,7010,3.556,429,0,
smoke,10,/get-salt,7,151,1776914649600,7004,4.015,429,0,
smoke,10,/get-salt,7,152,1776914649609,7007,8.712,429,0,
smoke,10,/get-salt,7,153,1776914649612,7006,3.641,429,0,
smoke,10,/get-salt,7,154,1776914649616,7010,3.203,429,0,
smoke,10,/get-salt,7,155,1776914649619,7009,3.661,429,0,
smoke,10,/get-salt,7,156,1776914649623,7009,4.114,429,0,
smoke,10,/get-salt,7,157,1776914649628,7008,4.548,429,0,
smoke,10,/get-salt,7,158,1776914649632,7008,4.554,429,0,
smoke,10,/get-salt,7,159,1776914649636,7006,3.594,429,0,
smoke,10,/get-salt,7,160,1776914649640,7007,3.569,429,0,
smoke,10,/get-salt,7,161,1776914649646,7006,6.15,429,0,
smoke,10,/get-salt,7,162,1776914649650,7007,4.051,429,0,
smoke,10,/get-salt,7,163,1776914649653,7005,3.323,429,0,
smoke,10,/get-salt,7,164,1776914649657,7004,3.501,429,0,
smoke,10,/get-salt,7,165,1776914649661,7002,3.924,429,0,
smoke,10,/get-salt,7,166,1776914649671,7002,10.028,429,0,
smoke,10,/get-salt,7,167,1776914649674,7001,3.657,429,0,
smoke,10,/get-salt,7,168,1776914649678,7009,3.569,429,0,
smoke,10,/get-salt,7,169,1776914649681,7001,3.565,429,0,
smoke,10,/get-salt,7,170,1776914649685,7006,4.091,429,0,
smoke,10,/get-salt,7,171,1776914649692,7005,6.871,429,0,
smoke,10,/get-salt,7,172,1776914649696,7004,3.844,429,0,
smoke,10,/get-salt,7,173,1776914649703,7002,7.261,429,0,
smoke,10,/get-salt,7,174,1776914649708,7008,4.057,429,0,
smoke,10,/get-salt,7,175,1776914649711,7003,3.907,429,0,
smoke,10,/get-salt,7,176,1776914649716,7009,4.973,429,0,
smoke,10,/get-salt,7,177,1776914649720,7006,3.317,429,0,
smoke,10,/get-salt,7,178,1776914649724,7008,4.112,429,0,
smoke,10,/get-salt,7,179,1776914649728,7007,3.847,429,0,
smoke,10,/get-salt,7,180,1776914649732,7007,3.985,429,0,
smoke,10,/get-salt,7,181,1776914649736,7005,4.039,429,0,
smoke,10,/get-salt,7,182,1776914649740,7006,3.924,429,0,
smoke,10,/get-salt,7,183,1776914649744,7006,3.997,429,0,
smoke,10,/get-salt,7,184,1776914649748,7004,3.988,429,0,
smoke,10,/get-salt,7,185,1776914649753,7002,5.185,429,0,
smoke,10,/get-salt,7,186,1776914649757,7005,4.059,429,0,
smoke,10,/get-salt,7,187,1776914649761,7001,3.88,429,0,
smoke,10,/get-salt,7,188,1776914649765,7008,4.105,429,0,
smoke,10,/get-salt,7,189,1776914649773,7007,8.457,429,0,
smoke,10,/get-salt,7,190,1776914649777,7010,3.429,429,0,
smoke,10,/get-salt,7,191,1776914649780,7001,3.614,429,0,
smoke,10,/get-salt,7,192,1776914649784,7004,4,429,0,
smoke,10,/get-salt,7,193,1776914649788,7003,3.777,429,0,
smoke,10,/get-salt,7,194,1776914649793,7006,4.82,429,0,
smoke,10,/get-salt,7,195,1776914649797,7009,4.363,429,0,
smoke,10,/get-salt,7,196,1776914649801,7006,4.023,429,0,
smoke,10,/get-salt,7,197,1776914649806,7001,4.565,429,0,
smoke,10,/get-salt,7,198,1776914649810,7002,4.422,429,0,
smoke,10,/get-salt,7,199,1776914649815,7009,4.21,429,0,
smoke,10,/get-salt,7,200,1776914649819,7004,4.162,429,0,
smoke,10,/get-salt,7,201,1776914649824,7010,4.844,429,0,
smoke,10,/get-salt,7,202,1776914649827,7001,3.846,429,0,
smoke,10,/get-salt,7,203,1776914649838,7008,10.688,429,0,
smoke,10,/get-salt,7,204,1776914649848,7009,9.441,429,0,
smoke,10,/get-salt,7,205,1776914649852,7010,4.016,429,0,
smoke,10,/get-salt,7,206,1776914649855,7006,3.445,429,0,
smoke,10,/get-salt,7,207,1776914649859,7007,3.745,429,0,
smoke,10,/get-salt,7,208,1776914649863,7007,4.117,429,0,
smoke,10,/get-salt,7,209,1776914649867,7010,4.143,429,0,
smoke,10,/get-salt,7,210,1776914649871,7010,3.929,429,0,
smoke,10,/get-salt,7,211,1776914649875,7006,4.218,429,0,
smoke,10,/get-salt,7,212,1776914649879,7006,3.95,429,0,
smoke,10,/get-salt,7,213,1776914649883,7004,3.852,429,0,
smoke,10,/get-salt,7,214,1776914649887,7007,3.658,429,0,
smoke,10,/get-salt,7,215,1776914649890,7005,3.519,429,0,
smoke,10,/get-salt,7,216,1776914649895,7008,4.543,429,0,
smoke,10,/get-salt,7,217,1776914649899,7005,3.776,429,0,
smoke,10,/get-salt,7,218,1776914649903,7005,4.624,429,0,
smoke,10,/get-salt,7,219,1776914649907,7001,4.234,429,0,
smoke,10,/get-salt,7,220,1776914649912,7009,4.262,429,0,
smoke,10,/get-salt,7,221,1776914649915,7008,3.77,429,0,
smoke,10,/get-salt,7,222,1776914649920,7008,4.464,429,0,
smoke,10,/get-salt,7,223,1776914649924,7010,3.802,429,0,
smoke,10,/get-salt,7,224,1776914649930,7010,6.058,429,0,
smoke,10,/get-salt,7,225,1776914649934,7010,4.102,429,0,
smoke,10,/get-salt,7,226,1776914649938,7004,4.172,429,0,
smoke,10,/get-salt,7,227,1776914649942,7008,4.281,429,0,
smoke,10,/get-salt,7,228,1776914649946,7010,3.759,429,0,
smoke,10,/get-salt,7,229,1776914649950,7004,4.03,429,0,
smoke,10,/get-salt,7,230,1776914649955,7008,4.493,429,0,
smoke,10,/get-salt,7,231,1776914649959,7004,3.936,429,0,
smoke,10,/get-salt,7,232,1776914649962,7010,3.661,429,0,
smoke,10,/get-salt,7,233,1776914649966,7004,3.36,429,0,
smoke,10,/get-salt,7,234,1776914649969,7010,3.646,429,0,
smoke,10,/get-salt,7,235,1776914649973,7010,3.869,429,0,
smoke,10,/get-salt,7,236,1776914649977,7002,3.854,429,0,
smoke,10,/get-salt,7,237,1776914649981,7002,4.389,429,0,
smoke,10,/get-salt,7,238,1776914649990,7009,8.107,429,0,
smoke,10,/get-salt,7,239,1776914649994,7005,4.507,429,0,
smoke,10,/get-salt,7,240,1776914649998,7004,4.378,429,0,
smoke,10,/get-salt,7,241,1776914650003,7007,4.347,429,0,
smoke,10,/get-salt,7,242,1776914650007,7004,4.316,429,0,
smoke,10,/get-salt,7,243,1776914650011,7005,4.055,429,0,
smoke,10,/get-salt,7,244,1776914650015,7009,4.291,429,0,
smoke,10,/get-salt,7,245,1776914650020,7001,4.374,429,0,
smoke,10,/get-salt,7,246,1776914650024,7010,4.182,429,0,
smoke,10,/get-salt,7,247,1776914650028,7003,3.765,429,0,
smoke,10,/get-salt,7,248,1776914650032,7001,3.986,429,0,
smoke,10,/get-salt,7,249,1776914650035,7001,3.638,429,0,
smoke,10,/get-salt,7,250,1776914650039,7004,3.932,429,0,
smoke,10,/get-salt,7,251,1776914650043,7010,4.108,429,0,
smoke,10,/get-salt,7,252,1776914650047,7010,4.014,429,0,
smoke,10,/get-salt,7,253,1776914650051,7006,3.642,429,0,
smoke,10,/get-salt,7,254,1776914650059,7009,7.412,429,0,
smoke,10,/get-salt,7,255,1776914650062,7003,3.918,429,0,
smoke,10,/get-salt,7,256,1776914650066,7009,3.783,429,0,
smoke,10,/get-salt,7,257,1776914650070,7002,4.006,429,0,
smoke,10,/get-salt,7,258,1776914650074,7003,3.794,429,0,
smoke,10,/get-salt,7,259,1776914650078,7003,3.922,429,0,
smoke,10,/get-salt,7,260,1776914650082,7005,3.722,429,0,
smoke,10,/get-salt,7,261,1776914650086,7003,4.025,429,0,
smoke,10,/get-salt,7,262,1776914650091,7002,4.906,429,0,
smoke,10,/get-salt,7,263,1776914650095,7001,4.076,429,0,
smoke,10,/get-salt,7,264,1776914650099,7005,3.884,429,0,
smoke,10,/get-salt,7,265,1776914650103,7001,3.905,429,0,
smoke,10,/get-salt,7,266,1776914650106,7004,3.625,429,0,
smoke,10,/get-salt,7,267,1776914650110,7008,3.602,429,0,
smoke,10,/get-salt,7,268,1776914650118,7002,8.059,429,0,
smoke,10,/get-salt,7,269,1776914650122,7009,3.77,429,0,
smoke,10,/get-salt,7,270,1776914650126,7005,4.225,429,0,
smoke,10,/get-salt,7,271,1776914650130,7006,4.279,429,0,
smoke,10,/get-salt,7,272,1776914650134,7009,3.609,429,0,
smoke,10,/get-salt,7,273,1776914650138,7003,3.865,429,0,
smoke,10,/get-salt,7,274,1776914650142,7005,4.059,429,0,
smoke,10,/get-salt,7,275,1776914650146,7005,4.141,429,0,
smoke,10,/get-salt,7,276,1776914650150,7010,4.572,429,0,
smoke,10,/get-salt,7,277,1776914650154,7006,3.779,429,0,
smoke,10,/get-salt,7,278,1776914650158,7003,3.965,429,0,
smoke,10,/get-salt,7,279,1776914650162,7010,4.035,429,0,
smoke,10,/get-salt,7,280,1776914650166,7008,4.109,429,0,
smoke,10,/get-salt,7,281,1776914650171,7006,4.783,429,0,
smoke,10,/get-salt,7,282,1776914650175,7008,4.082,429,0,
smoke,10,/get-salt,7,283,1776914650184,7001,8.421,429,0,
smoke,10,/get-salt,7,284,1776914650187,7008,3.753,429,0,
smoke,10,/get-salt,7,285,1776914650192,7004,4.743,429,0,
smoke,10,/get-salt,7,286,1776914650196,7009,3.446,429,0,
smoke,10,/get-salt,7,287,1776914650199,7007,3.942,429,0,
smoke,10,/get-salt,7,288,1776914650204,7004,4.355,429,0,
smoke,10,/get-salt,7,289,1776914650208,7004,4.232,429,0,
smoke,10,/get-salt,7,290,1776914650212,7010,4.265,429,0,
smoke,10,/get-salt,7,291,1776914650216,7006,4.166,429,0,
smoke,10,/get-salt,7,292,1776914650221,7003,4.159,429,0,
smoke,10,/get-salt,7,293,1776914650225,7007,4.107,429,0,
smoke,10,/get-salt,7,294,1776914650229,7002,4.369,429,0,
smoke,10,/get-salt,7,295,1776914650233,7003,3.836,429,0,
smoke,10,/get-salt,7,296,1776914650236,7002,3.29,429,0,
smoke,10,/get-salt,7,297,1776914650240,7009,3.865,429,0,
smoke,10,/get-salt,7,298,1776914650248,7006,8.237,429,0,
smoke,10,/get-salt,7,299,1776914650252,7008,3.967,429,0,
smoke,10,/get-salt,7,300,1776914650256,7003,4.089,429,0,
smoke,10,/get-salt,7,301,1776914650261,7009,4.295,429,0,
smoke,10,/get-salt,7,302,1776914650265,7005,4.21,429,0,
smoke,10,/get-salt,7,303,1776914650269,7005,4.121,429,0,
smoke,10,/get-salt,7,304,1776914650273,7001,3.627,429,0,
smoke,10,/get-salt,7,305,1776914650277,7009,4.182,429,0,
smoke,10,/get-salt,7,306,1776914650280,7004,3.561,429,0,
smoke,10,/get-salt,7,307,1776914650283,7007,2.743,429,0,
smoke,10,/get-salt,7,308,1776914650288,7010,5.165,429,0,
smoke,10,/get-salt,7,309,1776914650293,7008,4.153,429,0,
smoke,10,/get-salt,7,310,1776914650297,7002,4.063,429,0,
smoke,10,/get-salt,7,311,1776914650301,7002,4.181,429,0,
smoke,10,/get-salt,7,312,1776914650304,7009,3.658,429,0,
smoke,10,/get-salt,7,313,1776914650312,7005,7.761,429,0,
smoke,10,/get-salt,7,314,1776914650318,7004,5.424,429,0,
smoke,10,/get-salt,7,315,1776914650322,7005,4.146,429,0,
smoke,10,/get-salt,7,316,1776914650326,7002,4.442,429,0,
smoke,10,/get-salt,7,317,1776914650331,7006,4.954,429,0,
smoke,10,/get-salt,7,318,1776914650335,7009,4.041,429,0,
smoke,10,/get-salt,7,319,1776914650339,7007,3.808,429,0,
smoke,10,/get-salt,7,320,1776914650343,7003,3.727,429,0,
smoke,10,/get-salt,7,321,1776914650347,7009,4.177,429,0,
smoke,10,/get-salt,7,322,1776914650351,7003,4.11,429,0,
smoke,10,/get-salt,7,323,1776914650355,7004,4.217,429,0,
smoke,10,/get-salt,7,324,1776914650359,7006,4.144,429,0,
smoke,10,/get-salt,7,325,1776914650364,7004,4.355,429,0,
smoke,10,/get-salt,7,326,1776914650367,7001,3.373,429,0,
smoke,10,/get-salt,7,327,1776914650371,7004,4.283,429,0,
smoke,10,/get-salt,7,328,1776914650381,7006,9.672,429,0,
smoke,10,/get-salt,7,329,1776914650385,7009,3.58,429,0,
smoke,10,/get-salt,7,330,1776914650388,7006,3.753,429,0,
smoke,10,/get-salt,7,331,1776914650392,7009,4.012,429,0,
smoke,10,/get-salt,7,332,1776914650396,7010,3.57,429,0,
smoke,10,/get-salt,7,333,1776914650400,7003,3.818,429,0,
smoke,10,/get-salt,7,334,1776914650403,7004,3.341,429,0,
smoke,10,/get-salt,7,335,1776914650407,7003,4.023,429,0,
smoke,10,/get-salt,7,336,1776914650411,7001,4.088,429,0,
smoke,10,/get-salt,7,337,1776914650415,7008,3.522,429,0,
smoke,10,/get-salt,7,338,1776914650419,7005,4.291,429,0,
smoke,10,/get-salt,7,339,1776914650423,7003,3.945,429,0,
smoke,10,/get-salt,7,340,1776914650427,7002,3.661,429,0,
smoke,10,/get-salt,7,341,1776914650431,7002,3.726,429,0,
smoke,10,/get-salt,7,342,1776914650434,7006,3.67,429,0,
smoke,10,/get-salt,7,343,1776914650444,7009,9.513,429,0,
smoke,10,/get-salt,7,344,1776914650452,7001,8.452,429,0,
smoke,10,/get-salt,7,345,1776914650460,7005,7.765,429,0,
smoke,10,/get-salt,7,346,1776914650464,7007,4.546,429,0,
smoke,10,/get-salt,7,347,1776914650469,7006,4.05,429,0,
smoke,10,/get-salt,7,348,1776914650473,7007,4.444,429,0,
smoke,10,/get-salt,7,349,1776914650477,7006,3.803,429,0,
smoke,10,/get-salt,7,350,1776914650480,7005,3.613,429,0,
smoke,10,/get-salt,7,351,1776914650485,7008,4.15,429,0,
smoke,10,/get-salt,7,352,1776914650489,7005,3.973,429,0,
smoke,10,/get-salt,7,353,1776914650493,7008,4.149,429,0,
smoke,10,/get-salt,7,354,1776914650496,7006,3.383,429,0,
smoke,10,/get-salt,7,355,1776914650501,7005,4.618,429,0,
smoke,10,/get-salt,7,356,1776914650504,7010,3.258,429,0,
smoke,10,/get-salt,7,357,1776914650508,7006,3.76,429,0,
smoke,10,/get-salt,7,358,1776914650511,7008,3.703,429,0,
smoke,10,/get-salt,7,359,1776914650515,7002,3.463,429,0,
smoke,10,/get-salt,7,360,1776914650518,7008,3.458,429,0,
smoke,10,/get-salt,7,361,1776914650522,7005,3.6,429,0,
smoke,10,/get-salt,7,362,1776914650526,7008,4.172,429,0,
smoke,10,/get-salt,7,363,1776914650530,7009,3.667,429,0,
smoke,10,/get-salt,7,364,1776914650534,7004,3.868,429,0,
smoke,10,/get-salt,7,365,1776914650540,7002,6.558,429,0,
smoke,10,/get-salt,7,366,1776914650544,7008,3.817,429,0,
smoke,10,/get-salt,7,367,1776914650548,7003,4.066,429,0,
smoke,10,/get-salt,7,368,1776914650552,7010,4.185,429,0,
smoke,10,/get-salt,7,369,1776914650559,7003,6.336,429,0,
smoke,10,/get-salt,7,370,1776914650569,7009,10.063,429,0,
smoke,10,/get-salt,7,371,1776914650573,7008,4.372,429,0,
smoke,10,/get-salt,7,372,1776914650578,7005,5.353,429,0,
smoke,10,/get-salt,7,373,1776914650583,7007,4.043,429,0,
smoke,10,/get-salt,7,374,1776914650587,7006,4.024,429,0,
smoke,10,/get-salt,7,375,1776914650590,7002,3.505,429,0,
smoke,10,/get-salt,7,376,1776914650594,7001,3.773,429,0,
smoke,10,/get-salt,7,377,1776914650601,7002,7.594,429,0,
smoke,10,/get-salt,7,378,1776914650605,7009,3.574,429,0,
smoke,10,/get-salt,7,379,1776914650608,7008,3.192,429,0,
smoke,10,/get-salt,7,380,1776914650612,7004,4.24,429,0,
smoke,10,/get-salt,7,381,1776914650617,7009,4.733,429,0,
smoke,10,/get-salt,7,382,1776914650621,7002,3.718,429,0,
smoke,10,/get-salt,7,383,1776914650624,7007,2.901,429,0,
smoke,10,/get-salt,7,384,1776914650626,7003,2.538,429,0,
smoke,10,/get-salt,7,385,1776914650630,7009,4.023,429,0,
smoke,10,/get-salt,7,386,1776914650634,7006,3.235,429,0,
smoke,10,/get-salt,7,387,1776914650636,7001,2.5,429,0,
smoke,10,/get-salt,7,388,1776914650638,7001,2.379,429,0,
smoke,10,/get-salt,7,389,1776914650641,7003,2.973,429,0,
smoke,10,/get-salt,7,390,1776914650644,7001,2.423,429,0,
smoke,10,/get-salt,7,391,1776914650647,7009,3.119,429,0,
smoke,10,/get-salt,7,392,1776914650651,7008,3.945,429,0,
smoke,10,/get-salt,7,393,1776914650652,7005,1.205,429,0,
smoke,10,/get-salt,7,394,1776914650656,7009,3.509,429,0,
smoke,10,/get-salt,7,395,1776914650663,7004,7.434,429,0,
smoke,10,/get-salt,7,396,1776914650667,7008,3.405,429,0,
smoke,10,/get-salt,7,397,1776914650670,7010,3.65,429,0,
smoke,10,/get-salt,7,398,1776914650674,7005,3.52,429,0,
smoke,10,/get-salt,7,399,1776914650677,7005,3.513,429,0,
smoke,10,/get-salt,7,400,1776914650680,7005,3.209,429,0,
smoke,10,/get-salt,7,401,1776914650684,7005,3.242,429,0,
smoke,10,/get-salt,7,402,1776914650687,7002,3.366,429,0,
smoke,10,/get-salt,7,403,1776914650691,7006,3.995,429,0,
smoke,10,/get-salt,7,404,1776914650695,7001,3.747,429,0,
smoke,10,/get-salt,7,405,1776914650698,7008,3.574,429,0,
smoke,10,/get-salt,7,406,1776914650702,7007,3.776,429,0,
smoke,10,/get-salt,7,407,1776914650706,7001,4.158,429,0,
smoke,10,/get-salt,7,408,1776914650710,7006,3.325,429,0,
smoke,10,/get-salt,7,409,1776914650714,7004,4.262,429,0,
smoke,10,/get-salt,7,410,1776914650721,7007,6.727,429,0,
smoke,10,/get-salt,7,411,1776914650724,7004,3.546,429,0,
smoke,10,/get-salt,7,412,1776914650728,7003,3.744,429,0,
smoke,10,/get-salt,7,413,1776914650732,7010,3.826,429,0,
smoke,10,/get-salt,7,414,1776914650735,7005,3.434,429,0,
smoke,10,/get-salt,7,415,1776914650739,7001,3.763,429,0,
smoke,10,/get-salt,7,416,1776914650742,7008,3.476,429,0,
smoke,10,/get-salt,7,417,1776914650746,7004,3.482,429,0,
smoke,10,/get-salt,7,418,1776914650750,7007,4.415,429,0,
smoke,10,/get-salt,7,419,1776914650755,7007,4.54,429,0,
smoke,10,/get-salt,7,420,1776914650759,7004,4.091,429,0,
smoke,10,/get-salt,7,421,1776914650762,7008,3.435,429,0,
smoke,10,/get-salt,7,422,1776914650768,7001,5.519,429,0,
smoke,10,/get-salt,7,423,1776914650772,7003,4.226,429,0,
smoke,10,/get-salt,7,424,1776914650776,7001,3.996,429,0,
smoke,10,/get-salt,7,425,1776914650790,7009,14.055,429,0,
smoke,10,/get-salt,7,426,1776914650794,7002,3.51,429,0,
smoke,10,/get-salt,7,427,1776914650797,7002,3.268,429,0,
smoke,10,/get-salt,7,428,1776914650800,7004,3.054,429,0,
smoke,10,/get-salt,7,429,1776914650804,7009,4.067,429,0,
smoke,10,/get-salt,7,430,1776914650809,7009,4.618,429,0,
smoke,10,/get-salt,7,431,1776914650813,7006,3.72,429,0,
smoke,10,/get-salt,7,432,1776914650816,7003,3.868,429,0,
smoke,10,/get-salt,7,433,1776914650820,7005,3.652,429,0,
smoke,10,/get-salt,7,434,1776914650824,7008,3.963,429,0,
smoke,10,/get-salt,7,435,1776914650828,7007,4.098,429,0,
smoke,10,/get-salt,7,436,1776914650832,7004,4.067,429,0,
smoke,10,/get-salt,7,437,1776914650836,7010,4.107,429,0,
smoke,10,/get-salt,7,438,1776914650840,7003,4.107,429,0,
smoke,10,/get-salt,7,439,1776914650844,7001,3.965,429,0,
smoke,10,/get-salt,7,440,1776914650853,7008,8.126,429,0,
smoke,10,/get-salt,7,441,1776914650856,7001,3.638,429,0,
smoke,10,/get-salt,7,442,1776914650861,7006,4.386,429,0,
smoke,10,/get-salt,7,443,1776914650864,7003,3.305,429,0,
smoke,10,/get-salt,7,444,1776914650868,7003,4.131,429,0,
smoke,10,/get-salt,7,445,1776914650872,7004,3.546,429,0,
smoke,10,/get-salt,7,446,1776914650875,7005,3.925,429,0,
smoke,10,/get-salt,7,447,1776914650880,7009,4.217,429,0,
smoke,10,/get-salt,7,448,1776914650884,7005,4.293,429,0,
smoke,10,/get-salt,7,449,1776914650887,7008,3.456,429,0,
smoke,10,/get-salt,7,450,1776914650891,7001,4.059,429,0,
smoke,10,/get-salt,7,451,1776914650896,7002,4.309,429,0,
smoke,10,/get-salt,7,452,1776914650900,7008,3.839,429,0,
smoke,10,/get-salt,7,453,1776914650903,7006,3.604,429,0,
smoke,10,/get-salt,7,454,1776914650907,7006,4.026,429,0,
smoke,10,/get-salt,7,455,1776914650916,7002,8.441,429,0,
smoke,10,/get-salt,7,456,1776914650920,7005,4.161,429,0,
smoke,10,/get-salt,7,457,1776914650924,7008,3.774,429,0,
smoke,10,/get-salt,7,458,1776914650927,7004,3.457,429,0,
smoke,10,/get-salt,7,459,1776914650931,7001,4.157,429,0,
smoke,10,/get-salt,7,460,1776914650935,7003,3.999,429,0,
smoke,10,/get-salt,7,461,1776914650939,7003,4.146,429,0,
smoke,10,/get-salt,7,462,1776914650943,7002,3.948,429,0,
smoke,10,/get-salt,7,463,1776914650947,7005,3.931,429,0,
smoke,10,/get-salt,7,464,1776914650952,7001,4.342,429,0,
smoke,10,/get-salt,7,465,1776914650956,7010,4.268,429,0,
smoke,10,/get-salt,7,466,1776914650961,7009,4.851,429,0,
smoke,10,/get-salt,7,467,1776914650964,7002,3.551,429,0,
smoke,10,/get-salt,7,468,1776914650968,7008,3.327,429,0,
smoke,10,/get-salt,7,469,1776914650972,7006,3.88,429,0,
smoke,10,/get-salt,7,470,1776914650981,7008,8.975,429,0,
smoke,10,/get-salt,7,471,1776914650984,7002,3.345,429,0,
smoke,10,/get-salt,7,472,1776914650988,7002,4.105,429,0,
smoke,10,/get-salt,7,473,1776914650991,7002,3.332,429,0,
smoke,10,/get-salt,7,474,1776914650996,7004,4.448,429,0,
smoke,10,/get-salt,7,475,1776914651000,7001,4.496,429,0,
smoke,10,/get-salt,7,476,1776914651007,7008,6.968,429,0,
smoke,10,/get-salt,7,477,1776914651014,7004,6.726,429,0,
smoke,10,/get-salt,7,478,1776914651018,7006,4.007,429,0,
smoke,10,/get-salt,7,479,1776914651021,7004,3.356,429,0,
smoke,10,/get-salt,7,480,1776914651026,7003,4.285,429,0,
smoke,10,/get-salt,7,481,1776914651030,7005,3.895,429,0,
smoke,10,/get-salt,7,482,1776914651033,7003,3.564,429,0,
smoke,10,/get-salt,7,483,1776914651037,7006,3.785,429,0,
smoke,10,/get-salt,7,484,1776914651046,7005,8.877,429,0,
smoke,10,/get-salt,7,485,1776914651050,7005,3.899,429,0,
smoke,10,/get-salt,7,486,1776914651054,7010,4.132,429,0,
smoke,10,/get-salt,7,487,1776914651059,7008,4.818,429,0,
smoke,10,/get-salt,7,488,1776914651064,7004,5.318,429,0,
smoke,10,/get-salt,7,489,1776914651068,7001,4.41,429,0,
smoke,10,/get-salt,7,490,1776914651073,7001,4.257,429,0,
smoke,10,/get-salt,7,491,1776914651077,7009,4.559,429,0,
smoke,10,/get-salt,7,492,1776914651081,7007,3.765,429,0,
smoke,10,/get-salt,7,493,1776914651085,7002,3.54,429,0,
smoke,10,/get-salt,7,494,1776914651090,7003,4.986,429,0,
smoke,10,/get-salt,7,495,1776914651100,7005,10.969,429,0,
smoke,10,/get-salt,7,496,1776914651105,7007,4.993,429,0,
smoke,10,/get-salt,7,497,1776914651109,7002,3.189,429,0,
smoke,10,/get-salt,7,498,1776914651112,7004,3.334,429,0,
smoke,10,/get-salt,7,499,1776914651116,7001,3.547,429,0,
smoke,10,/get-salt,7,500,1776914651119,7006,3.218,429,0,
smoke,10,/get-salt,7,501,1776914651125,7004,5.973,429,0,
smoke,10,/get-salt,7,502,1776914651128,7009,3.566,429,0,
smoke,10,/get-salt,7,503,1776914651132,7003,3.559,429,0,
smoke,10,/get-salt,7,504,1776914651137,7010,4.683,429,0,
smoke,10,/get-salt,7,505,1776914651143,7007,5.913,429,0,
smoke,10,/get-salt,7,506,1776914651147,7006,4.812,429,0,
smoke,10,/get-salt,7,507,1776914651151,7002,3.801,429,0,
smoke,10,/get-salt,7,508,1776914651155,7002,3.99,429,0,
smoke,10,/get-salt,7,509,1776914651159,7006,3.57,429,0,
smoke,10,/get-salt,7,510,1776914651164,7008,5.471,429,0,
smoke,10,/get-salt,7,511,1776914651168,7006,3.99,429,0,
smoke,10,/get-salt,7,512,1776914651172,7007,4.104,429,0,
smoke,10,/get-salt,7,513,1776914651176,7006,4.196,429,0,
smoke,10,/get-salt,7,514,1776914651183,7009,6.754,429,0,
smoke,10,/get-salt,7,515,1776914651188,7003,4.312,429,0,
smoke,10,/get-salt,7,516,1776914651191,7005,3.896,429,0,
smoke,10,/get-salt,7,517,1776914651195,7010,3.619,429,0,
smoke,10,/get-salt,7,518,1776914651199,7004,3.999,429,0,
smoke,10,/get-salt,7,519,1776914651203,7008,4.222,429,0,
smoke,10,/get-salt,7,520,1776914651207,7001,3.959,429,0,
smoke,10,/get-salt,7,521,1776914651212,7010,4.457,429,0,
smoke,10,/get-salt,7,522,1776914651215,7007,3.698,429,0,
smoke,10,/get-salt,7,523,1776914651219,7007,3.766,429,0,
smoke,10,/get-salt,7,524,1776914651226,7010,6.713,429,0,
smoke,10,/get-salt,7,525,1776914651230,7002,3.749,429,0,
smoke,10,/get-salt,7,526,1776914651234,7001,4.835,429,0,
smoke,10,/get-salt,7,527,1776914651244,7002,9.558,429,0,
smoke,10,/get-salt,7,528,1776914651250,7001,5.862,429,0,
smoke,10,/get-salt,7,529,1776914651253,7004,3.405,429,0,
smoke,10,/get-salt,7,530,1776914651257,7001,4.005,429,0,
smoke,10,/get-salt,7,531,1776914651262,7006,4.355,429,0,
smoke,10,/get-salt,7,532,1776914651265,7010,3.657,429,0,
smoke,10,/get-salt,7,533,1776914651269,7003,3.779,429,0,
smoke,10,/get-salt,7,534,1776914651274,7006,4.705,429,0,
smoke,10,/get-salt,7,535,1776914651279,7007,4.829,429,0,
smoke,10,/get-salt,7,536,1776914651282,7001,3.681,429,0,
smoke,10,/get-salt,7,537,1776914651287,7004,4.964,429,0,
smoke,10,/get-salt,7,538,1776914651292,7009,4.152,429,0,
smoke,10,/get-salt,7,539,1776914651295,7005,3.982,429,0,
smoke,10,/get-salt,7,540,1776914651299,7005,3.782,429,0,
smoke,10,/get-salt,7,541,1776914651303,7001,3.948,429,0,
smoke,10,/get-salt,7,542,1776914651307,7002,3.732,429,0,
smoke,10,/get-salt,7,543,1776914651314,7008,7.255,429,0,
smoke,10,/get-salt,7,544,1776914651318,7004,4.226,429,0,
smoke,10,/get-salt,7,545,1776914651323,7006,4.15,429,0,
smoke,10,/get-salt,7,546,1776914651326,7006,3.792,429,0,
smoke,10,/get-salt,7,547,1776914651331,7002,4.223,429,0,
smoke,10,/get-salt,7,548,1776914651334,7005,3.592,429,0,
smoke,10,/get-salt,7,549,1776914651338,7002,3.484,429,0,
smoke,10,/get-salt,7,550,1776914651341,7010,3.74,429,0,
smoke,10,/get-salt,7,551,1776914651346,7002,4.118,429,0,
smoke,10,/get-salt,7,552,1776914651349,7003,3.593,429,0,
smoke,10,/get-salt,7,553,1776914651353,7001,3.911,429,0,
smoke,10,/get-salt,7,554,1776914651357,7002,4.38,429,0,
smoke,10,/get-salt,7,555,1776914651361,7003,3.905,429,0,
smoke,10,/get-salt,7,556,1776914651365,7002,3.917,429,0,
smoke,10,/get-salt,7,557,1776914651369,7004,3.991,429,0,
smoke,10,/get-salt,7,558,1776914651377,7005,7.903,429,0,
smoke,10,/get-salt,7,559,1776914651382,7009,4.294,429,0,
smoke,10,/get-salt,7,560,1776914651387,7001,5.048,429,0,
smoke,10,/get-salt,7,561,1776914651392,7005,4.983,429,0,
smoke,10,/get-salt,7,562,1776914651396,7007,4.313,429,0,
smoke,10,/get-salt,7,563,1776914651400,7005,4.147,429,0,
smoke,10,/get-salt,7,564,1776914651404,7002,4.313,429,0,
smoke,10,/get-salt,7,565,1776914651408,7003,3.71,429,0,
smoke,10,/get-salt,7,566,1776914651412,7008,3.755,429,0,
smoke,10,/get-salt,7,567,1776914651416,7004,3.758,429,0,
smoke,10,/get-salt,7,568,1776914651419,7003,3.219,429,0,
smoke,10,/get-salt,7,569,1776914651423,7001,3.943,429,0,
smoke,10,/get-salt,7,570,1776914651426,7006,3.334,429,0,
smoke,10,/get-salt,7,571,1776914651430,7001,3.488,429,0,
smoke,10,/get-salt,7,572,1776914651437,7010,7.394,429,0,
smoke,10,/get-salt,7,573,1776914651441,7006,4.09,429,0,
smoke,10,/get-salt,7,574,1776914651445,7005,3.915,429,0,
smoke,10,/get-salt,7,575,1776914651449,7007,3.838,429,0,
smoke,10,/get-salt,7,576,1776914651453,7003,4.222,429,0,
smoke,10,/get-salt,7,577,1776914651457,7006,3.973,429,0,
smoke,10,/get-salt,7,578,1776914651461,7007,3.887,429,0,
smoke,10,/get-salt,7,579,1776914651465,7008,3.69,429,0,
smoke,10,/get-salt,7,580,1776914651468,7010,3.591,429,0,
smoke,10,/get-salt,7,581,1776914651472,7002,3.748,429,0,
smoke,10,/get-salt,7,582,1776914651476,7001,3.743,429,0,
smoke,10,/get-salt,7,583,1776914651480,7010,4.025,429,0,
smoke,10,/get-salt,7,584,1776914651484,7006,3.889,429,0,
smoke,10,/get-salt,7,585,1776914651488,7010,4.266,429,0,
smoke,10,/get-salt,7,586,1776914651492,7009,3.809,429,0,
smoke,10,/get-salt,7,587,1776914651499,7002,7.201,429,0,
smoke,10,/get-salt,7,588,1776914651502,7008,3.203,429,0,
smoke,10,/get-salt,7,589,1776914651506,7005,3.756,429,0,
smoke,10,/get-salt,7,590,1776914651509,7006,3.563,429,0,
smoke,10,/get-salt,7,591,1776914651513,7009,3.766,429,0,
smoke,10,/get-salt,7,592,1776914651517,7001,3.434,429,0,
smoke,10,/get-salt,7,593,1776914651520,7007,3.572,429,0,
smoke,10,/get-salt,7,594,1776914651524,7009,3.318,429,0,
smoke,10,/get-salt,7,595,1776914651527,7005,3.6,429,0,
smoke,10,/get-salt,7,596,1776914651531,7003,3.786,429,0,
smoke,10,/get-salt,7,597,1776914651535,7007,3.804,429,0,
smoke,10,/get-salt,7,598,1776914651538,7006,3.703,429,0,
smoke,10,/get-salt,7,599,1776914651543,7003,4.892,429,0,
smoke,10,/get-salt,7,600,1776914651548,7008,4.994,429,0,
smoke,10,/get-salt,7,601,1776914651552,7002,3.767,429,0,
smoke,10,/get-salt,7,602,1776914651559,7006,7.045,429,0,
smoke,10,/get-salt,7,603,1776914651563,7007,3.898,429,0,
smoke,10,/get-salt,7,604,1776914651566,7007,3.285,429,0,
smoke,10,/get-salt,7,605,1776914651571,7001,4.597,429,0,
smoke,10,/get-salt,7,606,1776914651574,7008,3.269,429,0,
smoke,10,/get-salt,7,607,1776914651578,7003,3.886,429,0,
smoke,10,/get-salt,7,608,1776914651582,7007,3.614,429,0,
smoke,10,/get-salt,7,609,1776914651586,7001,3.757,429,0,
smoke,10,/get-salt,7,610,1776914651590,7005,4.272,429,0,
smoke,10,/get-salt,7,611,1776914651593,7009,3.338,429,0,
smoke,10,/get-salt,7,612,1776914651597,7003,4.165,429,0,
smoke,10,/get-salt,7,613,1776914651601,7007,3.646,429,0,
smoke,10,/get-salt,7,614,1776914651604,7004,2.806,429,0,
smoke,10,/get-salt,7,615,1776914651607,7008,3.606,429,0,
smoke,10,/get-salt,7,616,1776914651611,7010,3.819,429,0,
smoke,10,/get-salt,7,617,1776914651619,7001,8.014,429,0,
smoke,10,/get-salt,7,618,1776914651623,7007,3.843,429,0,
smoke,10,/get-salt,7,619,1776914651627,7002,4.223,429,0,
smoke,10,/get-salt,7,620,1776914651632,7001,4.231,429,0,
smoke,10,/get-salt,7,621,1776914651635,7005,3.953,429,0,
smoke,10,/get-salt,7,622,1776914651640,7005,4.167,429,0,
smoke,10,/get-salt,7,623,1776914651643,7004,3.634,429,0,
smoke,10,/get-salt,7,624,1776914651647,7010,3.464,429,0,
smoke,10,/get-salt,7,625,1776914651651,7008,4.05,429,0,
smoke,10,/get-salt,7,626,1776914651654,7002,3.013,429,0,
smoke,10,/get-salt,7,627,1776914651657,7010,2.716,429,0,
smoke,10,/get-salt,7,628,1776914651660,7007,3.72,429,0,
smoke,10,/get-salt,7,629,1776914651664,7005,4.062,429,0,
smoke,10,/get-salt,7,630,1776914651668,7009,3.254,429,0,
smoke,10,/get-salt,7,631,1776914651671,7003,3.589,429,0,
smoke,10,/get-salt,7,632,1776914651679,7010,7.579,429,0,
smoke,10,/get-salt,7,633,1776914651683,7010,4.222,429,0,
smoke,10,/get-salt,7,634,1776914651687,7008,3.804,429,0,
smoke,10,/get-salt,7,635,1776914651691,7001,3.925,429,0,
smoke,10,/get-salt,7,636,1776914651695,7001,4.098,429,0,
smoke,10,/get-salt,7,637,1776914651699,7004,4.194,429,0,
smoke,10,/get-salt,7,638,1776914651703,7002,4.001,429,0,
smoke,10,/get-salt,7,639,1776914651707,7002,3.618,429,0,
smoke,10,/get-salt,7,640,1776914651711,7001,4.481,429,0,
smoke,10,/get-salt,7,641,1776914651715,7007,3.797,429,0,
smoke,10,/get-salt,7,642,1776914651723,7003,8.042,429,0,
smoke,10,/get-salt,7,643,1776914651732,7007,8.707,429,0,
smoke,10,/get-salt,7,644,1776914651736,7001,4.433,429,0,
smoke,10,/get-salt,7,645,1776914651740,7008,3.949,429,0,
smoke,10,/get-salt,7,646,1776914651744,7008,3.689,429,0,
smoke,10,/get-salt,7,647,1776914651747,7006,3.604,429,0,
smoke,10,/get-salt,7,648,1776914651752,7002,4.394,429,0,
smoke,10,/get-salt,7,649,1776914651756,7002,3.936,429,0,
smoke,10,/get-salt,7,650,1776914651760,7007,4.547,429,0,
smoke,10,/get-salt,7,651,1776914651764,7008,4.142,429,0,
smoke,10,/get-salt,7,652,1776914651768,7010,3.579,429,0,
smoke,10,/get-salt,7,653,1776914651772,7005,3.73,429,0,
smoke,10,/get-salt,7,654,1776914651776,7004,4.001,429,0,
smoke,10,/get-salt,7,655,1776914651780,7001,4.17,429,0,
smoke,10,/get-salt,7,656,1776914651784,7004,4.252,429,0,
smoke,10,/get-salt,7,657,1776914651788,7006,4.11,429,0,
smoke,10,/get-salt,7,658,1776914651792,7001,3.978,429,0,
smoke,10,/get-salt,7,659,1776914651796,7002,3.41,429,0,
smoke,10,/get-salt,7,660,1776914651799,7005,3.662,429,0,
smoke,10,/get-salt,7,661,1776914651802,7009,3.054,429,0,
smoke,10,/get-salt,7,662,1776914651809,7008,6.974,429,0,
smoke,10,/get-salt,7,663,1776914651815,7005,5.55,429,0,
smoke,10,/get-salt,7,664,1776914651819,7009,3.589,429,0,
smoke,10,/get-salt,7,665,1776914651823,7004,4.292,429,0,
smoke,10,/get-salt,7,666,1776914651827,7005,4.303,429,0,
smoke,10,/get-salt,7,667,1776914651831,7007,3.902,429,0,
smoke,10,/get-salt,7,668,1776914651835,7004,4.055,429,0,
smoke,10,/get-salt,7,669,1776914651840,7008,4.585,429,0,
smoke,10,/get-salt,7,670,1776914651844,7009,4.668,429,0,
smoke,10,/get-salt,7,671,1776914651849,7010,4.209,429,0,
smoke,10,/get-salt,7,672,1776914651853,7008,4.379,429,0,
smoke,10,/get-salt,7,673,1776914651857,7002,3.552,429,0,
smoke,10,/get-salt,7,674,1776914651861,7004,4,429,0,
smoke,10,/get-salt,7,675,1776914651864,7007,3.693,429,0,
smoke,10,/get-salt,7,676,1776914651873,7004,8.928,429,0,
smoke,10,/get-salt,7,677,1776914651877,7002,3.409,429,0,
smoke,10,/get-salt,7,678,1776914651881,7006,4.04,429,0,
smoke,10,/get-salt,7,679,1776914651884,7003,3.736,429,0,
smoke,10,/get-salt,7,680,1776914651888,7007,3.251,429,0,
smoke,10,/get-salt,7,681,1776914651892,7007,4.227,429,0,
smoke,10,/get-salt,7,682,1776914651896,7002,4.666,429,0,
smoke,10,/get-salt,7,683,1776914651902,7001,5.565,429,0,
smoke,10,/get-salt,7,684,1776914651906,7006,4.239,429,0,
smoke,10,/get-salt,7,685,1776914651911,7003,4.338,429,0,
smoke,10,/get-salt,7,686,1776914651915,7008,4.162,429,0,
smoke,10,/get-salt,7,687,1776914651919,7004,4.028,429,0,
smoke,10,/get-salt,7,688,1776914651923,7005,3.982,429,0,
smoke,10,/get-salt,7,689,1776914651927,7009,4.245,429,0,
smoke,10,/get-salt,7,690,1776914651931,7009,4.002,429,0,
smoke,10,/get-salt,7,691,1776914651939,7004,7.482,429,0,
smoke,10,/get-salt,7,692,1776914651944,7010,4.988,429,0,
smoke,10,/get-salt,7,693,1776914651948,7005,4.683,429,0,
smoke,10,/get-salt,7,694,1776914651953,7009,5.038,429,0,
smoke,10,/get-salt,7,695,1776914651957,7002,3.985,429,0,
smoke,10,/get-salt,7,696,1776914651961,7007,4.178,429,0,
smoke,10,/get-salt,7,697,1776914651966,7006,4.573,429,0,
smoke,10,/get-salt,7,698,1776914651970,7005,4.156,429,0,
smoke,10,/get-salt,7,699,1776914651974,7003,3.557,429,0,
smoke,10,/get-salt,7,700,1776914651979,7008,4.831,429,0,
smoke,10,/get-salt,7,701,1776914651983,7009,4.2,429,0,
smoke,10,/get-salt,7,702,1776914651987,7004,3.732,429,0,
smoke,10,/get-salt,7,703,1776914651990,7001,3.789,429,0,
smoke,10,/get-salt,7,704,1776914651994,7007,3.409,429,0,
smoke,10,/get-salt,7,705,1776914651998,7006,4.372,429,0,
smoke,10,/get-salt,7,706,1776914652006,7006,7.648,429,0,
smoke,10,/get-salt,7,707,1776914652010,7008,4.179,429,0,
smoke,10,/get-salt,7,708,1776914652014,7003,3.805,429,0,
smoke,10,/get-salt,7,709,1776914652018,7010,4.285,429,0,
smoke,10,/get-salt,7,710,1776914652022,7004,4.161,429,0,
smoke,10,/get-salt,7,711,1776914652027,7002,4.583,429,0,
smoke,10,/get-salt,7,712,1776914652032,7010,5.064,429,0,
smoke,10,/get-salt,7,713,1776914652036,7008,4.227,429,0,
smoke,10,/get-salt,7,714,1776914652040,7002,4.008,429,0,
smoke,10,/get-salt,7,715,1776914652044,7008,3.928,429,0,
smoke,10,/get-salt,7,716,1776914652048,7005,3.718,429,0,
smoke,10,/get-salt,7,717,1776914652052,7001,4.119,429,0,
smoke,10,/get-salt,7,718,1776914652056,7003,4.236,429,0,
smoke,10,/get-salt,7,719,1776914652060,7007,3.773,429,0,
smoke,10,/get-salt,7,720,1776914652064,7008,4.188,429,0,
smoke,10,/get-salt,7,721,1776914652071,7009,7.323,429,0,
smoke,10,/get-salt,7,722,1776914652075,7003,3.572,429,0,
smoke,10,/get-salt,7,723,1776914652079,7006,3.521,429,0,
smoke,10,/get-salt,7,724,1776914652082,7009,3.526,429,0,
smoke,10,/get-salt,7,725,1776914652086,7006,3.897,429,0,
smoke,10,/get-salt,7,726,1776914652090,7006,3.821,429,0,
smoke,10,/get-salt,7,727,1776914652094,7010,3.824,429,0,
smoke,10,/get-salt,7,728,1776914652098,7004,4.334,429,0,
smoke,10,/get-salt,7,729,1776914652103,7004,4.563,429,0,
smoke,10,/get-salt,7,730,1776914652106,7006,3.966,429,0,
smoke,10,/get-salt,7,731,1776914652111,7003,4.035,429,0,
smoke,10,/get-salt,7,732,1776914652114,7006,3.835,429,0,
smoke,10,/get-salt,7,733,1776914652118,7010,3.501,429,0,
smoke,10,/get-salt,7,734,1776914652122,7002,3.699,429,0,
smoke,10,/get-salt,7,735,1776914652125,7010,3.57,429,0,
smoke,10,/get-salt,7,736,1776914652132,7010,7.057,429,0,
smoke,10,/get-salt,7,737,1776914652137,7008,4.288,429,0,
smoke,10,/get-salt,7,738,1776914652141,7005,4.078,429,0,
smoke,10,/get-salt,7,739,1776914652146,7005,5.288,429,0,
smoke,10,/get-salt,7,740,1776914652150,7008,4.139,429,0,
smoke,10,/get-salt,7,741,1776914652154,7005,4.298,429,0,
smoke,10,/get-salt,7,742,1776914652158,7002,3.904,429,0,
smoke,10,/get-salt,7,743,1776914652162,7005,3.929,429,0,
smoke,10,/get-salt,7,744,1776914652166,7003,3.51,429,0,
smoke,10,/get-salt,7,745,1776914652169,7002,3.723,429,0,
smoke,10,/get-salt,7,746,1776914652173,7006,3.264,429,0,
smoke,10,/get-salt,7,747,1776914652177,7009,3.977,429,0,
smoke,10,/get-salt,7,748,1776914652181,7002,4.458,429,0,
smoke,10,/get-salt,7,749,1776914652185,7010,3.915,429,0,
smoke,10,/get-salt,7,750,1776914652189,7007,3.491,429,0,
smoke,10,/get-salt,7,751,1776914652197,7002,8.42,429,0,
smoke,10,/get-salt,7,752,1776914652201,7007,4.181,429,0,
smoke,10,/get-salt,7,753,1776914652205,7004,3.452,429,0,
smoke,10,/get-salt,7,754,1776914652208,7002,3.781,429,0,
smoke,10,/get-salt,7,755,1776914652212,7006,3.989,429,0,
smoke,10,/get-salt,7,756,1776914652216,7007,3.743,429,0,
smoke,10,/get-salt,7,757,1776914652220,7010,3.638,429,0,
smoke,10,/get-salt,7,758,1776914652224,7009,3.737,429,0,
smoke,10,/get-salt,7,759,1776914652227,7007,3.891,429,0,
smoke,10,/get-salt,7,760,1776914652231,7002,3.863,429,0,
smoke,10,/get-salt,7,761,1776914652235,7001,3.331,429,0,
smoke,10,/get-salt,7,762,1776914652238,7003,3.359,429,0,
smoke,10,/get-salt,7,763,1776914652242,7007,3.951,429,0,
smoke,10,/get-salt,7,764,1776914652247,7001,5.058,429,0,
smoke,10,/get-salt,7,765,1776914652255,7006,8.454,429,0,
smoke,10,/get-salt,7,766,1776914652259,7002,3.592,429,0,
smoke,10,/get-salt,7,767,1776914652263,7010,3.893,429,0,
smoke,10,/get-salt,7,768,1776914652268,7008,5.058,429,0,
smoke,10,/get-salt,7,769,1776914652273,7004,4.919,429,0,
smoke,10,/get-salt,7,770,1776914652278,7010,5.179,429,0,
smoke,10,/get-salt,7,771,1776914652283,7006,4.659,429,0,
smoke,10,/get-salt,7,772,1776914652287,7002,4.304,429,0,
smoke,10,/get-salt,7,773,1776914652292,7003,5.148,429,0,
smoke,10,/get-salt,7,774,1776914652296,7006,4.129,429,0,
smoke,10,/get-salt,7,775,1776914652300,7009,3.837,429,0,
smoke,10,/get-salt,7,776,1776914652304,7005,3.431,429,0,
smoke,10,/get-salt,7,777,1776914652307,7006,3.003,429,0,
smoke,10,/get-salt,7,778,1776914652310,7002,3.678,429,0,
smoke,10,/get-salt,7,779,1776914652314,7004,3.788,429,0,
smoke,10,/get-salt,7,780,1776914652322,7001,7.621,429,0,
smoke,10,/get-salt,7,781,1776914652326,7008,3.784,429,0,
smoke,10,/get-salt,7,782,1776914652329,7005,3.902,429,0,
smoke,10,/get-salt,7,783,1776914652333,7005,3.943,429,0,
smoke,10,/get-salt,7,784,1776914652337,7003,3.433,429,0,
smoke,10,/get-salt,7,785,1776914652342,7008,4.787,429,0,
smoke,10,/get-salt,7,786,1776914652349,7003,7.096,429,0,
smoke,10,/get-salt,7,787,1776914652358,7008,9.415,429,0,
smoke,10,/get-salt,7,788,1776914652365,7003,7.035,429,0,
smoke,10,/get-salt,7,789,1776914652370,7009,4.724,429,0,
smoke,10,/get-salt,7,790,1776914652375,7007,5.226,429,0,
smoke,10,/get-salt,7,791,1776914652379,7007,3.505,429,0,
smoke,10,/get-salt,7,792,1776914652382,7010,3.65,429,0,
smoke,10,/get-salt,7,793,1776914652386,7006,4.197,429,0,
smoke,10,/get-salt,7,794,1776914652391,7007,4.276,429,0,
smoke,10,/get-salt,7,795,1776914652395,7003,3.852,429,0,
smoke,10,/get-salt,7,796,1776914652398,7002,3.017,429,0,
smoke,10,/get-salt,7,797,1776914652401,7010,3.137,429,0,
smoke,10,/get-salt,7,798,1776914652405,7010,4.482,429,0,
smoke,10,/get-salt,7,799,1776914652409,7002,3.804,429,0,
smoke,10,/get-salt,7,800,1776914652413,7005,4.26,429,0,
smoke,10,/get-salt,7,801,1776914652418,7006,4.243,429,0,
smoke,10,/get-salt,7,802,1776914652421,7010,3.749,429,0,
smoke,10,/get-salt,7,803,1776914652425,7006,3.836,429,0,
smoke,10,/get-salt,7,804,1776914652429,7010,3.616,429,0,
smoke,10,/get-salt,7,805,1776914652432,7007,3.275,429,0,
smoke,10,/get-salt,7,806,1776914652438,7005,6.338,429,0,
smoke,10,/get-salt,7,807,1776914652442,7007,3.934,429,0,
smoke,10,/get-salt,7,808,1776914652447,7002,4.196,429,0,
smoke,10,/get-salt,7,809,1776914652451,7004,4.407,429,0,
smoke,10,/get-salt,7,810,1776914652455,7001,4.321,429,0,
smoke,10,/get-salt,7,811,1776914652460,7001,4.335,429,0,
smoke,10,/get-salt,7,812,1776914652464,7003,4.009,429,0,
smoke,10,/get-salt,7,813,1776914652467,7006,3.362,429,0,
smoke,10,/get-salt,7,814,1776914652472,7010,4.608,429,0,
smoke,10,/get-salt,7,815,1776914652477,7003,5.04,429,0,
smoke,10,/get-salt,7,816,1776914652481,7009,4.565,429,0,
smoke,10,/get-salt,7,817,1776914652485,7009,3.419,429,0,
smoke,10,/get-salt,7,818,1776914652488,7009,3.228,429,0,
smoke,10,/get-salt,7,819,1776914652491,7004,3.392,429,0,
smoke,10,/get-salt,7,820,1776914652499,7010,7.793,429,0,
smoke,10,/get-salt,7,821,1776914652503,7005,3.924,429,0,
smoke,10,/get-salt,7,822,1776914652507,7005,4.18,429,0,
smoke,10,/get-salt,7,823,1776914652511,7003,3.937,429,0,
smoke,10,/get-salt,7,824,1776914652515,7004,3.573,429,0,
smoke,10,/get-salt,7,825,1776914652518,7010,3.68,429,0,
smoke,10,/get-salt,7,826,1776914652522,7007,3.576,429,0,
smoke,10,/get-salt,7,827,1776914652526,7002,4.201,429,0,
smoke,10,/get-salt,7,828,1776914652529,7002,2.983,429,0,
smoke,10,/get-salt,7,829,1776914652533,7002,3.436,429,0,
smoke,10,/get-salt,7,830,1776914652537,7006,4.833,429,0,
smoke,10,/get-salt,7,831,1776914652542,7009,4.139,429,0,
smoke,10,/get-salt,7,832,1776914652545,7005,3.551,429,0,
smoke,10,/get-salt,7,833,1776914652549,7006,3.915,429,0,
smoke,10,/get-salt,7,834,1776914652553,7006,4.046,429,0,
smoke,10,/get-salt,7,835,1776914652561,7007,7.824,429,0,
smoke,10,/get-salt,7,836,1776914652566,7009,5.473,429,0,
smoke,10,/get-salt,7,837,1776914652571,7003,4.788,429,0,
smoke,10,/get-salt,7,838,1776914652576,7005,4.606,429,0,
smoke,10,/get-salt,7,839,1776914652580,7005,4.389,429,0,
smoke,10,/get-salt,7,840,1776914652584,7010,4.185,429,0,
smoke,10,/get-salt,7,841,1776914652589,7002,5.017,429,0,
smoke,10,/get-salt,7,842,1776914652593,7008,3.303,429,0,
smoke,10,/get-salt,7,843,1776914652596,7004,3.715,429,0,
smoke,10,/get-salt,7,844,1776914652601,7007,4.504,429,0,
smoke,10,/get-salt,7,845,1776914652606,7007,5.382,429,0,
smoke,10,/get-salt,7,846,1776914652610,7004,3.292,429,0,
smoke,10,/get-salt,7,847,1776914652613,7007,3.323,429,0,
smoke,10,/get-salt,7,848,1776914652617,7007,3.61,429,0,
smoke,10,/get-salt,7,849,1776914652620,7005,3.759,429,0,
smoke,10,/get-salt,7,850,1776914652627,7004,7.133,429,0,
smoke,10,/get-salt,7,851,1776914652631,7002,3.817,429,0,
smoke,10,/get-salt,7,852,1776914652635,7009,4.117,429,0,
smoke,10,/get-salt,7,853,1776914652639,7007,4.035,429,0,
smoke,10,/get-salt,7,854,1776914652644,7001,4.154,429,0,
smoke,10,/get-salt,7,855,1776914652647,7008,3.858,429,0,
smoke,10,/get-salt,7,856,1776914652652,7005,4.291,429,0,
smoke,10,/get-salt,7,857,1776914652656,7007,3.915,429,0,
smoke,10,/get-salt,7,858,1776914652659,7002,3.611,429,0,
smoke,10,/get-salt,7,859,1776914652663,7004,3.347,429,0,
smoke,10,/get-salt,7,860,1776914652666,7001,3.486,429,0,
smoke,10,/get-salt,7,861,1776914652670,7010,4.026,429,0,
smoke,10,/get-salt,7,862,1776914652674,7003,4.282,429,0,
smoke,10,/get-salt,7,863,1776914652679,7004,4.377,429,0,
smoke,10,/get-salt,7,864,1776914652687,7002,8.363,429,0,
smoke,10,/get-salt,7,865,1776914652691,7001,3.759,429,0,
smoke,10,/get-salt,7,866,1776914652695,7009,3.823,429,0,
smoke,10,/get-salt,7,867,1776914652699,7008,4.408,429,0,
smoke,10,/get-salt,7,868,1776914652703,7004,3.385,429,0,
smoke,10,/get-salt,7,869,1776914652715,7006,12.602,429,0,
smoke,10,/get-salt,7,870,1776914652720,7010,5.14,429,0,
smoke,10,/get-salt,7,871,1776914652724,7002,4.125,429,0,
smoke,10,/get-salt,7,872,1776914652728,7008,3.924,429,0,
smoke,10,/get-salt,7,873,1776914652732,7004,3.695,429,0,
smoke,10,/get-salt,7,874,1776914652736,7001,4.102,429,0,
smoke,10,/get-salt,7,875,1776914652740,7008,3.764,429,0,
smoke,10,/get-salt,7,876,1776914652744,7009,4.422,429,0,
smoke,10,/get-salt,7,877,1776914652751,7008,7.019,429,0,
smoke,10,/get-salt,7,878,1776914652755,7006,3.592,429,0,
smoke,10,/get-salt,7,879,1776914652759,7002,3.893,429,0,
smoke,10,/get-salt,7,880,1776914652763,7004,3.812,429,0,
smoke,10,/get-salt,7,881,1776914652767,7007,3.865,429,0,
smoke,10,/get-salt,7,882,1776914652771,7003,3.99,429,0,
smoke,10,/get-salt,7,883,1776914652775,7006,3.974,429,0,
smoke,10,/get-salt,7,884,1776914652779,7010,4.108,429,0,
smoke,10,/get-salt,7,885,1776914652783,7003,3.96,429,0,
smoke,10,/get-salt,7,886,1776914652790,7005,7.369,429,0,
smoke,10,/get-salt,7,887,1776914652794,7004,3.947,429,0,
smoke,10,/get-salt,7,888,1776914652798,7002,3.534,429,0,
smoke,10,/get-salt,7,889,1776914652801,7005,3.987,429,0,
smoke,10,/get-salt,7,890,1776914652805,7002,3.853,429,0,
smoke,10,/get-salt,7,891,1776914652813,7010,7.648,429,0,
smoke,10,/get-salt,7,892,1776914652816,7010,3.333,429,0,
smoke,10,/get-salt,7,893,1776914652820,7007,3.91,429,0,
smoke,10,/get-salt,7,894,1776914652824,7010,3.794,429,0,
smoke,10,/get-salt,7,895,1776914652828,7003,3.628,429,0,
smoke,10,/get-salt,7,896,1776914652831,7008,3.753,429,0,
smoke,10,/get-salt,7,897,1776914652836,7008,4.181,429,0,
smoke,10,/get-salt,7,898,1776914652840,7005,4.089,429,0,
smoke,10,/get-salt,7,899,1776914652844,7001,3.925,429,0,
smoke,10,/get-salt,7,900,1776914652847,7006,3.697,429,0,
smoke,10,/get-salt,7,901,1776914652851,7010,3.789,429,0,
smoke,10,/get-salt,7,902,1776914652855,7010,3.916,429,0,
smoke,10,/get-salt,7,903,1776914652859,7008,4.038,429,0,
smoke,10,/get-salt,7,904,1776914652863,7004,3.851,429,0,
smoke,10,/get-salt,7,905,1776914652868,7006,4.669,429,0,
smoke,10,/get-salt,7,906,1776914652878,7006,9.952,429,0,
smoke,10,/get-salt,7,907,1776914652882,7007,4.519,429,0,
smoke,10,/get-salt,7,908,1776914652885,7010,2.912,429,0,
smoke,10,/get-salt,7,909,1776914652889,7008,3.98,429,0,
smoke,10,/get-salt,7,910,1776914652894,7008,5.047,429,0,
smoke,10,/get-salt,7,911,1776914652898,7006,3.883,429,0,
smoke,10,/get-salt,7,912,1776914652902,7004,4.213,429,0,
smoke,10,/get-salt,7,913,1776914652906,7006,4.247,429,0,
smoke,10,/get-salt,7,914,1776914652911,7004,4.651,429,0,
smoke,10,/get-salt,7,915,1776914652915,7005,4.035,429,0,
smoke,10,/get-salt,7,916,1776914652920,7004,4.462,429,0,
smoke,10,/get-salt,7,917,1776914652923,7009,3.433,429,0,
smoke,10,/get-salt,7,918,1776914652927,7004,4.064,429,0,
smoke,10,/get-salt,7,919,1776914652932,7009,4.811,429,0,
smoke,10,/get-salt,7,920,1776914652939,7004,7.37,429,0,
smoke,10,/get-salt,7,921,1776914652944,7008,4.811,429,0,
smoke,10,/get-salt,7,922,1776914652948,7010,4.018,429,0,
smoke,10,/get-salt,7,923,1776914652952,7004,3.817,429,0,
smoke,10,/get-salt,7,924,1776914652956,7007,3.879,429,0,
smoke,10,/get-salt,7,925,1776914652960,7006,3.909,429,0,
smoke,10,/get-salt,7,926,1776914652963,7002,3.753,429,0,
smoke,10,/get-salt,7,927,1776914652967,7005,3.764,429,0,
smoke,10,/get-salt,7,928,1776914652972,7003,4.341,429,0,
smoke,10,/get-salt,7,929,1776914652976,7005,4.591,429,0,
smoke,10,/get-salt,7,930,1776914652980,7003,3.642,429,0,
smoke,10,/get-salt,7,931,1776914652984,7005,3.889,429,0,
smoke,10,/get-salt,7,932,1776914652987,7005,3.631,429,0,
smoke,10,/get-salt,7,933,1776914652991,7006,3.52,429,0,
smoke,10,/get-salt,7,934,1776914652995,7008,4.033,429,0,
smoke,10,/get-salt,7,935,1776914652999,7007,3.639,429,0,
smoke,10,/get-salt,7,936,1776914653008,7010,9.785,429,0,
smoke,10,/get-salt,7,937,1776914653014,7002,5.541,429,0,
smoke,10,/get-salt,7,938,1776914653023,7003,9.386,429,0,
smoke,10,/get-salt,7,939,1776914653028,7004,4.224,429,0,
smoke,10,/get-salt,7,940,1776914653031,7002,3.826,429,0,
smoke,10,/get-salt,7,941,1776914653035,7009,3.552,429,0,
smoke,10,/get-salt,7,942,1776914653039,7008,4.014,429,0,
smoke,10,/get-salt,7,943,1776914653044,7003,4.813,429,0,
smoke,10,/get-salt,7,944,1776914653048,7009,4.409,429,0,
smoke,10,/get-salt,7,945,1776914653053,7009,5.254,429,0,
smoke,10,/get-salt,7,946,1776914653057,7007,3.997,429,0,
smoke,10,/get-salt,7,947,1776914653063,7009,5.716,429,0,
smoke,10,/get-salt,7,948,1776914653069,7004,5.945,429,0,
smoke,10,/get-salt,7,949,1776914653073,7001,3.787,429,0,
smoke,10,/get-salt,7,950,1776914653078,7010,5.14,429,0,
smoke,10,/get-salt,7,951,1776914653083,7009,4.876,429,0,
smoke,10,/get-salt,7,952,1776914653091,7002,8.518,429,0,
smoke,10,/get-salt,7,953,1776914653096,7008,4.169,429,0,
smoke,10,/get-salt,7,954,1776914653100,7007,4.73,429,0,
smoke,10,/get-salt,7,955,1776914653104,7001,3.736,429,0,
smoke,10,/get-salt,7,956,1776914653110,7005,5.846,429,0,
smoke,10,/get-salt,7,957,1776914653117,7001,6.563,429,0,
smoke,10,/get-salt,7,958,1776914653120,7003,3.963,429,0,
smoke,10,/get-salt,7,959,1776914653124,7003,3.87,429,0,
smoke,10,/get-salt,7,960,1776914653128,7003,3.81,429,0,
smoke,10,/get-salt,7,961,1776914653132,7003,3.982,429,0,
smoke,10,/get-salt,7,962,1776914653136,7008,3.77,429,0,
smoke,10,/get-salt,7,963,1776914653141,7005,5.111,429,0,
smoke,10,/get-salt,7,964,1776914653146,7001,4.834,429,0,
smoke,10,/get-salt,7,965,1776914653154,7010,7.678,429,0,
smoke,10,/get-salt,7,966,1776914653158,7001,4.035,429,0,
smoke,10,/get-salt,7,967,1776914653163,7004,5.218,429,0,
smoke,10,/get-salt,7,968,1776914653166,7006,3.36,429,0,
smoke,10,/get-salt,7,969,1776914653170,7010,4.11,429,0,
smoke,10,/get-salt,7,970,1776914653178,7003,8.012,429,0,
smoke,10,/get-salt,7,971,1776914653186,7005,7.321,429,0,
smoke,10,/get-salt,7,972,1776914653193,7009,7.721,429,0,
smoke,10,/get-salt,7,973,1776914653199,7004,5.554,429,0,
smoke,10,/get-salt,7,974,1776914653205,7007,6.059,429,0,
smoke,10,/get-salt,7,975,1776914653209,7002,3.559,429,0,
smoke,10,/get-salt,7,976,1776914653212,7005,3.806,429,0,
smoke,10,/get-salt,7,977,1776914653216,7002,3.667,429,0,
smoke,10,/get-salt,7,978,1776914653220,7001,4.312,429,0,
smoke,10,/get-salt,7,979,1776914653224,7004,4.009,429,0,
smoke,10,/get-salt,7,980,1776914653228,7001,3.45,429,0,
smoke,10,/get-salt,7,981,1776914653232,7010,4.505,429,0,
smoke,10,/get-salt,7,982,1776914653236,7006,4.112,429,0,
smoke,10,/get-salt,7,983,1776914653240,7004,3.96,429,0,
smoke,10,/get-salt,7,984,1776914653248,7002,7.722,429,0,
smoke,10,/get-salt,7,985,1776914653252,7003,3.785,429,0,
smoke,10,/get-salt,7,986,1776914653256,7004,3.599,429,0,
smoke,10,/get-salt,7,987,1776914653259,7005,3.709,429,0,
smoke,10,/get-salt,7,988,1776914653263,7004,3.494,429,0,
smoke,10,/get-salt,7,989,1776914653266,7002,3.448,429,0,
smoke,10,/get-salt,7,990,1776914653271,7009,4.44,429,0,
smoke,10,/get-salt,7,991,1776914653275,7004,4.579,429,0,
smoke,10,/get-salt,7,992,1776914653279,7004,3.636,429,0,
smoke,10,/get-salt,7,993,1776914653283,7002,4.423,429,0,
smoke,10,/get-salt,7,994,1776914653288,7008,4.218,429,0,
smoke,10,/get-salt,7,995,1776914653291,7008,3.897,429,0,
smoke,10,/get-salt,7,996,1776914653297,7004,5.898,429,0,
smoke,10,/get-salt,7,997,1776914653301,7009,4.045,429,0,
smoke,10,/get-salt,7,998,1776914653309,7009,7.461,429,0,
smoke,10,/get-salt,7,999,1776914653312,7005,3.584,429,0,
smoke,10,/get-salt,7,1000,1776914653316,7001,3.263,429,0,
smoke,10,/get-salt,7,1001,1776914653320,7003,4.328,429,0,
smoke,10,/get-salt,7,1002,1776914653323,7006,3.304,429,0,
smoke,10,/get-salt,7,1003,1776914653327,7009,3.501,429,0,
smoke,10,/get-salt,7,1004,1776914653331,7002,3.731,429,0,
smoke,10,/get-salt,7,1005,1776914653334,7010,3.457,429,0,
smoke,10,/get-salt,7,1006,1776914653338,7005,3.62,429,0,
smoke,10,/get-salt,7,1007,1776914653342,7003,3.885,429,0,
smoke,10,/get-salt,7,1008,1776914653345,7008,3.784,429,0,
smoke,10,/get-salt,7,1009,1776914653349,7004,3.198,429,0,
smoke,10,/get-salt,7,1010,1776914653352,7003,3.834,429,0,
smoke,10,/get-salt,7,1011,1776914653356,7003,3.337,429,0,
smoke,10,/get-salt,7,1012,1776914653360,7009,3.989,429,0,
smoke,10,/get-salt,7,1013,1776914653367,7004,7.453,429,0,
smoke,10,/get-salt,7,1014,1776914653371,7001,3.85,429,0,
smoke,10,/get-salt,7,1015,1776914653374,7004,3.292,429,0,
smoke,10,/get-salt,7,1016,1776914653378,7002,4.177,429,0,
smoke,10,/get-salt,7,1017,1776914653382,7007,3.864,429,0,
smoke,10,/get-salt,7,1018,1776914653387,7003,4.472,429,0,
smoke,10,/get-salt,7,1019,1776914653392,7005,4.675,429,0,
smoke,10,/get-salt,7,1020,1776914653395,7007,3.373,429,0,
smoke,10,/get-salt,7,1021,1776914653399,7001,3.624,429,0,
smoke,10,/get-salt,7,1022,1776914653403,7005,4.242,429,0,
smoke,10,/get-salt,7,1023,1776914653407,7003,4.257,429,0,
smoke,10,/get-salt,7,1024,1776914653411,7002,3.653,429,0,
smoke,10,/get-salt,7,1025,1776914653415,7010,3.872,429,0,
smoke,10,/get-salt,7,1026,1776914653418,7008,3.504,429,0,
smoke,10,/get-salt,7,1027,1776914653421,7007,2.937,429,0,
smoke,10,/get-salt,7,1028,1776914653428,7003,6.752,429,0,
smoke,10,/get-salt,7,1029,1776914653431,7003,2.971,429,0,
smoke,10,/get-salt,7,1030,1776914653434,7007,3.267,429,0,
smoke,10,/get-salt,7,1031,1776914653438,7009,3.489,429,0,
smoke,10,/get-salt,7,1032,1776914653441,7003,3.559,429,0,
smoke,10,/get-salt,7,1033,1776914653444,7004,2.942,429,0,
smoke,10,/get-salt,7,1034,1776914653448,7006,3.869,429,0,
smoke,10,/get-salt,7,1035,1776914653454,7006,5.731,429,0,
smoke,10,/get-salt,7,1036,1776914653457,7002,3.485,429,0,
smoke,10,/get-salt,7,1037,1776914653462,7009,4.794,429,0,
smoke,10,/get-salt,7,1038,1776914653467,7004,5.014,429,0,
smoke,10,/get-salt,7,1039,1776914653471,7010,4.44,429,0,
smoke,10,/get-salt,7,1040,1776914653478,7001,6.957,429,0,
smoke,10,/get-salt,7,1041,1776914653480,7001,1.275,429,0,
smoke,10,/get-salt,7,1042,1776914653485,7009,5.291,429,0,
smoke,10,/get-salt,7,1043,1776914653494,7007,9.09,429,0,
smoke,10,/get-salt,7,1044,1776914653497,7002,3.464,429,0,
smoke,10,/get-salt,7,1045,1776914653501,7001,3.519,429,0,
smoke,10,/get-salt,7,1046,1776914653506,7002,4.688,429,0,
smoke,10,/get-salt,7,1047,1776914653510,7003,4.301,429,0,
smoke,10,/get-salt,7,1048,1776914653515,7008,5.201,429,0,
smoke,10,/get-salt,7,1049,1776914653519,7008,3.851,429,0,
smoke,10,/get-salt,7,1050,1776914653523,7008,4.045,429,0,
smoke,10,/get-salt,7,1051,1776914653527,7009,4.033,429,0,
smoke,10,/get-salt,7,1052,1776914653531,7009,4.129,429,0,
smoke,10,/get-salt,7,1053,1776914653535,7004,3.777,429,0,
smoke,10,/get-salt,7,1054,1776914653539,7006,3.904,429,0,
smoke,10,/get-salt,7,1055,1776914653548,7001,9.161,429,0,
smoke,10,/get-salt,7,1056,1776914653559,7002,11.128,429,0,
smoke,10,/get-salt,7,1057,1776914653564,7003,4.825,429,0,
smoke,10,/get-salt,7,1058,1776914653568,7007,4.287,429,0,
smoke,10,/get-salt,7,1059,1776914653573,7008,4.364,429,0,
smoke,10,/get-salt,7,1060,1776914653576,7008,3.458,429,0,
smoke,10,/get-salt,7,1061,1776914653581,7007,4.309,429,0,
smoke,10,/get-salt,7,1062,1776914653583,7004,2.685,429,0,
smoke,10,/get-salt,7,1063,1776914653588,7001,4.99,429,0,
smoke,10,/get-salt,7,1064,1776914653592,7006,3.511,429,0,
smoke,10,/get-salt,7,1065,1776914653596,7003,4.554,429,0,
smoke,10,/get-salt,7,1066,1776914653602,7002,5.547,429,0,
smoke,10,/get-salt,7,1067,1776914653606,7005,4.012,429,0,
smoke,10,/get-salt,7,1068,1776914653610,7007,3.902,429,0,
smoke,10,/get-salt,7,1069,1776914653614,7004,4.527,429,0,
smoke,10,/get-salt,7,1070,1776914653619,7007,5.033,429,0,
smoke,10,/get-salt,7,1071,1776914653623,7002,4.059,429,0,
smoke,10,/get-salt,7,1072,1776914653632,7004,8.601,429,0,
smoke,10,/get-salt,7,1073,1776914653637,7009,4.656,429,0,
smoke,10,/get-salt,7,1074,1776914653641,7007,4.046,429,0,
smoke,10,/get-salt,7,1075,1776914653645,7001,4.763,429,0,
smoke,10,/get-salt,7,1076,1776914653649,7006,3.556,429,0,
smoke,10,/get-salt,7,1077,1776914653653,7003,4.286,429,0,
smoke,10,/get-salt,7,1078,1776914653658,7005,4.351,429,0,
smoke,10,/get-salt,7,1079,1776914653662,7003,3.904,429,0,
smoke,10,/get-salt,7,1080,1776914653665,7003,3.544,429,0,
smoke,10,/get-salt,7,1081,1776914653670,7006,5.013,429,0,
smoke,10,/get-salt,7,1082,1776914653676,7006,5.49,429,0,
smoke,10,/get-salt,7,1083,1776914653680,7008,4.055,429,0,
smoke,10,/get-salt,7,1084,1776914653685,7009,5.75,429,0,
smoke,10,/get-salt,7,1085,1776914653698,7006,12.554,429,0,
smoke,10,/get-salt,7,1086,1776914653702,7002,4.261,429,0,
smoke,10,/get-salt,7,1087,1776914653706,7002,3.705,429,0,
smoke,10,/get-salt,7,1088,1776914653711,7005,4.534,429,0,
smoke,10,/get-salt,7,1089,1776914653718,7007,7.785,429,0,
smoke,10,/get-salt,7,1090,1776914653729,7009,10.979,429,0,
smoke,10,/get-salt,7,1091,1776914653733,7003,4.123,429,0,
smoke,10,/get-salt,7,1092,1776914653737,7002,3.632,429,0,
smoke,10,/get-salt,7,1093,1776914653741,7004,4.061,429,0,
smoke,10,/get-salt,7,1094,1776914653749,7009,7.504,429,0,
smoke,10,/get-salt,7,1095,1776914653752,7007,3.723,429,0,
smoke,10,/get-salt,7,1096,1776914653757,7010,4.247,429,0,
smoke,10,/get-salt,7,1097,1776914653761,7009,4.194,429,0,
smoke,10,/get-salt,7,1098,1776914653765,7009,4.317,429,0,
smoke,10,/get-salt,7,1099,1776914653768,7007,3.085,429,0,
smoke,10,/get-salt,7,1100,1776914653772,7006,3.769,429,0,
smoke,10,/get-salt,7,1101,1776914653776,7006,3.812,429,0,
smoke,10,/get-salt,7,1102,1776914653780,7002,3.949,429,0,
smoke,10,/get-salt,7,1103,1776914653784,7005,3.943,429,0,
smoke,10,/get-salt,7,1104,1776914653788,7007,4.038,429,0,
smoke,10,/get-salt,7,1105,1776914653792,7005,4.211,429,0,
smoke,10,/get-salt,7,1106,1776914653795,7007,3.482,429,0,
smoke,10,/get-salt,7,1107,1776914653799,7003,3.889,429,0,
smoke,10,/get-salt,7,1108,1776914653803,7003,3.89,429,0,
smoke,10,/get-salt,7,1109,1776914653807,7010,3.94,429,0,
smoke,10,/get-salt,7,1110,1776914653814,7003,7.249,429,0,
smoke,10,/get-salt,7,1111,1776914653818,7009,3.367,429,0,
smoke,10,/get-salt,7,1112,1776914653822,7008,3.725,429,0,
smoke,10,/get-salt,7,1113,1776914653826,7006,4.541,429,0,
smoke,10,/get-salt,7,1114,1776914653830,7005,4.027,429,0,
smoke,10,/get-salt,7,1115,1776914653834,7006,3.997,429,0,
smoke,10,/get-salt,7,1116,1776914653838,7002,3.454,429,0,
smoke,10,/get-salt,7,1117,1776914653843,7003,5.422,429,0,
smoke,10,/get-salt,7,1118,1776914653848,7004,4.678,429,0,
smoke,10,/get-salt,7,1119,1776914653852,7008,3.933,429,0,
smoke,10,/get-salt,7,1120,1776914653856,7006,3.9,429,0,
smoke,10,/get-salt,7,1121,1776914653860,7008,4.052,429,0,
smoke,10,/get-salt,7,1122,1776914653863,7008,3.885,429,0,
smoke,10,/get-salt,7,1123,1776914653872,7005,8.888,429,0,
smoke,10,/get-salt,8,0,1776914648879,7010,7.476,429,0,
smoke,10,/get-salt,8,1,1776914648886,7001,6.308,429,0,
smoke,10,/get-salt,8,2,1776914648890,7005,4.616,429,0,
smoke,10,/get-salt,8,3,1776914648900,7002,9.436,429,0,
smoke,10,/get-salt,8,4,1776914648908,7006,8.183,429,0,
smoke,10,/get-salt,8,5,1776914648912,7002,4.512,429,0,
smoke,10,/get-salt,8,6,1776914648919,7001,6.879,429,0,
smoke,10,/get-salt,8,7,1776914648923,7003,4.021,429,0,
smoke,10,/get-salt,8,8,1776914648927,7008,4.214,429,0,
smoke,10,/get-salt,8,9,1776914648931,7003,4.025,429,0,
smoke,10,/get-salt,8,10,1776914648935,7007,3.699,429,0,
smoke,10,/get-salt,8,11,1776914648939,7010,3.935,429,0,
smoke,10,/get-salt,8,12,1776914648944,7005,4.635,429,0,
smoke,10,/get-salt,8,13,1776914648949,7002,4.773,429,0,
smoke,10,/get-salt,8,14,1776914648953,7001,4.634,429,0,
smoke,10,/get-salt,8,15,1776914648958,7005,4.368,429,0,
smoke,10,/get-salt,8,16,1776914648962,7004,4.385,429,0,
smoke,10,/get-salt,8,17,1776914648966,7002,3.856,429,0,
smoke,10,/get-salt,8,18,1776914648970,7001,3.954,429,0,
smoke,10,/get-salt,8,19,1776914648974,7003,4.069,429,0,
smoke,10,/get-salt,8,20,1776914648979,7007,4.677,429,0,
smoke,10,/get-salt,8,21,1776914648983,7007,4.106,429,0,
smoke,10,/get-salt,8,22,1776914648987,7004,4.469,429,0,
smoke,10,/get-salt,8,23,1776914648992,7005,4.415,429,0,
smoke,10,/get-salt,8,24,1776914649007,7005,15.231,429,0,
smoke,10,/get-salt,8,25,1776914649011,7010,4.183,429,0,
smoke,10,/get-salt,8,26,1776914649015,7009,4.263,429,0,
smoke,10,/get-salt,8,27,1776914649020,7002,4.609,429,0,
smoke,10,/get-salt,8,28,1776914649025,7001,4.726,429,0,
smoke,10,/get-salt,8,29,1776914649029,7002,4.363,429,0,
smoke,10,/get-salt,8,30,1776914649033,7007,4.284,429,0,
smoke,10,/get-salt,8,31,1776914649037,7005,4.231,429,0,
smoke,10,/get-salt,8,32,1776914649042,7009,4.129,429,0,
smoke,10,/get-salt,8,33,1776914649046,7002,4.706,429,0,
smoke,10,/get-salt,8,34,1776914649051,7006,4.441,429,0,
smoke,10,/get-salt,8,35,1776914649055,7005,4.192,429,0,
smoke,10,/get-salt,8,36,1776914649059,7003,4.438,429,0,
smoke,10,/get-salt,8,37,1776914649064,7001,4.685,429,0,
smoke,10,/get-salt,8,38,1776914649072,7002,8.159,429,0,
smoke,10,/get-salt,8,39,1776914649076,7003,4.09,429,0,
smoke,10,/get-salt,8,40,1776914649080,7010,4.086,429,0,
smoke,10,/get-salt,8,41,1776914649085,7003,4.305,429,0,
smoke,10,/get-salt,8,42,1776914649089,7001,4.467,429,0,
smoke,10,/get-salt,8,43,1776914649094,7006,5.236,429,0,
smoke,10,/get-salt,8,44,1776914649099,7010,4.11,429,0,
smoke,10,/get-salt,8,45,1776914649111,7007,12.109,429,0,
smoke,10,/get-salt,8,46,1776914649114,7009,3.11,429,0,
smoke,10,/get-salt,8,47,1776914649118,7005,4.445,429,0,
smoke,10,/get-salt,8,48,1776914649123,7009,4.509,429,0,
smoke,10,/get-salt,8,49,1776914649128,7003,4.894,429,0,
smoke,10,/get-salt,8,50,1776914649132,7009,4.194,429,0,
smoke,10,/get-salt,8,51,1776914649136,7005,3.644,429,0,
smoke,10,/get-salt,8,52,1776914649139,7007,3.76,429,0,
smoke,10,/get-salt,8,53,1776914649147,7004,7.384,429,0,
smoke,10,/get-salt,8,54,1776914649151,7010,3.899,429,0,
smoke,10,/get-salt,8,55,1776914649154,7004,3.147,429,0,
smoke,10,/get-salt,8,56,1776914649158,7003,3.784,429,0,
smoke,10,/get-salt,8,57,1776914649163,7005,5.902,429,0,
smoke,10,/get-salt,8,58,1776914649167,7010,3.771,429,0,
smoke,10,/get-salt,8,59,1776914649172,7007,4.374,429,0,
smoke,10,/get-salt,8,60,1776914649176,7010,4.723,429,0,
smoke,10,/get-salt,8,61,1776914649180,7010,4.015,429,0,
smoke,10,/get-salt,8,62,1776914649185,7003,4.244,429,0,
smoke,10,/get-salt,8,63,1776914649189,7005,4.233,429,0,
smoke,10,/get-salt,8,64,1776914649192,7010,3.495,429,0,
smoke,10,/get-salt,8,65,1776914649197,7006,4.287,429,0,
smoke,10,/get-salt,8,66,1776914649202,7003,4.931,429,0,
smoke,10,/get-salt,8,67,1776914649205,7003,3.933,429,0,
smoke,10,/get-salt,8,68,1776914649210,7001,4.816,429,0,
smoke,10,/get-salt,8,69,1776914649219,7001,9.128,429,0,
smoke,10,/get-salt,8,70,1776914649225,7004,5.764,429,0,
smoke,10,/get-salt,8,71,1776914649231,7010,5.426,429,0,
smoke,10,/get-salt,8,72,1776914649235,7003,4.601,429,0,
smoke,10,/get-salt,8,73,1776914649240,7005,4.4,429,0,
smoke,10,/get-salt,8,74,1776914649244,7002,4.24,429,0,
smoke,10,/get-salt,8,75,1776914649248,7003,4.137,429,0,
smoke,10,/get-salt,8,76,1776914649253,7010,4.636,429,0,
smoke,10,/get-salt,8,77,1776914649259,7006,6.021,429,0,
smoke,10,/get-salt,8,78,1776914649262,7006,3.66,429,0,
smoke,10,/get-salt,8,79,1776914649266,7009,4.06,429,0,
smoke,10,/get-salt,8,80,1776914649271,7008,4.643,429,0,
smoke,10,/get-salt,8,81,1776914649276,7010,4.607,429,0,
smoke,10,/get-salt,8,82,1776914649280,7010,4.147,429,0,
smoke,10,/get-salt,8,83,1776914649284,7008,4.35,429,0,
smoke,10,/get-salt,8,84,1776914649288,7002,4.084,429,0,
smoke,10,/get-salt,8,85,1776914649299,7007,10.612,429,0,
smoke,10,/get-salt,8,86,1776914649311,7004,12.595,429,0,
smoke,10,/get-salt,8,87,1776914649316,7005,4.385,429,0,
smoke,10,/get-salt,8,88,1776914649320,7010,4.016,429,0,
smoke,10,/get-salt,8,89,1776914649323,7005,3.349,429,0,
smoke,10,/get-salt,8,90,1776914649327,7008,3.654,429,0,
smoke,10,/get-salt,8,91,1776914649331,7006,4.215,429,0,
smoke,10,/get-salt,8,92,1776914649337,7002,5.367,429,0,
smoke,10,/get-salt,8,93,1776914649342,7002,5.011,429,0,
smoke,10,/get-salt,8,94,1776914649346,7009,4.167,429,0,
smoke,10,/get-salt,8,95,1776914649350,7007,4.471,429,0,
smoke,10,/get-salt,8,96,1776914649354,7009,3.574,429,0,
smoke,10,/get-salt,8,97,1776914649358,7005,4.375,429,0,
smoke,10,/get-salt,8,98,1776914649362,7008,3.669,429,0,
smoke,10,/get-salt,8,99,1776914649366,7005,4.466,429,0,
smoke,10,/get-salt,8,100,1776914649371,7005,4.497,429,0,
smoke,10,/get-salt,8,101,1776914649375,7003,3.867,429,0,
smoke,10,/get-salt,8,102,1776914649378,7009,3.741,429,0,
smoke,10,/get-salt,8,103,1776914649382,7001,3.986,429,0,
smoke,10,/get-salt,8,104,1776914649386,7005,4.027,429,0,
smoke,10,/get-salt,8,105,1776914649391,7010,4.4,429,0,
smoke,10,/get-salt,8,106,1776914649397,7005,6.682,429,0,
smoke,10,/get-salt,8,107,1776914649402,7006,4.014,429,0,
smoke,10,/get-salt,8,108,1776914649406,7005,4.325,429,0,
smoke,10,/get-salt,8,109,1776914649410,7010,3.828,429,0,
smoke,10,/get-salt,8,110,1776914649414,7002,4.037,429,0,
smoke,10,/get-salt,8,111,1776914649418,7003,4.311,429,0,
smoke,10,/get-salt,8,112,1776914649422,7003,4.119,429,0,
smoke,10,/get-salt,8,113,1776914649426,7005,4.047,429,0,
smoke,10,/get-salt,8,114,1776914649430,7006,4.049,429,0,
smoke,10,/get-salt,8,115,1776914649435,7001,4.268,429,0,
smoke,10,/get-salt,8,116,1776914649439,7005,4.377,429,0,
smoke,10,/get-salt,8,117,1776914649443,7004,4.28,429,0,
smoke,10,/get-salt,8,118,1776914649448,7006,4.599,429,0,
smoke,10,/get-salt,8,119,1776914649456,7003,7.975,429,0,
smoke,10,/get-salt,8,120,1776914649460,7001,3.984,429,0,
smoke,10,/get-salt,8,121,1776914649464,7006,4.312,429,0,
smoke,10,/get-salt,8,122,1776914649469,7001,4.45,429,0,
smoke,10,/get-salt,8,123,1776914649473,7002,4.464,429,0,
smoke,10,/get-salt,8,124,1776914649477,7001,4.117,429,0,
smoke,10,/get-salt,8,125,1776914649481,7009,4.263,429,0,
smoke,10,/get-salt,8,126,1776914649486,7007,4.282,429,0,
smoke,10,/get-salt,8,127,1776914649490,7005,4.41,429,0,
smoke,10,/get-salt,8,128,1776914649495,7001,4.632,429,0,
smoke,10,/get-salt,8,129,1776914649499,7007,4.363,429,0,
smoke,10,/get-salt,8,130,1776914649504,7009,4.848,429,0,
smoke,10,/get-salt,8,131,1776914649508,7006,4.167,429,0,
smoke,10,/get-salt,8,132,1776914649512,7009,3.644,429,0,
smoke,10,/get-salt,8,133,1776914649516,7002,4.429,429,0,
smoke,10,/get-salt,8,134,1776914649525,7010,8.506,429,0,
smoke,10,/get-salt,8,135,1776914649529,7010,4.225,429,0,
smoke,10,/get-salt,8,136,1776914649533,7003,4.065,429,0,
smoke,10,/get-salt,8,137,1776914649536,7009,3.496,429,0,
smoke,10,/get-salt,8,138,1776914649541,7009,4.488,429,0,
smoke,10,/get-salt,8,139,1776914649549,7008,7.856,429,0,
smoke,10,/get-salt,8,140,1776914649559,7010,9.794,429,0,
smoke,10,/get-salt,8,141,1776914649563,7005,4.478,429,0,
smoke,10,/get-salt,8,142,1776914649567,7009,3.764,429,0,
smoke,10,/get-salt,8,143,1776914649571,7009,4.443,429,0,
smoke,10,/get-salt,8,144,1776914649575,7002,3.93,429,0,
smoke,10,/get-salt,8,145,1776914649579,7009,3.779,429,0,
smoke,10,/get-salt,8,146,1776914649584,7007,4.646,429,0,
smoke,10,/get-salt,8,147,1776914649588,7005,4.307,429,0,
smoke,10,/get-salt,8,148,1776914649592,7004,4.061,429,0,
smoke,10,/get-salt,8,149,1776914649596,7006,4.142,429,0,
smoke,10,/get-salt,8,150,1776914649600,7002,4.2,429,0,
smoke,10,/get-salt,8,151,1776914649607,7004,6.357,429,0,
smoke,10,/get-salt,8,152,1776914649611,7009,4.206,429,0,
smoke,10,/get-salt,8,153,1776914649616,7006,4.99,429,0,
smoke,10,/get-salt,8,154,1776914649621,7007,4.813,429,0,
smoke,10,/get-salt,8,155,1776914649625,7002,4.555,429,0,
smoke,10,/get-salt,8,156,1776914649630,7008,4.181,429,0,
smoke,10,/get-salt,8,157,1776914649634,7009,4.084,429,0,
smoke,10,/get-salt,8,158,1776914649638,7003,4.187,429,0,
smoke,10,/get-salt,8,159,1776914649642,7003,4.174,429,0,
smoke,10,/get-salt,8,160,1776914649649,7003,6.564,429,0,
smoke,10,/get-salt,8,161,1776914649652,7006,3.196,429,0,
smoke,10,/get-salt,8,162,1776914649656,7003,3.815,429,0,
smoke,10,/get-salt,8,163,1776914649659,7010,3.702,429,0,
smoke,10,/get-salt,8,164,1776914649666,7004,6.466,429,0,
smoke,10,/get-salt,8,165,1776914649669,7006,3.124,429,0,
smoke,10,/get-salt,8,166,1776914649673,7007,3.902,429,0,
smoke,10,/get-salt,8,167,1776914649677,7003,3.764,429,0,
smoke,10,/get-salt,8,168,1776914649681,7001,4.025,429,0,
smoke,10,/get-salt,8,169,1776914649685,7005,4.476,429,0,
smoke,10,/get-salt,8,170,1776914649689,7008,4.156,429,0,
smoke,10,/get-salt,8,171,1776914649696,7005,6.514,429,0,
smoke,10,/get-salt,8,172,1776914649705,7008,9.706,429,0,
smoke,10,/get-salt,8,173,1776914649709,7002,3.657,429,0,
smoke,10,/get-salt,8,174,1776914649713,7007,3.992,429,0,
smoke,10,/get-salt,8,175,1776914649715,7008,1.892,429,0,
smoke,10,/get-salt,8,176,1776914649720,7002,5.076,429,0,
smoke,10,/get-salt,8,177,1776914649725,7008,5.311,429,0,
smoke,10,/get-salt,8,178,1776914649729,7009,3.961,429,0,
smoke,10,/get-salt,8,179,1776914649733,7010,3.766,429,0,
smoke,10,/get-salt,8,180,1776914649737,7003,3.812,429,0,
smoke,10,/get-salt,8,181,1776914649741,7006,3.809,429,0,
smoke,10,/get-salt,8,182,1776914649745,7004,4.017,429,0,
smoke,10,/get-salt,8,183,1776914649749,7007,4.196,429,0,
smoke,10,/get-salt,8,184,1776914649752,7010,3.051,429,0,
smoke,10,/get-salt,8,185,1776914649756,7001,3.836,429,0,
smoke,10,/get-salt,8,186,1776914649760,7009,4.434,429,0,
smoke,10,/get-salt,8,187,1776914649764,7007,3.914,429,0,
smoke,10,/get-salt,8,188,1776914649773,7007,8.688,429,0,
smoke,10,/get-salt,8,189,1776914649777,7002,3.56,429,0,
smoke,10,/get-salt,8,190,1776914649779,7001,2.986,429,0,
smoke,10,/get-salt,8,191,1776914649783,7001,3.683,429,0,
smoke,10,/get-salt,8,192,1776914649786,7002,3.085,429,0,
smoke,10,/get-salt,8,193,1776914649792,7002,5.778,429,0,
smoke,10,/get-salt,8,194,1776914649796,7009,3.501,429,0,
smoke,10,/get-salt,8,195,1776914649800,7009,4.203,429,0,
smoke,10,/get-salt,8,196,1776914649805,7004,4.872,429,0,
smoke,10,/get-salt,8,197,1776914649809,7001,4.017,429,0,
smoke,10,/get-salt,8,198,1776914649813,7001,4.445,429,0,
smoke,10,/get-salt,8,199,1776914649817,7002,3.914,429,0,
smoke,10,/get-salt,8,200,1776914649821,7002,4.464,429,0,
smoke,10,/get-salt,8,201,1776914649826,7009,4.187,429,0,
smoke,10,/get-salt,8,202,1776914649829,7002,3.72,429,0,
smoke,10,/get-salt,8,203,1776914649842,7005,12.332,429,0,
smoke,10,/get-salt,8,204,1776914649849,7001,7.528,429,0,
smoke,10,/get-salt,8,205,1776914649853,7010,3.899,429,0,
smoke,10,/get-salt,8,206,1776914649857,7003,3.975,429,0,
smoke,10,/get-salt,8,207,1776914649861,7007,4.297,429,0,
smoke,10,/get-salt,8,208,1776914649865,7007,3.594,429,0,
smoke,10,/get-salt,8,209,1776914649869,7010,4,429,0,
smoke,10,/get-salt,8,210,1776914649873,7002,3.954,429,0,
smoke,10,/get-salt,8,211,1776914649877,7002,3.983,429,0,
smoke,10,/get-salt,8,212,1776914649881,7001,3.755,429,0,
smoke,10,/get-salt,8,213,1776914649884,7008,3.623,429,0,
smoke,10,/get-salt,8,214,1776914649888,7005,4.061,429,0,
smoke,10,/get-salt,8,215,1776914649892,7006,3.93,429,0,
smoke,10,/get-salt,8,216,1776914649896,7009,4.083,429,0,
smoke,10,/get-salt,8,217,1776914649900,7009,3.469,429,0,
smoke,10,/get-salt,8,218,1776914649905,7007,4.578,429,0,
smoke,10,/get-salt,8,219,1776914649909,7003,4.065,429,0,
smoke,10,/get-salt,8,220,1776914649913,7010,4.745,429,0,
smoke,10,/get-salt,8,221,1776914649917,7010,3.957,429,0,
smoke,10,/get-salt,8,222,1776914649922,7001,4.921,429,0,
smoke,10,/get-salt,8,223,1776914649929,7006,6.75,429,0,
smoke,10,/get-salt,8,224,1776914649933,7001,4.092,429,0,
smoke,10,/get-salt,8,225,1776914649937,7004,3.752,429,0,
smoke,10,/get-salt,8,226,1776914649941,7007,4.387,429,0,
smoke,10,/get-salt,8,227,1776914649945,7010,3.513,429,0,
smoke,10,/get-salt,8,228,1776914649948,7010,3.615,429,0,
smoke,10,/get-salt,8,229,1776914649953,7010,4.959,429,0,
smoke,10,/get-salt,8,230,1776914649958,7010,4.425,429,0,
smoke,10,/get-salt,8,231,1776914649961,7002,3.635,429,0,
smoke,10,/get-salt,8,232,1776914649965,7005,3.334,429,0,
smoke,10,/get-salt,8,233,1776914649969,7008,3.772,429,0,
smoke,10,/get-salt,8,234,1776914649973,7002,3.994,429,0,
smoke,10,/get-salt,8,235,1776914649977,7006,4.025,429,0,
smoke,10,/get-salt,8,236,1776914649981,7009,4.439,429,0,
smoke,10,/get-salt,8,237,1776914649989,7009,8.113,429,0,
smoke,10,/get-salt,8,238,1776914649994,7007,4.45,429,0,
smoke,10,/get-salt,8,239,1776914649998,7005,4.371,429,0,
smoke,10,/get-salt,8,240,1776914650002,7001,4.427,429,0,
smoke,10,/get-salt,8,241,1776914650007,7006,4.275,429,0,
smoke,10,/get-salt,8,242,1776914650010,7001,3.816,429,0,
smoke,10,/get-salt,8,243,1776914650015,7007,4.022,429,0,
smoke,10,/get-salt,8,244,1776914650019,7008,4.416,429,0,
smoke,10,/get-salt,8,245,1776914650023,7002,3.872,429,0,
smoke,10,/get-salt,8,246,1776914650027,7008,3.764,429,0,
smoke,10,/get-salt,8,247,1776914650031,7010,4.048,429,0,
smoke,10,/get-salt,8,248,1776914650034,7002,3.57,429,0,
smoke,10,/get-salt,8,249,1776914650038,7004,3.969,429,0,
smoke,10,/get-salt,8,250,1776914650042,7007,4.093,429,0,
smoke,10,/get-salt,8,251,1776914650046,7008,4.006,429,0,
smoke,10,/get-salt,8,252,1776914650050,7010,3.561,429,0,
smoke,10,/get-salt,8,253,1776914650057,7004,7.58,429,0,
smoke,10,/get-salt,8,254,1776914650061,7007,4.026,429,0,
smoke,10,/get-salt,8,255,1776914650065,7009,3.659,429,0,
smoke,10,/get-salt,8,256,1776914650069,7008,3.939,429,0,
smoke,10,/get-salt,8,257,1776914650073,7006,3.968,429,0,
smoke,10,/get-salt,8,258,1776914650077,7008,3.735,429,0,
smoke,10,/get-salt,8,259,1776914650081,7009,4.184,429,0,
smoke,10,/get-salt,8,260,1776914650085,7003,4.012,429,0,
smoke,10,/get-salt,8,261,1776914650089,7001,4.434,429,0,
smoke,10,/get-salt,8,262,1776914650093,7009,4.009,429,0,
smoke,10,/get-salt,8,263,1776914650097,7001,3.97,429,0,
smoke,10,/get-salt,8,264,1776914650101,7008,3.933,429,0,
smoke,10,/get-salt,8,265,1776914650105,7007,3.608,429,0,
smoke,10,/get-salt,8,266,1776914650109,7003,3.597,429,0,
smoke,10,/get-salt,8,267,1776914650117,7010,8.185,429,0,
smoke,10,/get-salt,8,268,1776914650121,7003,3.899,429,0,
smoke,10,/get-salt,8,269,1776914650125,7004,3.883,429,0,
smoke,10,/get-salt,8,270,1776914650129,7001,4.207,429,0,
smoke,10,/get-salt,8,271,1776914650133,7002,3.778,429,0,
smoke,10,/get-salt,8,272,1776914650137,7001,4.073,429,0,
smoke,10,/get-salt,8,273,1776914650140,7007,3.84,429,0,
smoke,10,/get-salt,8,274,1776914650144,7003,4.057,429,0,
smoke,10,/get-salt,8,275,1776914650149,7009,4.485,429,0,
smoke,10,/get-salt,8,276,1776914650153,7009,4.329,429,0,
smoke,10,/get-salt,8,277,1776914650157,7009,4.144,429,0,
smoke,10,/get-salt,8,278,1776914650161,7003,3.884,429,0,
smoke,10,/get-salt,8,279,1776914650165,7004,4.063,429,0,
smoke,10,/get-salt,8,280,1776914650169,7001,3.565,429,0,
smoke,10,/get-salt,8,281,1776914650173,7009,4.164,429,0,
smoke,10,/get-salt,8,282,1776914650177,7001,4.039,429,0,
smoke,10,/get-salt,8,283,1776914650185,7005,8.049,429,0,
smoke,10,/get-salt,8,284,1776914650189,7010,3.769,429,0,
smoke,10,/get-salt,8,285,1776914650193,7004,3.784,429,0,
smoke,10,/get-salt,8,286,1776914650197,7004,3.973,429,0,
smoke,10,/get-salt,8,287,1776914650201,7007,3.89,429,0,
smoke,10,/get-salt,8,288,1776914650205,7010,4.02,429,0,
smoke,10,/get-salt,8,289,1776914650209,7010,4.123,429,0,
smoke,10,/get-salt,8,290,1776914650213,7008,4.382,429,0,
smoke,10,/get-salt,8,291,1776914650217,7002,4.13,429,0,
smoke,10,/get-salt,8,292,1776914650221,7009,4.054,429,0,
smoke,10,/get-salt,8,293,1776914650226,7006,4.257,429,0,
smoke,10,/get-salt,8,294,1776914650230,7004,4.349,429,0,
smoke,10,/get-salt,8,295,1776914650234,7001,3.881,429,0,
smoke,10,/get-salt,8,296,1776914650237,7005,3.482,429,0,
smoke,10,/get-salt,8,297,1776914650241,7006,3.899,429,0,
smoke,10,/get-salt,8,298,1776914650250,7009,8.676,429,0,
smoke,10,/get-salt,8,299,1776914650254,7005,4.077,429,0,
smoke,10,/get-salt,8,300,1776914650258,7006,3.99,429,0,
smoke,10,/get-salt,8,301,1776914650262,7008,4.315,429,0,
smoke,10,/get-salt,8,302,1776914650267,7004,4.199,429,0,
smoke,10,/get-salt,8,303,1776914650271,7005,4.134,429,0,
smoke,10,/get-salt,8,304,1776914650275,7001,3.819,429,0,
smoke,10,/get-salt,8,305,1776914650279,7006,3.98,429,0,
smoke,10,/get-salt,8,306,1776914650284,7005,5.094,429,0,
smoke,10,/get-salt,8,307,1776914650288,7009,3.996,429,0,
smoke,10,/get-salt,8,308,1776914650291,7007,3.618,429,0,
smoke,10,/get-salt,8,309,1776914650295,7002,3.715,429,0,
smoke,10,/get-salt,8,310,1776914650299,7001,4.329,429,0,
smoke,10,/get-salt,8,311,1776914650303,7005,3.881,429,0,
smoke,10,/get-salt,8,312,1776914650307,7005,3.74,429,0,
smoke,10,/get-salt,8,313,1776914650315,7001,7.666,429,0,
smoke,10,/get-salt,8,314,1776914650318,7004,3.744,429,0,
smoke,10,/get-salt,8,315,1776914650323,7001,4.331,429,0,
smoke,10,/get-salt,8,316,1776914650327,7001,4.05,429,0,
smoke,10,/get-salt,8,317,1776914650330,7009,3.177,429,0,
smoke,10,/get-salt,8,318,1776914650334,7008,3.927,429,0,
smoke,10,/get-salt,8,319,1776914650338,7008,3.932,429,0,
smoke,10,/get-salt,8,320,1776914650342,7009,3.83,429,0,
smoke,10,/get-salt,8,321,1776914650346,7005,4.002,429,0,
smoke,10,/get-salt,8,322,1776914650350,7006,4.207,429,0,
smoke,10,/get-salt,8,323,1776914650354,7001,4.095,429,0,
smoke,10,/get-salt,8,324,1776914650358,7001,4.233,429,0,
smoke,10,/get-salt,8,325,1776914650363,7001,4.386,429,0,
smoke,10,/get-salt,8,326,1776914650366,7001,3.58,429,0,
smoke,10,/get-salt,8,327,1776914650369,7005,3.358,429,0,
smoke,10,/get-salt,8,328,1776914650374,7003,4.409,429,0,
smoke,10,/get-salt,8,329,1776914650384,7006,10.06,429,0,
smoke,10,/get-salt,8,330,1776914650388,7006,3.912,429,0,
smoke,10,/get-salt,8,331,1776914650392,7010,3.941,429,0,
smoke,10,/get-salt,8,332,1776914650395,7003,3.524,429,0,
smoke,10,/get-salt,8,333,1776914650399,7005,3.931,429,0,
smoke,10,/get-salt,8,334,1776914650404,7003,4.234,429,0,
smoke,10,/get-salt,8,335,1776914650407,7007,3.391,429,0,
smoke,10,/get-salt,8,336,1776914650411,7009,4.063,429,0,
smoke,10,/get-salt,8,337,1776914650415,7003,4.257,429,0,
smoke,10,/get-salt,8,338,1776914650420,7006,4.288,429,0,
smoke,10,/get-salt,8,339,1776914650423,7003,3.879,429,0,
smoke,10,/get-salt,8,340,1776914650427,7010,3.848,429,0,
smoke,10,/get-salt,8,341,1776914650431,7009,3.517,429,0,
smoke,10,/get-salt,8,342,1776914650434,7008,2.755,429,0,
smoke,10,/get-salt,8,343,1776914650442,7003,8.458,429,0,
smoke,10,/get-salt,8,344,1776914650450,7010,7.955,429,0,
smoke,10,/get-salt,8,345,1776914650459,7005,8.528,429,0,
smoke,10,/get-salt,8,346,1776914650463,7002,4.673,429,0,
smoke,10,/get-salt,8,347,1776914650467,7002,4.055,429,0,
smoke,10,/get-salt,8,348,1776914650472,7004,4.942,429,0,
smoke,10,/get-salt,8,349,1776914650476,7010,3.938,429,0,
smoke,10,/get-salt,8,350,1776914650480,7009,3.608,429,0,
smoke,10,/get-salt,8,351,1776914650484,7002,3.994,429,0,
smoke,10,/get-salt,8,352,1776914650488,7001,3.996,429,0,
smoke,10,/get-salt,8,353,1776914650492,7007,3.827,429,0,
smoke,10,/get-salt,8,354,1776914650495,7009,3.639,429,0,
smoke,10,/get-salt,8,355,1776914650500,7003,4.311,429,0,
smoke,10,/get-salt,8,356,1776914650503,7007,3.175,429,0,
smoke,10,/get-salt,8,357,1776914650506,7001,3.363,429,0,
smoke,10,/get-salt,8,358,1776914650510,7001,3.487,429,0,
smoke,10,/get-salt,8,359,1776914650513,7006,3.479,429,0,
smoke,10,/get-salt,8,360,1776914650517,7003,3.635,429,0,
smoke,10,/get-salt,8,361,1776914650520,7006,3.304,429,0,
smoke,10,/get-salt,8,362,1776914650524,7003,4.041,429,0,
smoke,10,/get-salt,8,363,1776914650528,7004,4.293,429,0,
smoke,10,/get-salt,8,364,1776914650532,7010,3.797,429,0,
smoke,10,/get-salt,8,365,1776914650539,7008,6.597,429,0,
smoke,10,/get-salt,8,366,1776914650543,7001,3.77,429,0,
smoke,10,/get-salt,8,367,1776914650546,7001,3.805,429,0,
smoke,10,/get-salt,8,368,1776914650551,7006,4.313,429,0,
smoke,10,/get-salt,8,369,1776914650557,7007,6.488,429,0,
smoke,10,/get-salt,8,370,1776914650562,7004,5.328,429,0,
smoke,10,/get-salt,8,371,1776914650567,7003,4.052,429,0,
smoke,10,/get-salt,8,372,1776914650570,7009,3.514,429,0,
smoke,10,/get-salt,8,373,1776914650574,7010,4.197,429,0,
smoke,10,/get-salt,8,374,1776914650580,7007,5.811,429,0,
smoke,10,/get-salt,8,375,1776914650586,7006,5.667,429,0,
smoke,10,/get-salt,8,376,1776914650589,7005,3.423,429,0,
smoke,10,/get-salt,8,377,1776914650593,7005,3.952,429,0,
smoke,10,/get-salt,8,378,1776914650602,7004,9.237,429,0,
smoke,10,/get-salt,8,379,1776914650606,7002,3.409,429,0,
smoke,10,/get-salt,8,380,1776914650609,7001,3.01,429,0,
smoke,10,/get-salt,8,381,1776914650612,7009,3.223,429,0,
smoke,10,/get-salt,8,382,1776914650616,7002,4.291,429,0,
smoke,10,/get-salt,8,383,1776914650619,7010,3.13,429,0,
smoke,10,/get-salt,8,384,1776914650623,7009,4.028,429,0,
smoke,10,/get-salt,8,385,1776914650627,7009,3.242,429,0,
smoke,10,/get-salt,8,386,1776914650632,7004,5.049,429,0,
smoke,10,/get-salt,8,387,1776914650635,7010,2.9,429,0,
smoke,10,/get-salt,8,388,1776914650636,7006,1.8,429,0,
smoke,10,/get-salt,8,389,1776914650640,7008,3.079,429,0,
smoke,10,/get-salt,8,390,1776914650646,7008,6.726,429,0,
smoke,10,/get-salt,8,391,1776914650649,7004,2.517,429,0,
smoke,10,/get-salt,8,392,1776914650658,7003,8.776,429,0,
smoke,10,/get-salt,8,393,1776914650664,7005,6.569,429,0,
smoke,10,/get-salt,8,394,1776914650667,7004,2.85,429,0,
smoke,10,/get-salt,8,395,1776914650671,7004,4.018,429,0,
smoke,10,/get-salt,8,396,1776914650674,7004,3.43,429,0,
smoke,10,/get-salt,8,397,1776914650678,7007,3.823,429,0,
smoke,10,/get-salt,8,398,1776914650682,7007,3.284,429,0,
smoke,10,/get-salt,8,399,1776914650685,7005,2.97,429,0,
smoke,10,/get-salt,8,400,1776914650688,7009,3.573,429,0,
smoke,10,/get-salt,8,401,1776914650692,7002,3.848,429,0,
smoke,10,/get-salt,8,402,1776914650696,7005,3.705,429,0,
smoke,10,/get-salt,8,403,1776914650699,7004,3.349,429,0,
smoke,10,/get-salt,8,404,1776914650703,7009,4.419,429,0,
smoke,10,/get-salt,8,405,1776914650707,7005,3.437,429,0,
smoke,10,/get-salt,8,406,1776914650710,7010,3.404,429,0,
smoke,10,/get-salt,8,407,1776914650714,7002,4.055,429,0,
smoke,10,/get-salt,8,408,1776914650721,7006,6.78,429,0,
smoke,10,/get-salt,8,409,1776914650725,7003,3.48,429,0,
smoke,10,/get-salt,8,410,1776914650728,7010,3.707,429,0,
smoke,10,/get-salt,8,411,1776914650732,7006,3.892,429,0,
smoke,10,/get-salt,8,412,1776914650735,7008,3.252,429,0,
smoke,10,/get-salt,8,413,1776914650739,7004,3.914,429,0,
smoke,10,/get-salt,8,414,1776914650743,7001,3.337,429,0,
smoke,10,/get-salt,8,415,1776914650746,7005,3.607,429,0,
smoke,10,/get-salt,8,416,1776914650750,7010,3.612,429,0,
smoke,10,/get-salt,8,417,1776914650754,7001,4.124,429,0,
smoke,10,/get-salt,8,418,1776914650758,7010,3.595,429,0,
smoke,10,/get-salt,8,419,1776914650762,7010,3.798,429,0,
smoke,10,/get-salt,8,420,1776914650765,7007,3.653,429,0,
smoke,10,/get-salt,8,421,1776914650769,7005,3.966,429,0,
smoke,10,/get-salt,8,422,1776914650774,7006,4.88,429,0,
smoke,10,/get-salt,8,423,1776914650778,7006,3.941,429,0,
smoke,10,/get-salt,8,424,1776914650791,7001,13.487,429,0,
smoke,10,/get-salt,8,425,1776914650795,7006,3.431,429,0,
smoke,10,/get-salt,8,426,1776914650798,7006,3.269,429,0,
smoke,10,/get-salt,8,427,1776914650802,7010,4.059,429,0,
smoke,10,/get-salt,8,428,1776914650806,7010,4.231,429,0,
smoke,10,/get-salt,8,429,1776914650810,7010,3.726,429,0,
smoke,10,/get-salt,8,430,1776914650814,7008,3.94,429,0,
smoke,10,/get-salt,8,431,1776914650818,7001,3.599,429,0,
smoke,10,/get-salt,8,432,1776914650821,7004,3.737,429,0,
smoke,10,/get-salt,8,433,1776914650825,7005,3.829,429,0,
smoke,10,/get-salt,8,434,1776914650829,7001,3.667,429,0,
smoke,10,/get-salt,8,435,1776914650833,7001,3.613,429,0,
smoke,10,/get-salt,8,436,1776914650837,7009,4.122,429,0,
smoke,10,/get-salt,8,437,1776914650841,7008,4.555,429,0,
smoke,10,/get-salt,8,438,1776914650845,7010,3.932,429,0,
smoke,10,/get-salt,8,439,1776914650854,7007,8.433,429,0,
smoke,10,/get-salt,8,440,1776914650857,7010,3.727,429,0,
smoke,10,/get-salt,8,441,1776914650861,7008,3.435,429,0,
smoke,10,/get-salt,8,442,1776914650864,7001,3.444,429,0,
smoke,10,/get-salt,8,443,1776914650868,7009,4.002,429,0,
smoke,10,/get-salt,8,444,1776914650872,7005,3.731,429,0,
smoke,10,/get-salt,8,445,1776914650876,7004,3.828,429,0,
smoke,10,/get-salt,8,446,1776914650881,7004,4.709,429,0,
smoke,10,/get-salt,8,447,1776914650885,7009,4.026,429,0,
smoke,10,/get-salt,8,448,1776914650889,7007,4.094,429,0,
smoke,10,/get-salt,8,449,1776914650893,7006,4.107,429,0,
smoke,10,/get-salt,8,450,1776914650897,7002,3.754,429,0,
smoke,10,/get-salt,8,451,1776914650900,7004,3.915,429,0,
smoke,10,/get-salt,8,452,1776914650904,7008,3.439,429,0,
smoke,10,/get-salt,8,453,1776914650908,7007,4.287,429,0,
smoke,10,/get-salt,8,454,1776914650917,7005,8.731,429,0,
smoke,10,/get-salt,8,455,1776914650921,7010,4.135,429,0,
smoke,10,/get-salt,8,456,1776914650925,7001,3.517,429,0,
smoke,10,/get-salt,8,457,1776914650928,7005,3.787,429,0,
smoke,10,/get-salt,8,458,1776914650933,7007,4.309,429,0,
smoke,10,/get-salt,8,459,1776914650937,7005,3.838,429,0,
smoke,10,/get-salt,8,460,1776914650941,7003,4.181,429,0,
smoke,10,/get-salt,8,461,1776914650945,7004,3.864,429,0,
smoke,10,/get-salt,8,462,1776914650948,7005,3.73,429,0,
smoke,10,/get-salt,8,463,1776914650953,7006,4.663,429,0,
smoke,10,/get-salt,8,464,1776914650957,7001,4.222,429,0,
smoke,10,/get-salt,8,465,1776914650962,7001,5.152,429,0,
smoke,10,/get-salt,8,466,1776914650966,7001,3.369,429,0,
smoke,10,/get-salt,8,467,1776914650969,7001,3.269,429,0,
smoke,10,/get-salt,8,468,1776914650978,7007,8.698,429,0,
smoke,10,/get-salt,8,469,1776914650982,7003,3.965,429,0,
smoke,10,/get-salt,8,470,1776914650986,7005,4.769,429,0,
smoke,10,/get-salt,8,471,1776914650990,7004,3.303,429,0,
smoke,10,/get-salt,8,472,1776914650994,7010,4.215,429,0,
smoke,10,/get-salt,8,473,1776914650998,7002,4.152,429,0,
smoke,10,/get-salt,8,474,1776914651002,7005,4.171,429,0,
smoke,10,/get-salt,8,475,1776914651005,7002,2.235,429,0,
smoke,10,/get-salt,8,476,1776914651008,7009,3.125,429,0,
smoke,10,/get-salt,8,477,1776914651013,7001,5.03,429,0,
smoke,10,/get-salt,8,478,1776914651017,7009,4.108,429,0,
smoke,10,/get-salt,8,479,1776914651020,7009,3.249,429,0,
smoke,10,/get-salt,8,480,1776914651023,7002,2.954,429,0,
smoke,10,/get-salt,8,481,1776914651027,7006,3.952,429,0,
smoke,10,/get-salt,8,482,1776914651031,7008,4.059,429,0,
smoke,10,/get-salt,8,483,1776914651035,7010,3.808,429,0,
smoke,10,/get-salt,8,484,1776914651045,7001,10.179,429,0,
smoke,10,/get-salt,8,485,1776914651049,7003,3.784,429,0,
smoke,10,/get-salt,8,486,1776914651053,7006,4.11,429,0,
smoke,10,/get-salt,8,487,1776914651057,7002,4.009,429,0,
smoke,10,/get-salt,8,488,1776914651062,7006,4.777,429,0,
smoke,10,/get-salt,8,489,1776914651065,7008,3.446,429,0,
smoke,10,/get-salt,8,490,1776914651069,7007,3.937,429,0,
smoke,10,/get-salt,8,491,1776914651074,7005,4.98,429,0,
smoke,10,/get-salt,8,492,1776914651078,7008,4.326,429,0,
smoke,10,/get-salt,8,493,1776914651082,7009,3.852,429,0,
smoke,10,/get-salt,8,494,1776914651086,7006,3.693,429,0,
smoke,10,/get-salt,8,495,1776914651093,7005,6.755,429,0,
smoke,10,/get-salt,8,496,1776914651102,7002,9.06,429,0,
smoke,10,/get-salt,8,497,1776914651106,7002,3.992,429,0,
smoke,10,/get-salt,8,498,1776914651109,7003,3.648,429,0,
smoke,10,/get-salt,8,499,1776914651113,7002,3.138,429,0,
smoke,10,/get-salt,8,500,1776914651117,7002,4.4,429,0,
smoke,10,/get-salt,8,501,1776914651122,7001,5.182,429,0,
smoke,10,/get-salt,8,502,1776914651126,7010,4.166,429,0,
smoke,10,/get-salt,8,503,1776914651130,7006,3.133,429,0,
smoke,10,/get-salt,8,504,1776914651133,7003,3.863,429,0,
smoke,10,/get-salt,8,505,1776914651138,7009,4.147,429,0,
smoke,10,/get-salt,8,506,1776914651144,7003,6.543,429,0,
smoke,10,/get-salt,8,507,1776914651148,7002,4.018,429,0,
smoke,10,/get-salt,8,508,1776914651152,7004,3.863,429,0,
smoke,10,/get-salt,8,509,1776914651156,7005,3.982,429,0,
smoke,10,/get-salt,8,510,1776914651160,7010,3.604,429,0,
smoke,10,/get-salt,8,511,1776914651164,7008,4.933,429,0,
smoke,10,/get-salt,8,512,1776914651169,7001,4.062,429,0,
smoke,10,/get-salt,8,513,1776914651173,7004,4.079,429,0,
smoke,10,/get-salt,8,514,1776914651178,7006,5.304,429,0,
smoke,10,/get-salt,8,515,1776914651185,7004,6.877,429,0,
smoke,10,/get-salt,8,516,1776914651189,7005,3.795,429,0,
smoke,10,/get-salt,8,517,1776914651192,7010,3.716,429,0,
smoke,10,/get-salt,8,518,1776914651196,7002,3.786,429,0,
smoke,10,/get-salt,8,519,1776914651200,7005,4.157,429,0,
smoke,10,/get-salt,8,520,1776914651204,7005,4.133,429,0,
smoke,10,/get-salt,8,521,1776914651208,7004,4.053,429,0,
smoke,10,/get-salt,8,522,1776914651213,7005,4.264,429,0,
smoke,10,/get-salt,8,523,1776914651217,7009,3.924,429,0,
smoke,10,/get-salt,8,524,1776914651221,7002,4.032,429,0,
smoke,10,/get-salt,8,525,1776914651227,7010,6.006,429,0,
smoke,10,/get-salt,8,526,1776914651231,7010,4.633,429,0,
smoke,10,/get-salt,8,527,1776914651235,7009,3.527,429,0,
smoke,10,/get-salt,8,528,1776914651244,7001,8.619,429,0,
smoke,10,/get-salt,8,529,1776914651250,7006,5.995,429,0,
smoke,10,/get-salt,8,530,1776914651253,7004,3.416,429,0,
smoke,10,/get-salt,8,531,1776914651257,7002,4.046,429,0,
smoke,10,/get-salt,8,532,1776914651261,7001,4.367,429,0,
smoke,10,/get-salt,8,533,1776914651265,7006,3.586,429,0,
smoke,10,/get-salt,8,534,1776914651269,7009,3.722,429,0,
smoke,10,/get-salt,8,535,1776914651273,7009,4.363,429,0,
smoke,10,/get-salt,8,536,1776914651278,7006,4.962,429,0,
smoke,10,/get-salt,8,537,1776914651282,7001,3.759,429,0,
smoke,10,/get-salt,8,538,1776914651287,7009,4.874,429,0,
smoke,10,/get-salt,8,539,1776914651291,7007,4.019,429,0,
smoke,10,/get-salt,8,540,1776914651295,7002,4.06,429,0,
smoke,10,/get-salt,8,541,1776914651299,7004,3.829,429,0,
smoke,10,/get-salt,8,542,1776914651303,7002,4.001,429,0,
smoke,10,/get-salt,8,543,1776914651306,7006,3.746,429,0,
smoke,10,/get-salt,8,544,1776914651313,7009,7.108,429,0,
smoke,10,/get-salt,8,545,1776914651318,7002,4.168,429,0,
smoke,10,/get-salt,8,546,1776914651322,7009,4.132,429,0,
smoke,10,/get-salt,8,547,1776914651325,7005,3.735,429,0,
smoke,10,/get-salt,8,548,1776914651330,7010,4.482,429,0,
smoke,10,/get-salt,8,549,1776914651333,7001,3.504,429,0,
smoke,10,/get-salt,8,550,1776914651337,7004,3.632,429,0,
smoke,10,/get-salt,8,551,1776914651341,7010,3.929,429,0,
smoke,10,/get-salt,8,552,1776914651347,7009,5.661,429,0,
smoke,10,/get-salt,8,553,1776914651350,7005,3.672,429,0,
smoke,10,/get-salt,8,554,1776914651354,7002,4.093,429,0,
smoke,10,/get-salt,8,555,1776914651358,7001,3.814,429,0,
smoke,10,/get-salt,8,556,1776914651362,7009,3.931,429,0,
smoke,10,/get-salt,8,557,1776914651366,7010,3.96,429,0,
smoke,10,/get-salt,8,558,1776914651374,7009,7.583,429,0,
smoke,10,/get-salt,8,559,1776914651378,7004,4.229,429,0,
smoke,10,/get-salt,8,560,1776914651382,7009,4.312,429,0,
smoke,10,/get-salt,8,561,1776914651387,7010,4.646,429,0,
smoke,10,/get-salt,8,562,1776914651391,7008,3.594,429,0,
smoke,10,/get-salt,8,563,1776914651395,7001,3.96,429,0,
smoke,10,/get-salt,8,564,1776914651399,7006,4.113,429,0,
smoke,10,/get-salt,8,565,1776914651403,7007,4.352,429,0,
smoke,10,/get-salt,8,566,1776914651407,7005,3.707,429,0,
smoke,10,/get-salt,8,567,1776914651411,7001,3.867,429,0,
smoke,10,/get-salt,8,568,1776914651415,7010,3.879,429,0,
smoke,10,/get-salt,8,569,1776914651418,7009,3.866,429,0,
smoke,10,/get-salt,8,570,1776914651422,7006,3.876,429,0,
smoke,10,/get-salt,8,571,1776914651426,7008,3.487,429,0,
smoke,10,/get-salt,8,572,1776914651429,7003,3.475,429,0,
smoke,10,/get-salt,8,573,1776914651438,7006,8.613,429,0,
smoke,10,/get-salt,8,574,1776914651442,7005,4.093,429,0,
smoke,10,/get-salt,8,575,1776914651446,7007,3.889,429,0,
smoke,10,/get-salt,8,576,1776914651450,7008,3.842,429,0,
smoke,10,/get-salt,8,577,1776914651454,7005,3.986,429,0,
smoke,10,/get-salt,8,578,1776914651458,7006,4.133,429,0,
smoke,10,/get-salt,8,579,1776914651462,7007,4.062,429,0,
smoke,10,/get-salt,8,580,1776914651466,7002,3.809,429,0,
smoke,10,/get-salt,8,581,1776914651470,7004,4.026,429,0,
smoke,10,/get-salt,8,582,1776914651474,7008,3.963,429,0,
smoke,10,/get-salt,8,583,1776914651477,7003,3.528,429,0,
smoke,10,/get-salt,8,584,1776914651481,7002,4.06,429,0,
smoke,10,/get-salt,8,585,1776914651485,7009,3.564,429,0,
smoke,10,/get-salt,8,586,1776914651490,7002,4.931,429,0,
smoke,10,/get-salt,8,587,1776914651494,7002,3.778,429,0,
smoke,10,/get-salt,8,588,1776914651501,7009,6.954,429,0,
smoke,10,/get-salt,8,589,1776914651504,7001,3.052,429,0,
smoke,10,/get-salt,8,590,1776914651508,7010,4.309,429,0,
smoke,10,/get-salt,8,591,1776914651512,7007,3.88,429,0,
smoke,10,/get-salt,8,592,1776914651515,7004,3.574,429,0,
smoke,10,/get-salt,8,593,1776914651519,7003,3.368,429,0,
smoke,10,/get-salt,8,594,1776914651522,7005,3.328,429,0,
smoke,10,/get-salt,8,595,1776914651526,7008,3.542,429,0,
smoke,10,/get-salt,8,596,1776914651529,7006,3.801,429,0,
smoke,10,/get-salt,8,597,1776914651533,7009,3.805,429,0,
smoke,10,/get-salt,8,598,1776914651543,7009,9.397,429,0,
smoke,10,/get-salt,8,599,1776914651548,7007,4.951,429,0,
smoke,10,/get-salt,8,600,1776914651551,7009,3.691,429,0,
smoke,10,/get-salt,8,601,1776914651558,7008,7.079,429,0,
smoke,10,/get-salt,8,602,1776914651562,7009,4.02,429,0,
smoke,10,/get-salt,8,603,1776914651567,7010,4.746,429,0,
smoke,10,/get-salt,8,604,1776914651571,7003,3.533,429,0,
smoke,10,/get-salt,8,605,1776914651574,7010,3.138,429,0,
smoke,10,/get-salt,8,606,1776914651578,7002,3.912,429,0,
smoke,10,/get-salt,8,607,1776914651581,7006,3.713,429,0,
smoke,10,/get-salt,8,608,1776914651585,7009,3.799,429,0,
smoke,10,/get-salt,8,609,1776914651589,7004,4.183,429,0,
smoke,10,/get-salt,8,610,1776914651593,7006,3.327,429,0,
smoke,10,/get-salt,8,611,1776914651596,7002,3.168,429,0,
smoke,10,/get-salt,8,612,1776914651599,7010,3.447,429,0,
smoke,10,/get-salt,8,613,1776914651603,7010,3.242,429,0,
smoke,10,/get-salt,8,614,1776914651606,7002,3.495,429,0,
smoke,10,/get-salt,8,615,1776914651610,7009,3.883,429,0,
smoke,10,/get-salt,8,616,1776914651618,7002,8.065,429,0,
smoke,10,/get-salt,8,617,1776914651622,7001,3.931,429,0,
smoke,10,/get-salt,8,618,1776914651626,7006,3.895,429,0,
smoke,10,/get-salt,8,619,1776914651629,7005,3.566,429,0,
smoke,10,/get-salt,8,620,1776914651634,7010,4.055,429,0,
smoke,10,/get-salt,8,621,1776914651638,7001,4.11,429,0,
smoke,10,/get-salt,8,622,1776914651642,7003,4.048,429,0,
smoke,10,/get-salt,8,623,1776914651645,7003,3.288,429,0,
smoke,10,/get-salt,8,624,1776914651649,7007,3.681,429,0,
smoke,10,/get-salt,8,625,1776914651652,7006,3.73,429,0,
smoke,10,/get-salt,8,626,1776914651656,7009,3.737,429,0,
smoke,10,/get-salt,8,627,1776914651662,7002,5.588,429,0,
smoke,10,/get-salt,8,628,1776914651666,7006,3.836,429,0,
smoke,10,/get-salt,8,629,1776914651669,7007,3.491,429,0,
smoke,10,/get-salt,8,630,1776914651673,7009,3.493,429,0,
smoke,10,/get-salt,8,631,1776914651681,7008,8.263,429,0,
smoke,10,/get-salt,8,632,1776914651685,7007,4.124,429,0,
smoke,10,/get-salt,8,633,1776914651689,7004,3.768,429,0,
smoke,10,/get-salt,8,634,1776914651693,7003,4.492,429,0,
smoke,10,/get-salt,8,635,1776914651697,7006,4.056,429,0,
smoke,10,/get-salt,8,636,1776914651701,7005,4.011,429,0,
smoke,10,/get-salt,8,637,1776914651705,7006,3.982,429,0,
smoke,10,/get-salt,8,638,1776914651709,7007,3.963,429,0,
smoke,10,/get-salt,8,639,1776914651713,7005,3.963,429,0,
smoke,10,/get-salt,8,640,1776914651717,7009,4.23,429,0,
smoke,10,/get-salt,8,641,1776914651730,7005,13.037,429,0,
smoke,10,/get-salt,8,642,1776914651735,7009,4.32,429,0,
smoke,10,/get-salt,8,643,1776914651739,7004,4.435,429,0,
smoke,10,/get-salt,8,644,1776914651743,7002,3.945,429,0,
smoke,10,/get-salt,8,645,1776914651747,7004,3.41,429,0,
smoke,10,/get-salt,8,646,1776914651750,7002,3.877,429,0,
smoke,10,/get-salt,8,647,1776914651754,7004,3.763,429,0,
smoke,10,/get-salt,8,648,1776914651758,7003,3.857,429,0,
smoke,10,/get-salt,8,649,1776914651763,7004,4.748,429,0,
smoke,10,/get-salt,8,650,1776914651766,7003,3.508,429,0,
smoke,10,/get-salt,8,651,1776914651770,7001,3.861,429,0,
smoke,10,/get-salt,8,652,1776914651774,7006,3.876,429,0,
smoke,10,/get-salt,8,653,1776914651778,7003,4.055,429,0,
smoke,10,/get-salt,8,654,1776914651782,7009,4.215,429,0,
smoke,10,/get-salt,8,655,1776914651787,7010,4.11,429,0,
smoke,10,/get-salt,8,656,1776914651791,7010,4.188,429,0,
smoke,10,/get-salt,8,657,1776914651794,7001,3.313,429,0,
smoke,10,/get-salt,8,658,1776914651797,7009,3.112,429,0,
smoke,10,/get-salt,8,659,1776914651800,7004,3.287,429,0,
smoke,10,/get-salt,8,660,1776914651805,7008,4.056,429,0,
smoke,10,/get-salt,8,661,1776914651812,7003,7.173,429,0,
smoke,10,/get-salt,8,662,1776914651816,7002,4.208,429,0,
smoke,10,/get-salt,8,663,1776914651820,7004,3.85,429,0,
smoke,10,/get-salt,8,664,1776914651824,7008,4.367,429,0,
smoke,10,/get-salt,8,665,1776914651828,7004,4.174,429,0,
smoke,10,/get-salt,8,666,1776914651832,7010,3.678,429,0,
smoke,10,/get-salt,8,667,1776914651836,7005,3.954,429,0,
smoke,10,/get-salt,8,668,1776914651840,7001,4.159,429,0,
smoke,10,/get-salt,8,669,1776914651845,7009,4.671,429,0,
smoke,10,/get-salt,8,670,1776914651851,7009,6.093,429,0,
smoke,10,/get-salt,8,671,1776914651857,7005,6.452,429,0,
smoke,10,/get-salt,8,672,1776914651861,7001,3.571,429,0,
smoke,10,/get-salt,8,673,1776914651866,7009,5.429,429,0,
smoke,10,/get-salt,8,674,1776914651875,7009,8.229,429,0,
smoke,10,/get-salt,8,675,1776914651878,7008,3.578,429,0,
smoke,10,/get-salt,8,676,1776914651882,7009,4.089,429,0,
smoke,10,/get-salt,8,677,1776914651886,7010,3.566,429,0,
smoke,10,/get-salt,8,678,1776914651891,7006,5.202,429,0,
smoke,10,/get-salt,8,679,1776914651896,7010,5.07,429,0,
smoke,10,/get-salt,8,680,1776914651900,7007,3.789,429,0,
smoke,10,/get-salt,8,681,1776914651904,7008,3.843,429,0,
smoke,10,/get-salt,8,682,1776914651908,7006,4.236,429,0,
smoke,10,/get-salt,8,683,1776914651912,7001,4.345,429,0,
smoke,10,/get-salt,8,684,1776914651917,7005,4.2,429,0,
smoke,10,/get-salt,8,685,1776914651920,7003,3.874,429,0,
smoke,10,/get-salt,8,686,1776914651924,7001,3.658,429,0,
smoke,10,/get-salt,8,687,1776914651929,7003,4.52,429,0,
smoke,10,/get-salt,8,688,1776914651932,7003,3.595,429,0,
smoke,10,/get-salt,8,689,1776914651939,7008,7.134,429,0,
smoke,10,/get-salt,8,690,1776914651943,7008,3.82,429,0,
smoke,10,/get-salt,8,691,1776914651947,7005,4.201,429,0,
smoke,10,/get-salt,8,692,1776914651953,7005,5.484,429,0,
smoke,10,/get-salt,8,693,1776914651958,7005,4.87,429,0,
smoke,10,/get-salt,8,694,1776914651962,7004,4.077,429,0,
smoke,10,/get-salt,8,695,1776914651966,7004,3.794,429,0,
smoke,10,/get-salt,8,696,1776914651970,7004,4.091,429,0,
smoke,10,/get-salt,8,697,1776914651974,7005,4.516,429,0,
smoke,10,/get-salt,8,698,1776914651978,7004,3.974,429,0,
smoke,10,/get-salt,8,699,1776914651982,7001,4.19,429,0,
smoke,10,/get-salt,8,700,1776914651986,7007,3.731,429,0,
smoke,10,/get-salt,8,701,1776914651990,7007,3.788,429,0,
smoke,10,/get-salt,8,702,1776914651993,7004,2.99,429,0,
smoke,10,/get-salt,8,703,1776914651997,7007,4.294,429,0,
smoke,10,/get-salt,8,704,1776914652005,7006,7.91,429,0,
smoke,10,/get-salt,8,705,1776914652009,7002,3.966,429,0,
smoke,10,/get-salt,8,706,1776914652013,7007,4.032,429,0,
smoke,10,/get-salt,8,707,1776914652017,7009,4.014,429,0,
smoke,10,/get-salt,8,708,1776914652022,7009,4.617,429,0,
smoke,10,/get-salt,8,709,1776914652026,7010,4.07,429,0,
smoke,10,/get-salt,8,710,1776914652031,7010,4.705,429,0,
smoke,10,/get-salt,8,711,1776914652036,7006,5.187,429,0,
smoke,10,/get-salt,8,712,1776914652040,7009,3.957,429,0,
smoke,10,/get-salt,8,713,1776914652044,7009,4.035,429,0,
smoke,10,/get-salt,8,714,1776914652047,7007,3.75,429,0,
smoke,10,/get-salt,8,715,1776914652051,7007,3.986,429,0,
smoke,10,/get-salt,8,716,1776914652056,7004,4.211,429,0,
smoke,10,/get-salt,8,717,1776914652060,7004,4.576,429,0,
smoke,10,/get-salt,8,718,1776914652065,7007,4.251,429,0,
smoke,10,/get-salt,8,719,1776914652072,7007,7.187,429,0,
smoke,10,/get-salt,8,720,1776914652076,7003,4.123,429,0,
smoke,10,/get-salt,8,721,1776914652079,7008,3.595,429,0,
smoke,10,/get-salt,8,722,1776914652083,7009,3.221,429,0,
smoke,10,/get-salt,8,723,1776914652087,7005,4.517,429,0,
smoke,10,/get-salt,8,724,1776914652091,7007,4.167,429,0,
smoke,10,/get-salt,8,725,1776914652095,7004,3.5,429,0,
smoke,10,/get-salt,8,726,1776914652099,7010,4.399,429,0,
smoke,10,/get-salt,8,727,1776914652104,7002,4.426,429,0,
smoke,10,/get-salt,8,728,1776914652108,7003,3.797,429,0,
smoke,10,/get-salt,8,729,1776914652112,7007,4.509,429,0,
smoke,10,/get-salt,8,730,1776914652116,7003,3.959,429,0,
smoke,10,/get-salt,8,731,1776914652120,7006,4.357,429,0,
smoke,10,/get-salt,8,732,1776914652124,7003,3.444,429,0,
smoke,10,/get-salt,8,733,1776914652131,7008,7.088,429,0,
smoke,10,/get-salt,8,734,1776914652135,7005,4.184,429,0,
smoke,10,/get-salt,8,735,1776914652139,7005,3.826,429,0,
smoke,10,/get-salt,8,736,1776914652143,7002,4.311,429,0,
smoke,10,/get-salt,8,737,1776914652147,7008,3.805,429,0,
smoke,10,/get-salt,8,738,1776914652151,7002,4.266,429,0,
smoke,10,/get-salt,8,739,1776914652156,7007,4.261,429,0,
smoke,10,/get-salt,8,740,1776914652160,7008,3.942,429,0,
smoke,10,/get-salt,8,741,1776914652163,7010,3.756,429,0,
smoke,10,/get-salt,8,742,1776914652167,7009,3.915,429,0,
smoke,10,/get-salt,8,743,1776914652171,7008,3.81,429,0,
smoke,10,/get-salt,8,744,1776914652175,7007,3.495,429,0,
smoke,10,/get-salt,8,745,1776914652179,7010,4.3,429,0,
smoke,10,/get-salt,8,746,1776914652183,7008,3.889,429,0,
smoke,10,/get-salt,8,747,1776914652187,7006,3.998,429,0,
smoke,10,/get-salt,8,748,1776914652195,7010,8.471,429,0,
smoke,10,/get-salt,8,749,1776914652199,7008,3.897,429,0,
smoke,10,/get-salt,8,750,1776914652203,7002,3.793,429,0,
smoke,10,/get-salt,8,751,1776914652207,7006,3.711,429,0,
smoke,10,/get-salt,8,752,1776914652210,7003,3.793,429,0,
smoke,10,/get-salt,8,753,1776914652214,7009,3.735,429,0,
smoke,10,/get-salt,8,754,1776914652218,7005,3.705,429,0,
smoke,10,/get-salt,8,755,1776914652222,7007,3.752,429,0,
smoke,10,/get-salt,8,756,1776914652225,7008,3.861,429,0,
smoke,10,/get-salt,8,757,1776914652229,7001,3.933,429,0,
smoke,10,/get-salt,8,758,1776914652233,7008,3.77,429,0,
smoke,10,/get-salt,8,759,1776914652237,7010,3.449,429,0,
smoke,10,/get-salt,8,760,1776914652240,7008,3.46,429,0,
smoke,10,/get-salt,8,761,1776914652245,7004,4.914,429,0,
smoke,10,/get-salt,8,762,1776914652249,7006,3.709,429,0,
smoke,10,/get-salt,8,763,1776914652256,7005,7.696,429,0,
smoke,10,/get-salt,8,764,1776914652260,7006,3.622,429,0,
smoke,10,/get-salt,8,765,1776914652264,7006,4.152,429,0,
smoke,10,/get-salt,8,766,1776914652268,7005,4.19,429,0,
smoke,10,/get-salt,8,767,1776914652273,7010,4.931,429,0,
smoke,10,/get-salt,8,768,1776914652279,7009,5.621,429,0,
smoke,10,/get-salt,8,769,1776914652283,7005,4.149,429,0,
smoke,10,/get-salt,8,770,1776914652287,7010,4.382,429,0,
smoke,10,/get-salt,8,771,1776914652293,7001,5.139,429,0,
smoke,10,/get-salt,8,772,1776914652297,7001,4.082,429,0,
smoke,10,/get-salt,8,773,1776914652301,7003,3.886,429,0,
smoke,10,/get-salt,8,774,1776914652304,7005,3.4,429,0,
smoke,10,/get-salt,8,775,1776914652307,7006,3.19,429,0,
smoke,10,/get-salt,8,776,1776914652311,7002,3.684,429,0,
smoke,10,/get-salt,8,777,1776914652315,7007,4.136,429,0,
smoke,10,/get-salt,8,778,1776914652323,7001,7.771,429,0,
smoke,10,/get-salt,8,779,1776914652327,7003,3.843,429,0,
smoke,10,/get-salt,8,780,1776914652332,7010,5.115,429,0,
smoke,10,/get-salt,8,781,1776914652335,7008,3.582,429,0,
smoke,10,/get-salt,8,782,1776914652339,7007,3.963,429,0,
smoke,10,/get-salt,8,783,1776914652347,7005,7.735,429,0,
smoke,10,/get-salt,8,784,1776914652356,7007,9.343,429,0,
smoke,10,/get-salt,8,785,1776914652361,7001,4.288,429,0,
smoke,10,/get-salt,8,786,1776914652366,7006,5.214,429,0,
smoke,10,/get-salt,8,787,1776914652371,7005,4.789,429,0,
smoke,10,/get-salt,8,788,1776914652376,7007,5.452,429,0,
smoke,10,/get-salt,8,789,1776914652380,7007,3.558,429,0,
smoke,10,/get-salt,8,790,1776914652383,7004,3.758,429,0,
smoke,10,/get-salt,8,791,1776914652388,7009,4.172,429,0,
smoke,10,/get-salt,8,792,1776914652392,7004,4.265,429,0,
smoke,10,/get-salt,8,793,1776914652395,7003,3.316,429,0,
smoke,10,/get-salt,8,794,1776914652398,7010,3.181,429,0,
smoke,10,/get-salt,8,795,1776914652402,7008,3.966,429,0,
smoke,10,/get-salt,8,796,1776914652407,7005,4.207,429,0,
smoke,10,/get-salt,8,797,1776914652410,7009,3.767,429,0,
smoke,10,/get-salt,8,798,1776914652415,7009,4.182,429,0,
smoke,10,/get-salt,8,799,1776914652419,7004,4.109,429,0,
smoke,10,/get-salt,8,800,1776914652423,7004,3.825,429,0,
smoke,10,/get-salt,8,801,1776914652426,7007,3.854,429,0,
smoke,10,/get-salt,8,802,1776914652430,7010,3.578,429,0,
smoke,10,/get-salt,8,803,1776914652433,7002,3.16,429,0,
smoke,10,/get-salt,8,804,1776914652440,7006,6.759,429,0,
smoke,10,/get-salt,8,805,1776914652444,7009,4.145,429,0,
smoke,10,/get-salt,8,806,1776914652448,7010,4.239,429,0,
smoke,10,/get-salt,8,807,1776914652453,7002,4.41,429,0,
smoke,10,/get-salt,8,808,1776914652457,7006,4.304,429,0,
smoke,10,/get-salt,8,809,1776914652461,7003,4.261,429,0,
smoke,10,/get-salt,8,810,1776914652465,7009,3.621,429,0,
smoke,10,/get-salt,8,811,1776914652469,7003,3.633,429,0,
smoke,10,/get-salt,8,812,1776914652474,7009,5.651,429,0,
smoke,10,/get-salt,8,813,1776914652479,7008,4.809,429,0,
smoke,10,/get-salt,8,814,1776914652482,7005,3.445,429,0,
smoke,10,/get-salt,8,815,1776914652486,7005,3.679,429,0,
smoke,10,/get-salt,8,816,1776914652490,7003,3.424,429,0,
smoke,10,/get-salt,8,817,1776914652497,7009,7.285,429,0,
smoke,10,/get-salt,8,818,1776914652501,7003,4.223,429,0,
smoke,10,/get-salt,8,819,1776914652505,7002,3.899,429,0,
smoke,10,/get-salt,8,820,1776914652509,7009,3.77,429,0,
smoke,10,/get-salt,8,821,1776914652513,7008,3.89,429,0,
smoke,10,/get-salt,8,822,1776914652516,7005,3.261,429,0,
smoke,10,/get-salt,8,823,1776914652519,7010,3.239,429,0,
smoke,10,/get-salt,8,824,1776914652523,7006,4.047,429,0,
smoke,10,/get-salt,8,825,1776914652530,7009,6.389,429,0,
smoke,10,/get-salt,8,826,1776914652533,7007,3.424,429,0,
smoke,10,/get-salt,8,827,1776914652537,7004,3.99,429,0,
smoke,10,/get-salt,8,828,1776914652541,7002,4.214,429,0,
smoke,10,/get-salt,8,829,1776914652545,7006,4.245,429,0,
smoke,10,/get-salt,8,830,1776914652549,7004,3.937,429,0,
smoke,10,/get-salt,8,831,1776914652553,7008,3.361,429,0,
smoke,10,/get-salt,8,832,1776914652562,7010,9.699,429,0,
smoke,10,/get-salt,8,833,1776914652567,7008,4.717,429,0,
smoke,10,/get-salt,8,834,1776914652572,7004,4.352,429,0,
smoke,10,/get-salt,8,835,1776914652576,7008,4.676,429,0,
smoke,10,/get-salt,8,836,1776914652580,7010,3.533,429,0,
smoke,10,/get-salt,8,837,1776914652584,7007,4.177,429,0,
smoke,10,/get-salt,8,838,1776914652589,7004,5.172,429,0,
smoke,10,/get-salt,8,839,1776914652594,7010,5.097,429,0,
smoke,10,/get-salt,8,840,1776914652599,7005,4.386,429,0,
smoke,10,/get-salt,8,841,1776914652604,7006,5.776,429,0,
smoke,10,/get-salt,8,842,1776914652608,7002,4.068,429,0,
smoke,10,/get-salt,8,843,1776914652612,7002,3.62,429,0,
smoke,10,/get-salt,8,844,1776914652616,7009,3.588,429,0,
smoke,10,/get-salt,8,845,1776914652619,7002,3.639,429,0,
smoke,10,/get-salt,8,846,1776914652626,7009,6.614,429,0,
smoke,10,/get-salt,8,847,1776914652630,7007,3.746,429,0,
smoke,10,/get-salt,8,848,1776914652634,7006,3.943,429,0,
smoke,10,/get-salt,8,849,1776914652639,7005,5.053,429,0,
smoke,10,/get-salt,8,850,1776914652643,7001,3.834,429,0,
smoke,10,/get-salt,8,851,1776914652646,7009,3.457,429,0,
smoke,10,/get-salt,8,852,1776914652650,7007,3.923,429,0,
smoke,10,/get-salt,8,853,1776914652654,7008,4.097,429,0,
smoke,10,/get-salt,8,854,1776914652658,7004,3.766,429,0,
smoke,10,/get-salt,8,855,1776914652661,7004,3.509,429,0,
smoke,10,/get-salt,8,856,1776914652665,7009,3.398,429,0,
smoke,10,/get-salt,8,857,1776914652668,7009,3.771,429,0,
smoke,10,/get-salt,8,858,1776914652672,7003,3.87,429,0,
smoke,10,/get-salt,8,859,1776914652677,7003,4.434,429,0,
smoke,10,/get-salt,8,860,1776914652689,7007,12.665,429,0,
smoke,10,/get-salt,8,861,1776914652693,7004,3.723,429,0,
smoke,10,/get-salt,8,862,1776914652697,7002,3.858,429,0,
smoke,10,/get-salt,8,863,1776914652701,7004,4.361,429,0,
smoke,10,/get-salt,8,864,1776914652705,7006,3.927,429,0,
smoke,10,/get-salt,8,865,1776914652709,7004,3.631,429,0,
smoke,10,/get-salt,8,866,1776914652713,7004,3.578,429,0,
smoke,10,/get-salt,8,867,1776914652716,7008,3.766,429,0,
smoke,10,/get-salt,8,868,1776914652721,7004,5.151,429,0,
smoke,10,/get-salt,8,869,1776914652725,7009,3.699,429,0,
smoke,10,/get-salt,8,870,1776914652729,7004,4.019,429,0,
smoke,10,/get-salt,8,871,1776914652733,7001,3.467,429,0,
smoke,10,/get-salt,8,872,1776914652737,7010,3.948,429,0,
smoke,10,/get-salt,8,873,1776914652740,7001,3.772,429,0,
smoke,10,/get-salt,8,874,1776914652745,7007,4.409,429,0,
smoke,10,/get-salt,8,875,1776914652752,7002,7.098,429,0,
smoke,10,/get-salt,8,876,1776914652755,7005,3.412,429,0,
smoke,10,/get-salt,8,877,1776914652759,7003,3.891,429,0,
smoke,10,/get-salt,8,878,1776914652763,7010,3.924,429,0,
smoke,10,/get-salt,8,879,1776914652767,7007,3.873,429,0,
smoke,10,/get-salt,8,880,1776914652771,7009,3.861,429,0,
smoke,10,/get-salt,8,881,1776914652775,7004,3.972,429,0,
smoke,10,/get-salt,8,882,1776914652779,7004,4.254,429,0,
smoke,10,/get-salt,8,883,1776914652783,7003,3.925,429,0,
smoke,10,/get-salt,8,884,1776914652787,7008,3.583,429,0,
smoke,10,/get-salt,8,885,1776914652790,7002,3.715,429,0,
smoke,10,/get-salt,8,886,1776914652794,7001,3.88,429,0,
smoke,10,/get-salt,8,887,1776914652798,7007,4.027,429,0,
smoke,10,/get-salt,8,888,1776914652802,7003,4.034,429,0,
smoke,10,/get-salt,8,889,1776914652806,7007,3.815,429,0,
smoke,10,/get-salt,8,890,1776914652814,7006,7.446,429,0,
smoke,10,/get-salt,8,891,1776914652817,7001,3.529,429,0,
smoke,10,/get-salt,8,892,1776914652821,7010,3.871,429,0,
smoke,10,/get-salt,8,893,1776914652825,7001,3.766,429,0,
smoke,10,/get-salt,8,894,1776914652828,7007,3.555,429,0,
smoke,10,/get-salt,8,895,1776914652832,7002,3.978,429,0,
smoke,10,/get-salt,8,896,1776914652836,7007,4.174,429,0,
smoke,10,/get-salt,8,897,1776914652841,7007,4.015,429,0,
smoke,10,/get-salt,8,898,1776914652844,7009,3.963,429,0,
smoke,10,/get-salt,8,899,1776914652848,7003,3.678,429,0,
smoke,10,/get-salt,8,900,1776914652852,7009,3.737,429,0,
smoke,10,/get-salt,8,901,1776914652856,7008,3.911,429,0,
smoke,10,/get-salt,8,902,1776914652859,7004,3.623,429,0,
smoke,10,/get-salt,8,903,1776914652865,7003,5.853,429,0,
smoke,10,/get-salt,8,904,1776914652875,7008,9.767,429,0,
smoke,10,/get-salt,8,905,1776914652879,7001,3.651,429,0,
smoke,10,/get-salt,8,906,1776914652882,7002,3.696,429,0,
smoke,10,/get-salt,8,907,1776914652886,7004,3.743,429,0,
smoke,10,/get-salt,8,908,1776914652890,7010,3.989,429,0,
smoke,10,/get-salt,8,909,1776914652894,7004,3.539,429,0,
smoke,10,/get-salt,8,910,1776914652898,7008,3.856,429,0,
smoke,10,/get-salt,8,911,1776914652902,7003,4.214,429,0,
smoke,10,/get-salt,8,912,1776914652906,7010,4.263,429,0,
smoke,10,/get-salt,8,913,1776914652910,7009,3.765,429,0,
smoke,10,/get-salt,8,914,1776914652915,7003,4.899,429,0,
smoke,10,/get-salt,8,915,1776914652918,7008,3.625,429,0,
smoke,10,/get-salt,8,916,1776914652923,7002,5.038,429,0,
smoke,10,/get-salt,8,917,1776914652927,7005,4.099,429,0,
smoke,10,/get-salt,8,918,1776914652931,7006,3.581,429,0,
smoke,10,/get-salt,8,919,1776914652938,7001,7.318,429,0,
smoke,10,/get-salt,8,920,1776914652943,7002,4.419,429,0,
smoke,10,/get-salt,8,921,1776914652947,7010,4.05,429,0,
smoke,10,/get-salt,8,922,1776914652951,7004,4.14,429,0,
smoke,10,/get-salt,8,923,1776914652955,7010,3.961,429,0,
smoke,10,/get-salt,8,924,1776914652959,7001,3.718,429,0,
smoke,10,/get-salt,8,925,1776914652963,7007,4.352,429,0,
smoke,10,/get-salt,8,926,1776914652967,7007,3.768,429,0,
smoke,10,/get-salt,8,927,1776914652971,7006,4.421,429,0,
smoke,10,/get-salt,8,928,1776914652976,7004,4.456,429,0,
smoke,10,/get-salt,8,929,1776914652979,7002,3.664,429,0,
smoke,10,/get-salt,8,930,1776914652983,7008,4.002,429,0,
smoke,10,/get-salt,8,931,1776914652988,7004,4.408,429,0,
smoke,10,/get-salt,8,932,1776914652992,7004,3.991,429,0,
smoke,10,/get-salt,8,933,1776914652996,7005,3.916,429,0,
smoke,10,/get-salt,8,934,1776914653003,7006,7.553,429,0,
smoke,10,/get-salt,8,935,1776914653010,7009,6.258,429,0,
smoke,10,/get-salt,8,936,1776914653016,7007,6.179,429,0,
smoke,10,/get-salt,8,937,1776914653025,7009,8.862,429,0,
smoke,10,/get-salt,8,938,1776914653029,7003,4.054,429,0,
smoke,10,/get-salt,8,939,1776914653033,7006,3.953,429,0,
smoke,10,/get-salt,8,940,1776914653037,7008,4.009,429,0,
smoke,10,/get-salt,8,941,1776914653041,7008,4.46,429,0,
smoke,10,/get-salt,8,942,1776914653046,7007,4.67,429,0,
smoke,10,/get-salt,8,943,1776914653051,7004,4.815,429,0,
smoke,10,/get-salt,8,944,1776914653056,7001,4.99,429,0,
smoke,10,/get-salt,8,945,1776914653060,7002,4.516,429,0,
smoke,10,/get-salt,8,946,1776914653065,7001,5.219,429,0,
smoke,10,/get-salt,8,947,1776914653072,7008,6.265,429,0,
smoke,10,/get-salt,8,948,1776914653074,7008,2.073,429,0,
smoke,10,/get-salt,8,949,1776914653078,7009,4.828,429,0,
smoke,10,/get-salt,8,950,1776914653090,7002,11.605,429,0,
smoke,10,/get-salt,8,951,1776914653094,7010,4.101,429,0,
smoke,10,/get-salt,8,952,1776914653099,7010,5.008,429,0,
smoke,10,/get-salt,8,953,1776914653103,7007,3.729,429,0,
smoke,10,/get-salt,8,954,1776914653108,7007,4.836,429,0,
smoke,10,/get-salt,8,955,1776914653114,7007,6.62,429,0,
smoke,10,/get-salt,8,956,1776914653118,7009,3.756,429,0,
smoke,10,/get-salt,8,957,1776914653122,7003,3.872,429,0,
smoke,10,/get-salt,8,958,1776914653126,7005,3.86,429,0,
smoke,10,/get-salt,8,959,1776914653130,7004,3.865,429,0,
smoke,10,/get-salt,8,960,1776914653134,7003,3.919,429,0,
smoke,10,/get-salt,8,961,1776914653138,7002,4.753,429,0,
smoke,10,/get-salt,8,962,1776914653144,7009,5.082,429,0,
smoke,10,/get-salt,8,963,1776914653152,7010,8.702,429,0,
smoke,10,/get-salt,8,964,1776914653157,7001,4.545,429,0,
smoke,10,/get-salt,8,965,1776914653162,7004,5.271,429,0,
smoke,10,/get-salt,8,966,1776914653166,7007,3.84,429,0,
smoke,10,/get-salt,8,967,1776914653170,7004,3.989,429,0,
smoke,10,/get-salt,8,968,1776914653180,7002,10.083,429,0,
smoke,10,/get-salt,8,969,1776914653184,7004,3.695,429,0,
smoke,10,/get-salt,8,970,1776914653187,7010,3.522,429,0,
smoke,10,/get-salt,8,971,1776914653191,7006,3.685,429,0,
smoke,10,/get-salt,8,972,1776914653195,7008,3.972,429,0,
smoke,10,/get-salt,8,973,1776914653200,7001,5.112,429,0,
smoke,10,/get-salt,8,974,1776914653205,7008,5.368,429,0,
smoke,10,/get-salt,8,975,1776914653209,7008,3.776,429,0,
smoke,10,/get-salt,8,976,1776914653214,7009,4.953,429,0,
smoke,10,/get-salt,8,977,1776914653218,7005,3.478,429,0,
smoke,10,/get-salt,8,978,1776914653222,7008,3.983,429,0,
smoke,10,/get-salt,8,979,1776914653225,7007,3.908,429,0,
smoke,10,/get-salt,8,980,1776914653229,7008,3.212,429,0,
smoke,10,/get-salt,8,981,1776914653232,7004,2.844,429,0,
smoke,10,/get-salt,8,982,1776914653236,7006,4.135,429,0,
smoke,10,/get-salt,8,983,1776914653240,7003,3.9,429,0,
smoke,10,/get-salt,8,984,1776914653249,7004,9.833,429,0,
smoke,10,/get-salt,8,985,1776914653253,7010,3.756,429,0,
smoke,10,/get-salt,8,986,1776914653257,7007,3.373,429,0,
smoke,10,/get-salt,8,987,1776914653260,7010,3.795,429,0,
smoke,10,/get-salt,8,988,1776914653264,7010,3.423,429,0,
smoke,10,/get-salt,8,989,1776914653268,7003,3.728,429,0,
smoke,10,/get-salt,8,990,1776914653272,7008,4.249,429,0,
smoke,10,/get-salt,8,991,1776914653276,7009,4.662,429,0,
smoke,10,/get-salt,8,992,1776914653280,7008,3.711,429,0,
smoke,10,/get-salt,8,993,1776914653284,7002,3.989,429,0,
smoke,10,/get-salt,8,994,1776914653289,7003,4.512,429,0,
smoke,10,/get-salt,8,995,1776914653293,7003,4.023,429,0,
smoke,10,/get-salt,8,996,1776914653296,7008,3.505,429,0,
smoke,10,/get-salt,8,997,1776914653300,7004,3.763,429,0,
smoke,10,/get-salt,8,998,1776914653304,7009,4.019,429,0,
smoke,10,/get-salt,8,999,1776914653311,7001,7.156,429,0,
smoke,10,/get-salt,8,1000,1776914653315,7006,3.383,429,0,
smoke,10,/get-salt,8,1001,1776914653318,7001,3.508,429,0,
smoke,10,/get-salt,8,1002,1776914653321,7004,3.195,429,0,
smoke,10,/get-salt,8,1003,1776914653324,7002,2.927,429,0,
smoke,10,/get-salt,8,1004,1776914653328,7005,3.818,429,0,
smoke,10,/get-salt,8,1005,1776914653332,7007,3.676,429,0,
smoke,10,/get-salt,8,1006,1776914653335,7002,3.155,429,0,
smoke,10,/get-salt,8,1007,1776914653338,7003,3.462,429,0,
smoke,10,/get-salt,8,1008,1776914653342,7003,3.668,429,0,
smoke,10,/get-salt,8,1009,1776914653346,7010,3.619,429,0,
smoke,10,/get-salt,8,1010,1776914653349,7006,3.393,429,0,
smoke,10,/get-salt,8,1011,1776914653353,7005,3.648,429,0,
smoke,10,/get-salt,8,1012,1776914653356,7005,3.454,429,0,
smoke,10,/get-salt,8,1013,1776914653360,7001,3.966,429,0,
smoke,10,/get-salt,8,1014,1776914653368,7001,7.535,429,0,
smoke,10,/get-salt,8,1015,1776914653371,7009,3.65,429,0,
smoke,10,/get-salt,8,1016,1776914653375,7010,3.303,429,0,
smoke,10,/get-salt,8,1017,1776914653378,7004,3.505,429,0,
smoke,10,/get-salt,8,1018,1776914653382,7007,3.846,429,0,
smoke,10,/get-salt,8,1019,1776914653387,7009,5.405,429,0,
smoke,10,/get-salt,8,1020,1776914653391,7003,3.788,429,0,
smoke,10,/get-salt,8,1021,1776914653396,7004,4.498,429,0,
smoke,10,/get-salt,8,1022,1776914653400,7004,4.056,429,0,
smoke,10,/get-salt,8,1023,1776914653403,7004,3.436,429,0,
smoke,10,/get-salt,8,1024,1776914653407,7007,3.483,429,0,
smoke,10,/get-salt,8,1025,1776914653410,7008,3.614,429,0,
smoke,10,/get-salt,8,1026,1776914653414,7010,3.513,429,0,
smoke,10,/get-salt,8,1027,1776914653417,7010,3.7,429,0,
smoke,10,/get-salt,8,1028,1776914653420,7007,2.927,429,0,
smoke,10,/get-salt,8,1029,1776914653427,7006,6.404,429,0,
smoke,10,/get-salt,8,1030,1776914653430,7006,3.019,429,0,
smoke,10,/get-salt,8,1031,1776914653432,7010,2.402,429,0,
smoke,10,/get-salt,8,1032,1776914653435,7001,2.646,429,0,
smoke,10,/get-salt,8,1033,1776914653439,7002,3.787,429,0,
smoke,10,/get-salt,8,1034,1776914653442,7004,2.947,429,0,
smoke,10,/get-salt,8,1035,1776914653445,7007,2.942,429,0,
smoke,10,/get-salt,8,1036,1776914653448,7009,3.682,429,0,
smoke,10,/get-salt,8,1037,1776914653453,7003,4.915,429,0,
smoke,10,/get-salt,8,1038,1776914653460,7001,6.947,429,0,
smoke,10,/get-salt,8,1039,1776914653464,7002,4.186,429,0,
smoke,10,/get-salt,8,1040,1776914653468,7009,3.414,429,0,
smoke,10,/get-salt,8,1041,1776914653472,7008,4.69,429,0,
smoke,10,/get-salt,8,1042,1776914653478,7002,5.491,429,0,
smoke,10,/get-salt,8,1043,1776914653481,7002,3.462,429,0,
smoke,10,/get-salt,8,1044,1776914653484,7002,3.079,429,0,
smoke,10,/get-salt,8,1045,1776914653494,7007,9.139,429,0,
smoke,10,/get-salt,8,1046,1776914653497,7003,3.484,429,0,
smoke,10,/get-salt,8,1047,1776914653501,7005,3.539,429,0,
smoke,10,/get-salt,8,1048,1776914653505,7002,4.218,429,0,
smoke,10,/get-salt,8,1049,1776914653508,7005,2.945,429,0,
smoke,10,/get-salt,8,1050,1776914653513,7009,4.732,429,0,
smoke,10,/get-salt,8,1051,1776914653517,7010,4.228,429,0,
smoke,10,/get-salt,8,1052,1776914653521,7008,3.719,429,0,
smoke,10,/get-salt,8,1053,1776914653524,7003,3.755,429,0,
smoke,10,/get-salt,8,1054,1776914653528,7009,4.133,429,0,
smoke,10,/get-salt,8,1055,1776914653532,7008,3.857,429,0,
smoke,10,/get-salt,8,1056,1776914653536,7009,3.795,429,0,
smoke,10,/get-salt,8,1057,1776914653540,7001,4.137,429,0,
smoke,10,/get-salt,8,1058,1776914653543,7004,3.167,429,0,
smoke,10,/get-salt,8,1059,1776914653549,7002,5.129,429,0,
smoke,10,/get-salt,8,1060,1776914653561,7001,12.734,429,0,
smoke,10,/get-salt,8,1061,1776914653566,7006,5.128,429,0,
smoke,10,/get-salt,8,1062,1776914653572,7010,5.983,429,0,
smoke,10,/get-salt,8,1063,1776914653576,7008,3.432,429,0,
smoke,10,/get-salt,8,1064,1776914653578,7010,2.315,429,0,
smoke,10,/get-salt,8,1065,1776914653582,7009,3.542,429,0,
smoke,10,/get-salt,8,1066,1776914653589,7009,6.933,429,0,
smoke,10,/get-salt,8,1067,1776914653593,7003,4.759,429,0,
smoke,10,/get-salt,8,1068,1776914653598,7010,4.208,429,0,
smoke,10,/get-salt,8,1069,1776914653603,7004,5.718,429,0,
smoke,10,/get-salt,8,1070,1776914653607,7002,3.657,429,0,
smoke,10,/get-salt,8,1071,1776914653611,7007,4.161,429,0,
smoke,10,/get-salt,8,1072,1776914653616,7010,4.762,429,0,
smoke,10,/get-salt,8,1073,1776914653621,7002,4.626,429,0,
smoke,10,/get-salt,8,1074,1776914653627,7009,6.007,429,0,
smoke,10,/get-salt,8,1075,1776914653634,7006,7.782,429,0,
smoke,10,/get-salt,8,1076,1776914653640,7002,5.595,429,0,
smoke,10,/get-salt,8,1077,1776914653644,7003,4.34,429,0,
smoke,10,/get-salt,8,1078,1776914653649,7005,5.165,429,0,
smoke,10,/get-salt,8,1079,1776914653654,7008,4.76,429,0,
smoke,10,/get-salt,8,1080,1776914653658,7005,4.29,429,0,
smoke,10,/get-salt,8,1081,1776914653662,7010,3.438,429,0,
smoke,10,/get-salt,8,1082,1776914653666,7006,3.748,429,0,
smoke,10,/get-salt,8,1083,1776914653671,7003,4.845,429,0,
smoke,10,/get-salt,8,1084,1776914653675,7002,4.723,429,0,
smoke,10,/get-salt,8,1085,1776914653691,7001,15.522,429,0,
smoke,10,/get-salt,8,1086,1776914653699,7010,8.587,429,0,
smoke,10,/get-salt,8,1087,1776914653703,7002,4.008,429,0,
smoke,10,/get-salt,8,1088,1776914653707,7003,3.801,429,0,
smoke,10,/get-salt,8,1089,1776914653714,7010,6.738,429,0,
smoke,10,/get-salt,8,1090,1776914653720,7007,6.084,429,0,
smoke,10,/get-salt,8,1091,1776914653730,7008,10.024,429,0,
smoke,10,/get-salt,8,1092,1776914653734,7009,3.783,429,0,
smoke,10,/get-salt,8,1093,1776914653739,7010,4.728,429,0,
smoke,10,/get-salt,8,1094,1776914653742,7007,3.729,429,0,
smoke,10,/get-salt,8,1095,1776914653748,7005,5.926,429,0,
smoke,10,/get-salt,8,1096,1776914653753,7009,4.727,429,0,
smoke,10,/get-salt,8,1097,1776914653757,7002,3.965,429,0,
smoke,10,/get-salt,8,1098,1776914653761,7007,4.267,429,0,
smoke,10,/get-salt,8,1099,1776914653766,7010,4.287,429,0,
smoke,10,/get-salt,8,1100,1776914653769,7004,3.069,429,0,
smoke,10,/get-salt,8,1101,1776914653772,7008,3.682,429,0,
smoke,10,/get-salt,8,1102,1776914653776,7010,3.936,429,0,
smoke,10,/get-salt,8,1103,1776914653780,7004,3.92,429,0,
smoke,10,/get-salt,8,1104,1776914653784,7008,3.967,429,0,
smoke,10,/get-salt,8,1105,1776914653788,7003,4.045,429,0,
smoke,10,/get-salt,8,1106,1776914653792,7009,4.098,429,0,
smoke,10,/get-salt,8,1107,1776914653796,7003,3.607,429,0,
smoke,10,/get-salt,8,1108,1776914653800,7005,3.858,429,0,
smoke,10,/get-salt,8,1109,1776914653804,7008,3.841,429,0,
smoke,10,/get-salt,8,1110,1776914653808,7001,3.959,429,0,
smoke,10,/get-salt,8,1111,1776914653815,7005,7.943,429,0,
smoke,10,/get-salt,8,1112,1776914653819,7008,3.402,429,0,
smoke,10,/get-salt,8,1113,1776914653822,7009,3.44,429,0,
smoke,10,/get-salt,8,1114,1776914653827,7002,4.615,429,0,
smoke,10,/get-salt,8,1115,1776914653831,7001,3.923,429,0,
smoke,10,/get-salt,8,1116,1776914653835,7003,4.037,429,0,
smoke,10,/get-salt,8,1117,1776914653838,7003,3.463,429,0,
smoke,10,/get-salt,8,1118,1776914653843,7009,4.167,429,0,
smoke,10,/get-salt,8,1119,1776914653847,7008,4.637,429,0,
smoke,10,/get-salt,8,1120,1776914653851,7010,4.115,429,0,
smoke,10,/get-salt,8,1121,1776914653855,7002,3.86,429,0,
smoke,10,/get-salt,8,1122,1776914653859,7004,3.966,429,0,
smoke,10,/get-salt,8,1123,1776914653863,7004,3.922,429,0,
smoke,10,/get-salt,8,1124,1776914653872,7002,9.091,429,0,
smoke,10,/get-salt,9,0,1776914648880,7008,8.61,429,0,
smoke,10,/get-salt,9,1,1776914648889,7004,8.216,429,0,
smoke,10,/get-salt,9,2,1776914648893,7004,4.137,429,0,
smoke,10,/get-salt,9,3,1776914648903,7002,10.108,429,0,
smoke,10,/get-salt,9,4,1776914648907,7004,3.73,429,0,
smoke,10,/get-salt,9,5,1776914648912,7003,4.89,429,0,
smoke,10,/get-salt,9,6,1776914648918,7009,6.81,429,0,
smoke,10,/get-salt,9,7,1776914648922,7006,3.981,429,0,
smoke,10,/get-salt,9,8,1776914648927,7002,4.274,429,0,
smoke,10,/get-salt,9,9,1776914648931,7001,4.444,429,0,
smoke,10,/get-salt,9,10,1776914648935,7010,3.597,429,0,
smoke,10,/get-salt,9,11,1776914648939,7009,3.975,429,0,
smoke,10,/get-salt,9,12,1776914648943,7003,4.7,429,0,
smoke,10,/get-salt,9,13,1776914648948,7005,4.712,429,0,
smoke,10,/get-salt,9,14,1776914648953,7001,4.63,429,0,
smoke,10,/get-salt,9,15,1776914648957,7001,4.41,429,0,
smoke,10,/get-salt,9,16,1776914648961,7002,4.332,429,0,
smoke,10,/get-salt,9,17,1776914648965,7003,3.841,429,0,
smoke,10,/get-salt,9,18,1776914648969,7004,4.07,429,0,
smoke,10,/get-salt,9,19,1776914648973,7008,3.988,429,0,
smoke,10,/get-salt,9,20,1776914648978,7004,4.689,429,0,
smoke,10,/get-salt,9,21,1776914648983,7004,5.387,429,0,
smoke,10,/get-salt,9,22,1776914648989,7003,5.55,429,0,
smoke,10,/get-salt,9,23,1776914648993,7005,3.764,429,0,
smoke,10,/get-salt,9,24,1776914649001,7010,8.415,429,0,
smoke,10,/get-salt,9,25,1776914649005,7009,3.367,429,0,
smoke,10,/get-salt,9,26,1776914649009,7006,4.096,429,0,
smoke,10,/get-salt,9,27,1776914649013,7009,4.324,429,0,
smoke,10,/get-salt,9,28,1776914649018,7009,4.473,429,0,
smoke,10,/get-salt,9,29,1776914649022,7006,4.626,429,0,
smoke,10,/get-salt,9,30,1776914649027,7007,4.79,429,0,
smoke,10,/get-salt,9,31,1776914649031,7008,3.884,429,0,
smoke,10,/get-salt,9,32,1776914649035,7008,4.375,429,0,
smoke,10,/get-salt,9,33,1776914649040,7003,4.466,429,0,
smoke,10,/get-salt,9,34,1776914649044,7002,4.362,429,0,
smoke,10,/get-salt,9,35,1776914649049,7001,4.509,429,0,
smoke,10,/get-salt,9,36,1776914649053,7005,4.54,429,0,
smoke,10,/get-salt,9,37,1776914649057,7005,4.146,429,0,
smoke,10,/get-salt,9,38,1776914649062,7009,4.33,429,0,
smoke,10,/get-salt,9,39,1776914649066,7002,4.539,429,0,
smoke,10,/get-salt,9,40,1776914649074,7006,8.037,429,0,
smoke,10,/get-salt,9,41,1776914649078,7010,4.224,429,0,
smoke,10,/get-salt,9,42,1776914649083,7008,4.271,429,0,
smoke,10,/get-salt,9,43,1776914649087,7008,4.027,429,0,
smoke,10,/get-salt,9,44,1776914649092,7009,4.908,429,0,
smoke,10,/get-salt,9,45,1776914649096,7005,4.041,429,0,
smoke,10,/get-salt,9,46,1776914649101,7007,5.007,429,0,
smoke,10,/get-salt,9,47,1776914649105,7006,3.962,429,0,
smoke,10,/get-salt,9,48,1776914649108,7009,3.838,429,0,
smoke,10,/get-salt,9,49,1776914649112,7003,3.656,429,0,
smoke,10,/get-salt,9,50,1776914649116,7002,3.86,429,0,
smoke,10,/get-salt,9,51,1776914649121,7009,4.548,429,0,
smoke,10,/get-salt,9,52,1776914649125,7005,4.518,429,0,
smoke,10,/get-salt,9,53,1776914649135,7003,9.553,429,0,
smoke,10,/get-salt,9,54,1776914649138,7009,3.806,429,0,
smoke,10,/get-salt,9,55,1776914649146,7006,7.836,429,0,
smoke,10,/get-salt,9,56,1776914649150,7003,3.926,429,0,
smoke,10,/get-salt,9,57,1776914649153,7010,3.101,429,0,
smoke,10,/get-salt,9,58,1776914649156,7010,2.899,429,0,
smoke,10,/get-salt,9,59,1776914649161,7002,4.904,429,0,
smoke,10,/get-salt,9,60,1776914649165,7005,3.553,429,0,
smoke,10,/get-salt,9,61,1776914649168,7009,3.715,429,0,
smoke,10,/get-salt,9,62,1776914649173,7001,5.038,429,0,
smoke,10,/get-salt,9,63,1776914649178,7008,4.674,429,0,
smoke,10,/get-salt,9,64,1776914649183,7009,4.481,429,0,
smoke,10,/get-salt,9,65,1776914649187,7005,4.463,429,0,
smoke,10,/get-salt,9,66,1776914649191,7008,3.884,429,0,
smoke,10,/get-salt,9,67,1776914649195,7005,4.401,429,0,
smoke,10,/get-salt,9,68,1776914649200,7003,4.313,429,0,
smoke,10,/get-salt,9,69,1776914649204,7010,4.691,429,0,
smoke,10,/get-salt,9,70,1776914649209,7008,4.528,429,0,
smoke,10,/get-salt,9,71,1776914649217,7010,8.072,429,0,
smoke,10,/get-salt,9,72,1776914649224,7010,7.284,429,0,
smoke,10,/get-salt,9,73,1776914649229,7009,4.691,429,0,
smoke,10,/get-salt,9,74,1776914649234,7010,5.276,429,0,
smoke,10,/get-salt,9,75,1776914649239,7005,4.392,429,0,
smoke,10,/get-salt,9,76,1776914649243,7005,4.33,429,0,
smoke,10,/get-salt,9,77,1776914649248,7003,4.556,429,0,
smoke,10,/get-salt,9,78,1776914649252,7010,4.628,429,0,
smoke,10,/get-salt,9,79,1776914649258,7009,6.067,429,0,
smoke,10,/get-salt,9,80,1776914649262,7002,3.645,429,0,
smoke,10,/get-salt,9,81,1776914649266,7008,3.994,429,0,
smoke,10,/get-salt,9,82,1776914649271,7003,4.686,429,0,
smoke,10,/get-salt,9,83,1776914649275,7005,4.549,429,0,
smoke,10,/get-salt,9,84,1776914649279,7009,3.819,429,0,
smoke,10,/get-salt,9,85,1776914649283,7008,4.318,429,0,
smoke,10,/get-salt,9,86,1776914649287,7002,4.145,429,0,
smoke,10,/get-salt,9,87,1776914649296,7010,8.805,429,0,
smoke,10,/get-salt,9,88,1776914649310,7006,13.631,429,0,
smoke,10,/get-salt,9,89,1776914649314,7001,4.252,429,0,
smoke,10,/get-salt,9,90,1776914649318,7009,4.002,429,0,
smoke,10,/get-salt,9,91,1776914649322,7005,4.017,429,0,
smoke,10,/get-salt,9,92,1776914649326,7005,3.8,429,0,
smoke,10,/get-salt,9,93,1776914649330,7010,3.8,429,0,
smoke,10,/get-salt,9,94,1776914649335,7001,4.989,429,0,
smoke,10,/get-salt,9,95,1776914649339,7004,4.417,429,0,
smoke,10,/get-salt,9,96,1776914649344,7001,4.464,429,0,
smoke,10,/get-salt,9,97,1776914649348,7010,4.25,429,0,
smoke,10,/get-salt,9,98,1776914649352,7007,4.179,429,0,
smoke,10,/get-salt,9,99,1776914649356,7003,4.024,429,0,
smoke,10,/get-salt,9,100,1776914649360,7010,3.974,429,0,
smoke,10,/get-salt,9,101,1776914649364,7007,3.962,429,0,
smoke,10,/get-salt,9,102,1776914649368,7007,4.032,429,0,
smoke,10,/get-salt,9,103,1776914649372,7004,4.183,429,0,
smoke,10,/get-salt,9,104,1776914649376,7005,3.917,429,0,
smoke,10,/get-salt,9,105,1776914649380,7009,4.107,429,0,
smoke,10,/get-salt,9,106,1776914649384,7008,3.982,429,0,
smoke,10,/get-salt,9,107,1776914649388,7005,3.962,429,0,
smoke,10,/get-salt,9,108,1776914649395,7002,7.02,429,0,
smoke,10,/get-salt,9,109,1776914649399,7008,4.108,429,0,
smoke,10,/get-salt,9,110,1776914649404,7007,4.294,429,0,
smoke,10,/get-salt,9,111,1776914649408,7010,4.03,429,0,
smoke,10,/get-salt,9,112,1776914649412,7004,4.123,429,0,
smoke,10,/get-salt,9,113,1776914649416,7004,3.91,429,0,
smoke,10,/get-salt,9,114,1776914649420,7010,4.228,429,0,
smoke,10,/get-salt,9,115,1776914649424,7002,4.118,429,0,
smoke,10,/get-salt,9,116,1776914649428,7006,4.015,429,0,
smoke,10,/get-salt,9,117,1776914649432,7002,4.121,429,0,
smoke,10,/get-salt,9,118,1776914649437,7002,4.278,429,0,
smoke,10,/get-salt,9,119,1776914649441,7009,4.531,429,0,
smoke,10,/get-salt,9,120,1776914649445,7009,4.101,429,0,
smoke,10,/get-salt,9,121,1776914649450,7010,4.358,429,0,
smoke,10,/get-salt,9,122,1776914649457,7001,7.823,429,0,
smoke,10,/get-salt,9,123,1776914649461,7008,3.767,429,0,
smoke,10,/get-salt,9,124,1776914649465,7007,3.756,429,0,
smoke,10,/get-salt,9,125,1776914649469,7010,4.468,429,0,
smoke,10,/get-salt,9,126,1776914649474,7003,4.543,429,0,
smoke,10,/get-salt,9,127,1776914649478,7002,4.03,429,0,
smoke,10,/get-salt,9,128,1776914649482,7001,4.382,429,0,
smoke,10,/get-salt,9,129,1776914649487,7010,4.153,429,0,
smoke,10,/get-salt,9,130,1776914649491,7007,4.467,429,0,
smoke,10,/get-salt,9,131,1776914649495,7002,4.19,429,0,
smoke,10,/get-salt,9,132,1776914649500,7001,4.716,429,0,
smoke,10,/get-salt,9,133,1776914649505,7006,5.052,429,0,
smoke,10,/get-salt,9,134,1776914649509,7008,3.933,429,0,
smoke,10,/get-salt,9,135,1776914649513,7008,3.821,429,0,
smoke,10,/get-salt,9,136,1776914649517,7005,4.654,429,0,
smoke,10,/get-salt,9,137,1776914649526,7010,8.278,429,0,
smoke,10,/get-salt,9,138,1776914649530,7008,4.107,429,0,
smoke,10,/get-salt,9,139,1776914649534,7001,3.991,429,0,
smoke,10,/get-salt,9,140,1776914649537,7001,3.471,429,0,
smoke,10,/get-salt,9,141,1776914649542,7002,5.097,429,0,
smoke,10,/get-salt,9,142,1776914649548,7009,5.866,429,0,
smoke,10,/get-salt,9,143,1776914649558,7001,9.351,429,0,
smoke,10,/get-salt,9,144,1776914649562,7009,4.619,429,0,
smoke,10,/get-salt,9,145,1776914649566,7006,4.286,429,0,
smoke,10,/get-salt,9,146,1776914649571,7006,4.494,429,0,
smoke,10,/get-salt,9,147,1776914649575,7010,3.816,429,0,
smoke,10,/get-salt,9,148,1776914649579,7007,3.849,429,0,
smoke,10,/get-salt,9,149,1776914649583,7009,4.651,429,0,
smoke,10,/get-salt,9,150,1776914649588,7001,4.257,429,0,
smoke,10,/get-salt,9,151,1776914649592,7002,4.197,429,0,
smoke,10,/get-salt,9,152,1776914649595,7005,3.633,429,0,
smoke,10,/get-salt,9,153,1776914649600,7004,4.104,429,0,
smoke,10,/get-salt,9,154,1776914649606,7005,6.824,429,0,
smoke,10,/get-salt,9,155,1776914649611,7004,4.24,429,0,
smoke,10,/get-salt,9,156,1776914649617,7004,6.217,429,0,
smoke,10,/get-salt,9,157,1776914649620,7005,3.577,429,0,
smoke,10,/get-salt,9,158,1776914649625,7001,4.192,429,0,
smoke,10,/get-salt,9,159,1776914649629,7010,4.178,429,0,
smoke,10,/get-salt,9,160,1776914649636,7005,7.539,429,0,
smoke,10,/get-salt,9,161,1776914649641,7004,4.901,429,0,
smoke,10,/get-salt,9,162,1776914649648,7009,6.711,429,0,
smoke,10,/get-salt,9,163,1776914649659,7007,10.971,429,0,
smoke,10,/get-salt,9,164,1776914649665,7001,6.062,429,0,
smoke,10,/get-salt,9,165,1776914649667,7004,2.214,429,0,
smoke,10,/get-salt,9,166,1776914649672,7003,5.208,429,0,
smoke,10,/get-salt,9,167,1776914649677,7009,4.643,429,0,
smoke,10,/get-salt,9,168,1776914649681,7007,3.957,429,0,
smoke,10,/get-salt,9,169,1776914649685,7004,3.68,429,0,
smoke,10,/get-salt,9,170,1776914649689,7010,4.072,429,0,
smoke,10,/get-salt,9,171,1776914649691,7007,2.688,429,0,
smoke,10,/get-salt,9,172,1776914649695,7001,3.851,429,0,
smoke,10,/get-salt,9,173,1776914649705,7004,9.249,429,0,
smoke,10,/get-salt,9,174,1776914649708,7004,3.775,429,0,
smoke,10,/get-salt,9,175,1776914649713,7004,4.358,429,0,
smoke,10,/get-salt,9,176,1776914649716,7010,3.23,429,0,
smoke,10,/get-salt,9,177,1776914649719,7007,3.454,429,0,
smoke,10,/get-salt,9,178,1776914649723,7008,3.875,429,0,
smoke,10,/get-salt,9,179,1776914649727,7005,3.801,429,0,
smoke,10,/get-salt,9,180,1776914649731,7010,3.93,429,0,
smoke,10,/get-salt,9,181,1776914649735,7005,3.902,429,0,
smoke,10,/get-salt,9,182,1776914649739,7008,3.79,429,0,
smoke,10,/get-salt,9,183,1776914649743,7005,4.186,429,0,
smoke,10,/get-salt,9,184,1776914649747,7010,3.944,429,0,
smoke,10,/get-salt,9,185,1776914649751,7006,3.898,429,0,
smoke,10,/get-salt,9,186,1776914649755,7001,4.047,429,0,
smoke,10,/get-salt,9,187,1776914649759,7001,4.474,429,0,
smoke,10,/get-salt,9,188,1776914649763,7008,3.958,429,0,
smoke,10,/get-salt,9,189,1776914649771,7002,7.948,429,0,
smoke,10,/get-salt,9,190,1776914649775,7009,3.73,429,0,
smoke,10,/get-salt,9,191,1776914649778,7006,3.271,429,0,
smoke,10,/get-salt,9,192,1776914649782,7009,3.761,429,0,
smoke,10,/get-salt,9,193,1776914649786,7002,3.693,429,0,
smoke,10,/get-salt,9,194,1776914649789,7010,3.764,429,0,
smoke,10,/get-salt,9,195,1776914649794,7007,4.953,429,0,
smoke,10,/get-salt,9,196,1776914649799,7005,4.307,429,0,
smoke,10,/get-salt,9,197,1776914649803,7010,4.081,429,0,
smoke,10,/get-salt,9,198,1776914649807,7006,4.584,429,0,
smoke,10,/get-salt,9,199,1776914649812,7010,4.457,429,0,
smoke,10,/get-salt,9,200,1776914649817,7010,4.754,429,0,
smoke,10,/get-salt,9,201,1776914649821,7005,4.455,429,0,
smoke,10,/get-salt,9,202,1776914649825,7006,4.239,429,0,
smoke,10,/get-salt,9,203,1776914649829,7003,3.339,429,0,
smoke,10,/get-salt,9,204,1776914649840,7005,11.469,429,0,
smoke,10,/get-salt,9,205,1776914649848,7010,7.866,429,0,
smoke,10,/get-salt,9,206,1776914649852,7005,4.09,429,0,
smoke,10,/get-salt,9,207,1776914649856,7007,3.769,429,0,
smoke,10,/get-salt,9,208,1776914649860,7009,4.361,429,0,
smoke,10,/get-salt,9,209,1776914649864,7006,3.899,429,0,
smoke,10,/get-salt,9,210,1776914649869,7005,4.569,429,0,
smoke,10,/get-salt,9,211,1776914649873,7006,3.956,429,0,
smoke,10,/get-salt,9,212,1776914649877,7008,3.991,429,0,
smoke,10,/get-salt,9,213,1776914649881,7010,4.818,429,0,
smoke,10,/get-salt,9,214,1776914649885,7007,3.565,429,0,
smoke,10,/get-salt,9,215,1776914649889,7007,3.715,429,0,
smoke,10,/get-salt,9,216,1776914649893,7003,3.996,429,0,
smoke,10,/get-salt,9,217,1776914649897,7001,4.189,429,0,
smoke,10,/get-salt,9,218,1776914649901,7006,4.134,429,0,
smoke,10,/get-salt,9,219,1776914649906,7008,4.662,429,0,
smoke,10,/get-salt,9,220,1776914649910,7004,4.274,429,0,
smoke,10,/get-salt,9,221,1776914649914,7007,4.101,429,0,
smoke,10,/get-salt,9,222,1776914649918,7003,4.064,429,0,
smoke,10,/get-salt,9,223,1776914649922,7003,3.639,429,0,
smoke,10,/get-salt,9,224,1776914649926,7002,3.717,429,0,
smoke,10,/get-salt,9,225,1776914649932,7006,6.713,429,0,
smoke,10,/get-salt,9,226,1776914649936,7005,4.193,429,0,
smoke,10,/get-salt,9,227,1776914649941,7004,4.28,429,0,
smoke,10,/get-salt,9,228,1776914649944,7001,3.624,429,0,
smoke,10,/get-salt,9,229,1776914649949,7007,4.428,429,0,
smoke,10,/get-salt,9,230,1776914649953,7008,4.068,429,0,
smoke,10,/get-salt,9,231,1776914649957,7005,4.313,429,0,
smoke,10,/get-salt,9,232,1776914649961,7004,3.553,429,0,
smoke,10,/get-salt,9,233,1776914649964,7009,3.373,429,0,
smoke,10,/get-salt,9,234,1776914649967,7005,3.321,429,0,
smoke,10,/get-salt,9,235,1776914649971,7010,3.836,429,0,
smoke,10,/get-salt,9,236,1776914649975,7003,3.785,429,0,
smoke,10,/get-salt,9,237,1776914649979,7009,4.169,429,0,
smoke,10,/get-salt,9,238,1776914649987,7001,7.787,429,0,
smoke,10,/get-salt,9,239,1776914649991,7010,4.268,429,0,
smoke,10,/get-salt,9,240,1776914649996,7010,4.461,429,0,
smoke,10,/get-salt,9,241,1776914650000,7001,4.452,429,0,
smoke,10,/get-salt,9,242,1776914650005,7007,4.268,429,0,
smoke,10,/get-salt,9,243,1776914650009,7008,4.31,429,0,
smoke,10,/get-salt,9,244,1776914650012,7003,3.17,429,0,
smoke,10,/get-salt,9,245,1776914650016,7001,4.296,429,0,
smoke,10,/get-salt,9,246,1776914650020,7007,3.965,429,0,
smoke,10,/get-salt,9,247,1776914650025,7004,4.539,429,0,
smoke,10,/get-salt,9,248,1776914650029,7009,3.838,429,0,
smoke,10,/get-salt,9,249,1776914650032,7004,3.785,429,0,
smoke,10,/get-salt,9,250,1776914650036,7004,3.758,429,0,
smoke,10,/get-salt,9,251,1776914650040,7009,3.943,429,0,
smoke,10,/get-salt,9,252,1776914650044,7004,4.136,429,0,
smoke,10,/get-salt,9,253,1776914650048,7010,3.992,429,0,
smoke,10,/get-salt,9,254,1776914650052,7001,3.694,429,0,
smoke,10,/get-salt,9,255,1776914650059,7004,7.389,429,0,
smoke,10,/get-salt,9,256,1776914650063,7006,3.884,429,0,
smoke,10,/get-salt,9,257,1776914650067,7010,3.82,429,0,
smoke,10,/get-salt,9,258,1776914650071,7001,3.967,429,0,
smoke,10,/get-salt,9,259,1776914650075,7004,3.661,429,0,
smoke,10,/get-salt,9,260,1776914650079,7002,4.02,429,0,
smoke,10,/get-salt,9,261,1776914650083,7001,3.886,429,0,
smoke,10,/get-salt,9,262,1776914650086,7002,3.858,429,0,
smoke,10,/get-salt,9,263,1776914650090,7010,3.712,429,0,
smoke,10,/get-salt,9,264,1776914650094,7007,4.092,429,0,
smoke,10,/get-salt,9,265,1776914650098,7004,3.867,429,0,
smoke,10,/get-salt,9,266,1776914650102,7008,3.915,429,0,
smoke,10,/get-salt,9,267,1776914650106,7005,3.628,429,0,
smoke,10,/get-salt,9,268,1776914650109,7009,3.609,429,0,
smoke,10,/get-salt,9,269,1776914650117,7006,8.054,429,0,
smoke,10,/get-salt,9,270,1776914650121,7006,3.851,429,0,
smoke,10,/get-salt,9,271,1776914650125,7010,4.098,429,0,
smoke,10,/get-salt,9,272,1776914650130,7003,4.337,429,0,
smoke,10,/get-salt,9,273,1776914650133,7010,3.592,429,0,
smoke,10,/get-salt,9,274,1776914650137,7005,3.95,429,0,
smoke,10,/get-salt,9,275,1776914650141,7002,3.96,429,0,
smoke,10,/get-salt,9,276,1776914650145,7001,4.118,429,0,
smoke,10,/get-salt,9,277,1776914650150,7007,4.609,429,0,
smoke,10,/get-salt,9,278,1776914650154,7007,4.514,429,0,
smoke,10,/get-salt,9,279,1776914650159,7008,4.113,429,0,
smoke,10,/get-salt,9,280,1776914650163,7009,3.985,429,0,
smoke,10,/get-salt,9,281,1776914650167,7010,4.034,429,0,
smoke,10,/get-salt,9,282,1776914650170,7007,3.795,429,0,
smoke,10,/get-salt,9,283,1776914650174,7006,3.951,429,0,
smoke,10,/get-salt,9,284,1776914650178,7008,3.996,429,0,
smoke,10,/get-salt,9,285,1776914650186,7009,8.028,429,0,
smoke,10,/get-salt,9,286,1776914650190,7005,4.032,429,0,
smoke,10,/get-salt,9,287,1776914650194,7004,3.425,429,0,
smoke,10,/get-salt,9,288,1776914650198,7009,4.102,429,0,
smoke,10,/get-salt,9,289,1776914650202,7010,3.699,429,0,
smoke,10,/get-salt,9,290,1776914650206,7002,4.325,429,0,
smoke,10,/get-salt,9,291,1776914650210,7006,4.223,429,0,
smoke,10,/get-salt,9,292,1776914650214,7010,4.263,429,0,
smoke,10,/get-salt,9,293,1776914650219,7005,4.076,429,0,
smoke,10,/get-salt,9,294,1776914650223,7003,4.119,429,0,
smoke,10,/get-salt,9,295,1776914650227,7007,4.307,429,0,
smoke,10,/get-salt,9,296,1776914650231,7004,3.848,429,0,
smoke,10,/get-salt,9,297,1776914650234,7008,3.656,429,0,
smoke,10,/get-salt,9,298,1776914650238,7006,3.262,429,0,
smoke,10,/get-salt,9,299,1776914650242,7010,3.904,429,0,
smoke,10,/get-salt,9,300,1776914650250,7004,7.899,429,0,
smoke,10,/get-salt,9,301,1776914650254,7006,4.139,429,0,
smoke,10,/get-salt,9,302,1776914650258,7005,3.881,429,0,
smoke,10,/get-salt,9,303,1776914650262,7001,4.324,429,0,
smoke,10,/get-salt,9,304,1776914650266,7003,4.198,429,0,
smoke,10,/get-salt,9,305,1776914650270,7002,4.142,429,0,
smoke,10,/get-salt,9,306,1776914650275,7002,4.647,429,0,
smoke,10,/get-salt,9,307,1776914650279,7006,4.349,429,0,
smoke,10,/get-salt,9,308,1776914650283,7007,3.53,429,0,
smoke,10,/get-salt,9,309,1776914650286,7008,3.623,429,0,
smoke,10,/get-salt,9,310,1776914650290,7003,3.91,429,0,
smoke,10,/get-salt,9,311,1776914650294,7008,3.42,429,0,
smoke,10,/get-salt,9,312,1776914650298,7001,4.128,429,0,
smoke,10,/get-salt,9,313,1776914650302,7007,3.743,429,0,
smoke,10,/get-salt,9,314,1776914650305,7008,3.62,429,0,
smoke,10,/get-salt,9,315,1776914650313,7004,7.545,429,0,
smoke,10,/get-salt,9,316,1776914650317,7001,3.904,429,0,
smoke,10,/get-salt,9,317,1776914650320,7006,3.742,429,0,
smoke,10,/get-salt,9,318,1776914650325,7004,4.431,429,0,
smoke,10,/get-salt,9,319,1776914650329,7002,4.069,429,0,
smoke,10,/get-salt,9,320,1776914650333,7009,3.638,429,0,
smoke,10,/get-salt,9,321,1776914650337,7006,3.959,429,0,
smoke,10,/get-salt,9,322,1776914650341,7005,3.985,429,0,
smoke,10,/get-salt,9,323,1776914650345,7010,4.242,429,0,
smoke,10,/get-salt,9,324,1776914650349,7010,4.184,429,0,
smoke,10,/get-salt,9,325,1776914650353,7010,4.045,429,0,
smoke,10,/get-salt,9,326,1776914650357,7007,4.234,429,0,
smoke,10,/get-salt,9,327,1776914650362,7004,4.432,429,0,
smoke,10,/get-salt,9,328,1776914650366,7006,3.785,429,0,
smoke,10,/get-salt,9,329,1776914650369,7002,3.16,429,0,
smoke,10,/get-salt,9,330,1776914650373,7004,4.345,429,0,
smoke,10,/get-salt,9,331,1776914650383,7002,9.635,429,0,
smoke,10,/get-salt,9,332,1776914650386,7001,3.706,429,0,
smoke,10,/get-salt,9,333,1776914650391,7005,4.226,429,0,
smoke,10,/get-salt,9,334,1776914650394,7002,3.436,429,0,
smoke,10,/get-salt,9,335,1776914650398,7002,4.035,429,0,
smoke,10,/get-salt,9,336,1776914650402,7005,3.675,429,0,
smoke,10,/get-salt,9,337,1776914650405,7004,3.559,429,0,
smoke,10,/get-salt,9,338,1776914650409,7001,3.91,429,0,
smoke,10,/get-salt,9,339,1776914650414,7008,4.551,429,0,
smoke,10,/get-salt,9,340,1776914650418,7006,3.751,429,0,
smoke,10,/get-salt,9,341,1776914650422,7001,4.387,429,0,
smoke,10,/get-salt,9,342,1776914650425,7008,3.52,429,0,
smoke,10,/get-salt,9,343,1776914650430,7003,4.063,429,0,
smoke,10,/get-salt,9,344,1776914650433,7008,3.402,429,0,
smoke,10,/get-salt,9,345,1776914650441,7010,7.633,429,0,
smoke,10,/get-salt,9,346,1776914650449,7009,8.258,429,0,
smoke,10,/get-salt,9,347,1776914650458,7005,8.899,429,0,
smoke,10,/get-salt,9,348,1776914650463,7003,5,429,0,
smoke,10,/get-salt,9,349,1776914650467,7007,4.081,429,0,
smoke,10,/get-salt,9,350,1776914650471,7008,3.96,429,0,
smoke,10,/get-salt,9,351,1776914650475,7007,4.014,429,0,
smoke,10,/get-salt,9,352,1776914650479,7009,4.167,429,0,
smoke,10,/get-salt,9,353,1776914650483,7003,3.94,429,0,
smoke,10,/get-salt,9,354,1776914650487,7005,4.08,429,0,
smoke,10,/get-salt,9,355,1776914650491,7009,4.129,429,0,
smoke,10,/get-salt,9,356,1776914650495,7010,3.653,429,0,
smoke,10,/get-salt,9,357,1776914650498,7006,3.066,429,0,
smoke,10,/get-salt,9,358,1776914650502,7005,3.714,429,0,
smoke,10,/get-salt,9,359,1776914650506,7008,4.782,429,0,
smoke,10,/get-salt,9,360,1776914650510,7001,3.452,429,0,
smoke,10,/get-salt,9,361,1776914650513,7004,3.502,429,0,
smoke,10,/get-salt,9,362,1776914650517,7009,3.649,429,0,
smoke,10,/get-salt,9,363,1776914650520,7009,3.476,429,0,
smoke,10,/get-salt,9,364,1776914650524,7004,3.982,429,0,
smoke,10,/get-salt,9,365,1776914650528,7008,3.537,429,0,
smoke,10,/get-salt,9,366,1776914650532,7007,3.811,429,0,
smoke,10,/get-salt,9,367,1776914650538,7009,6.583,429,0,
smoke,10,/get-salt,9,368,1776914650542,7008,3.803,429,0,
smoke,10,/get-salt,9,369,1776914650546,7010,3.679,429,0,
smoke,10,/get-salt,9,370,1776914650550,7007,4.241,429,0,
smoke,10,/get-salt,9,371,1776914650555,7006,4.525,429,0,
smoke,10,/get-salt,9,372,1776914650560,7006,5.571,429,0,
smoke,10,/get-salt,9,373,1776914650562,7005,1.767,429,0,
smoke,10,/get-salt,9,374,1776914650568,7004,6.319,429,0,
smoke,10,/get-salt,9,375,1776914650572,7008,3.814,429,0,
smoke,10,/get-salt,9,376,1776914650577,7005,5.116,429,0,
smoke,10,/get-salt,9,377,1776914650581,7002,4.095,429,0,
smoke,10,/get-salt,9,378,1776914650586,7004,4.775,429,0,
smoke,10,/get-salt,9,379,1776914650592,7009,5.81,429,0,
smoke,10,/get-salt,9,380,1776914650595,7001,3.189,429,0,
smoke,10,/get-salt,9,381,1776914650603,7003,7.596,429,0,
smoke,10,/get-salt,9,382,1776914650606,7006,3.663,429,0,
smoke,10,/get-salt,9,383,1776914650609,7009,2.748,429,0,
smoke,10,/get-salt,9,384,1776914650613,7007,4.132,429,0,
smoke,10,/get-salt,9,385,1776914650618,7009,4.236,429,0,
smoke,10,/get-salt,9,386,1776914650622,7003,4.843,429,0,
smoke,10,/get-salt,9,387,1776914650626,7010,3.58,429,0,
smoke,10,/get-salt,9,388,1776914650630,7010,3.585,429,0,
smoke,10,/get-salt,9,389,1776914650633,7005,2.968,429,0,
smoke,10,/get-salt,9,390,1776914650639,7008,6.288,429,0,
smoke,10,/get-salt,9,391,1776914650642,7002,3.519,429,0,
smoke,10,/get-salt,9,392,1776914650647,7008,5.012,429,0,
smoke,10,/get-salt,9,393,1776914650650,7006,2.313,429,0,
smoke,10,/get-salt,9,394,1776914650659,7003,9.09,429,0,
smoke,10,/get-salt,9,395,1776914650665,7009,6.581,429,0,
smoke,10,/get-salt,9,396,1776914650669,7005,3.318,429,0,
smoke,10,/get-salt,9,397,1776914650672,7008,3.421,429,0,
smoke,10,/get-salt,9,398,1776914650675,7001,3.29,429,0,
smoke,10,/get-salt,9,399,1776914650679,7005,3.161,429,0,
smoke,10,/get-salt,9,400,1776914650682,7001,3.316,429,0,
smoke,10,/get-salt,9,401,1776914650685,7002,2.994,429,0,
smoke,10,/get-salt,9,402,1776914650689,7008,4.403,429,0,
smoke,10,/get-salt,9,403,1776914650693,7008,3.88,429,0,
smoke,10,/get-salt,9,404,1776914650697,7004,3.389,429,0,
smoke,10,/get-salt,9,405,1776914650700,7004,3.534,429,0,
smoke,10,/get-salt,9,406,1776914650704,7006,4.203,429,0,
smoke,10,/get-salt,9,407,1776914650708,7005,3.812,429,0,
smoke,10,/get-salt,9,408,1776914650712,7002,3.905,429,0,
smoke,10,/get-salt,9,409,1776914650716,7003,3.535,429,0,
smoke,10,/get-salt,9,410,1776914650723,7005,7.041,429,0,
smoke,10,/get-salt,9,411,1776914650726,7001,3.528,429,0,
smoke,10,/get-salt,9,412,1776914650730,7002,3.516,429,0,
smoke,10,/get-salt,9,413,1776914650733,7009,3.663,429,0,
smoke,10,/get-salt,9,414,1776914650736,7003,3.136,429,0,
smoke,10,/get-salt,9,415,1776914650740,7008,3.898,429,0,
smoke,10,/get-salt,9,416,1776914650744,7006,3.559,429,0,
smoke,10,/get-salt,9,417,1776914650748,7008,4.033,429,0,
smoke,10,/get-salt,9,418,1776914650752,7004,3.653,429,0,
smoke,10,/get-salt,9,419,1776914650756,7004,4.021,429,0,
smoke,10,/get-salt,9,420,1776914650760,7006,4.16,429,0,
smoke,10,/get-salt,9,421,1776914650763,7001,3.254,429,0,
smoke,10,/get-salt,9,422,1776914650767,7006,3.563,429,0,
smoke,10,/get-salt,9,423,1776914650771,7006,4.282,429,0,
smoke,10,/get-salt,9,424,1776914650774,7007,3.509,429,0,
smoke,10,/get-salt,9,425,1776914650778,7006,3.871,429,0,
smoke,10,/get-salt,9,426,1776914650792,7006,13.562,429,0,
smoke,10,/get-salt,9,427,1776914650795,7004,3.343,429,0,
smoke,10,/get-salt,9,428,1776914650799,7007,4.023,429,0,
smoke,10,/get-salt,9,429,1776914650804,7002,4.486,429,0,
smoke,10,/get-salt,9,430,1776914650808,7006,4.288,429,0,
smoke,10,/get-salt,9,431,1776914650812,7003,3.796,429,0,
smoke,10,/get-salt,9,432,1776914650815,7005,3.324,429,0,
smoke,10,/get-salt,9,433,1776914650819,7003,3.583,429,0,
smoke,10,/get-salt,9,434,1776914650823,7005,3.975,429,0,
smoke,10,/get-salt,9,435,1776914650827,7004,3.993,429,0,
smoke,10,/get-salt,9,436,1776914650831,7010,3.935,429,0,
smoke,10,/get-salt,9,437,1776914650835,7008,4.134,429,0,
smoke,10,/get-salt,9,438,1776914650838,7005,3.69,429,0,
smoke,10,/get-salt,9,439,1776914650842,7001,3.514,429,0,
smoke,10,/get-salt,9,440,1776914650846,7006,4.029,429,0,
smoke,10,/get-salt,9,441,1776914650854,7003,7.978,429,0,
smoke,10,/get-salt,9,442,1776914650858,7007,3.708,429,0,
smoke,10,/get-salt,9,443,1776914650861,7008,3.435,429,0,
smoke,10,/get-salt,9,444,1776914650865,7005,3.498,429,0,
smoke,10,/get-salt,9,445,1776914650869,7006,3.963,429,0,
smoke,10,/get-salt,9,446,1776914650872,7008,3.734,429,0,
smoke,10,/get-salt,9,447,1776914650876,7006,3.893,429,0,
smoke,10,/get-salt,9,448,1776914650880,7006,3.794,429,0,
smoke,10,/get-salt,9,449,1776914650884,7005,4.167,429,0,
smoke,10,/get-salt,9,450,1776914650888,7002,3.568,429,0,
smoke,10,/get-salt,9,451,1776914650892,7006,4.108,429,0,
smoke,10,/get-salt,9,452,1776914650895,7008,3.462,429,0,
smoke,10,/get-salt,9,453,1776914650899,7003,3.912,429,0,
smoke,10,/get-salt,9,454,1776914650903,7004,3.222,429,0,
smoke,10,/get-salt,9,455,1776914650906,7009,3.399,429,0,
smoke,10,/get-salt,9,456,1776914650915,7006,8.868,429,0,
smoke,10,/get-salt,9,457,1776914650919,7007,4.192,429,0,
smoke,10,/get-salt,9,458,1776914650923,7010,4.032,429,0,
smoke,10,/get-salt,9,459,1776914650927,7010,3.485,429,0,
smoke,10,/get-salt,9,460,1776914650930,7004,3.893,429,0,
smoke,10,/get-salt,9,461,1776914650935,7008,4.168,429,0,
smoke,10,/get-salt,9,462,1776914650939,7004,4.033,429,0,
smoke,10,/get-salt,9,463,1776914650943,7003,3.922,429,0,
smoke,10,/get-salt,9,464,1776914650946,7008,3.616,429,0,
smoke,10,/get-salt,9,465,1776914650950,7006,3.749,429,0,
smoke,10,/get-salt,9,466,1776914650955,7004,4.657,429,0,
smoke,10,/get-salt,9,467,1776914650960,7003,5.048,429,0,
smoke,10,/get-salt,9,468,1776914650964,7007,3.856,429,0,
smoke,10,/get-salt,9,469,1776914650967,7007,3.306,429,0,
smoke,10,/get-salt,9,470,1776914650970,7006,3.472,429,0,
smoke,10,/get-salt,9,471,1776914650979,7002,9.026,429,0,
smoke,10,/get-salt,9,472,1776914650983,7007,4.123,429,0,
smoke,10,/get-salt,9,473,1776914650988,7009,4.209,429,0,
smoke,10,/get-salt,9,474,1776914650991,7002,3.261,429,0,
smoke,10,/get-salt,9,475,1776914650995,7009,4.434,429,0,
smoke,10,/get-salt,9,476,1776914651000,7010,4.174,429,0,
smoke,10,/get-salt,9,477,1776914651005,7006,5.486,429,0,
smoke,10,/get-salt,9,478,1776914651009,7004,4.293,429,0,
smoke,10,/get-salt,9,479,1776914651012,7010,2.964,429,0,
smoke,10,/get-salt,9,480,1776914651016,7009,3.4,429,0,
smoke,10,/get-salt,9,481,1776914651019,7002,3.502,429,0,
smoke,10,/get-salt,9,482,1776914651025,7004,5.565,429,0,
smoke,10,/get-salt,9,483,1776914651029,7003,3.972,429,0,
smoke,10,/get-salt,9,484,1776914651033,7007,3.772,429,0,
smoke,10,/get-salt,9,485,1776914651036,7009,3.517,429,0,
smoke,10,/get-salt,9,486,1776914651044,7006,8.204,429,0,
smoke,10,/get-salt,9,487,1776914651048,7001,3.954,429,0,
smoke,10,/get-salt,9,488,1776914651052,7007,3.819,429,0,
smoke,10,/get-salt,9,489,1776914651056,7010,4.006,429,0,
smoke,10,/get-salt,9,490,1776914651060,7010,4.414,429,0,
smoke,10,/get-salt,9,491,1776914651066,7004,5.052,429,0,
smoke,10,/get-salt,9,492,1776914651070,7006,4.045,429,0,
smoke,10,/get-salt,9,493,1776914651075,7010,4.935,429,0,
smoke,10,/get-salt,9,494,1776914651078,7009,3.573,429,0,
smoke,10,/get-salt,9,495,1776914651082,7005,3.734,429,0,
smoke,10,/get-salt,9,496,1776914651086,7006,3.765,429,0,
smoke,10,/get-salt,9,497,1776914651091,7007,5.81,429,0,
smoke,10,/get-salt,9,498,1776914651101,7009,9.347,429,0,
smoke,10,/get-salt,9,499,1776914651105,7002,3.948,429,0,
smoke,10,/get-salt,9,500,1776914651108,7008,3.643,429,0,
smoke,10,/get-salt,9,501,1776914651112,7002,3.347,429,0,
smoke,10,/get-salt,9,502,1776914651115,7003,3.501,429,0,
smoke,10,/get-salt,9,503,1776914651118,7005,3.254,429,0,
smoke,10,/get-salt,9,504,1776914651124,7010,5.429,429,0,
smoke,10,/get-salt,9,505,1776914651128,7010,3.819,429,0,
smoke,10,/get-salt,9,506,1776914651131,7006,2.935,429,0,
smoke,10,/get-salt,9,507,1776914651135,7002,4.273,429,0,
smoke,10,/get-salt,9,508,1776914651141,7010,6.267,429,0,
smoke,10,/get-salt,9,509,1776914651146,7003,4.876,429,0,
smoke,10,/get-salt,9,510,1776914651150,7002,3.953,429,0,
smoke,10,/get-salt,9,511,1776914651154,7008,3.841,429,0,
smoke,10,/get-salt,9,512,1776914651158,7003,3.804,429,0,
smoke,10,/get-salt,9,513,1776914651163,7002,5.551,429,0,
smoke,10,/get-salt,9,514,1776914651167,7010,4.071,429,0,
smoke,10,/get-salt,9,515,1776914651171,7004,4.107,429,0,
smoke,10,/get-salt,9,516,1776914651176,7010,4.161,429,0,
smoke,10,/get-salt,9,517,1776914651179,7008,3.785,429,0,
smoke,10,/get-salt,9,518,1776914651186,7008,6.932,429,0,
smoke,10,/get-salt,9,519,1776914651190,7006,3.985,429,0,
smoke,10,/get-salt,9,520,1776914651194,7005,3.67,429,0,
smoke,10,/get-salt,9,521,1776914651198,7005,3.746,429,0,
smoke,10,/get-salt,9,522,1776914651202,7002,4.216,429,0,
smoke,10,/get-salt,9,523,1776914651206,7010,3.939,429,0,
smoke,10,/get-salt,9,524,1776914651210,7001,4.349,429,0,
smoke,10,/get-salt,9,525,1776914651214,7007,4.052,429,0,
smoke,10,/get-salt,9,526,1776914651218,7006,3.992,429,0,
smoke,10,/get-salt,9,527,1776914651224,7004,5.874,429,0,
smoke,10,/get-salt,9,528,1776914651229,7002,4.31,429,0,
smoke,10,/get-salt,9,529,1776914651233,7008,4.161,429,0,
smoke,10,/get-salt,9,530,1776914651236,7009,3.082,429,0,
smoke,10,/get-salt,9,531,1776914651244,7007,8.642,429,0,
smoke,10,/get-salt,9,532,1776914651250,7005,5.797,429,0,
smoke,10,/get-salt,9,533,1776914651254,7007,3.928,429,0,
smoke,10,/get-salt,9,534,1776914651258,7005,4.047,429,0,
smoke,10,/get-salt,9,535,1776914651263,7001,4.385,429,0,
smoke,10,/get-salt,9,536,1776914651267,7004,3.937,429,0,
smoke,10,/get-salt,9,537,1776914651271,7004,4.614,429,0,
smoke,10,/get-salt,9,538,1776914651275,7001,3.909,429,0,
smoke,10,/get-salt,9,539,1776914651279,7002,3.965,429,0,
smoke,10,/get-salt,9,540,1776914651283,7007,3.671,429,0,
smoke,10,/get-salt,9,541,1776914651288,7002,5.501,429,0,
smoke,10,/get-salt,9,542,1776914651292,7004,4.162,429,0,
smoke,10,/get-salt,9,543,1776914651296,7002,3.74,429,0,
smoke,10,/get-salt,9,544,1776914651300,7003,4.008,429,0,
smoke,10,/get-salt,9,545,1776914651304,7004,3.828,429,0,
smoke,10,/get-salt,9,546,1776914651308,7003,3.823,429,0,
smoke,10,/get-salt,9,547,1776914651315,7001,7.313,429,0,
smoke,10,/get-salt,9,548,1776914651319,7008,4.048,429,0,
smoke,10,/get-salt,9,549,1776914651323,7008,4.226,429,0,
smoke,10,/get-salt,9,550,1776914651327,7009,3.806,429,0,
smoke,10,/get-salt,9,551,1776914651331,7004,4.261,429,0,
smoke,10,/get-salt,9,552,1776914651335,7008,3.636,429,0,
smoke,10,/get-salt,9,553,1776914651338,7004,3.245,429,0,
smoke,10,/get-salt,9,554,1776914651343,7002,4.417,429,0,
smoke,10,/get-salt,9,555,1776914651347,7001,4.37,429,0,
smoke,10,/get-salt,9,556,1776914651351,7005,3.681,429,0,
smoke,10,/get-salt,9,557,1776914651355,7002,4.104,429,0,
smoke,10,/get-salt,9,558,1776914651359,7007,4.178,429,0,
smoke,10,/get-salt,9,559,1776914651363,7005,3.957,429,0,
smoke,10,/get-salt,9,560,1776914651367,7006,3.902,429,0,
smoke,10,/get-salt,9,561,1776914651374,7004,7.266,429,0,
smoke,10,/get-salt,9,562,1776914651378,7009,4.23,429,0,
smoke,10,/get-salt,9,563,1776914651383,7002,4.308,429,0,
smoke,10,/get-salt,9,564,1776914651387,7005,4.652,429,0,
smoke,10,/get-salt,9,565,1776914651391,7010,3.667,429,0,
smoke,10,/get-salt,9,566,1776914651395,7005,4.299,429,0,
smoke,10,/get-salt,9,567,1776914651400,7005,4.16,429,0,
smoke,10,/get-salt,9,568,1776914651404,7009,4.335,429,0,
smoke,10,/get-salt,9,569,1776914651408,7009,3.731,429,0,
smoke,10,/get-salt,9,570,1776914651411,7007,3.811,429,0,
smoke,10,/get-salt,9,571,1776914651415,7006,3.697,429,0,
smoke,10,/get-salt,9,572,1776914651419,7004,4.038,429,0,
smoke,10,/get-salt,9,573,1776914651424,7010,4.439,429,0,
smoke,10,/get-salt,9,574,1776914651427,7006,3.684,429,0,
smoke,10,/get-salt,9,575,1776914651431,7002,3.867,429,0,
smoke,10,/get-salt,9,576,1776914651439,7008,7.943,429,0,
smoke,10,/get-salt,9,577,1776914651443,7006,4.001,429,0,
smoke,10,/get-salt,9,578,1776914651447,7010,3.868,429,0,
smoke,10,/get-salt,9,579,1776914651451,7001,4.003,429,0,
smoke,10,/get-salt,9,580,1776914651455,7002,3.952,429,0,
smoke,10,/get-salt,9,581,1776914651459,7009,3.724,429,0,
smoke,10,/get-salt,9,582,1776914651464,7007,4.794,429,0,
smoke,10,/get-salt,9,583,1776914651467,7005,3.428,429,0,
smoke,10,/get-salt,9,584,1776914651471,7004,3.699,429,0,
smoke,10,/get-salt,9,585,1776914651475,7010,4.125,429,0,
smoke,10,/get-salt,9,586,1776914651478,7004,3.601,429,0,
smoke,10,/get-salt,9,587,1776914651482,7001,4.047,429,0,
smoke,10,/get-salt,9,588,1776914651486,7008,3.686,429,0,
smoke,10,/get-salt,9,589,1776914651490,7003,3.989,429,0,
smoke,10,/get-salt,9,590,1776914651494,7004,3.748,429,0,
smoke,10,/get-salt,9,591,1776914651501,7006,7.071,429,0,
smoke,10,/get-salt,9,592,1776914651504,7010,2.965,429,0,
smoke,10,/get-salt,9,593,1776914651507,7002,3.555,429,0,
smoke,10,/get-salt,9,594,1776914651511,7010,3.965,429,0,
smoke,10,/get-salt,9,595,1776914651515,7003,3.426,429,0,
smoke,10,/get-salt,9,596,1776914651518,7002,3.56,429,0,
smoke,10,/get-salt,9,597,1776914651522,7002,3.298,429,0,
smoke,10,/get-salt,9,598,1776914651525,7010,3.572,429,0,
smoke,10,/get-salt,9,599,1776914651529,7004,3.685,429,0,
smoke,10,/get-salt,9,600,1776914651533,7009,3.905,429,0,
smoke,10,/get-salt,9,601,1776914651537,7009,3.799,429,0,
smoke,10,/get-salt,9,602,1776914651541,7006,4.122,429,0,
smoke,10,/get-salt,9,603,1776914651545,7005,4.114,429,0,
smoke,10,/get-salt,9,604,1776914651550,7006,4.794,429,0,
smoke,10,/get-salt,9,605,1776914651554,7002,3.822,429,0,
smoke,10,/get-salt,9,606,1776914651561,7001,7.257,429,0,
smoke,10,/get-salt,9,607,1776914651564,7007,3.634,429,0,
smoke,10,/get-salt,9,608,1776914651568,7006,3.841,429,0,
smoke,10,/get-salt,9,609,1776914651572,7009,3.433,429,0,
smoke,10,/get-salt,9,610,1776914651577,7008,5.149,429,0,
smoke,10,/get-salt,9,611,1776914651581,7009,4.235,429,0,
smoke,10,/get-salt,9,612,1776914651585,7006,3.792,429,0,
smoke,10,/get-salt,9,613,1776914651589,7004,4.101,429,0,
smoke,10,/get-salt,9,614,1776914651592,7005,3.293,429,0,
smoke,10,/get-salt,9,615,1776914651596,7005,3.847,429,0,
smoke,10,/get-salt,9,616,1776914651600,7005,3.597,429,0,
smoke,10,/get-salt,9,617,1776914651603,7001,3.151,429,0,
smoke,10,/get-salt,9,618,1776914651607,7002,3.95,429,0,
smoke,10,/get-salt,9,619,1776914651611,7008,3.885,429,0,
smoke,10,/get-salt,9,620,1776914651619,7001,7.974,429,0,
smoke,10,/get-salt,9,621,1776914651623,7007,3.841,429,0,
smoke,10,/get-salt,9,622,1776914651627,7005,4.137,429,0,
smoke,10,/get-salt,9,623,1776914651630,7003,3.645,429,0,
smoke,10,/get-salt,9,624,1776914651634,7010,3.955,429,0,
smoke,10,/get-salt,9,625,1776914651638,7003,4.063,429,0,
smoke,10,/get-salt,9,626,1776914651642,7001,3.912,429,0,
smoke,10,/get-salt,9,627,1776914651646,7001,3.367,429,0,
smoke,10,/get-salt,9,628,1776914651650,7003,3.793,429,0,
smoke,10,/get-salt,9,629,1776914651653,7007,3.447,429,0,
smoke,10,/get-salt,9,630,1776914651656,7004,2.748,429,0,
smoke,10,/get-salt,9,631,1776914651659,7010,3.597,429,0,
smoke,10,/get-salt,9,632,1776914651663,7003,4.158,429,0,
smoke,10,/get-salt,9,633,1776914651667,7008,3.252,429,0,
smoke,10,/get-salt,9,634,1776914651670,7010,3.302,429,0,
smoke,10,/get-salt,9,635,1776914651678,7001,7.876,429,0,
smoke,10,/get-salt,9,636,1776914651682,7006,4.201,429,0,
smoke,10,/get-salt,9,637,1776914651686,7006,4.012,429,0,
smoke,10,/get-salt,9,638,1776914651690,7005,4.148,429,0,
smoke,10,/get-salt,9,639,1776914651694,7008,4.177,429,0,
smoke,10,/get-salt,9,640,1776914651699,7007,4.073,429,0,
smoke,10,/get-salt,9,641,1776914651703,7009,4.009,429,0,
smoke,10,/get-salt,9,642,1776914651706,7007,3.608,429,0,
smoke,10,/get-salt,9,643,1776914651711,7005,4.494,429,0,
smoke,10,/get-salt,9,644,1776914651714,7008,3.804,429,0,
smoke,10,/get-salt,9,645,1776914651722,7009,7.785,429,0,
smoke,10,/get-salt,9,646,1776914651731,7009,9.077,429,0,
smoke,10,/get-salt,9,647,1776914651735,7002,3.886,429,0,
smoke,10,/get-salt,9,648,1776914651739,7006,3.677,429,0,
smoke,10,/get-salt,9,649,1776914651743,7003,3.875,429,0,
smoke,10,/get-salt,9,650,1776914651746,7009,3.462,429,0,
smoke,10,/get-salt,9,651,1776914651750,7008,3.401,429,0,
smoke,10,/get-salt,9,652,1776914651754,7010,4.199,429,0,
smoke,10,/get-salt,9,653,1776914651758,7009,3.865,429,0,
smoke,10,/get-salt,9,654,1776914651762,7001,4.525,429,0,
smoke,10,/get-salt,9,655,1776914651766,7003,3.695,429,0,
smoke,10,/get-salt,9,656,1776914651770,7001,3.987,429,0,
smoke,10,/get-salt,9,657,1776914651774,7009,3.748,429,0,
smoke,10,/get-salt,9,658,1776914651777,7007,3.696,429,0,
smoke,10,/get-salt,9,659,1776914651782,7006,4.221,429,0,
smoke,10,/get-salt,9,660,1776914651786,7008,4.091,429,0,
smoke,10,/get-salt,9,661,1776914651790,7005,4.569,429,0,
smoke,10,/get-salt,9,662,1776914651794,7008,3.419,429,0,
smoke,10,/get-salt,9,663,1776914651797,7010,2.782,429,0,
smoke,10,/get-salt,9,664,1776914651800,7008,3.602,429,0,
smoke,10,/get-salt,9,665,1776914651804,7006,3.407,429,0,
smoke,10,/get-salt,9,666,1776914651811,7001,7.773,429,0,
smoke,10,/get-salt,9,667,1776914651816,7002,4.276,429,0,
smoke,10,/get-salt,9,668,1776914651819,7002,3.722,429,0,
smoke,10,/get-salt,9,669,1776914651824,7010,4.354,429,0,
smoke,10,/get-salt,9,670,1776914651827,7008,3.802,429,0,
smoke,10,/get-salt,9,671,1776914651832,7010,4.037,429,0,
smoke,10,/get-salt,9,672,1776914651836,7006,4.001,429,0,
smoke,10,/get-salt,9,673,1776914651839,7003,3.701,429,0,
smoke,10,/get-salt,9,674,1776914651846,7001,6.791,429,0,
smoke,10,/get-salt,9,675,1776914651848,7003,2.135,429,0,
smoke,10,/get-salt,9,676,1776914651852,7009,3.941,429,0,
smoke,10,/get-salt,9,677,1776914651856,7007,4.021,429,0,
smoke,10,/get-salt,9,678,1776914651860,7001,3.963,429,0,
smoke,10,/get-salt,9,679,1776914651864,7004,3.676,429,0,
smoke,10,/get-salt,9,680,1776914651868,7001,4.182,429,0,
smoke,10,/get-salt,9,681,1776914651876,7006,7.872,429,0,
smoke,10,/get-salt,9,682,1776914651879,7002,3.571,429,0,
smoke,10,/get-salt,9,683,1776914651883,7004,3.949,429,0,
smoke,10,/get-salt,9,684,1776914651887,7003,3.335,429,0,
smoke,10,/get-salt,9,685,1776914651890,7005,3.452,429,0,
smoke,10,/get-salt,9,686,1776914651895,7004,5.084,429,0,
smoke,10,/get-salt,9,687,1776914651899,7001,4.121,429,0,
smoke,10,/get-salt,9,688,1776914651903,7009,3.98,429,0,
smoke,10,/get-salt,9,689,1776914651907,7008,3.776,429,0,
smoke,10,/get-salt,9,690,1776914651911,7003,4.303,429,0,
smoke,10,/get-salt,9,691,1776914651916,7010,4.267,429,0,
smoke,10,/get-salt,9,692,1776914651920,7005,4.095,429,0,
smoke,10,/get-salt,9,693,1776914651923,7002,3.659,429,0,
smoke,10,/get-salt,9,694,1776914651927,7010,3.146,429,0,
smoke,10,/get-salt,9,695,1776914651931,7010,4.038,429,0,
smoke,10,/get-salt,9,696,1776914651938,7006,7.596,429,0,
smoke,10,/get-salt,9,697,1776914651942,7010,4.034,429,0,
smoke,10,/get-salt,9,698,1776914651946,7010,3.688,429,0,
smoke,10,/get-salt,9,699,1776914651950,7008,4.234,429,0,
smoke,10,/get-salt,9,700,1776914651955,7009,5.221,429,0,
smoke,10,/get-salt,9,701,1776914651960,7009,4.435,429,0,
smoke,10,/get-salt,9,702,1776914651964,7007,3.678,429,0,
smoke,10,/get-salt,9,703,1776914651968,7003,4.045,429,0,
smoke,10,/get-salt,9,704,1776914651972,7008,4.169,429,0,
smoke,10,/get-salt,9,705,1776914651976,7010,4.642,429,0,
smoke,10,/get-salt,9,706,1776914651981,7009,4.204,429,0,
smoke,10,/get-salt,9,707,1776914651985,7002,4.557,429,0,
smoke,10,/get-salt,9,708,1776914651989,7001,4.019,429,0,
smoke,10,/get-salt,9,709,1776914651992,7007,3.241,429,0,
smoke,10,/get-salt,9,710,1776914651997,7005,4.289,429,0,
smoke,10,/get-salt,9,711,1776914652004,7005,7.573,429,0,
smoke,10,/get-salt,9,712,1776914652008,7003,3.895,429,0,
smoke,10,/get-salt,9,713,1776914652012,7008,4.093,429,0,
smoke,10,/get-salt,9,714,1776914652016,7002,3.944,429,0,
smoke,10,/get-salt,9,715,1776914652021,7002,4.481,429,0,
smoke,10,/get-salt,9,716,1776914652025,7001,3.785,429,0,
smoke,10,/get-salt,9,717,1776914652029,7007,4.727,429,0,
smoke,10,/get-salt,9,718,1776914652035,7001,5.204,429,0,
smoke,10,/get-salt,9,719,1776914652038,7006,3.937,429,0,
smoke,10,/get-salt,9,720,1776914652043,7005,4.617,429,0,
smoke,10,/get-salt,9,721,1776914652047,7003,3.819,429,0,
smoke,10,/get-salt,9,722,1776914652051,7010,3.755,429,0,
smoke,10,/get-salt,9,723,1776914652055,7006,4.652,429,0,
smoke,10,/get-salt,9,724,1776914652059,7002,4.178,429,0,
smoke,10,/get-salt,9,725,1776914652063,7003,3.773,429,0,
smoke,10,/get-salt,9,726,1776914652071,7003,7.544,429,0,
smoke,10,/get-salt,9,727,1776914652074,7004,3.478,429,0,
smoke,10,/get-salt,9,728,1776914652079,7001,4.527,429,0,
smoke,10,/get-salt,9,729,1776914652082,7001,3.53,429,0,
smoke,10,/get-salt,9,730,1776914652086,7010,3.998,429,0,
smoke,10,/get-salt,9,731,1776914652090,7001,3.891,429,0,
smoke,10,/get-salt,9,732,1776914652094,7004,3.732,429,0,
smoke,10,/get-salt,9,733,1776914652099,7007,4.803,429,0,
smoke,10,/get-salt,9,734,1776914652103,7010,4.495,429,0,
smoke,10,/get-salt,9,735,1776914652107,7009,3.586,429,0,
smoke,10,/get-salt,9,736,1776914652111,7004,4.016,429,0,
smoke,10,/get-salt,9,737,1776914652115,7001,3.861,429,0,
smoke,10,/get-salt,9,738,1776914652119,7009,4.014,429,0,
smoke,10,/get-salt,9,739,1776914652122,7010,3.596,429,0,
smoke,10,/get-salt,9,740,1776914652126,7007,3.638,429,0,
smoke,10,/get-salt,9,741,1776914652133,7005,7.424,429,0,
smoke,10,/get-salt,9,742,1776914652137,7006,3.687,429,0,
smoke,10,/get-salt,9,743,1776914652141,7009,4.286,429,0,
smoke,10,/get-salt,9,744,1776914652145,7010,4.043,429,0,
smoke,10,/get-salt,9,745,1776914652150,7006,4.074,429,0,
smoke,10,/get-salt,9,746,1776914652154,7009,4.331,429,0,
smoke,10,/get-salt,9,747,1776914652158,7006,3.913,429,0,
smoke,10,/get-salt,9,748,1776914652162,7003,3.933,429,0,
smoke,10,/get-salt,9,749,1776914652165,7007,3.491,429,0,
smoke,10,/get-salt,9,750,1776914652169,7010,3.875,429,0,
smoke,10,/get-salt,9,751,1776914652174,7009,4.649,429,0,
smoke,10,/get-salt,9,752,1776914652178,7003,4.209,429,0,
smoke,10,/get-salt,9,753,1776914652182,7007,3.841,429,0,
smoke,10,/get-salt,9,754,1776914652186,7006,3.931,429,0,
smoke,10,/get-salt,9,755,1776914652194,7006,8.423,429,0,
smoke,10,/get-salt,9,756,1776914652198,7001,4.054,429,0,
smoke,10,/get-salt,9,757,1776914652203,7009,4.276,429,0,
smoke,10,/get-salt,9,758,1776914652206,7007,3.761,429,0,
smoke,10,/get-salt,9,759,1776914652210,7001,3.718,429,0,
smoke,10,/get-salt,9,760,1776914652214,7004,3.748,429,0,
smoke,10,/get-salt,9,761,1776914652218,7004,3.795,429,0,
smoke,10,/get-salt,9,762,1776914652221,7010,3.661,429,0,
smoke,10,/get-salt,9,763,1776914652225,7005,3.846,429,0,
smoke,10,/get-salt,9,764,1776914652229,7008,3.442,429,0,
smoke,10,/get-salt,9,765,1776914652233,7003,4.039,429,0,
smoke,10,/get-salt,9,766,1776914652236,7002,2.933,429,0,
smoke,10,/get-salt,9,767,1776914652239,7005,3.299,429,0,
smoke,10,/get-salt,9,768,1776914652244,7001,5.16,429,0,
smoke,10,/get-salt,9,769,1776914652248,7007,3.809,429,0,
smoke,10,/get-salt,9,770,1776914652255,7008,6.886,429,0,
smoke,10,/get-salt,9,771,1776914652258,7010,3.472,429,0,
smoke,10,/get-salt,9,772,1776914652262,7006,3.993,429,0,
smoke,10,/get-salt,9,773,1776914652267,7001,4.566,429,0,
smoke,10,/get-salt,9,774,1776914652272,7008,4.813,429,0,
smoke,10,/get-salt,9,775,1776914652277,7007,5.212,429,0,
smoke,10,/get-salt,9,776,1776914652281,7001,3.896,429,0,
smoke,10,/get-salt,9,777,1776914652285,7008,4.101,429,0,
smoke,10,/get-salt,9,778,1776914652290,7004,5.212,429,0,
smoke,10,/get-salt,9,779,1776914652294,7006,4.273,429,0,
smoke,10,/get-salt,9,780,1776914652298,7002,3.987,429,0,
smoke,10,/get-salt,9,781,1776914652302,7005,3.872,429,0,
smoke,10,/get-salt,9,782,1776914652306,7005,3.926,429,0,
smoke,10,/get-salt,9,783,1776914652310,7004,3.489,429,0,
smoke,10,/get-salt,9,784,1776914652313,7004,3.703,429,0,
smoke,10,/get-salt,9,785,1776914652317,7009,4.043,429,0,
smoke,10,/get-salt,9,786,1776914652324,7010,6.994,429,0,
smoke,10,/get-salt,9,787,1776914652328,7001,3.813,429,0,
smoke,10,/get-salt,9,788,1776914652332,7006,4.047,429,0,
smoke,10,/get-salt,9,789,1776914652336,7010,3.511,429,0,
smoke,10,/get-salt,9,790,1776914652339,7009,3.269,429,0,
smoke,10,/get-salt,9,791,1776914652346,7005,7.29,429,0,
smoke,10,/get-salt,9,792,1776914652356,7010,9.389,429,0,
smoke,10,/get-salt,9,793,1776914652360,7002,4.648,429,0,
smoke,10,/get-salt,9,794,1776914652366,7002,5.237,429,0,
smoke,10,/get-salt,9,795,1776914652370,7002,4.751,429,0,
smoke,10,/get-salt,9,796,1776914652376,7009,5.241,429,0,
smoke,10,/get-salt,9,797,1776914652379,7004,3.476,429,0,
smoke,10,/get-salt,9,798,1776914652383,7001,3.577,429,0,
smoke,10,/get-salt,9,799,1776914652387,7006,4.354,429,0,
smoke,10,/get-salt,9,800,1776914652391,7010,4.22,429,0,
smoke,10,/get-salt,9,801,1776914652395,7007,3.791,429,0,
smoke,10,/get-salt,9,802,1776914652398,7005,3.089,429,0,
smoke,10,/get-salt,9,803,1776914652402,7005,3.709,429,0,
smoke,10,/get-salt,9,804,1776914652406,7007,4.272,429,0,
smoke,10,/get-salt,9,805,1776914652410,7007,3.919,429,0,
smoke,10,/get-salt,9,806,1776914652414,7009,4.2,429,0,
smoke,10,/get-salt,9,807,1776914652418,7004,4.207,429,0,
smoke,10,/get-salt,9,808,1776914652422,7001,3.743,429,0,
smoke,10,/get-salt,9,809,1776914652426,7003,3.838,429,0,
smoke,10,/get-salt,9,810,1776914652430,7003,3.567,429,0,
smoke,10,/get-salt,9,811,1776914652433,7003,3.128,429,0,
smoke,10,/get-salt,9,812,1776914652439,7004,6.683,429,0,
smoke,10,/get-salt,9,813,1776914652444,7003,4.282,429,0,
smoke,10,/get-salt,9,814,1776914652448,7009,4.216,429,0,
smoke,10,/get-salt,9,815,1776914652452,7002,4.417,429,0,
smoke,10,/get-salt,9,816,1776914652456,7010,3.837,429,0,
smoke,10,/get-salt,9,817,1776914652460,7001,4.361,429,0,
smoke,10,/get-salt,9,818,1776914652464,7001,3.744,429,0,
smoke,10,/get-salt,9,819,1776914652468,7009,3.506,429,0,
smoke,10,/get-salt,9,820,1776914652472,7004,4.718,429,0,
smoke,10,/get-salt,9,821,1776914652478,7008,5.717,429,0,
smoke,10,/get-salt,9,822,1776914652482,7004,3.585,429,0,
smoke,10,/get-salt,9,823,1776914652485,7006,3.337,429,0,
smoke,10,/get-salt,9,824,1776914652488,7003,3.358,429,0,
smoke,10,/get-salt,9,825,1776914652495,7003,6.964,429,0,
smoke,10,/get-salt,9,826,1776914652500,7008,4.364,429,0,
smoke,10,/get-salt,9,827,1776914652504,7002,3.952,429,0,
smoke,10,/get-salt,9,828,1776914652508,7003,3.801,429,0,
smoke,10,/get-salt,9,829,1776914652511,7003,3.811,429,0,
smoke,10,/get-salt,9,830,1776914652514,7006,3.001,429,0,
smoke,10,/get-salt,9,831,1776914652517,7002,3.03,429,0,
smoke,10,/get-salt,9,832,1776914652522,7007,4.203,429,0,
smoke,10,/get-salt,9,833,1776914652526,7009,4.035,429,0,
smoke,10,/get-salt,9,834,1776914652530,7001,4.28,429,0,
smoke,10,/get-salt,9,835,1776914652533,7009,3.463,429,0,
smoke,10,/get-salt,9,836,1776914652538,7006,4.361,429,0,
smoke,10,/get-salt,9,837,1776914652542,7010,4.175,429,0,
smoke,10,/get-salt,9,838,1776914652546,7003,3.838,429,0,
smoke,10,/get-salt,9,839,1776914652550,7004,4.439,429,0,
smoke,10,/get-salt,9,840,1776914652554,7010,3.571,429,0,
smoke,10,/get-salt,9,841,1776914652563,7001,9.031,429,0,
smoke,10,/get-salt,9,842,1776914652568,7010,4.691,429,0,
smoke,10,/get-salt,9,843,1776914652573,7006,5.119,429,0,
smoke,10,/get-salt,9,844,1776914652578,7009,5.115,429,0,
smoke,10,/get-salt,9,845,1776914652581,7006,3.585,429,0,
smoke,10,/get-salt,9,846,1776914652585,7009,3.361,429,0,
smoke,10,/get-salt,9,847,1776914652588,7003,2.959,429,0,
smoke,10,/get-salt,9,848,1776914652592,7009,3.783,429,0,
smoke,10,/get-salt,9,849,1776914652595,7004,3.846,429,0,
smoke,10,/get-salt,9,850,1776914652601,7001,5.205,429,0,
smoke,10,/get-salt,9,851,1776914652606,7010,4.983,429,0,
smoke,10,/get-salt,9,852,1776914652609,7002,3.329,429,0,
smoke,10,/get-salt,9,853,1776914652612,7006,3.473,429,0,
smoke,10,/get-salt,9,854,1776914652616,7006,3.63,429,0,
smoke,10,/get-salt,9,855,1776914652620,7006,3.636,429,0,
smoke,10,/get-salt,9,856,1776914652627,7009,7.129,429,0,
smoke,10,/get-salt,9,857,1776914652631,7004,3.815,429,0,
smoke,10,/get-salt,9,858,1776914652635,7005,3.924,429,0,
smoke,10,/get-salt,9,859,1776914652638,7003,3.317,429,0,
smoke,10,/get-salt,9,860,1776914652642,7001,4.259,429,0,
smoke,10,/get-salt,9,861,1776914652646,7007,3.587,429,0,
smoke,10,/get-salt,9,862,1776914652649,7006,3.68,429,0,
smoke,10,/get-salt,9,863,1776914652654,7005,4.298,429,0,
smoke,10,/get-salt,9,864,1776914652658,7004,3.84,429,0,
smoke,10,/get-salt,9,865,1776914652661,7010,3.504,429,0,
smoke,10,/get-salt,9,866,1776914652664,7001,3.363,429,0,
smoke,10,/get-salt,9,867,1776914652668,7008,3.75,429,0,
smoke,10,/get-salt,9,868,1776914652672,7003,3.806,429,0,
smoke,10,/get-salt,9,869,1776914652676,7006,4.371,429,0,
smoke,10,/get-salt,9,870,1776914652679,7002,2.887,429,0,
smoke,10,/get-salt,9,871,1776914652688,7002,8.425,429,0,
smoke,10,/get-salt,9,872,1776914652691,7001,3.719,429,0,
smoke,10,/get-salt,9,873,1776914652695,7001,3.855,429,0,
smoke,10,/get-salt,9,874,1776914652700,7005,4.304,429,0,
smoke,10,/get-salt,9,875,1776914652704,7007,4.032,429,0,
smoke,10,/get-salt,9,876,1776914652707,7006,3.605,429,0,
smoke,10,/get-salt,9,877,1776914652710,7005,3.262,429,0,
smoke,10,/get-salt,9,878,1776914652714,7006,3.474,429,0,
smoke,10,/get-salt,9,879,1776914652719,7002,5.144,429,0,
smoke,10,/get-salt,9,880,1776914652723,7004,4.292,429,0,
smoke,10,/get-salt,9,881,1776914652727,7006,3.726,429,0,
smoke,10,/get-salt,9,882,1776914652732,7005,4.685,429,0,
smoke,10,/get-salt,9,883,1776914652735,7001,3.53,429,0,
smoke,10,/get-salt,9,884,1776914652739,7009,3.871,429,0,
smoke,10,/get-salt,9,885,1776914652744,7005,4.312,429,0,
smoke,10,/get-salt,9,886,1776914652747,7007,3.655,429,0,
smoke,10,/get-salt,9,887,1776914652754,7010,7.199,429,0,
smoke,10,/get-salt,9,888,1776914652758,7008,3.911,429,0,
smoke,10,/get-salt,9,889,1776914652762,7005,3.749,429,0,
smoke,10,/get-salt,9,890,1776914652766,7007,3.764,429,0,
smoke,10,/get-salt,9,891,1776914652770,7008,3.926,429,0,
smoke,10,/get-salt,9,892,1776914652774,7009,3.949,429,0,
smoke,10,/get-salt,9,893,1776914652778,7007,4.072,429,0,
smoke,10,/get-salt,9,894,1776914652782,7009,4.014,429,0,
smoke,10,/get-salt,9,895,1776914652789,7005,7.08,429,0,
smoke,10,/get-salt,9,896,1776914652793,7005,4.063,429,0,
smoke,10,/get-salt,9,897,1776914652796,7002,3.409,429,0,
smoke,10,/get-salt,9,898,1776914652800,7007,4.012,429,0,
smoke,10,/get-salt,9,899,1776914652804,7006,3.849,429,0,
smoke,10,/get-salt,9,900,1776914652808,7007,3.495,429,0,
smoke,10,/get-salt,9,901,1776914652815,7001,7.344,429,0,
smoke,10,/get-salt,9,902,1776914652819,7004,3.6,429,0,
smoke,10,/get-salt,9,903,1776914652823,7002,3.826,429,0,
smoke,10,/get-salt,9,904,1776914652826,7004,3.552,429,0,
smoke,10,/get-salt,9,905,1776914652830,7005,3.73,429,0,
smoke,10,/get-salt,9,906,1776914652834,7009,4.151,429,0,
smoke,10,/get-salt,9,907,1776914652838,7003,4.171,429,0,
smoke,10,/get-salt,9,908,1776914652842,7008,4.342,429,0,
smoke,10,/get-salt,9,909,1776914652846,7003,3.802,429,0,
smoke,10,/get-salt,9,910,1776914652850,7003,3.309,429,0,
smoke,10,/get-salt,9,911,1776914652853,7003,3.707,429,0,
smoke,10,/get-salt,9,912,1776914652857,7002,4.112,429,0,
smoke,10,/get-salt,9,913,1776914652861,7005,3.585,429,0,
smoke,10,/get-salt,9,914,1776914652865,7002,3.512,429,0,
smoke,10,/get-salt,9,915,1776914652875,7010,10.219,429,0,
smoke,10,/get-salt,9,916,1776914652878,7001,3.57,429,0,
smoke,10,/get-salt,9,917,1776914652882,7009,3.486,429,0,
smoke,10,/get-salt,9,918,1776914652885,7005,2.899,429,0,
smoke,10,/get-salt,9,919,1776914652889,7005,3.89,429,0,
smoke,10,/get-salt,9,920,1776914652893,7004,4.119,429,0,
smoke,10,/get-salt,9,921,1776914652897,7005,3.78,429,0,
smoke,10,/get-salt,9,922,1776914652901,7006,4.218,429,0,
smoke,10,/get-salt,9,923,1776914652905,7003,3.987,429,0,
smoke,10,/get-salt,9,924,1776914652909,7009,3.928,429,0,
smoke,10,/get-salt,9,925,1776914652913,7007,4.805,429,0,
smoke,10,/get-salt,9,926,1776914652918,7005,4.103,429,0,
smoke,10,/get-salt,9,927,1776914652922,7008,4.215,429,0,
smoke,10,/get-salt,9,928,1776914652927,7002,4.917,429,0,
smoke,10,/get-salt,9,929,1776914652931,7007,3.938,429,0,
smoke,10,/get-salt,9,930,1776914652942,7010,11.718,429,0,
smoke,10,/get-salt,9,931,1776914652947,7004,4.15,429,0,
smoke,10,/get-salt,9,932,1776914652951,7003,4.059,429,0,
smoke,10,/get-salt,9,933,1776914652955,7005,3.946,429,0,
smoke,10,/get-salt,9,934,1776914652958,7007,3.777,429,0,
smoke,10,/get-salt,9,935,1776914652963,7003,4.364,429,0,
smoke,10,/get-salt,9,936,1776914652966,7003,3.755,429,0,
smoke,10,/get-salt,9,937,1776914652970,7010,3.948,429,0,
smoke,10,/get-salt,9,938,1776914652975,7008,4.315,429,0,
smoke,10,/get-salt,9,939,1776914652978,7005,3.7,429,0,
smoke,10,/get-salt,9,940,1776914652982,7005,3.209,429,0,
smoke,10,/get-salt,9,941,1776914652987,7006,5.121,429,0,
smoke,10,/get-salt,9,942,1776914652990,7006,3.709,429,0,
smoke,10,/get-salt,9,943,1776914652995,7002,4.05,429,0,
smoke,10,/get-salt,9,944,1776914652998,7009,3.796,429,0,
smoke,10,/get-salt,9,945,1776914653008,7001,9.526,429,0,
smoke,10,/get-salt,9,946,1776914653018,7005,9.782,429,0,
smoke,10,/get-salt,9,947,1776914653026,7007,8.615,429,0,
smoke,10,/get-salt,9,948,1776914653030,7003,4.001,429,0,
smoke,10,/get-salt,9,949,1776914653034,7007,4.015,429,0,
smoke,10,/get-salt,9,950,1776914653038,7009,4.044,429,0,
smoke,10,/get-salt,9,951,1776914653043,7005,4.289,429,0,
smoke,10,/get-salt,9,952,1776914653047,7010,4.747,429,0,
smoke,10,/get-salt,9,953,1776914653053,7010,5.701,429,0,
smoke,10,/get-salt,9,954,1776914653057,7003,3.97,429,0,
smoke,10,/get-salt,9,955,1776914653063,7003,5.762,429,0,
smoke,10,/get-salt,9,956,1776914653070,7002,7.484,429,0,
smoke,10,/get-salt,9,957,1776914653076,7005,5.852,429,0,
smoke,10,/get-salt,9,958,1776914653081,7008,4.389,429,0,
smoke,10,/get-salt,9,959,1776914653084,7001,3.869,429,0,
smoke,10,/get-salt,9,960,1776914653089,7008,4.283,429,0,
smoke,10,/get-salt,9,961,1776914653094,7003,5.189,429,0,
smoke,10,/get-salt,9,962,1776914653097,7001,3.296,429,0,
smoke,10,/get-salt,9,963,1776914653102,7007,4.593,429,0,
smoke,10,/get-salt,9,964,1776914653105,7006,3.498,429,0,
smoke,10,/get-salt,9,965,1776914653111,7005,5.278,429,0,
smoke,10,/get-salt,9,966,1776914653117,7006,6.697,429,0,
smoke,10,/get-salt,9,967,1776914653121,7007,4.01,429,0,
smoke,10,/get-salt,9,968,1776914653125,7009,3.838,429,0,
smoke,10,/get-salt,9,969,1776914653129,7005,3.894,429,0,
smoke,10,/get-salt,9,970,1776914653133,7009,3.93,429,0,
smoke,10,/get-salt,9,971,1776914653137,7008,3.746,429,0,
smoke,10,/get-salt,9,972,1776914653142,7005,5.062,429,0,
smoke,10,/get-salt,9,973,1776914653147,7002,5.33,429,0,
smoke,10,/get-salt,9,974,1776914653154,7004,6.878,429,0,
smoke,10,/get-salt,9,975,1776914653158,7005,4.497,429,0,
smoke,10,/get-salt,9,976,1776914653163,7005,4.738,429,0,
smoke,10,/get-salt,9,977,1776914653167,7004,3.767,429,0,
smoke,10,/get-salt,9,978,1776914653171,7009,4.17,429,0,
smoke,10,/get-salt,9,979,1776914653181,7003,10.135,429,0,
smoke,10,/get-salt,9,980,1776914653185,7001,3.227,429,0,
smoke,10,/get-salt,9,981,1776914653187,7006,2.279,429,0,
smoke,10,/get-salt,9,982,1776914653191,7007,4.537,429,0,
smoke,10,/get-salt,9,983,1776914653197,7001,5.518,429,0,
smoke,10,/get-salt,9,984,1776914653201,7006,4.417,429,0,
smoke,10,/get-salt,9,985,1776914653206,7002,4.43,429,0,
smoke,10,/get-salt,9,986,1776914653209,7003,3.12,429,0,
smoke,10,/get-salt,9,987,1776914653213,7001,4.619,429,0,
smoke,10,/get-salt,9,988,1776914653217,7001,3.432,429,0,
smoke,10,/get-salt,9,989,1776914653221,7009,4.261,429,0,
smoke,10,/get-salt,9,990,1776914653225,7007,3.965,429,0,
smoke,10,/get-salt,9,991,1776914653228,7010,3.277,429,0,
smoke,10,/get-salt,9,992,1776914653233,7010,4.257,429,0,
smoke,10,/get-salt,9,993,1776914653238,7002,4.929,429,0,
smoke,10,/get-salt,9,994,1776914653241,7002,3.587,429,0,
smoke,10,/get-salt,9,995,1776914653249,7003,7.822,429,0,
smoke,10,/get-salt,9,996,1776914653253,7006,3.691,429,0,
smoke,10,/get-salt,9,997,1776914653256,7002,3.457,429,0,
smoke,10,/get-salt,9,998,1776914653260,7005,3.729,429,0,
smoke,10,/get-salt,9,999,1776914653264,7007,3.555,429,0,
smoke,10,/get-salt,9,1000,1776914653267,7010,3.556,429,0,
smoke,10,/get-salt,9,1001,1776914653271,7002,4.362,429,0,
smoke,10,/get-salt,9,1002,1776914653276,7005,4.613,429,0,
smoke,10,/get-salt,9,1003,1776914653279,7008,3.4,429,0,
smoke,10,/get-salt,9,1004,1776914653284,7010,4.308,429,0,
smoke,10,/get-salt,9,1005,1776914653288,7005,4.147,429,0,
smoke,10,/get-salt,9,1006,1776914653292,7003,3.889,429,0,
smoke,10,/get-salt,9,1007,1776914653295,7003,3.526,429,0,
smoke,10,/get-salt,9,1008,1776914653300,7007,5.072,429,0,
smoke,10,/get-salt,9,1009,1776914653304,7006,3.234,429,0,
smoke,10,/get-salt,9,1010,1776914653311,7003,7.07,429,0,
smoke,10,/get-salt,9,1011,1776914653314,7001,3.541,429,0,
smoke,10,/get-salt,9,1012,1776914653318,7008,4.188,429,0,
smoke,10,/get-salt,9,1013,1776914653322,7010,3.985,429,0,
smoke,10,/get-salt,9,1014,1776914653326,7006,3.203,429,0,
smoke,10,/get-salt,9,1015,1776914653329,7007,3.741,429,0,
smoke,10,/get-salt,9,1016,1776914653333,7010,3.434,429,0,
smoke,10,/get-salt,9,1017,1776914653336,7007,3.422,429,0,
smoke,10,/get-salt,9,1018,1776914653340,7005,4.077,429,0,
smoke,10,/get-salt,9,1019,1776914653344,7006,3.845,429,0,
smoke,10,/get-salt,9,1020,1776914653348,7002,3.426,429,0,
smoke,10,/get-salt,9,1021,1776914653351,7009,3.437,429,0,
smoke,10,/get-salt,9,1022,1776914653355,7010,3.558,429,0,
smoke,10,/get-salt,9,1023,1776914653358,7004,3.838,429,0,
smoke,10,/get-salt,9,1024,1776914653362,7002,3.946,429,0,
smoke,10,/get-salt,9,1025,1776914653370,7004,7.531,429,0,
smoke,10,/get-salt,9,1026,1776914653373,7008,3.453,429,0,
smoke,10,/get-salt,9,1027,1776914653377,7004,3.522,429,0,
smoke,10,/get-salt,9,1028,1776914653381,7009,4.233,429,0,
smoke,10,/get-salt,9,1029,1776914653385,7004,3.636,429,0,
smoke,10,/get-salt,9,1030,1776914653389,7010,3.838,429,0,
smoke,10,/get-salt,9,1031,1776914653392,7001,3.304,429,0,
smoke,10,/get-salt,9,1032,1776914653397,7006,4.915,429,0,
smoke,10,/get-salt,9,1033,1776914653401,7006,3.994,429,0,
smoke,10,/get-salt,9,1034,1776914653405,7010,4.25,429,0,
smoke,10,/get-salt,9,1035,1776914653409,7005,3.537,429,0,
smoke,10,/get-salt,9,1036,1776914653413,7007,3.92,429,0,
smoke,10,/get-salt,9,1037,1776914653417,7004,3.943,429,0,
smoke,10,/get-salt,9,1038,1776914653420,7004,3.019,429,0,
smoke,10,/get-salt,9,1039,1776914653422,7002,2.917,429,0,
smoke,10,/get-salt,9,1040,1776914653428,7002,5.88,429,0,
smoke,10,/get-salt,9,1041,1776914653431,7010,2.96,429,0,
smoke,10,/get-salt,9,1042,1776914653434,7002,2.984,429,0,
smoke,10,/get-salt,9,1043,1776914653438,7002,4.091,429,0,
smoke,10,/get-salt,9,1044,1776914653442,7002,3.541,429,0,
smoke,10,/get-salt,9,1045,1776914653445,7004,3.41,429,0,
smoke,10,/get-salt,9,1046,1776914653449,7009,4.119,429,0,
smoke,10,/get-salt,9,1047,1776914653454,7006,4.651,429,0,
smoke,10,/get-salt,9,1048,1776914653465,7008,11.021,429,0,
smoke,10,/get-salt,9,1049,1776914653470,7005,4.577,429,0,
smoke,10,/get-salt,9,1050,1776914653473,7008,3.597,429,0,
smoke,10,/get-salt,9,1051,1776914653477,7005,3.376,429,0,
smoke,10,/get-salt,9,1052,1776914653479,7005,2.492,429,0,
smoke,10,/get-salt,9,1053,1776914653482,7002,3.072,429,0,
smoke,10,/get-salt,9,1054,1776914653492,7001,9.683,429,0,
smoke,10,/get-salt,9,1055,1776914653496,7003,3.674,429,0,
smoke,10,/get-salt,9,1056,1776914653499,7002,3.555,429,0,
smoke,10,/get-salt,9,1057,1776914653503,7007,3.534,429,0,
smoke,10,/get-salt,9,1058,1776914653506,7003,3.408,429,0,
smoke,10,/get-salt,9,1059,1776914653511,7005,4.734,429,0,
smoke,10,/get-salt,9,1060,1776914653514,7004,3.419,429,0,
smoke,10,/get-salt,9,1061,1776914653518,7001,4.059,429,0,
smoke,10,/get-salt,9,1062,1776914653522,7006,3.922,429,0,
smoke,10,/get-salt,9,1063,1776914653526,7008,3.99,429,0,
smoke,10,/get-salt,9,1064,1776914653531,7003,4.238,429,0,
smoke,10,/get-salt,9,1065,1776914653534,7005,3.853,429,0,
smoke,10,/get-salt,9,1066,1776914653538,7006,3.738,429,0,
smoke,10,/get-salt,9,1067,1776914653542,7005,4.097,429,0,
smoke,10,/get-salt,9,1068,1776914653550,7001,7.835,429,0,
smoke,10,/get-salt,9,1069,1776914653560,7005,10.025,429,0,
smoke,10,/get-salt,9,1070,1776914653565,7008,4.759,429,0,
smoke,10,/get-salt,9,1071,1776914653572,7004,6.726,429,0,
smoke,10,/get-salt,9,1072,1776914653575,7008,3.828,429,0,
smoke,10,/get-salt,9,1073,1776914653580,7007,4.274,429,0,
smoke,10,/get-salt,9,1074,1776914653585,7005,4.968,429,0,
smoke,10,/get-salt,9,1075,1776914653590,7008,4.955,429,0,
smoke,10,/get-salt,9,1076,1776914653594,7001,4.439,429,0,
smoke,10,/get-salt,9,1077,1776914653598,7002,4.339,429,0,
smoke,10,/get-salt,9,1078,1776914653604,7008,5.664,429,0,
smoke,10,/get-salt,9,1079,1776914653608,7007,3.548,429,0,
smoke,10,/get-salt,9,1080,1776914653612,7008,4.162,429,0,
smoke,10,/get-salt,9,1081,1776914653617,7004,4.806,429,0,
smoke,10,/get-salt,9,1082,1776914653622,7003,5.821,429,0,
smoke,10,/get-salt,9,1083,1776914653631,7003,8.749,429,0,
smoke,10,/get-salt,9,1084,1776914653635,7004,3.879,429,0,
smoke,10,/get-salt,9,1085,1776914653640,7001,4.407,429,0,
smoke,10,/get-salt,9,1086,1776914653644,7003,4.294,429,0,
smoke,10,/get-salt,9,1087,1776914653649,7005,4.767,429,0,
smoke,10,/get-salt,9,1088,1776914653653,7005,3.949,429,0,
smoke,10,/get-salt,9,1089,1776914653657,7008,4.293,429,0,
smoke,10,/get-salt,9,1090,1776914653660,7008,3.605,429,0,
smoke,10,/get-salt,9,1091,1776914653664,7003,3.46,429,0,
smoke,10,/get-salt,9,1092,1776914653668,7001,4.588,429,0,
smoke,10,/get-salt,9,1093,1776914653674,7001,5.227,429,0,
smoke,10,/get-salt,9,1094,1776914653678,7010,4.553,429,0,
smoke,10,/get-salt,9,1095,1776914653685,7010,6.8,429,0,
smoke,10,/get-salt,9,1096,1776914653688,7003,3.009,429,0,
smoke,10,/get-salt,9,1097,1776914653692,7007,3.466,429,0,
smoke,10,/get-salt,9,1098,1776914653702,7001,10.381,429,0,
smoke,10,/get-salt,9,1099,1776914653706,7007,3.67,429,0,
smoke,10,/get-salt,9,1100,1776914653710,7002,4.288,429,0,
smoke,10,/get-salt,9,1101,1776914653718,7004,7.798,429,0,
smoke,10,/get-salt,9,1102,1776914653729,7004,11.009,429,0,
smoke,10,/get-salt,9,1103,1776914653733,7009,4.233,429,0,
smoke,10,/get-salt,9,1104,1776914653736,7002,3.273,429,0,
smoke,10,/get-salt,9,1105,1776914653739,7002,3.132,429,0,
smoke,10,/get-salt,9,1106,1776914653746,7005,6.18,429,0,
smoke,10,/get-salt,9,1107,1776914653750,7004,4.259,429,0,
smoke,10,/get-salt,9,1108,1776914653754,7005,4.412,429,0,
smoke,10,/get-salt,9,1109,1776914653758,7002,3.947,429,0,
smoke,10,/get-salt,9,1110,1776914653763,7006,4.352,429,0,
smoke,10,/get-salt,9,1111,1776914653768,7005,5.18,429,0,
smoke,10,/get-salt,9,1112,1776914653772,7003,3.815,429,0,
smoke,10,/get-salt,9,1113,1776914653775,7010,3.829,429,0,
smoke,10,/get-salt,9,1114,1776914653779,7005,4.065,429,0,
smoke,10,/get-salt,9,1115,1776914653783,7006,3.769,429,0,
smoke,10,/get-salt,9,1116,1776914653787,7010,4.131,429,0,
smoke,10,/get-salt,9,1117,1776914653792,7010,4.141,429,0,
smoke,10,/get-salt,9,1118,1776914653795,7007,3.533,429,0,
smoke,10,/get-salt,9,1119,1776914653799,7004,3.878,429,0,
smoke,10,/get-salt,9,1120,1776914653802,7004,3.401,429,0,
smoke,10,/get-salt,9,1121,1776914653806,7010,4.037,429,0,
smoke,10,/get-salt,9,1122,1776914653813,7008,6.905,429,0,
smoke,10,/get-salt,9,1123,1776914653817,7002,3.797,429,0,
smoke,10,/get-salt,9,1124,1776914653821,7008,3.862,429,0,
smoke,10,/get-salt,9,1125,1776914653825,7009,4.22,429,0,
smoke,10,/get-salt,9,1126,1776914653829,7008,4.058,429,0,
smoke,10,/get-salt,9,1127,1776914653833,7001,4.049,429,0,
smoke,10,/get-salt,9,1128,1776914653837,7009,3.649,429,0,
smoke,10,/get-salt,9,1129,1776914653841,7009,4.102,429,0,
smoke,10,/get-salt,9,1130,1776914653845,7005,3.944,429,0,
smoke,10,/get-salt,9,1131,1776914653850,7004,4.768,429,0,
smoke,10,/get-salt,9,1132,1776914653855,7002,4.979,429,0,
smoke,10,/get-salt,9,1133,1776914653859,7003,3.959,429,0,
smoke,10,/get-salt,9,1134,1776914653863,7007,4.015,429,0,
smoke,10,/get-salt,9,1135,1776914653867,7010,3.987,429,0,
smoke,10,/get-salt,9,1136,1776914653873,7010,6.545,429,0,
